2026-07-25 10:19:00,352 [INFO] Activator:176 - 


2026-07-25 10:19:00,359 [INFO] Activator:177 - !SESSION log4j initialized
2026-07-25 10:19:24,574 [INFO] LogOutputStream:77 - [STDOUT_REDIRECT] 
2026-07-25 10:19:26,140 [INFO] ApplicationProperties:184 - Using Application install path: C:\ST\STM32CubeIDE_1.10.1\STM32CubeIDE\plugins\com.st.stm32cube.common.mx_6.14.1.202504091515
2026-07-25 10:19:26,167 [INFO] DbMcusXml:78 - Set database path to: C:\ST\STM32CubeIDE_1.10.1\STM32CubeIDE\plugins\com.st.stm32cube.common.mx_6.14.1.202504091515\\db\/mcu/
2026-07-25 10:19:26,168 [INFO] ApiDb:274 - Set plugin database path to: C:\ST\STM32CubeIDE_1.10.1\STM32CubeIDE\plugins\com.st.stm32cube.common.mx_6.14.1.202504091515\\db\/plugins/boardmanager/
2026-07-25 10:19:26,169 [WARN] ApiDb:259 - Overriding images path with different value:  => C:\ST\STM32CubeIDE_1.10.1\STM32CubeIDE\plugins\com.st.stm32cube.common.mx_6.14.1.202504091515\\db\/plugins/mcufinder/images/
2026-07-25 10:19:26,195 [INFO] ApiDb:250 - Set database path to: C:\Users\abhil\.stmcufinder\plugins\mcufinder//mcu/
2026-07-25 10:19:26,197 [INFO] DbMcusAds:125 - Set database path to: C:\Users\abhil\.stmcufinder\plugins\mcufinder//mcu/
2026-07-25 10:19:26,200 [INFO] CrossReferenceDbSqlite:203 - Set database path to: C:\Users\abhil\.stmcufinder\plugins\mcufinder//mcu/cs/
2026-07-25 10:19:26,347 [INFO] RulesReader:64 - Compatibility file has been processed (302 Rules)
2026-07-25 10:19:26,466 [INFO] DbMcusXml:78 - Set database path to: C:\ST\STM32CubeIDE_1.10.1\STM32CubeIDE\plugins\com.st.stm32cube.common.mx_6.14.1.202504091515\\db\/mcu/
2026-07-25 10:19:26,467 [INFO] ApiDb:274 - Set plugin database path to: C:\ST\STM32CubeIDE_1.10.1\STM32CubeIDE\plugins\com.st.stm32cube.common.mx_6.14.1.202504091515\\db\/plugins/boardmanager/
2026-07-25 10:19:26,467 [INFO] ApiDb:261 - Set plugin images path to: C:\ST\STM32CubeIDE_1.10.1\STM32CubeIDE\plugins\com.st.stm32cube.common.mx_6.14.1.202504091515\\db\/plugins/mcufinder/images/
2026-07-25 10:19:26,467 [WARN] DbFile:41 - Overriding database path with different value: C:\Users\abhil\.stmcufinder\plugins\mcufinder/ => C:\Users\abhil\.stmcufinder\plugins\mcufinder
2026-07-25 10:19:26,467 [INFO] ApiDb:250 - Set database path to: C:\Users\abhil\.stmcufinder\plugins\mcufinder//mcu/
2026-07-25 10:19:26,467 [WARN] DbFile:41 - Overriding database path with different value: C:\Users\abhil\.stmcufinder\plugins\mcufinder/ => C:\Users\abhil\.stmcufinder\plugins\mcufinder
2026-07-25 10:19:26,467 [INFO] DbMcusAds:125 - Set database path to: C:\Users\abhil\.stmcufinder\plugins\mcufinder//mcu/
2026-07-25 10:19:26,467 [WARN] DbFile:41 - Overriding database path with different value: C:\Users\abhil\.stmcufinder\plugins\mcufinder/ => C:\Users\abhil\.stmcufinder\plugins\mcufinder
2026-07-25 10:19:26,468 [WARN] DbFile:41 - Overriding database path with different value: C:\Users\abhil\.stmcufinder\plugins\mcufinder/ => C:\Users\abhil\.stmcufinder\plugins\mcufinder
2026-07-25 10:19:26,468 [INFO] CrossReferenceDbSqlite:203 - Set database path to: C:\Users\abhil\.stmcufinder\plugins\mcufinder//mcu/cs/
2026-07-25 10:19:26,574 [INFO] MainPanel:272 - HeapMemory: 268435456
2026-07-25 10:19:26,730 [INFO] DbMcusXml:78 - Set database path to: C:\ST\STM32CubeIDE_1.10.1\STM32CubeIDE\plugins\com.st.stm32cube.common.mx_6.14.1.202504091515\\db\/mcu/
2026-07-25 10:19:26,730 [INFO] ApiDb:274 - Set plugin database path to: C:\ST\STM32CubeIDE_1.10.1\STM32CubeIDE\plugins\com.st.stm32cube.common.mx_6.14.1.202504091515\\db\/plugins/boardmanager/
2026-07-25 10:19:26,730 [INFO] ApiDb:261 - Set plugin images path to: C:\ST\STM32CubeIDE_1.10.1\STM32CubeIDE\plugins\com.st.stm32cube.common.mx_6.14.1.202504091515\\db\/plugins/mcufinder/images/
2026-07-25 10:19:26,731 [WARN] DbFile:41 - Overriding database path with different value: C:\Users\abhil\.stmcufinder\plugins\mcufinder/ => C:\Users\abhil\.stmcufinder\plugins\mcufinder
2026-07-25 10:19:26,731 [INFO] ApiDb:250 - Set database path to: C:\Users\abhil\.stmcufinder\plugins\mcufinder//mcu/
2026-07-25 10:19:26,731 [WARN] DbFile:41 - Overriding database path with different value: C:\Users\abhil\.stmcufinder\plugins\mcufinder/ => C:\Users\abhil\.stmcufinder\plugins\mcufinder
2026-07-25 10:19:26,731 [INFO] DbMcusAds:125 - Set database path to: C:\Users\abhil\.stmcufinder\plugins\mcufinder//mcu/
2026-07-25 10:19:26,731 [WARN] DbFile:41 - Overriding database path with different value: C:\Users\abhil\.stmcufinder\plugins\mcufinder/ => C:\Users\abhil\.stmcufinder\plugins\mcufinder
2026-07-25 10:19:26,731 [WARN] DbFile:41 - Overriding database path with different value: C:\Users\abhil\.stmcufinder\plugins\mcufinder/ => C:\Users\abhil\.stmcufinder\plugins\mcufinder
2026-07-25 10:19:26,732 [INFO] CrossReferenceDbSqlite:203 - Set database path to: C:\Users\abhil\.stmcufinder\plugins\mcufinder//mcu/cs/
2026-07-25 10:19:26,763 [INFO] ApplicationProperties:184 - Using Application install path: C:\ST\STM32CubeIDE_1.10.1\STM32CubeIDE\plugins\com.st.stm32cube.common.mx_6.14.1.202504091515
2026-07-25 10:19:26,765 [INFO] PluginManage:196 - Search for loadable plugins [exclusion list=, ]
2026-07-25 10:19:26,768 [INFO] PluginManage:310 - Check plugin analytics
2026-07-25 10:19:27,023 [INFO] AnalyticsPlugin:253 - Accepted Software Licenses: 
2026-07-25 10:19:27,023 [INFO] AnalyticsPlugin:255 - Accepted CMSIS Pack Licenses: 
2026-07-25 10:19:27,023 [INFO] AnalyticsPlugin:257 - Accepted Firmware Licenses: FW.F4.1.27.0,FW.H7.1.10.0,FW.H7.1.12.0,FW.F4.1.28.0
2026-07-25 10:19:27,026 [INFO] PluginManage:359 - Loaded plugin analytics (category:tool,tabindex:-1)
2026-07-25 10:19:27,026 [INFO] PluginManage:310 - Check plugin cadmodel
2026-07-25 10:19:27,051 [INFO] CADModel:105 - Init CAD model plugin
2026-07-25 10:19:27,051 [INFO] PluginManage:359 - Loaded plugin cadmodel (category:power,tabindex:5)
2026-07-25 10:19:27,052 [INFO] PluginManage:310 - Check plugin clock
2026-07-25 10:19:27,081 [INFO] PluginManage:359 - Loaded plugin clock (category:base,tabindex:2)
2026-07-25 10:19:27,081 [INFO] PluginManage:310 - Check plugin ddr
2026-07-25 10:19:27,084 [INFO] PluginManage:359 - Loaded plugin ddr (category:tool,tabindex:6)
2026-07-25 10:19:27,085 [INFO] PluginManage:310 - Check plugin filemanager
2026-07-25 10:19:27,277 [INFO] PluginManage:359 - Loaded plugin filemanager (category:base,tabindex:10)
2026-07-25 10:19:27,277 [INFO] PluginManage:310 - Check plugin ipmanager
2026-07-25 10:19:27,289 [INFO] PluginManage:359 - Loaded plugin ipmanager (category:base,tabindex:5)
2026-07-25 10:19:27,289 [INFO] PluginManage:310 - Check plugin lpbam
2026-07-25 10:19:27,314 [INFO] PluginManage:359 - Loaded plugin lpbam (category:base,tabindex:0)
2026-07-25 10:19:27,314 [INFO] PluginManage:310 - Check plugin memorymap
2026-07-25 10:19:27,347 [INFO] PluginManage:359 - Loaded plugin memorymap (category:base,tabindex:4)
2026-07-25 10:19:27,347 [INFO] PluginManage:310 - Check plugin pinoutandconfiguration
2026-07-25 10:19:27,377 [INFO] PluginManage:359 - Loaded plugin pinoutandconfiguration (category:base,tabindex:1)
2026-07-25 10:19:27,378 [INFO] PluginManage:310 - Check plugin pinoutconfig
2026-07-25 10:19:27,519 [WARN] SupportedApi:132 - Cannot load RTOS API schema: s4s-elt-must-match.1: The content of 'definitions' must match (annotation?, (simpleType | complexType)?, (unique | key | keyref)*)). A problem was found starting at: attribute.
2026-07-25 10:19:27,742 [INFO] PluginManage:359 - Loaded plugin pinoutconfig (category:base,tabindex:0)
2026-07-25 10:19:27,743 [INFO] PluginManage:310 - Check plugin power
2026-07-25 10:19:27,769 [INFO] PluginManage:359 - Loaded plugin power (category:power,tabindex:4)
2026-07-25 10:19:27,769 [INFO] PluginManage:310 - Check plugin projectmanager
2026-07-25 10:19:27,788 [INFO] PluginManage:359 - Loaded plugin projectmanager (category:projectmanager,tabindex:4)
2026-07-25 10:19:27,788 [INFO] PluginManage:310 - Check plugin rif
2026-07-25 10:19:27,828 [INFO] PluginManage:359 - Loaded plugin rif (category:base,tabindex:3)
2026-07-25 10:19:27,828 [INFO] PluginManage:310 - Check plugin thirdparty
2026-07-25 10:19:28,279 [INFO] PluginManage:359 - Loaded plugin thirdparty (category:base,tabindex:-1)
2026-07-25 10:19:28,278 [WARN] IntegrityCheckThread:84 - waiting for thirdparty lock release [integrity check]
2026-07-25 10:19:28,280 [INFO] PluginManage:310 - Check plugin tools
2026-07-25 10:19:28,280 [INFO] IntegrityCheckThread:86 - entering critical section [integrity check]
2026-07-25 10:19:28,280 [INFO] ThirdPartyUpdaterWithRetryManager:70 - Updater plugin not ready yet. [1/15]
2026-07-25 10:19:28,348 [INFO] PluginManage:359 - Loaded plugin tools (category:base,tabindex:7)
2026-07-25 10:19:28,348 [INFO] PluginManage:310 - Check plugin tutovideos
2026-07-25 10:19:28,617 [INFO] PluginManage:359 - Loaded plugin tutovideos (category:base,tabindex:-1)
2026-07-25 10:19:28,617 [INFO] PluginManage:310 - Check plugin updater
2026-07-25 10:19:28,645 [INFO] PluginManage:359 - Loaded plugin updater (category:base,tabindex:12)
2026-07-25 10:19:28,645 [INFO] PluginManage:310 - Check plugin userauth
2026-07-25 10:19:28,650 [INFO] UserAuth:118 - Init User Auth plugin
2026-07-25 10:19:28,651 [INFO] PluginManage:359 - Loaded plugin userauth (category:base,tabindex:14)
2026-07-25 10:19:28,652 [INFO] PluginManage:283 - PluginManage : Loaded plugins [18]
2026-07-25 10:19:28,955 [INFO] PinOutPanel:1589 - setPackage(No Configuration,No Configuration)
2026-07-25 10:19:29,094 [INFO] CADModel:165 - CPN selected for project level
2026-07-25 10:19:29,094 [INFO] CADModel:114 - Register for checkConnection events
2026-07-25 10:19:29,129 [INFO] IPUIPlugin:80 - create IPUIPlugin
2026-07-25 10:19:29,130 [INFO] PluginManager:220 - loadIPPluginJar : add adc
2026-07-25 10:19:29,201 [INFO] IPUIPlugin:80 - create IPUIPlugin
2026-07-25 10:19:29,201 [INFO] PluginManager:220 - loadIPPluginJar : add aes
2026-07-25 10:19:29,278 [INFO] IPUIPlugin:80 - create IPUIPlugin
2026-07-25 10:19:29,278 [INFO] PluginManager:220 - loadIPPluginJar : add can
2026-07-25 10:19:29,317 [INFO] IPUIPlugin:80 - create IPUIPlugin
2026-07-25 10:19:29,317 [INFO] PluginManager:220 - loadIPPluginJar : add comp
2026-07-25 10:19:29,382 [INFO] IPUIPlugin:80 - create IPUIPlugin
2026-07-25 10:19:29,383 [INFO] PluginManager:220 - loadIPPluginJar : add cryp
2026-07-25 10:19:29,400 [INFO] IPUIPlugin:80 - create IPUIPlugin
2026-07-25 10:19:29,400 [INFO] PluginManager:220 - loadIPPluginJar : add ddr_ctrl_phy
2026-07-25 10:19:29,454 [INFO] IPUIPlugin:80 - create IPUIPlugin
2026-07-25 10:19:29,454 [INFO] PluginManager:220 - loadIPPluginJar : add dfsdm
2026-07-25 10:19:29,480 [INFO] IPUIPlugin:80 - create IPUIPlugin
2026-07-25 10:19:29,480 [INFO] PluginManager:220 - loadIPPluginJar : add dma
2026-07-25 10:19:29,551 [INFO] IPUIPlugin:80 - create IPUIPlugin
2026-07-25 10:19:29,551 [INFO] PluginManager:220 - loadIPPluginJar : add dma3
2026-07-25 10:19:29,630 [INFO] IPUIPlugin:80 - create IPUIPlugin
2026-07-25 10:19:29,630 [INFO] PluginManager:220 - loadIPPluginJar : add extmemmanager
2026-07-25 10:19:29,682 [INFO] IPUIPlugin:80 - create IPUIPlugin
2026-07-25 10:19:29,682 [INFO] PluginManager:220 - loadIPPluginJar : add fatfs
2026-07-25 10:19:29,777 [INFO] IPUIPlugin:80 - create IPUIPlugin
2026-07-25 10:19:29,777 [INFO] PluginManager:220 - loadIPPluginJar : add fmc
2026-07-25 10:19:29,802 [INFO] IPUIPlugin:80 - create IPUIPlugin
2026-07-25 10:19:29,803 [INFO] PluginManager:220 - loadIPPluginJar : add freertos
2026-07-25 10:19:29,848 [INFO] IPUIPlugin:80 - create IPUIPlugin
2026-07-25 10:19:29,849 [INFO] PluginManager:220 - loadIPPluginJar : add genericplugin
2026-07-25 10:19:30,016 [INFO] IPUIPlugin:80 - create IPUIPlugin
2026-07-25 10:19:30,016 [INFO] PluginManager:220 - loadIPPluginJar : add gfxmmu
2026-07-25 10:19:30,250 [INFO] IPUIPlugin:80 - create IPUIPlugin
2026-07-25 10:19:30,250 [INFO] PluginManager:220 - loadIPPluginJar : add gic
2026-07-25 10:19:30,275 [INFO] IPUIPlugin:80 - create IPUIPlugin
2026-07-25 10:19:30,275 [INFO] PluginManager:220 - loadIPPluginJar : add gpio
2026-07-25 10:19:30,438 [INFO] IPUIPlugin:80 - create IPUIPlugin
2026-07-25 10:19:30,438 [INFO] PluginManager:220 - loadIPPluginJar : add gtzc
2026-07-25 10:19:30,501 [INFO] IPUIPlugin:80 - create IPUIPlugin
2026-07-25 10:19:30,501 [INFO] PluginManager:220 - loadIPPluginJar : add hash
2026-07-25 10:19:30,605 [INFO] IPUIPlugin:80 - create IPUIPlugin
2026-07-25 10:19:30,605 [INFO] PluginManager:220 - loadIPPluginJar : add i2c
2026-07-25 10:19:30,671 [INFO] IPUIPlugin:80 - create IPUIPlugin
2026-07-25 10:19:30,672 [INFO] PluginManager:220 - loadIPPluginJar : add i2s
2026-07-25 10:19:30,754 [INFO] IPUIPlugin:80 - create IPUIPlugin
2026-07-25 10:19:30,754 [INFO] PluginManager:220 - loadIPPluginJar : add i3c
2026-07-25 10:19:30,926 [INFO] IPUIPlugin:80 - create IPUIPlugin
2026-07-25 10:19:30,926 [INFO] PluginManager:220 - loadIPPluginJar : add ipddr
2026-07-25 10:19:31,099 [INFO] IPUIPlugin:80 - create IPUIPlugin
2026-07-25 10:19:31,099 [INFO] PluginManager:220 - loadIPPluginJar : add linkedlist
2026-07-25 10:19:31,179 [INFO] IPUIPlugin:80 - create IPUIPlugin
2026-07-25 10:19:31,181 [INFO] PluginManager:220 - loadIPPluginJar : add lorawan
2026-07-25 10:19:31,255 [INFO] IPUIPlugin:80 - create IPUIPlugin
2026-07-25 10:19:31,255 [INFO] PluginManager:220 - loadIPPluginJar : add ltdc
2026-07-25 10:19:31,281 [INFO] IPUIPlugin:80 - create IPUIPlugin
2026-07-25 10:19:31,281 [INFO] PluginManager:220 - loadIPPluginJar : add mdma
2026-07-25 10:19:31,282 [INFO] ThirdPartyUpdaterWithRetryManager:70 - Updater plugin not ready yet. [2/15]
2026-07-25 10:19:31,302 [INFO] IPUIPlugin:80 - create IPUIPlugin
2026-07-25 10:19:31,302 [INFO] PluginManager:220 - loadIPPluginJar : add nvic
2026-07-25 10:19:31,371 [INFO] IPUIPlugin:80 - create IPUIPlugin
2026-07-25 10:19:31,371 [INFO] PluginManager:220 - loadIPPluginJar : add opamp
2026-07-25 10:19:31,477 [INFO] IPUIPlugin:80 - create IPUIPlugin
2026-07-25 10:19:31,478 [INFO] PluginManager:220 - loadIPPluginJar : add openamp
2026-07-25 10:19:31,552 [INFO] IPUIPlugin:80 - create IPUIPlugin
2026-07-25 10:19:31,552 [INFO] PluginManager:220 - loadIPPluginJar : add pdm2pcm
2026-07-25 10:19:31,576 [INFO] IPUIPlugin:80 - create IPUIPlugin
2026-07-25 10:19:31,580 [INFO] PluginManager:220 - loadIPPluginJar : add plateformsettings
2026-07-25 10:19:31,623 [INFO] IPUIPlugin:80 - create IPUIPlugin
2026-07-25 10:19:31,624 [INFO] PluginManager:220 - loadIPPluginJar : add quadspi
2026-07-25 10:19:31,669 [INFO] IPUIPlugin:80 - create IPUIPlugin
2026-07-25 10:19:31,670 [INFO] PluginManager:220 - loadIPPluginJar : add radio
2026-07-25 10:19:31,685 [INFO] IPUIPlugin:80 - create IPUIPlugin
2026-07-25 10:19:31,685 [INFO] PluginManager:220 - loadIPPluginJar : add resmgrutility
2026-07-25 10:19:31,775 [INFO] IPUIPlugin:80 - create IPUIPlugin
2026-07-25 10:19:31,775 [INFO] PluginManager:220 - loadIPPluginJar : add sai
2026-07-25 10:19:31,842 [INFO] IPUIPlugin:80 - create IPUIPlugin
2026-07-25 10:19:31,843 [INFO] PluginManager:220 - loadIPPluginJar : add spi
2026-07-25 10:19:31,976 [INFO] IPUIPlugin:80 - create IPUIPlugin
2026-07-25 10:19:31,976 [INFO] PluginManager:220 - loadIPPluginJar : add stm32_wpan
2026-07-25 10:19:32,019 [INFO] IPUIPlugin:80 - create IPUIPlugin
2026-07-25 10:19:32,019 [INFO] PluginManager:220 - loadIPPluginJar : add tim
2026-07-25 10:19:32,135 [INFO] IPUIPlugin:80 - create IPUIPlugin
2026-07-25 10:19:32,135 [INFO] PluginManager:220 - loadIPPluginJar : add touchsensing
2026-07-25 10:19:32,179 [INFO] IPUIPlugin:80 - create IPUIPlugin
2026-07-25 10:19:32,180 [INFO] PluginManager:220 - loadIPPluginJar : add tracer_emb
2026-07-25 10:19:32,231 [INFO] IPUIPlugin:80 - create IPUIPlugin
2026-07-25 10:19:32,232 [INFO] PluginManager:220 - loadIPPluginJar : add ts
2026-07-25 10:19:32,275 [INFO] IPUIPlugin:80 - create IPUIPlugin
2026-07-25 10:19:32,275 [INFO] PluginManager:220 - loadIPPluginJar : add tsc
2026-07-25 10:19:32,311 [INFO] IPUIPlugin:80 - create IPUIPlugin
2026-07-25 10:19:32,311 [INFO] PluginManager:220 - loadIPPluginJar : add ucpd
2026-07-25 10:19:32,396 [INFO] IPUIPlugin:80 - create IPUIPlugin
2026-07-25 10:19:32,396 [INFO] PluginManager:220 - loadIPPluginJar : add usart
2026-07-25 10:19:32,476 [INFO] IPUIPlugin:80 - create IPUIPlugin
2026-07-25 10:19:32,476 [INFO] PluginManager:220 - loadIPPluginJar : add usbx
2026-07-25 10:19:32,657 [FATAL] Updater:351 - Updater called before beeing initialized
2026-07-25 10:19:32,696 [INFO] RulesReader:64 - Compatibility file has been processed (302 Rules)
2026-07-25 10:19:32,716 [INFO] RulesReader:64 - Compatibility file has been processed (302 Rules)
2026-07-25 10:19:32,728 [INFO] CADModel:165 - CPN selected for project level
2026-07-25 10:19:32,728 [INFO] CADModel:114 - Register for checkConnection events
2026-07-25 10:19:32,728 [FATAL] Updater:351 - Updater called before beeing initialized
2026-07-25 10:19:32,728 [ERROR] CADModel:125 - Updater not yet initialized, retry later 
2026-07-25 10:19:32,981 [FATAL] Updater:351 - Updater called before beeing initialized
2026-07-25 10:19:32,986 [INFO] CADModel:165 - CPN selected for project level
2026-07-25 10:19:32,986 [INFO] CADModel:114 - Register for checkConnection events
2026-07-25 10:19:32,986 [FATAL] Updater:351 - Updater called before beeing initialized
2026-07-25 10:19:32,986 [ERROR] CADModel:125 - Updater not yet initialized, retry later 
2026-07-25 10:19:32,994 [FATAL] Updater:351 - Updater called before beeing initialized
2026-07-25 10:19:33,187 [FATAL] Updater:351 - Updater called before beeing initialized
2026-07-25 10:19:33,213 [INFO] DbMcusAds:53 - JSON generation date=Thu May 28 21:38:17 IST 2026 (1779984497073)
2026-07-25 10:19:33,214 [FATAL] Updater:351 - Updater called before beeing initialized
2026-07-25 10:19:33,264 [WARN] DetailPanel:346 - Failed to get advertising image, set to default
2026-07-25 10:19:33,542 [FATAL] Updater:351 - Updater called before beeing initialized
2026-07-25 10:19:33,545 [FATAL] Updater:351 - Updater called before beeing initialized
2026-07-25 10:19:33,545 [FATAL] Updater:351 - Updater called before beeing initialized
2026-07-25 10:19:33,546 [WARN] DetailPanel:346 - Failed to get advertising image, set to default
2026-07-25 10:19:33,546 [FATAL] Updater:351 - Updater called before beeing initialized
2026-07-25 10:19:33,623 [ERROR] Updater:1198 - MainUpdater not yet initialized. External WinMGr cannot be set.
2026-07-25 10:19:33,639 [INFO] Updater:1134 - Updater Version found : 6.14.1
2026-07-25 10:19:33,667 [INFO] ApplicationProperties:184 - Using Application install path: C:\ST\STM32CubeIDE_1.10.1\STM32CubeIDE\plugins\com.st.stm32cube.common.mx_6.14.1.202504091515
2026-07-25 10:19:34,246 [INFO] MainUpdater:2872 - connection check result : 22
2026-07-25 10:19:34,247 [INFO] MainUpdater:289 - Updater Check For Update Now.
2026-07-25 10:19:34,247 [INFO] MicroXplorer:498 - Change Database Version : DB.6.0.141
2026-07-25 10:19:34,269 [INFO] McuFinderGlobals:63 - Set McuFinder mode to 2 (CubeIDE integrated)
2026-07-25 10:19:34,281 [INFO] UserAuth:484 - Internet connection configuration mode: 2
2026-07-25 10:19:34,282 [WARN] MainUpdater:1193 - Updater busy. Cannot search thirdparties
2026-07-25 10:19:34,283 [INFO] ThirdPartyUpdaterWithRetryManager:96 - Updater plugin is busy. [1/15]
2026-07-25 10:19:34,293 [INFO] UserAuth:484 - Internet connection configuration mode: 2
2026-07-25 10:19:34,516 [INFO] CheckServerUpdateThread:120 - End of CheckServer Thread
2026-07-25 10:19:37,683 [WARN] PackLoader:240 - Cannot read IP mode file for STMicroelectronics.X-CUBE-AZRTOS-H7.3.5.0
2026-07-25 10:19:37,705 [WARN] PackLoader:240 - Cannot read IP mode file for STMicroelectronics.FP-SNS-MOTENVWB1.1.4.0
2026-07-25 10:19:37,723 [WARN] PackLoader:240 - Cannot read IP mode file for STMicroelectronics.FP-ATR-ASTRA1.2.0.3
2026-07-25 10:19:37,738 [WARN] PackLoader:240 - Cannot read IP mode file for STMicroelectronics.FP-ATR-ASTRA1.2.0.2
2026-07-25 10:19:37,754 [WARN] PackLoader:240 - Cannot read IP mode file for STMicroelectronics.FP-ATR-ASTRA1.2.0.1
2026-07-25 10:19:37,773 [ERROR] Engine:466 - C:\Users\abhil\.stm32cubemx\thirdparties\pdsc\STMicroelectronics.X-CUBE-SMBUS.2.1.1.pdsc: PDSC version is not supported
2026-07-25 10:19:37,790 [WARN] PackLoader:240 - Cannot read IP mode file for STMicroelectronics.X-CUBE-SMBUS.2.1.0
2026-07-25 10:19:37,809 [WARN] PackLoader:240 - Cannot read IP mode file for STMicroelectronics.X-CUBE-WB05N.1.1.0
2026-07-25 10:19:37,826 [WARN] PackLoader:240 - Cannot read IP mode file for STMicroelectronics.X-CUBE-ST60.1.0.0
2026-07-25 10:19:37,843 [WARN] PackLoader:240 - Cannot read IP mode file for STMicroelectronics.X-CUBE-TOUCHGFX.4.23.2
2026-07-25 10:19:37,875 [WARN] PackLoader:240 - Cannot read IP mode file for STMicroelectronics.X-CUBE-AZRTOS-F7.1.1.0
2026-07-25 10:19:37,895 [ERROR] Engine:466 - C:\Users\abhil\.stm32cubemx\thirdparties\pdsc\STMicroelectronics.X-CUBE-FREERTOS.1.6.0.pdsc: PDSC version is not supported
2026-07-25 10:19:37,910 [WARN] PackLoader:240 - Cannot read IP mode file for STMicroelectronics.X-CUBE-BLE1.6.2.3
2026-07-25 10:19:37,965 [WARN] PackLoader:240 - Cannot read IP mode file for STMicroelectronics.X-CUBE-MEMS1.11.0.0
2026-07-25 10:19:38,129 [WARN] PackLoader:240 - Cannot read IP mode file for STMicroelectronics.X-CUBE-BLE1.6.2.4
2026-07-25 10:19:38,142 [ERROR] Engine:466 - C:\Users\abhil\.stm32cubemx\thirdparties\pdsc\STMicroelectronics.FP-SNS-MOTENV1.5.1.0.pdsc: PDSC version is not supported
2026-07-25 10:19:38,173 [WARN] PackLoader:240 - Cannot read IP mode file for STMicroelectronics.X-CUBE-AZRTOS-H7RS.1.3.0
2026-07-25 10:19:38,190 [WARN] PackLoader:240 - Cannot read IP mode file for STMicroelectronics.FP-SNS-FLIGHT1.5.0.2
2026-07-25 10:19:38,210 [WARN] PackLoader:240 - Cannot read IP mode file for STMicroelectronics.X-CUBE-TOF1.3.1.0
2026-07-25 10:19:38,241 [WARN] PackLoader:240 - Cannot read IP mode file for STMicroelectronics.X-CUBE-AZRTOS-H7.3.4.0
2026-07-25 10:19:38,259 [WARN] PackLoader:240 - Cannot read IP mode file for STMicroelectronics.X-CUBE-DISPLAY.3.0.0
2026-07-25 10:19:38,277 [WARN] PackLoader:240 - Cannot read IP mode file for STMicroelectronics.X-CUBE-GNSS1.7.1.1
2026-07-25 10:19:38,290 [ERROR] Engine:466 - C:\Users\abhil\.stm32cubemx\thirdparties\pdsc\STMicroelectronics.FP-SNS-MOTENVWB1.1.5.0.pdsc: PDSC version is not supported
2026-07-25 10:19:38,305 [WARN] PackLoader:240 - Cannot read IP mode file for STMicroelectronics.X-CUBE-BLE1.7.0.0
2026-07-25 10:19:38,321 [WARN] PackLoader:240 - Cannot read IP mode file for STMicroelectronics.X-CUBE-NFC10.1.0.0
2026-07-25 10:19:38,346 [WARN] PackLoader:240 - Cannot read IP mode file for STMicroelectronics.X-CUBE-BLEMGR.4.0.0
2026-07-25 10:19:38,363 [WARN] PackLoader:240 - Cannot read IP mode file for STMicroelectronics.X-CUBE-ST60.1.1.0
2026-07-25 10:19:38,377 [ERROR] Engine:466 - C:\Users\abhil\.stm32cubemx\thirdparties\pdsc\STMicroelectronics.X-CUBE-WBA.1.1.0.pdsc: PDSC version is not supported
2026-07-25 10:19:38,391 [WARN] PackLoader:240 - Cannot read IP mode file for STMicroelectronics.X-CUBE-GNSS1.7.1.0
2026-07-25 10:19:38,429 [WARN] PackLoader:240 - Cannot read IP mode file for STMicroelectronics.X-CUBE-MEMS1.9.3.0
2026-07-25 10:19:38,503 [WARN] PackLoader:240 - Cannot read IP mode file for STMicroelectronics.X-CUBE-AI.7.2.0
2026-07-25 10:19:38,520 [WARN] PackLoader:240 - Cannot read IP mode file for STMicroelectronics.X-CUBE-BLEMGR.3.1.0
2026-07-25 10:19:38,536 [WARN] PackLoader:240 - Cannot read IP mode file for STMicroelectronics.X-CUBE-AI.10.0.0
2026-07-25 10:19:38,549 [ERROR] Engine:466 - C:\Users\abhil\.stm32cubemx\thirdparties\pdsc\STMicroelectronics.FP-SNS-STBOX1.2.1.0.pdsc: PDSC version is not supported
2026-07-25 10:19:38,564 [WARN] PackLoader:240 - Cannot read IP mode file for STMicroelectronics.FP-SNS-SMARTAG2.1.2.0
2026-07-25 10:19:38,577 [WARN] PackLoader:240 - Cannot read IP mode file for STMicroelectronics.FP-SNS-FLIGHT1.5.1.0
2026-07-25 10:19:38,623 [WARN] PackLoader:240 - Cannot read IP mode file for STMicroelectronics.X-CUBE-MEMS1.11.1.0
2026-07-25 10:19:38,711 [INFO] LogOutputStream:77 - [STDOUT_REDIRECT] 1 : Invalid condition id : UX_CORESTACK_Condition cause : null
2026-07-25 10:19:38,712 [INFO] LogOutputStream:77 - [STDOUT_REDIRECT] 1 : Invalid condition id : UX_CORESTACK_Condition cause : null
2026-07-25 10:19:38,713 [INFO] LogOutputStream:77 - [STDOUT_REDIRECT] 1 : Invalid condition id : UX_CORESTACK_Condition cause : null
2026-07-25 10:19:38,713 [INFO] LogOutputStream:77 - [STDOUT_REDIRECT] 1 : Invalid condition id : UX_CORESTACK_Condition cause : null
2026-07-25 10:19:38,714 [INFO] LogOutputStream:77 - [STDOUT_REDIRECT] 1 : Invalid condition id : UX_CORESTACK_Condition cause : null
2026-07-25 10:19:38,716 [WARN] PackLoader:240 - Cannot read IP mode file for STMicroelectronics.X-CUBE-AZRTOS-WL.2.0.0
2026-07-25 10:19:38,732 [WARN] PackLoader:240 - Cannot read IP mode file for STMicroelectronics.FP-SNS-MOTENV1.5.0.0
2026-07-25 10:19:38,765 [WARN] PackLoader:240 - Cannot read IP mode file for STMicroelectronics.X-CUBE-AZRTOS-H7RS.1.2.0
2026-07-25 10:19:38,786 [WARN] PackLoader:240 - Cannot read IP mode file for wolfSSL.I-CUBE-wolfMQTT.1.19.0
2026-07-25 10:19:38,811 [WARN] PackLoader:240 - Cannot read IP mode file for WES.I-CUBE-Cesium.1.3.0
2026-07-25 10:19:38,838 [WARN] PackLoader:240 - Cannot read IP mode file for STMicroelectronics.X-CUBE-BLE2.3.3.0
2026-07-25 10:19:38,901 [WARN] PackLoader:240 - Cannot read IP mode file for STMicroelectronics.X-CUBE-DISPLAY.2.2.0
2026-07-25 10:19:38,921 [WARN] PackLoader:240 - Cannot read IP mode file for STMicroelectronics.X-CUBE-TOF1.3.2.0
2026-07-25 10:19:38,938 [WARN] PackLoader:240 - Cannot read IP mode file for STMicroelectronics.X-CUBE-ISPU.1.0.0
2026-07-25 10:19:38,954 [WARN] PackLoader:240 - Cannot read IP mode file for STMicroelectronics.X-CUBE-NFC9.1.0.0
2026-07-25 10:19:38,980 [WARN] PackLoader:240 - Cannot read IP mode file for STMicroelectronics.X-CUBE-AZRTOS-H7.2.1.0
2026-07-25 10:19:38,995 [WARN] PackLoader:240 - Cannot read IP mode file for STMicroelectronics.X-CUBE-BLE1.7.1.0
2026-07-25 10:19:39,011 [WARN] PackLoader:240 - Cannot read IP mode file for STMicroelectronics.X-CUBE-TCPP.4.1.0
2026-07-25 10:19:39,023 [ERROR] Engine:466 - C:\Users\abhil\.stm32cubemx\thirdparties\pdsc\STMicroelectronics.X-CUBE-FREERTOS.1.4.0.pdsc: PDSC version is not supported
2026-07-25 10:19:39,040 [WARN] PackLoader:240 - Cannot read IP mode file for STMicroelectronics.X-CUBE-EEPRMA1.5.2.0
2026-07-25 10:19:39,057 [WARN] PackLoader:240 - Cannot read IP mode file for STMicroelectronics.X-CUBE-TOUCHGFX.4.21.3
2026-07-25 10:19:39,071 [WARN] PackLoader:240 - Cannot read IP mode file for STMicroelectronics.X-CUBE-AI.7.3.0
2026-07-25 10:19:39,086 [ERROR] Engine:466 - C:\Users\abhil\.stm32cubemx\thirdparties\pdsc\STMicroelectronics.X-CUBE-ST67W61.1.1.0.pdsc: PDSC version is not supported
2026-07-25 10:19:39,100 [WARN] PackLoader:240 - Cannot read IP mode file for STMicroelectronics.X-CUBE-AI.10.1.0
2026-07-25 10:19:39,115 [ERROR] Engine:466 - C:\Users\abhil\.stm32cubemx\thirdparties\pdsc\STMicroelectronics.FP-SNS-STAIOTCFT.1.1.0.pdsc: PDSC version is not supported
2026-07-25 10:19:39,156 [WARN] PackLoader:240 - Cannot read IP mode file for STMicroelectronics.X-CUBE-MEMS1.12.0.0
2026-07-25 10:19:39,217 [WARN] PackLoader:240 - Cannot read IP mode file for STMicroelectronics.X-CUBE-ALGOBUILD.1.3.0
2026-07-25 10:19:39,268 [WARN] PackLoader:240 - Cannot read IP mode file for STMicroelectronics.X-CUBE-MEMS1.11.2.0
2026-07-25 10:19:39,365 [WARN] PackLoader:240 - Cannot read IP mode file for STMicroelectronics.X-CUBE-AZRTOS-G0.1.1.0
2026-07-25 10:19:39,388 [WARN] PackLoader:240 - Cannot read IP mode file for STMicroelectronics.X-CUBE-SAFEA1.1.2.2
2026-07-25 10:19:39,408 [WARN] PackLoader:240 - Cannot read IP mode file for STMicroelectronics.X-CUBE-NFC4.3.0.0
2026-07-25 10:19:39,441 [WARN] PackLoader:240 - Cannot read IP mode file for SEGGER.I-CUBE-embOS.1.2.1
2026-07-25 10:19:39,475 [WARN] PackLoader:240 - Cannot read IP mode file for wolfSSL.I-CUBE-wolfMQTT.1.18.0
2026-07-25 10:19:39,497 [WARN] PackLoader:240 - Cannot read IP mode file for EmbeddedOffice.I-CUBE-FS-RTOS.1.0.1
2026-07-25 10:19:39,515 [WARN] PackLoader:240 - Cannot read IP mode file for STMicroelectronics.X-CUBE-WB05N.2.0.0
2026-07-25 10:19:39,531 [WARN] PackLoader:240 - Cannot read IP mode file for STMicroelectronics.X-CUBE-TCPP.4.2.0
2026-07-25 10:19:39,552 [WARN] PackLoader:240 - Cannot read IP mode file for RealThread.X-CUBE-RT-Thread_Nano.4.1.1
2026-07-25 10:19:39,570 [WARN] PackLoader:240 - Cannot read IP mode file for STMicroelectronics.FP-ATR-SIGFOX1.3.2.0
2026-07-25 10:19:39,593 [WARN] ConditionMgr:438 - getConditionDescription Invalid condition id : Cortex-A Device cause : null
2026-07-25 10:19:39,615 [WARN] ConditionMgr:1044 - genDependencies : Invalid condition id : Cortex-A Device cause : null
2026-07-25 10:19:39,615 [WARN] ConditionMgr:1044 - genDependencies : Invalid condition id : Cortex-A Device cause : null
2026-07-25 10:19:39,615 [WARN] ConditionMgr:1044 - genDependencies : Invalid condition id : Cortex-A Device cause : null
2026-07-25 10:19:39,632 [WARN] PackLoader:240 - Cannot read IP mode file for STMicroelectronics.X-CUBE-EEPRMA1.5.1.0
2026-07-25 10:19:39,648 [ERROR] Engine:466 - C:\Users\abhil\.stm32cubemx\thirdparties\pdsc\STMicroelectronics.X-CUBE-FREERTOS.1.5.0.pdsc: PDSC version is not supported
2026-07-25 10:19:39,670 [WARN] PackLoader:240 - Cannot read IP mode file for emotas.I-CUBE-CANOPEN.1.1.2
2026-07-25 10:19:39,686 [WARN] PackLoader:240 - Cannot read IP mode file for STMicroelectronics.X-CUBE-TOUCHGFX.4.20.0
2026-07-25 10:19:39,702 [WARN] PackLoader:240 - Cannot read IP mode file for ITTIA_DB.I-CUBE-ITTIADB.8.9.0
2026-07-25 10:19:39,721 [WARN] PackLoader:240 - Cannot read IP mode file for STMicroelectronics.X-CUBE-NFC6.3.2.0
2026-07-25 10:19:39,765 [WARN] PackLoader:240 - Cannot read IP mode file for STMicroelectronics.X-CUBE-MEMS1.9.5.0
2026-07-25 10:19:39,865 [WARN] PackLoader:240 - Cannot read IP mode file for STMicroelectronics.X-CUBE-ST67W61.1.0.0
2026-07-25 10:19:39,879 [WARN] PackLoader:240 - Cannot read IP mode file for STMicroelectronics.X-CUBE-AI.10.2.1
2026-07-25 10:19:39,893 [WARN] PackLoader:240 - Cannot read IP mode file for STMicroelectronics.X-CUBE-AI.10.2.0
2026-07-25 10:19:39,945 [WARN] PackLoader:240 - Cannot read IP mode file for STMicroelectronics.X-CUBE-MEMS1.12.1.0
2026-07-25 10:19:40,029 [WARN] PackLoader:240 - Cannot read IP mode file for SEGGER.I-CUBE-embOS.1.3.1
2026-07-25 10:19:40,068 [WARN] PackLoader:240 - Cannot read IP mode file for STMicroelectronics.X-CUBE-ALGOBUILD.1.4.0
2026-07-25 10:19:40,123 [WARN] PackLoader:240 - Cannot read IP mode file for STMicroelectronics.X-CUBE-MEMS1.11.3.0
2026-07-25 10:19:40,222 [WARN] PackLoader:240 - Cannot read IP mode file for STMicroelectronics.X-CUBE-AI.9.1.0
2026-07-25 10:19:40,249 [WARN] PackLoader:240 - Cannot read IP mode file for STMicroelectronics.X-CUBE-NFC13.1.0.0
2026-07-25 10:19:40,276 [WARN] PackLoader:240 - Cannot read IP mode file for STMicroelectronics.X-CUBE-PM33A1.1.0.0
2026-07-25 10:19:40,294 [WARN] PackLoader:240 - Cannot read IP mode file for STMicroelectronics.X-CUBE-GNSS1.6.0.0
2026-07-25 10:19:40,324 [WARN] PackLoader:240 - Cannot read IP mode file for STMicroelectronics.X-CUBE-AZRTOS-F4.1.1.0
2026-07-25 10:19:40,344 [WARN] PackLoader:240 - Cannot read IP mode file for Avnet-IotConnect.X-CUBE-IoTC-DA16k-PMOD.1.0.0
2026-07-25 10:19:40,363 [WARN] PackLoader:240 - Cannot read IP mode file for STMicroelectronics.X-CUBE-ISPU.2.1.0
2026-07-25 10:19:40,386 [ERROR] Engine:466 - C:\Users\abhil\.stm32cubemx\thirdparties\pdsc\STMicroelectronics.X-CUBE-IPS.3.2.0.pdsc: PDSC version is not supported
2026-07-25 10:19:40,400 [WARN] PackLoader:240 - Cannot read IP mode file for STMicroelectronics.eDS-WB_DPC_TT-BIDIR.2.1.1
2026-07-25 10:19:40,419 [WARN] PackLoader:240 - Cannot read IP mode file for STMicroelectronics.X-CUBE-FREERTOS.1.2.0
2026-07-25 10:19:40,440 [WARN] PackLoader:240 - Cannot read IP mode file for STMicroelectronics.X-CUBE-NFC12.1.0.0
2026-07-25 10:19:40,461 [WARN] PackLoader:240 - Cannot read IP mode file for STMicroelectronics.X-CUBE-BLEMGR.1.2.0
2026-07-25 10:19:40,491 [WARN] PackLoader:240 - Cannot read IP mode file for STMicroelectronics.X-CUBE-AZRTOS-L5.2.0.0
2026-07-25 10:19:40,509 [WARN] PackLoader:240 - Cannot read IP mode file for STMicroelectronics.X-CUBE-NFC6.3.1.0
2026-07-25 10:19:40,530 [WARN] PackLoader:240 - Cannot read IP mode file for STMicroelectronics.X-CUBE-ALGOBUILD.1.5.0
2026-07-25 10:19:40,551 [WARN] PackLoader:240 - Cannot read IP mode file for STMicroelectronics.X-CUBE-BLEMGR.2.0.0
2026-07-25 10:19:40,571 [WARN] PackLoader:240 - Cannot read IP mode file for STMicroelectronics.X-CUBE-DPower.1.2.0
2026-07-25 10:19:40,592 [WARN] PackLoader:240 - Cannot read IP mode file for STMicroelectronics.eDS-WB_DPC_VIENNA.1.2.0
2026-07-25 10:19:40,605 [WARN] PackLoader:240 - Cannot read IP mode file for STMicroelectronics.eDS-WB_DPC_3PH2L-BIDIR.1.1.1
2026-07-25 10:19:40,621 [WARN] PackLoader:240 - Cannot read IP mode file for STMicroelectronics.X-CUBE-NFC4.2.0.4
2026-07-25 10:19:40,639 [WARN] PackLoader:240 - Cannot read IP mode file for STMicroelectronics.X-CUBE-AI.9.0.0
2026-07-25 10:19:40,673 [WARN] ConditionMgr:438 - getConditionDescription Invalid condition id : UX DEVICE CLASS RTOS Condition cause : null
2026-07-25 10:19:40,673 [WARN] ConditionMgr:438 - getConditionDescription Invalid condition id : UX DEVICE CLASS RTOS Condition cause : null
2026-07-25 10:19:40,676 [WARN] PackLoader:240 - Cannot read IP mode file for STMicroelectronics.X-CUBE-AZRTOS-H7.3.1.0
2026-07-25 10:19:40,678 [WARN] ConditionMgr:1044 - genDependencies : Invalid condition id : UX DEVICE CLASS RTOS Condition cause : null
2026-07-25 10:19:40,678 [WARN] ConditionMgr:1044 - genDependencies : Invalid condition id : UX DEVICE CLASS RTOS Condition cause : null
2026-07-25 10:19:40,679 [WARN] ConditionMgr:1044 - genDependencies : Invalid condition id : UX DEVICE CLASS RTOS Condition cause : null
2026-07-25 10:19:40,680 [WARN] ConditionMgr:1044 - genDependencies : Invalid condition id : UX DEVICE CLASS RTOS Condition cause : null
2026-07-25 10:19:40,680 [WARN] ConditionMgr:1044 - genDependencies : Invalid condition id : UX DEVICE CLASS RTOS Condition cause : null
2026-07-25 10:19:40,701 [ERROR] Engine:466 - C:\Users\abhil\.stm32cubemx\thirdparties\pdsc\STMicroelectronics.X-CUBE-ST67W61.1.3.0.pdsc: PDSC version is not supported
2026-07-25 10:19:40,715 [WARN] PackLoader:240 - Cannot read IP mode file for wolfSSL.I-CUBE-wolfSSL.5.5.1
2026-07-25 10:19:40,733 [WARN] PackLoader:240 - Cannot read IP mode file for STMicroelectronics.X-CUBE-FREERTOS.1.3.1
2026-07-25 10:19:40,749 [WARN] PackLoader:240 - Cannot read IP mode file for STMicroelectronics.X-CUBE-FREERTOS.1.3.0
2026-07-25 10:19:40,769 [WARN] PackLoader:240 - Cannot read IP mode file for STMicroelectronics.X-CUBE-NFC7.1.0.1
2026-07-25 10:19:40,792 [WARN] PackLoader:240 - Cannot read IP mode file for STMicroelectronics.X-CUBE-NFC7.1.0.0
2026-07-25 10:19:40,810 [WARN] PackLoader:240 - Cannot read IP mode file for STMicroelectronics.X-CUBE-TOUCHGFX.4.26.0
2026-07-25 10:19:40,825 [WARN] PackLoader:240 - Cannot read IP mode file for STMicroelectronics.X-CUBE-TOUCHGFX.4.26.1
2026-07-25 10:19:40,842 [WARN] PackLoader:240 - Cannot read IP mode file for STMicroelectronics.X-CUBE-EEPRMA1.4.1.0
2026-07-25 10:19:40,868 [WARN] PackLoader:240 - Cannot read IP mode file for STMicroelectronics.FP-SNS-STAIOTCFT.1.0.0
2026-07-25 10:19:40,899 [WARN] PackLoader:240 - Cannot read IP mode file for STMicroelectronics.X-CUBE-DPower.1.3.0
2026-07-25 10:19:40,942 [WARN] ConditionMgr:438 - getConditionDescription Invalid condition id : LAN8742 Phy interface Condition cause : null
2026-07-25 10:19:40,943 [WARN] PackLoader:240 - Cannot read IP mode file for STMicroelectronics.X-CUBE-AZRTOS-L4.2.0.0
2026-07-25 10:19:40,944 [WARN] ConditionMgr:1044 - genDependencies : Invalid condition id : LAN8742 Phy interface Condition cause : null
2026-07-25 10:19:40,945 [WARN] ConditionMgr:1044 - genDependencies : Invalid condition id : LAN8742 Phy interface Condition cause : null
2026-07-25 10:19:40,945 [WARN] ConditionMgr:1044 - genDependencies : Invalid condition id : LAN8742 Phy interface Condition cause : null
2026-07-25 10:19:40,972 [WARN] PackLoader:240 - Cannot read IP mode file for STMicroelectronics.X-CUBE-SFXS2LP1.4.0.0
2026-07-25 10:19:41,015 [WARN] PackLoader:240 - Cannot read IP mode file for STMicroelectronics.X-CUBE-WB05N.2.1.0
2026-07-25 10:19:41,059 [ERROR] Engine:466 - C:\Users\abhil\.stm32cubemx\thirdparties\pdsc\STMicroelectronics.X-CUBE-ST67W61.1.2.0.pdsc: PDSC version is not supported
2026-07-25 10:19:41,076 [WARN] PackLoader:240 - Cannot read IP mode file for STMicroelectronics.X-CUBE-ISPU.1.1.0
2026-07-25 10:19:41,111 [WARN] PackLoader:240 - Cannot read IP mode file for STMicroelectronics.X-CUBE-AZRTOS-H7.3.3.0
2026-07-25 10:19:41,131 [WARN] PackLoader:240 - Cannot read IP mode file for RoweBots.I-CUBE-UNISONRTOS.5.5.0-4
2026-07-25 10:19:41,153 [WARN] PackLoader:240 - Cannot read IP mode file for STMicroelectronics.X-CUBE-BLEMGR.4.1.0
2026-07-25 10:19:41,171 [WARN] PackLoader:240 - Cannot read IP mode file for STMicroelectronics.X-CUBE-AI.8.0.0
2026-07-25 10:19:41,190 [WARN] PackLoader:240 - Cannot read IP mode file for STMicroelectronics.X-CUBE-IPS.3.0.0
2026-07-25 10:19:41,215 [WARN] ConditionMgr:438 - getConditionDescription Invalid condition id : UX DEVICE CLASS RTOS Condition cause : null
2026-07-25 10:19:41,215 [WARN] ConditionMgr:438 - getConditionDescription Invalid condition id : UX DEVICE CLASS RTOS Condition cause : null
2026-07-25 10:19:41,216 [WARN] PackLoader:240 - Cannot read IP mode file for STMicroelectronics.X-CUBE-AZRTOS-WB.2.0.0
2026-07-25 10:19:41,217 [WARN] ConditionMgr:1044 - genDependencies : Invalid condition id : UX DEVICE CLASS RTOS Condition cause : null
2026-07-25 10:19:41,217 [WARN] ConditionMgr:1044 - genDependencies : Invalid condition id : UX DEVICE CLASS RTOS Condition cause : null
2026-07-25 10:19:41,217 [WARN] ConditionMgr:1044 - genDependencies : Invalid condition id : UX DEVICE CLASS RTOS Condition cause : null
2026-07-25 10:19:41,218 [WARN] ConditionMgr:1044 - genDependencies : Invalid condition id : UX DEVICE CLASS RTOS Condition cause : null
2026-07-25 10:19:41,218 [WARN] ConditionMgr:1044 - genDependencies : Invalid condition id : UX DEVICE CLASS RTOS Condition cause : null
2026-07-25 10:19:41,233 [WARN] PackLoader:240 - Cannot read IP mode file for STMicroelectronics.X-CUBE-FREERTOS.1.0.1
2026-07-25 10:19:41,249 [WARN] PackLoader:240 - Cannot read IP mode file for STMicroelectronics.X-CUBE-GNSS1.7.0.0
2026-07-25 10:19:41,264 [WARN] PackLoader:240 - Cannot read IP mode file for STMicroelectronics.X-CUBE-GNSS1.7.0.1
2026-07-25 10:19:41,282 [WARN] PackLoader:240 - Cannot read IP mode file for STMicroelectronics.X-CUBE-TOUCHGFX.4.25.0
2026-07-25 10:19:41,302 [WARN] PackLoader:240 - Cannot read IP mode file for STMicroelectronics.FP-SNS-STBOX1.2.0.0
2026-07-25 10:19:41,325 [WARN] PackLoader:240 - Cannot read IP mode file for STMicroelectronics.X-CUBE-STSE01.2.0.0
2026-07-25 10:19:41,348 [WARN] PackLoader:240 - Cannot read IP mode file for STMicroelectronics.X-CUBE-AZRTOS-L5.1.1.0
2026-07-25 10:19:41,368 [WARN] PackLoader:240 - Cannot read IP mode file for STMicroelectronics.X-CUBE-SUBG2.5.0.0
2026-07-25 10:19:41,401 [WARN] PackLoader:240 - Cannot read IP mode file for STMicroelectronics.X-CUBE-AZRTOS-H7RS.1.1.0
2026-07-25 10:19:41,419 [WARN] PackLoader:240 - Cannot read IP mode file for Cesanta.I-CUBE-Mongoose.7.13.0
2026-07-25 10:19:41,444 [WARN] PackLoader:240 - Cannot read IP mode file for STMicroelectronics.X-CUBE-AZRTOS-G4.2.0.0
2026-07-25 10:19:41,464 [WARN] PackLoader:240 - Cannot read IP mode file for STMicroelectronics.X-CUBE-TOF1.3.3.0
2026-07-25 10:19:41,486 [WARN] PackLoader:240 - Cannot read IP mode file for STMicroelectronics.FP-ATR-ASTRA1.1.1.1
2026-07-25 10:19:41,502 [WARN] PackLoader:240 - Cannot read IP mode file for STMicroelectronics.X-CUBE-NFC7.2.0.0
2026-07-25 10:19:41,526 [WARN] PackLoader:240 - Cannot read IP mode file for STMicroelectronics.X-CUBE-AZRTOS-G4.1.0.0
2026-07-25 10:19:41,551 [WARN] PackLoader:240 - Cannot read IP mode file for STMicroelectronics.X-CUBE-AZRTOS-L4.1.0.0
2026-07-25 10:19:41,568 [WARN] PackLoader:240 - Cannot read IP mode file for STMicroelectronics.X-CUBE-ISPU.2.0.0
2026-07-25 10:19:41,586 [WARN] PackLoader:240 - Cannot read IP mode file for STMicroelectronics.X-CUBE-IPS.3.1.0
2026-07-25 10:19:41,603 [ERROR] Engine:466 - C:\Users\abhil\.stm32cubemx\thirdparties\pdsc\STMicroelectronics.X-CUBE-BLEMGR.4.2.0.pdsc: PDSC version is not supported
2026-07-25 10:19:41,618 [WARN] PackLoader:240 - Cannot read IP mode file for STMicroelectronics.X-CUBE-ALS.1.0.2
2026-07-25 10:19:41,658 [WARN] PackLoader:240 - Cannot read IP mode file for STMicroelectronics.X-CUBE-MEMS1.10.0.0
2026-07-25 10:19:41,719 [WARN] PackLoader:240 - Cannot read IP mode file for STMicroelectronics.X-CUBE-TOUCHGFX.4.24.2
2026-07-25 10:19:41,739 [WARN] PackLoader:240 - Cannot read IP mode file for STMicroelectronics.X-CUBE-AZRTOS-WL.1.0.0
2026-07-25 10:19:41,754 [WARN] PackLoader:240 - Cannot read IP mode file for STMicroelectronics.X-CUBE-TOUCHGFX.4.24.1
2026-07-25 10:19:41,769 [WARN] PackLoader:240 - Cannot read IP mode file for STMicroelectronics.X-CUBE-STSE01.1.0.0
2026-07-25 10:19:41,784 [WARN] PackLoader:240 - Cannot read IP mode file for wolfSSL.I-CUBE-wolfTPM.3.4.0
2026-07-25 10:19:41,801 [WARN] PackLoader:240 - Cannot read IP mode file for portGmbH.I-Cube-SoM-uGOAL.1.1.0
2026-07-25 10:19:41,813 [WARN] PackLoader:240 - Cannot read IP mode file for STMicroelectronics.X-CUBE-ALS.1.0.1
2026-07-25 10:19:41,837 [WARN] PackLoader:240 - Cannot read IP mode file for STMicroelectronics.X-CUBE-AZRTOS-WB.1.1.0
2026-07-25 10:19:41,861 [WARN] PackLoader:240 - Cannot read IP mode file for STMicroelectronics.X-CUBE-AZRTOS-L5.1.0.0
2026-07-25 10:19:41,875 [WARN] PackLoader:240 - Cannot read IP mode file for STMicroelectronics.X-CUBE-EEPRMA1.3.1.1
2026-07-25 10:19:41,903 [WARN] PackLoader:240 - Cannot read IP mode file for STMicroelectronics.X-CUBE-AZRTOS-H7RS.1.0.0
2026-07-25 10:19:41,916 [WARN] PackLoader:240 - Cannot read IP mode file for STMicroelectronics.FP-ATR-ASTRA1.2.0.0
2026-07-25 10:19:41,937 [WARN] PackLoader:240 - Cannot read IP mode file for STMicroelectronics.X-CUBE-TOF1.3.4.2
2026-07-25 10:19:41,961 [WARN] PackLoader:240 - Cannot read IP mode file for STMicroelectronics.X-CUBE-TOF1.3.4.3
2026-07-25 10:19:41,986 [WARN] PackLoader:240 - Cannot read IP mode file for STMicroelectronics.X-CUBE-TOF1.3.4.1
2026-07-25 10:19:42,024 [WARN] PackLoader:240 - Cannot read IP mode file for STMicroelectronics.X-CUBE-AZRTOS-H7.3.2.0
2026-07-25 10:19:42,049 [WARN] PackLoader:240 - Cannot read IP mode file for Infineon.AIROC-Wi-Fi-Bluetooth-STM32.1.6.0
2026-07-25 10:19:42,064 [WARN] PackLoader:240 - Cannot read IP mode file for wolfSSL.I-CUBE-wolfSSH.1.4.17
2026-07-25 10:19:42,064 [INFO] ThirdParty:978 - Integrity check success = true
2026-07-25 10:19:42,064 [INFO] IntegrityCheckThread:100 - exiting critical section [integrity check]
2026-07-25 10:19:42,064 [INFO] IntegrityCheckThread:103 - End integrity checks thread
2026-07-25 11:55:48,650 [INFO] McuFinderGlobals:63 - Set McuFinder mode to 2 (CubeIDE integrated)
2026-07-25 11:55:48,713 [INFO] MainUpdater:2872 - connection check result : 22
2026-07-25 11:55:48,713 [INFO] MainUpdater:2872 - connection check result : 22
2026-07-25 11:55:53,759 [INFO] MainUpdater:2872 - connection check result : 22
2026-07-25 11:55:56,880 [INFO] MainUpdater:2872 - connection check result : 22
2026-07-25 11:56:05,030 [INFO] MainUpdater:2872 - connection check result : 22
2026-07-25 11:56:06,108 [INFO] MicroXplorer:468 - Change Database Path : 
2026-07-25 11:56:06,109 [INFO] MicroXplorer:498 - Change Database Version : DB.6.0.141
2026-07-25 11:56:06,115 [WARN] ThirdParty:871 - waiting for thirdparty lock release [close project]
2026-07-25 11:56:06,116 [INFO] ThirdParty:873 - entering critical section [close project]
2026-07-25 11:56:06,141 [INFO] ThirdParty:883 - exiting critical section [close project]
2026-07-25 11:56:06,144 [INFO] PinOutPanel:1589 - setPackage(No Configuration,No Configuration)
2026-07-25 11:56:06,152 [INFO] UtilMem:75 - Begin LoadConfig() Used Memory: 193285688 Bytes (316669952)
2026-07-25 11:56:06,153 [INFO] MicroXplorer:468 - Change Database Path : 
2026-07-25 11:56:06,153 [INFO] MicroXplorer:498 - Change Database Version : DB.6.0.141
2026-07-25 11:56:06,154 [INFO] OpenFileManager:354 - Change cursor
2026-07-25 11:56:06,230 [INFO] Mcu:2011 - Initializing MCU STM32F411C(C-E)Ux STM32F411CEUx STM32F411CEU6
2026-07-25 11:56:07,578 [INFO] Context:756 - Trying to add GPIOservice into a context  which must be forbidden
2026-07-25 11:56:07,922 [INFO] ImportTextPane:218 - (OptionalMessage_ERROR) Pin27 (VP_RIF_VS_RIF1) cannot be retrieved for this MCU
2026-07-25 11:56:08,082 [INFO] RtosManager:558 - Registered RTOS mode: class=CMSIS, group=RTOS, mode=CMSIS_V1, owner=FREERTOS
2026-07-25 11:56:08,082 [INFO] RtosManager:558 - Registered RTOS mode: class=CMSIS, group=RTOS2, mode=CMSIS_V2, owner=FREERTOS
2026-07-25 11:56:08,082 [INFO] RtosManager:558 - Registered RTOS mode: class=RTOS, group=Core, mode=CMSIS_V1, owner=FREERTOS
2026-07-25 11:56:08,082 [INFO] RtosManager:558 - Registered RTOS mode: class=RTOS, group=Core, mode=CMSIS_V2, owner=FREERTOS
2026-07-25 11:56:08,082 [WARN] ModelIntegratedComponent:184 - Missing modes for component STMicroelectronics:FreeRTOS:0.0.1:STMicroelectronics:RTOS:FreeRTOS:Core:::10.2.0:
2026-07-25 11:56:08,094 [WARN] ModelIntegratedComponent:63 - No mode defined for component null
2026-07-25 11:56:08,094 [WARN] ModelIntegratedComponent:63 - No mode defined for component null
2026-07-25 11:56:08,094 [WARN] ModelIntegratedComponent:63 - No mode defined for component null
2026-07-25 11:56:08,094 [WARN] ModelIntegratedComponent:63 - No mode defined for component null
2026-07-25 11:56:08,094 [WARN] ModelIntegratedComponent:63 - No mode defined for component null
2026-07-25 11:56:08,094 [WARN] ModelIntegratedComponent:63 - No mode defined for component null
2026-07-25 11:56:08,094 [WARN] ModelIntegratedComponent:63 - No mode defined for component null
2026-07-25 11:56:08,094 [WARN] ModelIntegratedComponent:63 - No mode defined for component null
2026-07-25 11:56:08,094 [WARN] ModelIntegratedComponent:63 - No mode defined for component null
2026-07-25 11:56:08,094 [WARN] ModelIntegratedComponent:63 - No mode defined for component null
2026-07-25 11:56:08,094 [WARN] ModelIntegratedComponent:63 - No mode defined for component null
2026-07-25 11:56:08,094 [WARN] ModelIntegratedComponent:63 - No mode defined for component null
2026-07-25 11:56:08,094 [WARN] ModelIntegratedComponent:63 - No mode defined for component null
2026-07-25 11:56:08,094 [WARN] ModelIntegratedComponent:63 - No mode defined for component null
2026-07-25 11:56:08,094 [WARN] ModelIntegratedComponent:63 - No mode defined for component null
2026-07-25 11:56:08,094 [WARN] ModelIntegratedComponent:63 - No mode defined for component null
2026-07-25 11:56:08,094 [WARN] ModelIntegratedComponent:63 - No mode defined for component null
2026-07-25 11:56:08,094 [WARN] ModelIntegratedComponent:63 - No mode defined for component null
2026-07-25 11:56:08,094 [WARN] ModelIntegratedComponent:63 - No mode defined for component null
2026-07-25 11:56:08,094 [WARN] ModelIntegratedComponent:63 - No mode defined for component null
2026-07-25 11:56:08,094 [WARN] ModelIntegratedComponent:63 - No mode defined for component null
2026-07-25 11:56:08,094 [WARN] ModelIntegratedComponent:63 - No mode defined for component null
2026-07-25 11:56:08,094 [WARN] ModelIntegratedComponent:63 - No mode defined for component null
2026-07-25 11:56:08,094 [WARN] ModelIntegratedComponent:63 - No mode defined for component null
2026-07-25 11:56:08,094 [WARN] ModelIntegratedComponent:63 - No mode defined for component null
2026-07-25 11:56:08,094 [WARN] ModelIntegratedComponent:63 - No mode defined for component null
2026-07-25 11:56:08,094 [WARN] ModelIntegratedComponent:63 - No mode defined for component null
2026-07-25 11:56:08,094 [WARN] ModelIntegratedComponent:63 - No mode defined for component null
2026-07-25 11:56:08,094 [WARN] ModelIntegratedComponent:63 - No mode defined for component null
2026-07-25 11:56:08,094 [WARN] ModelIntegratedComponent:63 - No mode defined for component null
2026-07-25 11:56:08,094 [WARN] ModelIntegratedComponent:63 - No mode defined for component null
2026-07-25 11:56:08,094 [WARN] ModelIntegratedComponent:63 - No mode defined for component null
2026-07-25 11:56:08,094 [WARN] ModelIntegratedComponent:63 - No mode defined for component null
2026-07-25 11:56:08,094 [WARN] ModelIntegratedComponent:63 - No mode defined for component null
2026-07-25 11:56:08,094 [WARN] ModelIntegratedComponent:63 - No mode defined for component null
2026-07-25 11:56:08,094 [WARN] ModelPack:524 - Component already loaded: STMicroelectronics:HAL Drivers:0.0.0:STMicroelectronics:Device:STMicro_Driver:XSPI:HAL::0.0.1:HAL_XSPI
2026-07-25 11:56:08,189 [WARN] ModelIntegratedComponent:182 - Modes not found for component STMicroelectronics:USB_DEVICE:1.0.0:STMicroelectronics:USB::USB Device:Audio HS::1.0:USB_DEVICE_1_0_RESTRICTED_HS
2026-07-25 11:56:08,189 [WARN] ModelIntegratedComponent:188 - Modes not found for component STMicroelectronics:USB_DEVICE:1.0.0:STMicroelectronics:USB::USB Device:Audio HS::1.0:USB_DEVICE_1_0_RESTRICTED_HS
2026-07-25 11:56:08,189 [WARN] ModelIntegratedComponent:182 - Modes not found for component STMicroelectronics:USB_DEVICE:1.0.0:STMicroelectronics:USB::USB Device:CDC HS::1.0:USB_DEVICE_1_0_RESTRICTED_HS
2026-07-25 11:56:08,189 [WARN] ModelIntegratedComponent:188 - Modes not found for component STMicroelectronics:USB_DEVICE:1.0.0:STMicroelectronics:USB::USB Device:CDC HS::1.0:USB_DEVICE_1_0_RESTRICTED_HS
2026-07-25 11:56:08,189 [WARN] ModelIntegratedComponent:182 - Modes not found for component STMicroelectronics:USB_DEVICE:1.0.0:STMicroelectronics:USB::USB Device:DFU HS::1.0:USB_DEVICE_1_0_RESTRICTED_HS
2026-07-25 11:56:08,189 [WARN] ModelIntegratedComponent:188 - Modes not found for component STMicroelectronics:USB_DEVICE:1.0.0:STMicroelectronics:USB::USB Device:DFU HS::1.0:USB_DEVICE_1_0_RESTRICTED_HS
2026-07-25 11:56:08,189 [WARN] ModelIntegratedComponent:182 - Modes not found for component STMicroelectronics:USB_DEVICE:1.0.0:STMicroelectronics:USB::USB Device:HID HS::1.0:USB_DEVICE_1_0_RESTRICTED_HS
2026-07-25 11:56:08,189 [WARN] ModelIntegratedComponent:188 - Modes not found for component STMicroelectronics:USB_DEVICE:1.0.0:STMicroelectronics:USB::USB Device:HID HS::1.0:USB_DEVICE_1_0_RESTRICTED_HS
2026-07-25 11:56:08,190 [WARN] ModelIntegratedComponent:182 - Modes not found for component STMicroelectronics:USB_DEVICE:1.0.0:STMicroelectronics:USB::USB Device:Custom HID HS::1.0:USB_DEVICE_1_0_RESTRICTED_HS
2026-07-25 11:56:08,190 [WARN] ModelIntegratedComponent:188 - Modes not found for component STMicroelectronics:USB_DEVICE:1.0.0:STMicroelectronics:USB::USB Device:Custom HID HS::1.0:USB_DEVICE_1_0_RESTRICTED_HS
2026-07-25 11:56:08,190 [WARN] ModelIntegratedComponent:182 - Modes not found for component STMicroelectronics:USB_DEVICE:1.0.0:STMicroelectronics:USB::USB Device:MSC HS::1.0:USB_DEVICE_1_0_RESTRICTED_HS
2026-07-25 11:56:08,190 [WARN] ModelIntegratedComponent:188 - Modes not found for component STMicroelectronics:USB_DEVICE:1.0.0:STMicroelectronics:USB::USB Device:MSC HS::1.0:USB_DEVICE_1_0_RESTRICTED_HS
2026-07-25 11:56:08,291 [WARN] ModelIntegratedComponent:182 - Modes not found for component STMicroelectronics:USB_HOST:1.0.0:STMicroelectronics:USB::USB Host:Audio HS::1.0:USB_HOST_1_0_RESTRICTED_HS
2026-07-25 11:56:08,291 [WARN] ModelIntegratedComponent:188 - Modes not found for component STMicroelectronics:USB_HOST:1.0.0:STMicroelectronics:USB::USB Host:Audio HS::1.0:USB_HOST_1_0_RESTRICTED_HS
2026-07-25 11:56:08,291 [WARN] ModelIntegratedComponent:182 - Modes not found for component STMicroelectronics:USB_HOST:1.0.0:STMicroelectronics:USB::USB Host:CDC HS::1.0:USB_HOST_1_0_RESTRICTED_HS
2026-07-25 11:56:08,291 [WARN] ModelIntegratedComponent:188 - Modes not found for component STMicroelectronics:USB_HOST:1.0.0:STMicroelectronics:USB::USB Host:CDC HS::1.0:USB_HOST_1_0_RESTRICTED_HS
2026-07-25 11:56:08,291 [WARN] ModelIntegratedComponent:182 - Modes not found for component STMicroelectronics:USB_HOST:1.0.0:STMicroelectronics:USB::USB Host:MSC HS::1.0:USB_HOST_1_0_RESTRICTED_HS
2026-07-25 11:56:08,291 [WARN] ModelIntegratedComponent:188 - Modes not found for component STMicroelectronics:USB_HOST:1.0.0:STMicroelectronics:USB::USB Host:MSC HS::1.0:USB_HOST_1_0_RESTRICTED_HS
2026-07-25 11:56:08,291 [WARN] ModelIntegratedComponent:182 - Modes not found for component STMicroelectronics:USB_HOST:1.0.0:STMicroelectronics:USB::USB Host:HID HS::1.0:USB_HOST_1_0_RESTRICTED_HS
2026-07-25 11:56:08,291 [WARN] ModelIntegratedComponent:188 - Modes not found for component STMicroelectronics:USB_HOST:1.0.0:STMicroelectronics:USB::USB Host:HID HS::1.0:USB_HOST_1_0_RESTRICTED_HS
2026-07-25 11:56:08,291 [WARN] ModelIntegratedComponent:182 - Modes not found for component STMicroelectronics:USB_HOST:1.0.0:STMicroelectronics:USB::USB Host:MTP HS::1.0:USB_HOST_1_0_RESTRICTED_HS
2026-07-25 11:56:08,291 [WARN] ModelIntegratedComponent:188 - Modes not found for component STMicroelectronics:USB_HOST:1.0.0:STMicroelectronics:USB::USB Host:MTP HS::1.0:USB_HOST_1_0_RESTRICTED_HS
2026-07-25 11:56:08,519 [INFO] ThirdPartyModel:298 - Start build external matchings
2026-07-25 11:56:12,883 [INFO] ThirdPartyModel:316 - End build external matchings
2026-07-25 11:56:13,001 [INFO] ImportTextPane:218 - (OptionalMessage_ERROR) IP (DMA) : Parameter (Instance) has Id (SPI2_TX) currently not set
2026-07-25 11:56:13,001 [INFO] ImportTextPane:218 - (OptionalMessage_ERROR) IP (DMA) : Parameter (Channel) has Id (SPI2_TX) currently not set
2026-07-25 11:56:13,001 [INFO] ImportTextPane:218 - (OptionalMessage_ERROR) IP (DMA) : Parameter (Direction) has Id (SPI2_TX) currently not set
2026-07-25 11:56:13,001 [INFO] ImportTextPane:218 - (OptionalMessage_ERROR) IP (DMA) : Parameter (PeriphInc) has Id (SPI2_TX) currently not set
2026-07-25 11:56:13,002 [INFO] ImportTextPane:218 - (OptionalMessage_ERROR) IP (DMA) : Parameter (MemInc) has Id (SPI2_TX) currently not set
2026-07-25 11:56:13,002 [INFO] ImportTextPane:218 - (OptionalMessage_ERROR) IP (DMA) : Parameter (PeriphDataAlignment) has Id (SPI2_TX) currently not set
2026-07-25 11:56:13,002 [INFO] ImportTextPane:218 - (OptionalMessage_ERROR) IP (DMA) : Parameter (MemDataAlignment) has Id (SPI2_TX) currently not set
2026-07-25 11:56:13,002 [INFO] ImportTextPane:218 - (OptionalMessage_ERROR) IP (DMA) : Parameter (Mode) has Id (SPI2_TX) currently not set
2026-07-25 11:56:13,002 [INFO] ImportTextPane:218 - (OptionalMessage_ERROR) IP (DMA) : Parameter (Priority) has Id (SPI2_TX) currently not set
2026-07-25 11:56:13,002 [INFO] ImportTextPane:218 - (OptionalMessage_ERROR) IP (DMA) : Parameter (FIFOMode) has Id (SPI2_TX) currently not set
2026-07-25 11:56:13,002 [INFO] ImportTextPane:218 - (OptionalMessage_ERROR) IP (DMA) : Parameter (Instance) has Id (ADC1) currently not set
2026-07-25 11:56:13,002 [INFO] ImportTextPane:218 - (OptionalMessage_ERROR) IP (DMA) : Parameter (Channel) has Id (ADC1) currently not set
2026-07-25 11:56:13,002 [INFO] ImportTextPane:218 - (OptionalMessage_ERROR) IP (DMA) : Parameter (Direction) has Id (ADC1) currently not set
2026-07-25 11:56:13,003 [INFO] ImportTextPane:218 - (OptionalMessage_ERROR) IP (DMA) : Parameter (PeriphInc) has Id (ADC1) currently not set
2026-07-25 11:56:13,003 [INFO] ImportTextPane:218 - (OptionalMessage_ERROR) IP (DMA) : Parameter (MemInc) has Id (ADC1) currently not set
2026-07-25 11:56:13,003 [INFO] ImportTextPane:218 - (OptionalMessage_ERROR) IP (DMA) : Parameter (PeriphDataAlignment) has Id (ADC1) currently not set
2026-07-25 11:56:13,003 [INFO] ImportTextPane:218 - (OptionalMessage_ERROR) IP (DMA) : Parameter (MemDataAlignment) has Id (ADC1) currently not set
2026-07-25 11:56:13,003 [INFO] ImportTextPane:218 - (OptionalMessage_ERROR) IP (DMA) : Parameter (Mode) has Id (ADC1) currently not set
2026-07-25 11:56:13,003 [INFO] ImportTextPane:218 - (OptionalMessage_ERROR) IP (DMA) : Parameter (Priority) has Id (ADC1) currently not set
2026-07-25 11:56:13,003 [INFO] ImportTextPane:218 - (OptionalMessage_ERROR) IP (DMA) : Parameter (FIFOMode) has Id (ADC1) currently not set
2026-07-25 11:56:13,006 [INFO] ImportTextPane:218 - (OptionalMessage_ERROR) IP (RCC) : Parameter (RTCHSEDivFreq_Value) has invalid value (12500000)
2026-07-25 11:56:13,019 [WARN] IP:2250 - DEVICE_SERIAL0_HID_FS not found: check if there is a RefParameter without a condition.
2026-07-25 11:56:13,019 [WARN] IP:2250 - DEVICE_SERIAL1_HID_FS not found: check if there is a RefParameter without a condition.
2026-07-25 11:56:13,019 [WARN] IP:2250 - DEVICE_SERIAL2_HID_FS not found: check if there is a RefParameter without a condition.
2026-07-25 11:56:13,315 [INFO] ApiDb:581 - Connected to CubeFinder SQLite database (C:\Users\abhil\.stmcufinder\plugins\mcufinder\mcu\cube-finder-db.db)
2026-07-25 11:56:13,411 [INFO] ApiDb:668 - CubeFinder database Data Model version=2.1
2026-07-25 11:56:13,411 [INFO] ApiDb:669 - CubeFinder database Configuration version=3.0.42
2026-07-25 11:56:13,413 [INFO] ApiDb:670 - CubeFinder database generation date=2026-05-06 (1778060171)
2026-07-25 11:56:13,413 [INFO] ApiDb:671 - CubeFinder database FW Pack versions=[FP-ATR-ASTRA1_V2.0.0, FP-SNS-FLIGHT1_V5.1.0, FP-SNS-MOTENV1_V5.1.0, FP-SNS-MOTENVWB1_V1.5.0, FP-SNS-SMARTAG2_V1.2.0, FP-SNS-STBOX1_V2.1.0, STM32Cube_FW_C0_V1.4.0, STM32Cube_FW_F4_V1.28.3, STM32Cube_FW_F7_V1.17.4, STM32Cube_FW_G0_V1.6.3, STM32Cube_FW_G4_V1.6.2, STM32Cube_FW_H5_V1.6.0, STM32Cube_FW_H7RS_V1.3.0, STM32Cube_FW_H7_V1.13.0, STM32Cube_FW_L0_V1.12.2, STM32Cube_FW_L4_V1.18.2, STM32Cube_FW_L5_V1.6.0, STM32Cube_FW_N6_V1.3.0, STM32Cube_FW_U0_V1.3.0, STM32Cube_FW_U3_V1.3.0, STM32Cube_FW_U5_V1.8.0, STM32Cube_FW_WB0_V1.4.0, STM32Cube_FW_WBA_V1.9.0, STM32Cube_FW_WB_V1.24.0, STM32Cube_FW_WL3_V1.4.0, STM32Cube_FW_WL_V1.5.0, X-CUBE-ALGOBUILD_V1.4.0, X-CUBE-ALS_V1.0.2, X-CUBE-AZRTOS-F4_V1.1.0, X-CUBE-AZRTOS-F7_V1.1.0, X-CUBE-AZRTOS-G0_V1.1.0, X-CUBE-AZRTOS-G4_V2.0.0, X-CUBE-AZRTOS-H7RS_V1.1.0, X-CUBE-AZRTOS-H7_V3.5.0, X-CUBE-AZRTOS-L4_V2.0.0, X-CUBE-AZRTOS-L5_V2.0.0, X-CUBE-AZRTOS-WB_V2.0.0, X-CUBE-AZRTOS-WL_V2.0.0, X-CUBE-BLE1_V7.1.0, X-CUBE-BLE2_V3.3.0, X-CUBE-BLEMGR_V4.1.0, X-CUBE-EEPRMA1_V5.2.0, X-CUBE-FREERTOS_V1.5.0, X-CUBE-GNSS1_V6.0.0, X-CUBE-MEMS1_V12.0.0, X-CUBE-NFC4_V3.0.0, X-CUBE-NFC7_V2.0.0, X-CUBE-SFXS2LP1_V4.0.0, X-CUBE-ST67W61_V1.2.0, X-CUBE-SUBG2_V5.0.0, X-CUBE-TOF1_V3.4.3]
2026-07-25 11:56:13,529 [INFO] DbBoardsSqlite:226 - include board P-NUCLEO-WB55-NUCLEO as a kit item of type 'Nucleo-64'
2026-07-25 11:56:13,530 [INFO] DbBoardsSqlite:226 - include board P-NUCLEO-WB55-USBDONGLE as a kit item of type 'Nucleo USB Dongle'
2026-07-25 11:56:13,530 [INFO] DbBoardsSqlite:226 - include board STEVAL-IDP005V1 as a kit item of type 'Evaluation Board'
2026-07-25 11:56:13,531 [INFO] DbBoardsSqlite:226 - include board STEVAL-IDP005V2 as a kit item of type 'Evaluation Board'
2026-07-25 11:56:13,896 [INFO] ApiDb:240 - Found 895 in-development CPN: [B-G473E-ZEST1S, B-WB1M-WPAN1, B-WBA5M-WPAN, B-WL5M-SUBG1, NUCLEO-C031C6, NUCLEO-C051C8, NUCLEO-C071RB, NUCLEO-C092RC, NUCLEO-H503RB, NUCLEO-H533RE, NUCLEO-H563ZI, NUCLEO-H7S3L8, NUCLEO-N657X0-Q, NUCLEO-U031R8, NUCLEO-U083RC, NUCLEO-U385RG-Q, NUCLEO-U545RE-Q, NUCLEO-U5A5ZJ-Q, NUCLEO-WB05KZ, NUCLEO-WB07CC, NUCLEO-WB09KE, NUCLEO-WBA52CG, NUCLEO-WBA55CG, NUCLEO-WBA65RI, NUCLEO-WL33CC1, NUCLEO-WL33CC2, STEVAL-PROTEUS1, STEVAL-SMARTAG2, STEVAL-STWINBX1, STM320518-EVAL, STM32C0116-DK, STM32C011D6Y3TR, STM32C011D6Y6TR, STM32C011F4P3, STM32C011F4P6, STM32C011F4U3, STM32C011F4U6TR, STM32C011F6P3, STM32C011F6P6, STM32C011F6U3, STM32C011F6U6TR, STM32C011J4M3, STM32C011J4M6, STM32C011J6M3, STM32C011J6M6, STM32C0316-DK, STM32C031C4T3, STM32C031C4T6, STM32C031C4U3, STM32C031C4U6, STM32C031C6T3, STM32C031C6T6, STM32C031C6U3, STM32C031C6U6, STM32C031F4P3, STM32C031F4P6, STM32C031F6P3, STM32C031F6P6, STM32C031G4U3, STM32C031G4U6, STM32C031G6U3, STM32C031G6U6, STM32C031K4T3, STM32C031K4T6, STM32C031K4U3, STM32C031K4U6, STM32C031K6T3, STM32C031K6T6, STM32C031K6U3, STM32C031K6U6, STM32C051C6T6, STM32C051C6U6, STM32C051C8T6, STM32C051C8U6, STM32C051D8Y6TR, STM32C051F6P6, STM32C051F8P6, STM32C051G6U6, STM32C051G8U6, STM32C051K6T6, STM32C051K6U6, STM32C051K8T6, STM32C071C8T6, STM32C071C8T6N, STM32C071C8U6, STM32C071C8U6N, STM32C071CBT6, STM32C071CBT6N, STM32C071CBU6, STM32C071CBU6N, STM32C071F8P6, STM32C071F8P6N, STM32C071FBP6, STM32C071FBP6N, STM32C071FBY6TR, STM32C071G8U6, STM32C071G8U6N, STM32C071GBU6, STM32C071GBU6N, STM32C071K8T6, STM32C071K8T6N, STM32C071K8U6, STM32C071K8U6N, STM32C071KBT6, STM32C071KBT6N, STM32C071KBU6, STM32C071KBU6N, STM32C071R8T6, STM32C071R8T6N, STM32C071RBI6N, STM32C071RBT6, STM32C071RBT6N, STM32C091CBT6, STM32C091CBU6, STM32C091CCT6, STM32C091CCU6, STM32C091ECY6TR, STM32C091FBP6, STM32C091FCP6, STM32C091GBU6, STM32C091GCU6, STM32C091KBT6, STM32C091KBU6, STM32C091KCT6, STM32C091KCU6, STM32C091RBT6, STM32C091RCI6, STM32C091RCT6, STM32C092CBT6, STM32C092CBU6, STM32C092CCT6, STM32C092CCU6, STM32C092ECY6TR, STM32C092FBP6, STM32C092FCP6, STM32C092GBU6, STM32C092GCU6, STM32C092KBT6, STM32C092KBU6, STM32C092KCT6, STM32C092KCU6, STM32C092RBT6, STM32C092RCI6, STM32C092RCT6, STM32G071K8TXN, STM32G071K8UXN, STM32G081GBU6N, STM32G081KBT6N, STM32G081KBUXN, STM32G0B1CCT6N, STM32G0B1KCT6, STM32G0B1NEY6TR, STM32G0B1RCT6N, STM32G0C1CCT6, STM32G0C1CCT6N, STM32G0C1CCU6N, STM32G0C1CET6N, STM32G0C1CEU6N, STM32G0C1KCT6, STM32G0C1NEY6TR, STM32G0C1RCI6N, STM32G0C1RCT6N, STM32G0C1REI6N, STM32G0C1RET6N, STM32G0C1VCI6, STM32G0C1VEI6, STM32G411C6T3, STM32G411C6T6, STM32G411C6U3, STM32G411C6U6, STM32G411C8T3, STM32G411C8T6, STM32G411C8U3, STM32G411C8U6, STM32G411CBT3, STM32G411CBT6, STM32G411CBU3, STM32G411CBU6, STM32G411CCT3, STM32G411CCT6, STM32G411CCU3, STM32G411CCU6, STM32G411K6T3, STM32G411K6T6, STM32G411K6U3, STM32G411K6U6, STM32G411K8T3, STM32G411K8T6, STM32G411K8U3, STM32G411K8U6, STM32G411KBT3, STM32G411KBT6, STM32G411KBU3, STM32G411KBU6, STM32G411M6T3, STM32G411M6T6, STM32G411M8T3, STM32G411M8T6, STM32G411MBT3, STM32G411MBT6, STM32G411MCT3, STM32G411MCT6, STM32G411R6T3, STM32G411R6T6, STM32G411R8T3, STM32G411R8T6, STM32G411RBT3, STM32G411RBT6, STM32G411RCT3, STM32G411RCT6, STM32G414CBT3, STM32G414CBT6, STM32G414CBU3, STM32G414CBU6, STM32G414CCT3, STM32G414CCT6, STM32G414CCU3, STM32G414CCU6, STM32G414MBT3, STM32G414MBT6, STM32G414MCT3, STM32G414MCT6, STM32G414RBT3, STM32G414RBT6, STM32G414RCT3, STM32G414RCT6, STM32G414VBT3, STM32G414VBT6, STM32G414VCT3, STM32G414VCT6, STM32G431CBT3Z, STM32G431RBT3Z, STM32G471CCT6, STM32G471CCU6, STM32G471CET3, STM32G471CET6, STM32G471CEU3, STM32G471CEU6, STM32G471MCT6, STM32G471MET3, STM32G471MET6, STM32G471MEY6TR, STM32G471QCT6, STM32G471QET3, STM32G471RCT6, STM32G471RET3, STM32G471RET6, STM32G471VCH6, STM32G471VCI6, STM32G471VCT6, STM32G471VEH3, STM32G471VEH6, STM32G471VEI3, STM32G471VEI6, STM32G471VET3, STM32G471VET6, STM32G473QET3Z, STM32G473RET3Z, STM32G474CCT6, STM32G491RET3Z, STM32H503CBT6, STM32H503CBU6, STM32H503EBY6TR, STM32H503KBU6, STM32H503RBT6, STM32H523CCT6, STM32H523CCU6, STM32H523CET6, STM32H523CEU6, STM32H523HEY6TR, STM32H523RCT6, STM32H523RET6, STM32H523VCI6, STM32H523VCT6, STM32H523VEI6, STM32H523VET6, STM32H523ZCJ6, STM32H523ZCT6, STM32H523ZEJ6, STM32H523ZET6, STM32H533CET6, STM32H533CEU6, STM32H533HEY6TR, STM32H533RET6, STM32H533VEI6, STM32H533VET6, STM32H533ZEJ6, STM32H533ZET6, STM32H562AGI6, STM32H562AII6, STM32H562IGK6, STM32H562IGT6, STM32H562IIK6, STM32H562IIT6, STM32H562RGT6, STM32H562RGV6, STM32H562RIT6, STM32H562RIV6, STM32H562VGT6, STM32H562VIT6, STM32H562ZGT6, STM32H562ZIT6, STM32H563AGI6, STM32H563AII3Q, STM32H563AII6, STM32H563IGK6, STM32H563IGT6, STM32H563IIK3Q, STM32H563IIK6, STM32H563IIT3Q, STM32H563IIT6, STM32H563MIY3QTR, STM32H563RGT6, STM32H563RGV6, STM32H563RIT6, STM32H563RIV6, STM32H563VGT6, STM32H563VIT3Q, STM32H563VIT6, STM32H563ZGT6, STM32H563ZIT3Q, STM32H563ZIT6, STM32H573AII3Q, STM32H573AII6, STM32H573I-DK, STM32H573IIK3Q, STM32H573IIK6, STM32H573IIT3Q, STM32H573IIT6, STM32H573MIY3QTR, STM32H573RIT6, STM32H573RIV6, STM32H573VIT3Q, STM32H573VIT6, STM32H573ZIT3Q, STM32H573ZIT6, STM32H7R3A8I6, STM32H7R3I8K6, STM32H7R3I8T6, STM32H7R3L8H6, STM32H7R3L8H6H, STM32H7R3R8V6, STM32H7R3V8H6, STM32H7R3V8T6, STM32H7R3V8Y6TR, STM32H7R3Z8J6, STM32H7R3Z8T6, STM32H7R7A8I6, STM32H7R7I8K6, STM32H7R7I8T6, STM32H7R7L8H6, STM32H7R7L8H6H, STM32H7R7Z8J6, STM32H7S3A8I6, STM32H7S3I8K6, STM32H7S3I8T6, STM32H7S3L8H6, STM32H7S3L8H6H, STM32H7S3R8V6, STM32H7S3V8H6, STM32H7S3V8T6, STM32H7S3V8Y6TR, STM32H7S3Z8J6, STM32H7S3Z8T6, STM32H7S78-DK, STM32H7S7A8I6, STM32H7S7I8K6, STM32H7S7I8T6, STM32H7S7L8H6, STM32H7S7L8H6H, STM32H7S7Z8J6, STM32L4R5QGI6STR, STM32MP131AAE3, STM32MP131AAF3, STM32MP131AAG3, STM32MP131CAE3, STM32MP131CAF3, STM32MP131CAG3, STM32MP131DAE7, STM32MP131DAF7, STM32MP131DAG7, STM32MP131FAE7, STM32MP131FAF7, STM32MP131FAG7, STM32MP133AAE3, STM32MP133AAF3, STM32MP133AAG3, STM32MP133CAE3, STM32MP133CAF3, STM32MP133CAG3, STM32MP133DAE7, STM32MP133DAF7, STM32MP133DAG7, STM32MP133FAE7, STM32MP133FAF7, STM32MP133FAG7, STM32MP135AAE3, STM32MP135AAF3, STM32MP135AAG3, STM32MP135CAE3, STM32MP135CAF3, STM32MP135CAG3, STM32MP135DAE7, STM32MP135DAF7, STM32MP135DAG7, STM32MP135F-DK, STM32MP135FAE7, STM32MP135FAF7, STM32MP135FAF7T, STM32MP135FAF7U, STM32MP135FAG7, STM32MP231AAJ3, STM32MP231AAK3, STM32MP231AAL3, STM32MP231CAJ3, STM32MP231CAK3, STM32MP231CAL3, STM32MP231DAJ3, STM32MP231DAK3, STM32MP231DAL3, STM32MP231FAJ3, STM32MP231FAK3, STM32MP231FAL3, STM32MP233AAJ3, STM32MP233AAK3, STM32MP233AAL3, STM32MP233CAJ3, STM32MP233CAK3, STM32MP233CAL3, STM32MP233DAJ3, STM32MP233DAK3, STM32MP233DAL3, STM32MP233FAJ3, STM32MP233FAK3, STM32MP233FAL3, STM32MP235AAJ3, STM32MP235AAK3, STM32MP235AAL3, STM32MP235CAJ3, STM32MP235CAK3, STM32MP235CAL3, STM32MP235DAJ3, STM32MP235DAK3, STM32MP235DAL3, STM32MP235FAJ3, STM32MP235FAK3, STM32MP235FAL3, STM32MP251AAI3, STM32MP251AAJ3, STM32MP251AAK3, STM32MP251AAL3, STM32MP251CAI3, STM32MP251CAJ3, STM32MP251CAK3, STM32MP251CAL3, STM32MP251DAI3, STM32MP251DAJ3, STM32MP251DAK3, STM32MP251DAL3, STM32MP251FAI3, STM32MP251FAJ3, STM32MP251FAK3, STM32MP251FAL3, STM32MP253AAI3, STM32MP253AAJ3, STM32MP253AAK3, STM32MP253AAL3, STM32MP253CAI3, STM32MP253CAJ3, STM32MP253CAK3, STM32MP253CAL3, STM32MP253DAI3, STM32MP253DAJ3, STM32MP253DAK3, STM32MP253DAL3, STM32MP253FAI3, STM32MP253FAJ3, STM32MP253FAK3, STM32MP253FAL3, STM32MP255AAI3, STM32MP255AAJ3, STM32MP255AAK3, STM32MP255AAL3, STM32MP255CAI3, STM32MP255CAJ3, STM32MP255CAK3, STM32MP255CAL3, STM32MP255DAI3, STM32MP255DAJ3, STM32MP255DAK3, STM32MP255DAL3, STM32MP255FAI3, STM32MP255FAJ3, STM32MP255FAK3, STM32MP255FAL3, STM32MP257AAI3, STM32MP257AAJ3, STM32MP257AAK3, STM32MP257AAL3, STM32MP257CAI3, STM32MP257CAJ3, STM32MP257CAK3, STM32MP257CAL3, STM32MP257DAI3, STM32MP257DAJ3, STM32MP257DAK3, STM32MP257DAL3, STM32MP257F-DK, STM32MP257F-EV1, STM32MP257FAI3, STM32MP257FAJ3, STM32MP257FAK3, STM32MP257FAL3, STM32N645A0H3Q, STM32N645B0H3Q, STM32N645I0H3Q, STM32N645L0H3Q, STM32N645X0H3Q, STM32N645Z0H3Q, STM32N647A0H3Q, STM32N647B0H3Q, STM32N647I0H3Q, STM32N647L0H3Q, STM32N647X0H3Q, STM32N647Z0H3Q, STM32N655A0H3Q, STM32N655B0H3Q, STM32N655I0H3Q, STM32N655L0H3Q, STM32N655X0H3Q, STM32N655Z0H3Q, STM32N6570-DK, STM32N657A0H3Q, STM32N657B0H3Q, STM32N657I0H3Q, STM32N657L0H3Q, STM32N657X0H3Q, STM32N657Z0H3Q, STM32U031C6T6, STM32U031C6U6, STM32U031C8T6, STM32U031C8U6, STM32U031F4P6, STM32U031F6P6, STM32U031F8P6, STM32U031G6Y6TR, STM32U031G8Y6TR, STM32U031K4U6, STM32U031K6U6, STM32U031K8U6, STM32U031R6I6, STM32U031R6T6, STM32U031R8I6, STM32U031R8T6, STM32U073C8T6, STM32U073C8U6, STM32U073CBT6, STM32U073CBU6, STM32U073CCT6, STM32U073CCU6, STM32U073H8Y6TR, STM32U073HBY6TR, STM32U073HCY6TR, STM32U073K8U6, STM32U073KBU6, STM32U073KCU6, STM32U073M8I6, STM32U073M8T6, STM32U073MBI6, STM32U073MBT6, STM32U073MCI6, STM32U073MCT6, STM32U073R8I6, STM32U073R8T6, STM32U073RBI6, STM32U073RBT6, STM32U073RCI6, STM32U073RCT6, STM32U083C-DK, STM32U083CCT6, STM32U083CCU6, STM32U083HCY6TR, STM32U083KCU6, STM32U083MCI6, STM32U083MCT6, STM32U083RCI6, STM32U083RCT6, STM32U375CET6, STM32U375CET6Q, STM32U375CEU6, STM32U375CEU6Q, STM32U375CEY6QTR, STM32U375CGT6, STM32U375CGT6Q, STM32U375CGU6, STM32U375CGU6Q, STM32U375CGY6QTR, STM32U375KEU6, STM32U375KGU6, STM32U375REI6, STM32U375REI6Q, STM32U375RET6, STM32U375RET6Q, STM32U375REY6GTR, STM32U375REY6QTR, STM32U375RGI6, STM32U375RGI6Q, STM32U375RGT6, STM32U375RGT6Q, STM32U375RGY6GTR, STM32U375RGY6QTR, STM32U375VEI6, STM32U375VEI6Q, STM32U375VET6, STM32U375VET6Q, STM32U375VGI6, STM32U375VGI6Q, STM32U375VGT6, STM32U375VGT6Q, STM32U385CGT6, STM32U385CGT6Q, STM32U385CGU6, STM32U385CGU6Q, STM32U385CGY6QTR, STM32U385KGU6, STM32U385RGI6, STM32U385RGI6Q, STM32U385RGT6, STM32U385RGT6Q, STM32U385RGY6GTR, STM32U385RGY6QTR, STM32U385VGI6, STM32U385VGI6Q, STM32U385VGT6, STM32U385VGT6Q, STM32U535CBT6, STM32U535CBT6Q, STM32U535CBU6, STM32U535CBU6Q, STM32U535CCT6, STM32U535CCT6Q, STM32U535CCU6, STM32U535CCU6Q, STM32U535CET6, STM32U535CET6Q, STM32U535CEU6, STM32U535CEU6Q, STM32U535JEY6QTR, STM32U535NCY6QTR, STM32U535NEY6QTR, STM32U535RBI6, STM32U535RBI6Q, STM32U535RBT6, STM32U535RBT6Q, STM32U535RCI6, STM32U535RCI6Q, STM32U535RCT6, STM32U535RCT6Q, STM32U535REI6, STM32U535REI6Q, STM32U535RET6, STM32U535RET6Q, STM32U535VCI6, STM32U535VCI6Q, STM32U535VCT6, STM32U535VCT6Q, STM32U535VEI6, STM32U535VEI6Q, STM32U535VET6, STM32U535VET6Q, STM32U545CET6, STM32U545CET6Q, STM32U545CEU6, STM32U545CEU6Q, STM32U545JEY6QTR, STM32U545NEY6QTR, STM32U545REI6, STM32U545REI6Q, STM32U545RET6, STM32U545RET6Q, STM32U545VEI6, STM32U545VEI6Q, STM32U545VET6, STM32U545VET6Q, STM32U595AIH6, STM32U595AIH6Q, STM32U595AJH6, STM32U595AJH6Q, STM32U595QII6, STM32U595QII6Q, STM32U595QJI6, STM32U595QJI6Q, STM32U595RIT6, STM32U595RIT6Q, STM32U595RJT6, STM32U595RJT6Q, STM32U595VIT6, STM32U595VIT6Q, STM32U595VJT6, STM32U595VJT6Q, STM32U595ZIT6, STM32U595ZIT6Q, STM32U595ZIY6QTR, STM32U595ZJT6, STM32U595ZJT6Q, STM32U595ZJY6QTR, STM32U599BJY6QTR, STM32U599NIH6Q, STM32U599NJH6Q, STM32U599VIT6Q, STM32U599VJT6, STM32U599VJT6Q, STM32U599ZIT6Q, STM32U599ZIY6QTR, STM32U599ZJT6Q, STM32U599ZJY6QTR, STM32U5A5AJH6, STM32U5A5AJH6Q, STM32U5A5QII3Q , STM32U5A5QJI6, STM32U5A5QJI6Q, STM32U5A5RJT6, STM32U5A5RJT6Q, STM32U5A5VJT6, STM32U5A5VJT6Q, STM32U5A5ZJT6, STM32U5A5ZJT6Q, STM32U5A5ZJY6QTR, STM32U5A9BJY6QTR, STM32U5A9J-DK, STM32U5A9NJH6Q, STM32U5A9VJT6Q, STM32U5A9ZJT6Q, STM32U5A9ZJY6QTR, STM32U5F7VIT6, STM32U5F7VIT6Q, STM32U5F7VJT6, STM32U5F7VJT6Q, STM32U5F9BJY6QTR, STM32U5F9NJH6Q, STM32U5F9VIT6Q, STM32U5F9VJT6Q, STM32U5F9ZIJ6QTR, STM32U5F9ZIT6Q, STM32U5F9ZJJ6QTR, STM32U5F9ZJT6Q, STM32U5G7VJT6, STM32U5G7VJT6Q, STM32U5G9BJY6QTR, STM32U5G9J-DK1, STM32U5G9J-DK2, STM32U5G9NJH6Q, STM32U5G9VJT6Q, STM32U5G9ZJJ6QTR, STM32U5G9ZJT6Q, STM32WB05KZV6TR, STM32WB05KZV7TR, STM32WB05TZF6TR, STM32WB05TZF7TR, STM32WB06CCF6TR, STM32WB06CCF7TR, STM32WB06CCV6TR, STM32WB06CCV7TR, STM32WB06KCV6TR, STM32WB06KCV7TR, STM32WB07CCF6TR, STM32WB07CCF7TR, STM32WB07CCV6TR, STM32WB07CCV7TR, STM32WB07KCV6TR, STM32WB07KCV7TR, STM32WB09KEV6TR, STM32WB09KEV7TR, STM32WB09TEF6TR, STM32WB09TEF7TR, STM32WB1MMCH6, STM32WBA50KGU6, STM32WBA50KGU6TR, STM32WBA52CEU6, STM32WBA52CEU6TR, STM32WBA52CEU7, STM32WBA52CEU7TR, STM32WBA52CGU6, STM32WBA52CGU6TR, STM32WBA52CGU6U, STM32WBA52CGU7, STM32WBA52CGU7TR, STM32WBA52KEU6, STM32WBA52KEU6TR, STM32WBA52KGU6, STM32WBA52KGU6TR, STM32WBA54CEU6, STM32WBA54CEU6TR, STM32WBA54CEU7, STM32WBA54CEU7TR, STM32WBA54CGU6, STM32WBA54CGU6TR, STM32WBA54CGU7, STM32WBA54CGU7TR, STM32WBA54KEU6, STM32WBA54KEU6TR, STM32WBA54KEU7, STM32WBA54KEU7TR, STM32WBA54KGU6, STM32WBA54KGU6TR, STM32WBA54KGU7, STM32WBA54KGU7TR, STM32WBA55CEU6, STM32WBA55CEU6TR, STM32WBA55CEU7, STM32WBA55CEU7TR, STM32WBA55CGU6, STM32WBA55CGU6TR, STM32WBA55CGU6U, STM32WBA55CGU7, STM32WBA55CGU7TR, STM32WBA55G-DK1, STM32WBA55HEF6, STM32WBA55HEF7, STM32WBA55HGF6, STM32WBA55HGF7, STM32WBA55UEI6, STM32WBA55UEI6TR, STM32WBA55UEI7, STM32WBA55UEI7TR, STM32WBA55UGI6, STM32WBA55UGI6TR, STM32WBA55UGI7, STM32WBA55UGI7TR, STM32WBA5MJGH6TR, STM32WBA62CGU6, STM32WBA62CIU6, STM32WBA62MGF6, STM32WBA62MIF6, STM32WBA62PGI6, STM32WBA62PII6, STM32WBA63CGU6, STM32WBA63CGU7, STM32WBA63CIU6, STM32WBA63CIU7, STM32WBA64CGU6, STM32WBA64CGU7, STM32WBA64CIU6, STM32WBA64CIU7, STM32WBA65CGU6, STM32WBA65CGU7, STM32WBA65CIU6, STM32WBA65CIU7, STM32WBA65I-DK1, STM32WBA65MGF6, STM32WBA65MGF7, STM32WBA65MIF6, STM32WBA65MIF7, STM32WBA65PGI6, STM32WBA65PGI7, STM32WBA65PII6, STM32WBA65PII7, STM32WBA65RGV6, STM32WBA65RGV7, STM32WBA65RIV6, STM32WBA65RIV7, STM32WL30K8V6, STM32WL30KBV6, STM32WL31C8V6, STM32WL31CBV6, STM32WL31K8V6, STM32WL31KBV6, STM32WL33C8V6, STM32WL33C8V6TR, STM32WL33C8V7, STM32WL33C8V7TR, STM32WL33CBV6, STM32WL33CBV6TR, STM32WL33CBV7, STM32WL33CBV7TR, STM32WL33CCV6, STM32WL33CCV6TR, STM32WL33CCV7, STM32WL33CCV7A, STM32WL33CCV7ATR, STM32WL33CCV7TR, STM32WL33K8V6, STM32WL33K8V6TR, STM32WL33K8V7, STM32WL33K8V7TR, STM32WL33KBV6, STM32WL33KBV6TR, STM32WL33KBV7, STM32WL33KBV7TR, STM32WL33KCV6, STM32WL33KCV6TR, STM32WL33KCV7, STM32WL33KCV7TR, STM32WL5MOCH6, STM32WL5MOCH6TR]
2026-07-25 11:56:13,900 [INFO] ApiDb:668 - CubeFinder database Data Model version=2.1
2026-07-25 11:56:13,900 [INFO] ApiDb:669 - CubeFinder database Configuration version=3.0.42
2026-07-25 11:56:13,900 [INFO] ApiDb:670 - CubeFinder database generation date=2026-05-06 (1778060171)
2026-07-25 11:56:13,900 [INFO] ApiDb:671 - CubeFinder database FW Pack versions=[FP-ATR-ASTRA1_V2.0.0, FP-SNS-FLIGHT1_V5.1.0, FP-SNS-MOTENV1_V5.1.0, FP-SNS-MOTENVWB1_V1.5.0, FP-SNS-SMARTAG2_V1.2.0, FP-SNS-STBOX1_V2.1.0, STM32Cube_FW_C0_V1.4.0, STM32Cube_FW_F4_V1.28.3, STM32Cube_FW_F7_V1.17.4, STM32Cube_FW_G0_V1.6.3, STM32Cube_FW_G4_V1.6.2, STM32Cube_FW_H5_V1.6.0, STM32Cube_FW_H7RS_V1.3.0, STM32Cube_FW_H7_V1.13.0, STM32Cube_FW_L0_V1.12.2, STM32Cube_FW_L4_V1.18.2, STM32Cube_FW_L5_V1.6.0, STM32Cube_FW_N6_V1.3.0, STM32Cube_FW_U0_V1.3.0, STM32Cube_FW_U3_V1.3.0, STM32Cube_FW_U5_V1.8.0, STM32Cube_FW_WB0_V1.4.0, STM32Cube_FW_WBA_V1.9.0, STM32Cube_FW_WB_V1.24.0, STM32Cube_FW_WL3_V1.4.0, STM32Cube_FW_WL_V1.5.0, X-CUBE-ALGOBUILD_V1.4.0, X-CUBE-ALS_V1.0.2, X-CUBE-AZRTOS-F4_V1.1.0, X-CUBE-AZRTOS-F7_V1.1.0, X-CUBE-AZRTOS-G0_V1.1.0, X-CUBE-AZRTOS-G4_V2.0.0, X-CUBE-AZRTOS-H7RS_V1.1.0, X-CUBE-AZRTOS-H7_V3.5.0, X-CUBE-AZRTOS-L4_V2.0.0, X-CUBE-AZRTOS-L5_V2.0.0, X-CUBE-AZRTOS-WB_V2.0.0, X-CUBE-AZRTOS-WL_V2.0.0, X-CUBE-BLE1_V7.1.0, X-CUBE-BLE2_V3.3.0, X-CUBE-BLEMGR_V4.1.0, X-CUBE-EEPRMA1_V5.2.0, X-CUBE-FREERTOS_V1.5.0, X-CUBE-GNSS1_V6.0.0, X-CUBE-MEMS1_V12.0.0, X-CUBE-NFC4_V3.0.0, X-CUBE-NFC7_V2.0.0, X-CUBE-SFXS2LP1_V4.0.0, X-CUBE-ST67W61_V1.2.0, X-CUBE-SUBG2_V5.0.0, X-CUBE-TOF1_V3.4.3]
2026-07-25 11:56:16,211 [INFO] ApiDb:240 - Found 895 in-development CPN: [B-G473E-ZEST1S, B-WB1M-WPAN1, B-WBA5M-WPAN, B-WL5M-SUBG1, NUCLEO-C031C6, NUCLEO-C051C8, NUCLEO-C071RB, NUCLEO-C092RC, NUCLEO-H503RB, NUCLEO-H533RE, NUCLEO-H563ZI, NUCLEO-H7S3L8, NUCLEO-N657X0-Q, NUCLEO-U031R8, NUCLEO-U083RC, NUCLEO-U385RG-Q, NUCLEO-U545RE-Q, NUCLEO-U5A5ZJ-Q, NUCLEO-WB05KZ, NUCLEO-WB07CC, NUCLEO-WB09KE, NUCLEO-WBA52CG, NUCLEO-WBA55CG, NUCLEO-WBA65RI, NUCLEO-WL33CC1, NUCLEO-WL33CC2, STEVAL-PROTEUS1, STEVAL-SMARTAG2, STEVAL-STWINBX1, STM320518-EVAL, STM32C0116-DK, STM32C011D6Y3TR, STM32C011D6Y6TR, STM32C011F4P3, STM32C011F4P6, STM32C011F4U3, STM32C011F4U6TR, STM32C011F6P3, STM32C011F6P6, STM32C011F6U3, STM32C011F6U6TR, STM32C011J4M3, STM32C011J4M6, STM32C011J6M3, STM32C011J6M6, STM32C0316-DK, STM32C031C4T3, STM32C031C4T6, STM32C031C4U3, STM32C031C4U6, STM32C031C6T3, STM32C031C6T6, STM32C031C6U3, STM32C031C6U6, STM32C031F4P3, STM32C031F4P6, STM32C031F6P3, STM32C031F6P6, STM32C031G4U3, STM32C031G4U6, STM32C031G6U3, STM32C031G6U6, STM32C031K4T3, STM32C031K4T6, STM32C031K4U3, STM32C031K4U6, STM32C031K6T3, STM32C031K6T6, STM32C031K6U3, STM32C031K6U6, STM32C051C6T6, STM32C051C6U6, STM32C051C8T6, STM32C051C8U6, STM32C051D8Y6TR, STM32C051F6P6, STM32C051F8P6, STM32C051G6U6, STM32C051G8U6, STM32C051K6T6, STM32C051K6U6, STM32C051K8T6, STM32C071C8T6, STM32C071C8T6N, STM32C071C8U6, STM32C071C8U6N, STM32C071CBT6, STM32C071CBT6N, STM32C071CBU6, STM32C071CBU6N, STM32C071F8P6, STM32C071F8P6N, STM32C071FBP6, STM32C071FBP6N, STM32C071FBY6TR, STM32C071G8U6, STM32C071G8U6N, STM32C071GBU6, STM32C071GBU6N, STM32C071K8T6, STM32C071K8T6N, STM32C071K8U6, STM32C071K8U6N, STM32C071KBT6, STM32C071KBT6N, STM32C071KBU6, STM32C071KBU6N, STM32C071R8T6, STM32C071R8T6N, STM32C071RBI6N, STM32C071RBT6, STM32C071RBT6N, STM32C091CBT6, STM32C091CBU6, STM32C091CCT6, STM32C091CCU6, STM32C091ECY6TR, STM32C091FBP6, STM32C091FCP6, STM32C091GBU6, STM32C091GCU6, STM32C091KBT6, STM32C091KBU6, STM32C091KCT6, STM32C091KCU6, STM32C091RBT6, STM32C091RCI6, STM32C091RCT6, STM32C092CBT6, STM32C092CBU6, STM32C092CCT6, STM32C092CCU6, STM32C092ECY6TR, STM32C092FBP6, STM32C092FCP6, STM32C092GBU6, STM32C092GCU6, STM32C092KBT6, STM32C092KBU6, STM32C092KCT6, STM32C092KCU6, STM32C092RBT6, STM32C092RCI6, STM32C092RCT6, STM32G071K8TXN, STM32G071K8UXN, STM32G081GBU6N, STM32G081KBT6N, STM32G081KBUXN, STM32G0B1CCT6N, STM32G0B1KCT6, STM32G0B1NEY6TR, STM32G0B1RCT6N, STM32G0C1CCT6, STM32G0C1CCT6N, STM32G0C1CCU6N, STM32G0C1CET6N, STM32G0C1CEU6N, STM32G0C1KCT6, STM32G0C1NEY6TR, STM32G0C1RCI6N, STM32G0C1RCT6N, STM32G0C1REI6N, STM32G0C1RET6N, STM32G0C1VCI6, STM32G0C1VEI6, STM32G411C6T3, STM32G411C6T6, STM32G411C6U3, STM32G411C6U6, STM32G411C8T3, STM32G411C8T6, STM32G411C8U3, STM32G411C8U6, STM32G411CBT3, STM32G411CBT6, STM32G411CBU3, STM32G411CBU6, STM32G411CCT3, STM32G411CCT6, STM32G411CCU3, STM32G411CCU6, STM32G411K6T3, STM32G411K6T6, STM32G411K6U3, STM32G411K6U6, STM32G411K8T3, STM32G411K8T6, STM32G411K8U3, STM32G411K8U6, STM32G411KBT3, STM32G411KBT6, STM32G411KBU3, STM32G411KBU6, STM32G411M6T3, STM32G411M6T6, STM32G411M8T3, STM32G411M8T6, STM32G411MBT3, STM32G411MBT6, STM32G411MCT3, STM32G411MCT6, STM32G411R6T3, STM32G411R6T6, STM32G411R8T3, STM32G411R8T6, STM32G411RBT3, STM32G411RBT6, STM32G411RCT3, STM32G411RCT6, STM32G414CBT3, STM32G414CBT6, STM32G414CBU3, STM32G414CBU6, STM32G414CCT3, STM32G414CCT6, STM32G414CCU3, STM32G414CCU6, STM32G414MBT3, STM32G414MBT6, STM32G414MCT3, STM32G414MCT6, STM32G414RBT3, STM32G414RBT6, STM32G414RCT3, STM32G414RCT6, STM32G414VBT3, STM32G414VBT6, STM32G414VCT3, STM32G414VCT6, STM32G431CBT3Z, STM32G431RBT3Z, STM32G471CCT6, STM32G471CCU6, STM32G471CET3, STM32G471CET6, STM32G471CEU3, STM32G471CEU6, STM32G471MCT6, STM32G471MET3, STM32G471MET6, STM32G471MEY6TR, STM32G471QCT6, STM32G471QET3, STM32G471RCT6, STM32G471RET3, STM32G471RET6, STM32G471VCH6, STM32G471VCI6, STM32G471VCT6, STM32G471VEH3, STM32G471VEH6, STM32G471VEI3, STM32G471VEI6, STM32G471VET3, STM32G471VET6, STM32G473QET3Z, STM32G473RET3Z, STM32G474CCT6, STM32G491RET3Z, STM32H503CBT6, STM32H503CBU6, STM32H503EBY6TR, STM32H503KBU6, STM32H503RBT6, STM32H523CCT6, STM32H523CCU6, STM32H523CET6, STM32H523CEU6, STM32H523HEY6TR, STM32H523RCT6, STM32H523RET6, STM32H523VCI6, STM32H523VCT6, STM32H523VEI6, STM32H523VET6, STM32H523ZCJ6, STM32H523ZCT6, STM32H523ZEJ6, STM32H523ZET6, STM32H533CET6, STM32H533CEU6, STM32H533HEY6TR, STM32H533RET6, STM32H533VEI6, STM32H533VET6, STM32H533ZEJ6, STM32H533ZET6, STM32H562AGI6, STM32H562AII6, STM32H562IGK6, STM32H562IGT6, STM32H562IIK6, STM32H562IIT6, STM32H562RGT6, STM32H562RGV6, STM32H562RIT6, STM32H562RIV6, STM32H562VGT6, STM32H562VIT6, STM32H562ZGT6, STM32H562ZIT6, STM32H563AGI6, STM32H563AII3Q, STM32H563AII6, STM32H563IGK6, STM32H563IGT6, STM32H563IIK3Q, STM32H563IIK6, STM32H563IIT3Q, STM32H563IIT6, STM32H563MIY3QTR, STM32H563RGT6, STM32H563RGV6, STM32H563RIT6, STM32H563RIV6, STM32H563VGT6, STM32H563VIT3Q, STM32H563VIT6, STM32H563ZGT6, STM32H563ZIT3Q, STM32H563ZIT6, STM32H573AII3Q, STM32H573AII6, STM32H573I-DK, STM32H573IIK3Q, STM32H573IIK6, STM32H573IIT3Q, STM32H573IIT6, STM32H573MIY3QTR, STM32H573RIT6, STM32H573RIV6, STM32H573VIT3Q, STM32H573VIT6, STM32H573ZIT3Q, STM32H573ZIT6, STM32H7R3A8I6, STM32H7R3I8K6, STM32H7R3I8T6, STM32H7R3L8H6, STM32H7R3L8H6H, STM32H7R3R8V6, STM32H7R3V8H6, STM32H7R3V8T6, STM32H7R3V8Y6TR, STM32H7R3Z8J6, STM32H7R3Z8T6, STM32H7R7A8I6, STM32H7R7I8K6, STM32H7R7I8T6, STM32H7R7L8H6, STM32H7R7L8H6H, STM32H7R7Z8J6, STM32H7S3A8I6, STM32H7S3I8K6, STM32H7S3I8T6, STM32H7S3L8H6, STM32H7S3L8H6H, STM32H7S3R8V6, STM32H7S3V8H6, STM32H7S3V8T6, STM32H7S3V8Y6TR, STM32H7S3Z8J6, STM32H7S3Z8T6, STM32H7S78-DK, STM32H7S7A8I6, STM32H7S7I8K6, STM32H7S7I8T6, STM32H7S7L8H6, STM32H7S7L8H6H, STM32H7S7Z8J6, STM32L4R5QGI6STR, STM32MP131AAE3, STM32MP131AAF3, STM32MP131AAG3, STM32MP131CAE3, STM32MP131CAF3, STM32MP131CAG3, STM32MP131DAE7, STM32MP131DAF7, STM32MP131DAG7, STM32MP131FAE7, STM32MP131FAF7, STM32MP131FAG7, STM32MP133AAE3, STM32MP133AAF3, STM32MP133AAG3, STM32MP133CAE3, STM32MP133CAF3, STM32MP133CAG3, STM32MP133DAE7, STM32MP133DAF7, STM32MP133DAG7, STM32MP133FAE7, STM32MP133FAF7, STM32MP133FAG7, STM32MP135AAE3, STM32MP135AAF3, STM32MP135AAG3, STM32MP135CAE3, STM32MP135CAF3, STM32MP135CAG3, STM32MP135DAE7, STM32MP135DAF7, STM32MP135DAG7, STM32MP135F-DK, STM32MP135FAE7, STM32MP135FAF7, STM32MP135FAF7T, STM32MP135FAF7U, STM32MP135FAG7, STM32MP231AAJ3, STM32MP231AAK3, STM32MP231AAL3, STM32MP231CAJ3, STM32MP231CAK3, STM32MP231CAL3, STM32MP231DAJ3, STM32MP231DAK3, STM32MP231DAL3, STM32MP231FAJ3, STM32MP231FAK3, STM32MP231FAL3, STM32MP233AAJ3, STM32MP233AAK3, STM32MP233AAL3, STM32MP233CAJ3, STM32MP233CAK3, STM32MP233CAL3, STM32MP233DAJ3, STM32MP233DAK3, STM32MP233DAL3, STM32MP233FAJ3, STM32MP233FAK3, STM32MP233FAL3, STM32MP235AAJ3, STM32MP235AAK3, STM32MP235AAL3, STM32MP235CAJ3, STM32MP235CAK3, STM32MP235CAL3, STM32MP235DAJ3, STM32MP235DAK3, STM32MP235DAL3, STM32MP235FAJ3, STM32MP235FAK3, STM32MP235FAL3, STM32MP251AAI3, STM32MP251AAJ3, STM32MP251AAK3, STM32MP251AAL3, STM32MP251CAI3, STM32MP251CAJ3, STM32MP251CAK3, STM32MP251CAL3, STM32MP251DAI3, STM32MP251DAJ3, STM32MP251DAK3, STM32MP251DAL3, STM32MP251FAI3, STM32MP251FAJ3, STM32MP251FAK3, STM32MP251FAL3, STM32MP253AAI3, STM32MP253AAJ3, STM32MP253AAK3, STM32MP253AAL3, STM32MP253CAI3, STM32MP253CAJ3, STM32MP253CAK3, STM32MP253CAL3, STM32MP253DAI3, STM32MP253DAJ3, STM32MP253DAK3, STM32MP253DAL3, STM32MP253FAI3, STM32MP253FAJ3, STM32MP253FAK3, STM32MP253FAL3, STM32MP255AAI3, STM32MP255AAJ3, STM32MP255AAK3, STM32MP255AAL3, STM32MP255CAI3, STM32MP255CAJ3, STM32MP255CAK3, STM32MP255CAL3, STM32MP255DAI3, STM32MP255DAJ3, STM32MP255DAK3, STM32MP255DAL3, STM32MP255FAI3, STM32MP255FAJ3, STM32MP255FAK3, STM32MP255FAL3, STM32MP257AAI3, STM32MP257AAJ3, STM32MP257AAK3, STM32MP257AAL3, STM32MP257CAI3, STM32MP257CAJ3, STM32MP257CAK3, STM32MP257CAL3, STM32MP257DAI3, STM32MP257DAJ3, STM32MP257DAK3, STM32MP257DAL3, STM32MP257F-DK, STM32MP257F-EV1, STM32MP257FAI3, STM32MP257FAJ3, STM32MP257FAK3, STM32MP257FAL3, STM32N645A0H3Q, STM32N645B0H3Q, STM32N645I0H3Q, STM32N645L0H3Q, STM32N645X0H3Q, STM32N645Z0H3Q, STM32N647A0H3Q, STM32N647B0H3Q, STM32N647I0H3Q, STM32N647L0H3Q, STM32N647X0H3Q, STM32N647Z0H3Q, STM32N655A0H3Q, STM32N655B0H3Q, STM32N655I0H3Q, STM32N655L0H3Q, STM32N655X0H3Q, STM32N655Z0H3Q, STM32N6570-DK, STM32N657A0H3Q, STM32N657B0H3Q, STM32N657I0H3Q, STM32N657L0H3Q, STM32N657X0H3Q, STM32N657Z0H3Q, STM32U031C6T6, STM32U031C6U6, STM32U031C8T6, STM32U031C8U6, STM32U031F4P6, STM32U031F6P6, STM32U031F8P6, STM32U031G6Y6TR, STM32U031G8Y6TR, STM32U031K4U6, STM32U031K6U6, STM32U031K8U6, STM32U031R6I6, STM32U031R6T6, STM32U031R8I6, STM32U031R8T6, STM32U073C8T6, STM32U073C8U6, STM32U073CBT6, STM32U073CBU6, STM32U073CCT6, STM32U073CCU6, STM32U073H8Y6TR, STM32U073HBY6TR, STM32U073HCY6TR, STM32U073K8U6, STM32U073KBU6, STM32U073KCU6, STM32U073M8I6, STM32U073M8T6, STM32U073MBI6, STM32U073MBT6, STM32U073MCI6, STM32U073MCT6, STM32U073R8I6, STM32U073R8T6, STM32U073RBI6, STM32U073RBT6, STM32U073RCI6, STM32U073RCT6, STM32U083C-DK, STM32U083CCT6, STM32U083CCU6, STM32U083HCY6TR, STM32U083KCU6, STM32U083MCI6, STM32U083MCT6, STM32U083RCI6, STM32U083RCT6, STM32U375CET6, STM32U375CET6Q, STM32U375CEU6, STM32U375CEU6Q, STM32U375CEY6QTR, STM32U375CGT6, STM32U375CGT6Q, STM32U375CGU6, STM32U375CGU6Q, STM32U375CGY6QTR, STM32U375KEU6, STM32U375KGU6, STM32U375REI6, STM32U375REI6Q, STM32U375RET6, STM32U375RET6Q, STM32U375REY6GTR, STM32U375REY6QTR, STM32U375RGI6, STM32U375RGI6Q, STM32U375RGT6, STM32U375RGT6Q, STM32U375RGY6GTR, STM32U375RGY6QTR, STM32U375VEI6, STM32U375VEI6Q, STM32U375VET6, STM32U375VET6Q, STM32U375VGI6, STM32U375VGI6Q, STM32U375VGT6, STM32U375VGT6Q, STM32U385CGT6, STM32U385CGT6Q, STM32U385CGU6, STM32U385CGU6Q, STM32U385CGY6QTR, STM32U385KGU6, STM32U385RGI6, STM32U385RGI6Q, STM32U385RGT6, STM32U385RGT6Q, STM32U385RGY6GTR, STM32U385RGY6QTR, STM32U385VGI6, STM32U385VGI6Q, STM32U385VGT6, STM32U385VGT6Q, STM32U535CBT6, STM32U535CBT6Q, STM32U535CBU6, STM32U535CBU6Q, STM32U535CCT6, STM32U535CCT6Q, STM32U535CCU6, STM32U535CCU6Q, STM32U535CET6, STM32U535CET6Q, STM32U535CEU6, STM32U535CEU6Q, STM32U535JEY6QTR, STM32U535NCY6QTR, STM32U535NEY6QTR, STM32U535RBI6, STM32U535RBI6Q, STM32U535RBT6, STM32U535RBT6Q, STM32U535RCI6, STM32U535RCI6Q, STM32U535RCT6, STM32U535RCT6Q, STM32U535REI6, STM32U535REI6Q, STM32U535RET6, STM32U535RET6Q, STM32U535VCI6, STM32U535VCI6Q, STM32U535VCT6, STM32U535VCT6Q, STM32U535VEI6, STM32U535VEI6Q, STM32U535VET6, STM32U535VET6Q, STM32U545CET6, STM32U545CET6Q, STM32U545CEU6, STM32U545CEU6Q, STM32U545JEY6QTR, STM32U545NEY6QTR, STM32U545REI6, STM32U545REI6Q, STM32U545RET6, STM32U545RET6Q, STM32U545VEI6, STM32U545VEI6Q, STM32U545VET6, STM32U545VET6Q, STM32U595AIH6, STM32U595AIH6Q, STM32U595AJH6, STM32U595AJH6Q, STM32U595QII6, STM32U595QII6Q, STM32U595QJI6, STM32U595QJI6Q, STM32U595RIT6, STM32U595RIT6Q, STM32U595RJT6, STM32U595RJT6Q, STM32U595VIT6, STM32U595VIT6Q, STM32U595VJT6, STM32U595VJT6Q, STM32U595ZIT6, STM32U595ZIT6Q, STM32U595ZIY6QTR, STM32U595ZJT6, STM32U595ZJT6Q, STM32U595ZJY6QTR, STM32U599BJY6QTR, STM32U599NIH6Q, STM32U599NJH6Q, STM32U599VIT6Q, STM32U599VJT6, STM32U599VJT6Q, STM32U599ZIT6Q, STM32U599ZIY6QTR, STM32U599ZJT6Q, STM32U599ZJY6QTR, STM32U5A5AJH6, STM32U5A5AJH6Q, STM32U5A5QII3Q , STM32U5A5QJI6, STM32U5A5QJI6Q, STM32U5A5RJT6, STM32U5A5RJT6Q, STM32U5A5VJT6, STM32U5A5VJT6Q, STM32U5A5ZJT6, STM32U5A5ZJT6Q, STM32U5A5ZJY6QTR, STM32U5A9BJY6QTR, STM32U5A9J-DK, STM32U5A9NJH6Q, STM32U5A9VJT6Q, STM32U5A9ZJT6Q, STM32U5A9ZJY6QTR, STM32U5F7VIT6, STM32U5F7VIT6Q, STM32U5F7VJT6, STM32U5F7VJT6Q, STM32U5F9BJY6QTR, STM32U5F9NJH6Q, STM32U5F9VIT6Q, STM32U5F9VJT6Q, STM32U5F9ZIJ6QTR, STM32U5F9ZIT6Q, STM32U5F9ZJJ6QTR, STM32U5F9ZJT6Q, STM32U5G7VJT6, STM32U5G7VJT6Q, STM32U5G9BJY6QTR, STM32U5G9J-DK1, STM32U5G9J-DK2, STM32U5G9NJH6Q, STM32U5G9VJT6Q, STM32U5G9ZJJ6QTR, STM32U5G9ZJT6Q, STM32WB05KZV6TR, STM32WB05KZV7TR, STM32WB05TZF6TR, STM32WB05TZF7TR, STM32WB06CCF6TR, STM32WB06CCF7TR, STM32WB06CCV6TR, STM32WB06CCV7TR, STM32WB06KCV6TR, STM32WB06KCV7TR, STM32WB07CCF6TR, STM32WB07CCF7TR, STM32WB07CCV6TR, STM32WB07CCV7TR, STM32WB07KCV6TR, STM32WB07KCV7TR, STM32WB09KEV6TR, STM32WB09KEV7TR, STM32WB09TEF6TR, STM32WB09TEF7TR, STM32WB1MMCH6, STM32WBA50KGU6, STM32WBA50KGU6TR, STM32WBA52CEU6, STM32WBA52CEU6TR, STM32WBA52CEU7, STM32WBA52CEU7TR, STM32WBA52CGU6, STM32WBA52CGU6TR, STM32WBA52CGU6U, STM32WBA52CGU7, STM32WBA52CGU7TR, STM32WBA52KEU6, STM32WBA52KEU6TR, STM32WBA52KGU6, STM32WBA52KGU6TR, STM32WBA54CEU6, STM32WBA54CEU6TR, STM32WBA54CEU7, STM32WBA54CEU7TR, STM32WBA54CGU6, STM32WBA54CGU6TR, STM32WBA54CGU7, STM32WBA54CGU7TR, STM32WBA54KEU6, STM32WBA54KEU6TR, STM32WBA54KEU7, STM32WBA54KEU7TR, STM32WBA54KGU6, STM32WBA54KGU6TR, STM32WBA54KGU7, STM32WBA54KGU7TR, STM32WBA55CEU6, STM32WBA55CEU6TR, STM32WBA55CEU7, STM32WBA55CEU7TR, STM32WBA55CGU6, STM32WBA55CGU6TR, STM32WBA55CGU6U, STM32WBA55CGU7, STM32WBA55CGU7TR, STM32WBA55G-DK1, STM32WBA55HEF6, STM32WBA55HEF7, STM32WBA55HGF6, STM32WBA55HGF7, STM32WBA55UEI6, STM32WBA55UEI6TR, STM32WBA55UEI7, STM32WBA55UEI7TR, STM32WBA55UGI6, STM32WBA55UGI6TR, STM32WBA55UGI7, STM32WBA55UGI7TR, STM32WBA5MJGH6TR, STM32WBA62CGU6, STM32WBA62CIU6, STM32WBA62MGF6, STM32WBA62MIF6, STM32WBA62PGI6, STM32WBA62PII6, STM32WBA63CGU6, STM32WBA63CGU7, STM32WBA63CIU6, STM32WBA63CIU7, STM32WBA64CGU6, STM32WBA64CGU7, STM32WBA64CIU6, STM32WBA64CIU7, STM32WBA65CGU6, STM32WBA65CGU7, STM32WBA65CIU6, STM32WBA65CIU7, STM32WBA65I-DK1, STM32WBA65MGF6, STM32WBA65MGF7, STM32WBA65MIF6, STM32WBA65MIF7, STM32WBA65PGI6, STM32WBA65PGI7, STM32WBA65PII6, STM32WBA65PII7, STM32WBA65RGV6, STM32WBA65RGV7, STM32WBA65RIV6, STM32WBA65RIV7, STM32WL30K8V6, STM32WL30KBV6, STM32WL31C8V6, STM32WL31CBV6, STM32WL31K8V6, STM32WL31KBV6, STM32WL33C8V6, STM32WL33C8V6TR, STM32WL33C8V7, STM32WL33C8V7TR, STM32WL33CBV6, STM32WL33CBV6TR, STM32WL33CBV7, STM32WL33CBV7TR, STM32WL33CCV6, STM32WL33CCV6TR, STM32WL33CCV7, STM32WL33CCV7A, STM32WL33CCV7ATR, STM32WL33CCV7TR, STM32WL33K8V6, STM32WL33K8V6TR, STM32WL33K8V7, STM32WL33K8V7TR, STM32WL33KBV6, STM32WL33KBV6TR, STM32WL33KBV7, STM32WL33KBV7TR, STM32WL33KCV6, STM32WL33KCV6TR, STM32WL33KCV7, STM32WL33KCV7TR, STM32WL5MOCH6, STM32WL5MOCH6TR]
2026-07-25 11:56:16,215 [INFO] DbMcus:218 - Found 5082 MCUs, 4964 are supported
2026-07-25 11:56:16,216 [INFO] ApiDb:423 - Load user favorites file C:\Users\abhil/.stm32cubeide/favorites.mcus.txt: 0 item(s)
2026-07-25 11:56:16,216 [INFO] ApiDb:427 - User favorites MCUs=[]
2026-07-25 11:56:16,216 [INFO] DbMcus:224 - Set 0 / 0 favorites MCUs
2026-07-25 11:56:16,788 [INFO] BoardInfo:889 - No configuration file found for board NUCLEO-H5E5ZJ
2026-07-25 11:56:16,791 [INFO] DbBoards:161 - Board is not supported: NUCLEO-H5E5ZJ
2026-07-25 11:56:16,881 [INFO] BoardInfo:889 - No configuration file found for board NUCLEO-U3C5ZI-Q
2026-07-25 11:56:16,883 [INFO] DbBoards:161 - Board is not supported: NUCLEO-U3C5ZI-Q
2026-07-25 11:56:16,909 [INFO] BoardInfo:889 - No configuration file found for board NUCLEO-WBA25CE1
2026-07-25 11:56:16,911 [INFO] DbBoards:161 - Board is not supported: NUCLEO-WBA25CE1
2026-07-25 11:56:16,927 [INFO] BoardInfo:889 - No configuration file found for board NUCLEO-WL3RKB1
2026-07-25 11:56:16,929 [INFO] DbBoards:161 - Board is not supported: NUCLEO-WL3RKB1
2026-07-25 11:56:16,930 [INFO] BoardInfo:889 - No configuration file found for board NUCLEO-WL3RKB2
2026-07-25 11:56:16,932 [INFO] DbBoards:161 - Board is not supported: NUCLEO-WL3RKB2
2026-07-25 11:56:16,946 [INFO] BoardInfo:889 - No configuration file found for board P-NUCLEO-WB55
2026-07-25 11:56:16,948 [INFO] DbBoards:161 - Kit is not supported: P-NUCLEO-WB55
2026-07-25 11:56:16,958 [INFO] BoardInfo:889 - No configuration file found for board STEVAL-BFA001V1B
2026-07-25 11:56:16,960 [INFO] DbBoards:161 - Kit is not supported: STEVAL-BFA001V1B
2026-07-25 11:56:16,962 [INFO] BoardInfo:889 - No configuration file found for board STEVAL-BFA001V2B
2026-07-25 11:56:16,963 [INFO] DbBoards:161 - Kit is not supported: STEVAL-BFA001V2B
2026-07-25 11:56:17,142 [INFO] BoardInfo:889 - No configuration file found for board STM32H5F5J-DK
2026-07-25 11:56:17,144 [INFO] DbBoards:161 - Board is not supported: STM32H5F5J-DK
2026-07-25 11:56:17,239 [INFO] BoardInfo:889 - No configuration file found for board STM32MP215F-DK
2026-07-25 11:56:17,241 [INFO] DbBoards:161 - Board is not supported: STM32MP215F-DK
2026-07-25 11:56:17,272 [INFO] DbBoards:168 - Found 218 boards, 208 are supported
2026-07-25 11:56:17,272 [INFO] DbBoards:169 - Found 218 boards, 43 of them is supported for  Bsp
2026-07-25 11:56:17,276 [INFO] ApiDb:423 - Load user favorites file C:\Users\abhil/.stm32cubeide/favorites.boards.txt: 0 item(s)
2026-07-25 11:56:17,277 [INFO] ApiDb:427 - User favorites Boards=[]
2026-07-25 11:56:17,277 [INFO] DbBoards:198 - Set 0 / 0 favorites Boards
2026-07-25 11:56:17,318 [INFO] UtilMem:75 - End LoadConfig() Used Memory: 287699168 Bytes (491782144)
2026-07-25 11:56:17,481 [WARN] ThirdParty:833 - waiting for thirdparty lock release [change project]
2026-07-25 11:56:17,482 [INFO] ThirdParty:835 - entering critical section [change project]
2026-07-25 11:56:17,482 [INFO] ThirdParty:1030 - CMSIS Pack Vendor :STMicroelectronics X-CUBE-AZRTOS-H7 3.5.0
2026-07-25 11:56:17,482 [INFO] ThirdParty:1030 - CMSIS Pack Vendor :STMicroelectronics X-CUBE-PM33A1 1.0.0
2026-07-25 11:56:17,482 [INFO] ThirdParty:1030 - CMSIS Pack Vendor :STMicroelectronics USBPD 4.1
2026-07-25 11:56:17,482 [INFO] ThirdParty:1030 - CMSIS Pack Vendor :STMicroelectronics X-CUBE-GNSS1 6.0.0
2026-07-25 11:56:17,482 [INFO] ThirdParty:1030 - CMSIS Pack Vendor :STMicroelectronics USB_HOST 2.0.0
2026-07-25 11:56:17,482 [INFO] ThirdParty:1030 - CMSIS Pack Vendor :STMicroelectronics FP-SNS-MOTENVWB1 1.4.0
2026-07-25 11:56:17,482 [INFO] ThirdParty:1030 - CMSIS Pack Vendor :STMicroelectronics FP-ATR-ASTRA1 2.0.3
2026-07-25 11:56:17,482 [INFO] ThirdParty:1030 - CMSIS Pack Vendor :STMicroelectronics X-CUBE-AZRTOS-F4 1.1.0
2026-07-25 11:56:17,482 [INFO] ThirdParty:1030 - CMSIS Pack Vendor :STMicroelectronics LIBJPEG 8.0.0
2026-07-25 11:56:17,482 [INFO] ThirdParty:1030 - CMSIS Pack Vendor :STMicroelectronics FP-ATR-ASTRA1 2.0.2
2026-07-25 11:56:17,482 [INFO] ThirdParty:1030 - CMSIS Pack Vendor :STMicroelectronics FP-ATR-ASTRA1 2.0.1
2026-07-25 11:56:17,482 [INFO] ThirdParty:1030 - CMSIS Pack Vendor :Avnet-IotConnect X-CUBE-IoTC-DA16k-PMOD 1.0.0
2026-07-25 11:56:17,482 [INFO] ThirdParty:1030 - CMSIS Pack Vendor :STMicroelectronics X-CUBE-SMBUS 2.1.0
2026-07-25 11:56:17,482 [INFO] ThirdParty:1030 - CMSIS Pack Vendor :STMicroelectronics X-CUBE-WB05N 1.1.0
2026-07-25 11:56:17,482 [INFO] ThirdParty:1030 - CMSIS Pack Vendor :STMicroelectronics X-CUBE-ISPU 2.1.0
2026-07-25 11:56:17,482 [INFO] ThirdParty:1030 - CMSIS Pack Vendor :STMicroelectronics eDS-WB_DPC_TT-BIDIR 2.1.1
2026-07-25 11:56:17,482 [INFO] ThirdParty:1030 - CMSIS Pack Vendor :STMicroelectronics X-CUBE-FREERTOS 1.2.0
2026-07-25 11:56:17,484 [INFO] ThirdParty:1030 - CMSIS Pack Vendor :STMicroelectronics X-CUBE-ST60 1.0.0
2026-07-25 11:56:17,484 [INFO] ThirdParty:1030 - CMSIS Pack Vendor :STMicroelectronics X-CUBE-NFC12 1.0.0
2026-07-25 11:56:17,484 [INFO] ThirdParty:1030 - CMSIS Pack Vendor :STMicroelectronics X-CUBE-BLEMGR 1.2.0
2026-07-25 11:56:17,484 [INFO] ThirdParty:1030 - CMSIS Pack Vendor :STMicroelectronics X-CUBE-TOUCHGFX 4.23.2
2026-07-25 11:56:17,484 [INFO] ThirdParty:1030 - CMSIS Pack Vendor :STMicroelectronics X-CUBE-AZRTOS-F7 1.1.0
2026-07-25 11:56:17,484 [INFO] ThirdParty:1030 - CMSIS Pack Vendor :STMicroelectronics X-CUBE-AZRTOS-L5 2.0.0
2026-07-25 11:56:17,484 [INFO] ThirdParty:1030 - CMSIS Pack Vendor :STMicroelectronics USB_DEVICE 2.0.0
2026-07-25 11:56:17,484 [INFO] ThirdParty:1030 - CMSIS Pack Vendor :STMicroelectronics X-CUBE-NFC6 3.1.0
2026-07-25 11:56:17,484 [INFO] ThirdParty:1030 - CMSIS Pack Vendor :STMicroelectronics X-CUBE-BLE1 6.2.3
2026-07-25 11:56:17,484 [INFO] ThirdParty:1030 - CMSIS Pack Vendor :STMicroelectronics X-CUBE-MEMS1 11.0.0
2026-07-25 11:56:17,484 [INFO] ThirdParty:1030 - CMSIS Pack Vendor :STMicroelectronics X-CUBE-BLE1 6.2.4
2026-07-25 11:56:17,484 [INFO] ThirdParty:1030 - CMSIS Pack Vendor :STMicroelectronics X-CUBE-ALGOBUILD 1.5.0
2026-07-25 11:56:17,484 [INFO] ThirdParty:1030 - CMSIS Pack Vendor :STMicroelectronics FreeRTOS 0.0.1
2026-07-25 11:56:17,484 [INFO] ThirdParty:1030 - CMSIS Pack Vendor :STMicroelectronics X-CUBE-AZRTOS-H7RS 1.3.0
2026-07-25 11:56:17,484 [INFO] ThirdParty:1030 - CMSIS Pack Vendor :STMicroelectronics X-CUBE-BLEMGR 2.0.0
2026-07-25 11:56:17,484 [INFO] ThirdParty:1030 - CMSIS Pack Vendor :STMicroelectronics X-CUBE-DPower 1.2.0
2026-07-25 11:56:17,484 [INFO] ThirdParty:1030 - CMSIS Pack Vendor :STMicroelectronics eDS-WB_DPC_VIENNA 1.2.0
2026-07-25 11:56:17,484 [INFO] ThirdParty:1030 - CMSIS Pack Vendor :STMicroelectronics FP-SNS-FLIGHT1 5.0.2
2026-07-25 11:56:17,484 [INFO] ThirdParty:1030 - CMSIS Pack Vendor :STMicroelectronics eDS-WB_DPC_3PH2L-BIDIR 1.1.1
2026-07-25 11:56:17,484 [INFO] ThirdParty:1030 - CMSIS Pack Vendor :STMicroelectronics X-CUBE-NFC4 2.0.4
2026-07-25 11:56:17,484 [INFO] ThirdParty:1030 - CMSIS Pack Vendor :STMicroelectronics X-CUBE-AI 9.0.0
2026-07-25 11:56:17,484 [INFO] ThirdParty:1030 - CMSIS Pack Vendor :STMicroelectronics X-CUBE-AZRTOS-H7 3.1.0
2026-07-25 11:56:17,484 [INFO] ThirdParty:1030 - CMSIS Pack Vendor :STMicroelectronics PDM2PCM 3.3.0
2026-07-25 11:56:17,484 [INFO] ThirdParty:1030 - CMSIS Pack Vendor :STMicroelectronics X-CUBE-TOF1 3.1.0
2026-07-25 11:56:17,485 [INFO] ThirdParty:1030 - CMSIS Pack Vendor :STMicroelectronics X-CUBE-AZRTOS-H7 3.4.0
2026-07-25 11:56:17,485 [INFO] ThirdParty:1030 - CMSIS Pack Vendor :STMicroelectronics X-CUBE-DISPLAY 3.0.0
2026-07-25 11:56:17,485 [INFO] ThirdParty:1030 - CMSIS Pack Vendor :STMicroelectronics X-CUBE-GNSS1 7.1.1
2026-07-25 11:56:17,485 [INFO] ThirdParty:1030 - CMSIS Pack Vendor :STMicroelectronics X-CUBE-BLE1 7.0.0
2026-07-25 11:56:17,485 [INFO] ThirdParty:1030 - CMSIS Pack Vendor :STMicroelectronics X-CUBE-NFC10 1.0.0
2026-07-25 11:56:17,485 [INFO] ThirdParty:1030 - CMSIS Pack Vendor :wolfSSL I-CUBE-wolfSSL 5.5.1
2026-07-25 11:56:17,485 [INFO] ThirdParty:1030 - CMSIS Pack Vendor :STMicroelectronics X-CUBE-BLEMGR 4.0.0
2026-07-25 11:56:17,485 [INFO] ThirdParty:1030 - CMSIS Pack Vendor :STMicroelectronics X-CUBE-FREERTOS 1.3.1
2026-07-25 11:56:17,485 [INFO] ThirdParty:1030 - CMSIS Pack Vendor :STMicroelectronics HAL Drivers 0.0.0
2026-07-25 11:56:17,485 [INFO] ThirdParty:1030 - CMSIS Pack Vendor :STMicroelectronics X-CUBE-ST60 1.1.0
2026-07-25 11:56:17,485 [INFO] ThirdParty:1030 - CMSIS Pack Vendor :STMicroelectronics X-CUBE-FREERTOS 1.3.0
2026-07-25 11:56:17,485 [INFO] ThirdParty:1030 - CMSIS Pack Vendor :STMicroelectronics X-CUBE-NFC7 1.0.1
2026-07-25 11:56:17,485 [INFO] ThirdParty:1030 - CMSIS Pack Vendor :STMicroelectronics MBEDTLS 2.14.1
2026-07-25 11:56:17,485 [INFO] ThirdParty:1030 - CMSIS Pack Vendor :STMicroelectronics X-CUBE-GNSS1 7.1.0
2026-07-25 11:56:17,485 [INFO] ThirdParty:1030 - CMSIS Pack Vendor :STMicroelectronics X-CUBE-NFC7 1.0.0
2026-07-25 11:56:17,485 [INFO] ThirdParty:1030 - CMSIS Pack Vendor :STMicroelectronics X-CUBE-TOUCHGFX 4.26.0
2026-07-25 11:56:17,485 [INFO] ThirdParty:1030 - CMSIS Pack Vendor :STMicroelectronics X-CUBE-MEMS1 9.3.0
2026-07-25 11:56:17,485 [INFO] ThirdParty:1030 - CMSIS Pack Vendor :STMicroelectronics X-CUBE-TOUCHGFX 4.26.1
2026-07-25 11:56:17,485 [INFO] ThirdParty:1030 - CMSIS Pack Vendor :STMicroelectronics X-CUBE-EEPRMA1 4.1.0
2026-07-25 11:56:17,485 [INFO] ThirdParty:1030 - CMSIS Pack Vendor :STMicroelectronics X-CUBE-AI 7.2.0
2026-07-25 11:56:17,485 [INFO] ThirdParty:1030 - CMSIS Pack Vendor :STMicroelectronics X-CUBE-BLEMGR 3.1.0
2026-07-25 11:56:17,485 [INFO] ThirdParty:1030 - CMSIS Pack Vendor :STMicroelectronics X-CUBE-AI 10.0.0
2026-07-25 11:56:17,485 [INFO] ThirdParty:1030 - CMSIS Pack Vendor :STMicroelectronics FP-SNS-STAIOTCFT 1.0.0
2026-07-25 11:56:17,485 [INFO] ThirdParty:1030 - CMSIS Pack Vendor :STMicroelectronics FP-SNS-SMARTAG2 1.2.0
2026-07-25 11:56:17,486 [INFO] ThirdParty:1030 - CMSIS Pack Vendor :STMicroelectronics FP-SNS-FLIGHT1 5.1.0
2026-07-25 11:56:17,486 [INFO] ThirdParty:1030 - CMSIS Pack Vendor :STMicroelectronics X-CUBE-MEMS1 11.1.0
2026-07-25 11:56:17,486 [INFO] ThirdParty:1030 - CMSIS Pack Vendor :STMicroelectronics X-CUBE-AZRTOS-WL 2.0.0
2026-07-25 11:56:17,486 [INFO] ThirdParty:1030 - CMSIS Pack Vendor :STMicroelectronics X-CUBE-DPower 1.3.0
2026-07-25 11:56:17,486 [INFO] ThirdParty:1030 - CMSIS Pack Vendor :STMicroelectronics FP-SNS-MOTENV1 5.0.0
2026-07-25 11:56:17,486 [INFO] ThirdParty:1030 - CMSIS Pack Vendor :STMicroelectronics USB_DEVICE 1.0.0
2026-07-25 11:56:17,486 [INFO] ThirdParty:1030 - CMSIS Pack Vendor :STMicroelectronics X-CUBE-AZRTOS-H7RS 1.2.0
2026-07-25 11:56:17,486 [INFO] ThirdParty:1030 - CMSIS Pack Vendor :wolfSSL I-CUBE-wolfMQTT 1.19.0
2026-07-25 11:56:17,486 [INFO] ThirdParty:1030 - CMSIS Pack Vendor :STMicroelectronics X-CUBE-AZRTOS-L4 2.0.0
2026-07-25 11:56:17,486 [INFO] ThirdParty:1030 - CMSIS Pack Vendor :STMicroelectronics ThreadX 0.0.2
2026-07-25 11:56:17,486 [INFO] ThirdParty:1030 - CMSIS Pack Vendor :WES I-CUBE-Cesium 1.3.0
2026-07-25 11:56:17,486 [INFO] ThirdParty:1030 - CMSIS Pack Vendor :STMicroelectronics lwIP 2.1.2
2026-07-25 11:56:17,486 [INFO] ThirdParty:1030 - CMSIS Pack Vendor :STMicroelectronics X-CUBE-SFXS2LP1 4.0.0
2026-07-25 11:56:17,486 [INFO] ThirdParty:1030 - CMSIS Pack Vendor :STMicroelectronics X-CUBE-BLE2 3.3.0
2026-07-25 11:56:17,486 [INFO] ThirdParty:1030 - CMSIS Pack Vendor :Avnet-IOTCONNECT X-CUBE-iotc-st67-sdk 1.0.0
2026-07-25 11:56:17,486 [INFO] ThirdParty:1030 - CMSIS Pack Vendor :STMicroelectronics X-CUBE-DISPLAY 2.2.0
2026-07-25 11:56:17,486 [INFO] ThirdParty:1030 - CMSIS Pack Vendor :STMicroelectronics X-CUBE-TOF1 3.2.0
2026-07-25 11:56:17,486 [INFO] ThirdParty:1030 - CMSIS Pack Vendor :STMicroelectronics PDM2PCM 3.2.0
2026-07-25 11:56:17,486 [INFO] ThirdParty:1030 - CMSIS Pack Vendor :STMicroelectronics X-CUBE-ISPU 1.0.0
2026-07-25 11:56:17,486 [INFO] ThirdParty:1030 - CMSIS Pack Vendor :STMicroelectronics X-CUBE-WB05N 2.1.0
2026-07-25 11:56:17,486 [INFO] ThirdParty:1030 - CMSIS Pack Vendor :STMicroelectronics X-CUBE-ISPU 1.1.0
2026-07-25 11:56:17,486 [INFO] ThirdParty:1030 - CMSIS Pack Vendor :STMicroelectronics X-CUBE-AZRTOS-H7 3.3.0
2026-07-25 11:56:17,486 [INFO] ThirdParty:1030 - CMSIS Pack Vendor :RoweBots I-CUBE-UNISONRTOS 5.5.0-4
2026-07-25 11:56:17,486 [INFO] ThirdParty:1030 - CMSIS Pack Vendor :STMicroelectronics X-CUBE-NFC9 1.0.0
2026-07-25 11:56:17,486 [INFO] ThirdParty:1030 - CMSIS Pack Vendor :STMicroelectronics X-CUBE-AZRTOS-H7 2.1.0
2026-07-25 11:56:17,486 [INFO] ThirdParty:1030 - CMSIS Pack Vendor :STMicroelectronics X-CUBE-BLE1 7.1.0
2026-07-25 11:56:17,486 [INFO] ThirdParty:1030 - CMSIS Pack Vendor :STMicroelectronics USB_DEVICE 3.0.0
2026-07-25 11:56:17,486 [INFO] ThirdParty:1030 - CMSIS Pack Vendor :STMicroelectronics X-CUBE-TCPP 4.1.0
2026-07-25 11:56:17,486 [INFO] ThirdParty:1030 - CMSIS Pack Vendor :STMicroelectronics X-CUBE-EEPRMA1 5.2.0
2026-07-25 11:56:17,486 [INFO] ThirdParty:1030 - CMSIS Pack Vendor :STMicroelectronics X-CUBE-BLEMGR 4.1.0
2026-07-25 11:56:17,487 [INFO] ThirdParty:1030 - CMSIS Pack Vendor :STMicroelectronics X-CUBE-AI 8.0.0
2026-07-25 11:56:17,487 [INFO] ThirdParty:1030 - CMSIS Pack Vendor :STMicroelectronics X-CUBE-IPS 3.0.0
2026-07-25 11:56:17,487 [INFO] ThirdParty:1030 - CMSIS Pack Vendor :STMicroelectronics X-CUBE-AZRTOS-WB 2.0.0
2026-07-25 11:56:17,487 [INFO] ThirdParty:1030 - CMSIS Pack Vendor :STMicroelectronics X-CUBE-FREERTOS 1.0.1
2026-07-25 11:56:17,487 [INFO] ThirdParty:1030 - CMSIS Pack Vendor :STMicroelectronics X-CUBE-GNSS1 7.0.0
2026-07-25 11:56:17,487 [INFO] ThirdParty:1030 - CMSIS Pack Vendor :STMicroelectronics X-CUBE-GNSS1 7.0.1
2026-07-25 11:56:17,487 [INFO] ThirdParty:1030 - CMSIS Pack Vendor :STMicroelectronics X-CUBE-TOUCHGFX 4.21.3
2026-07-25 11:56:17,487 [INFO] ThirdParty:1030 - CMSIS Pack Vendor :STMicroelectronics X-CUBE-TOUCHGFX 4.25.0
2026-07-25 11:56:17,487 [INFO] ThirdParty:1030 - CMSIS Pack Vendor :STMicroelectronics X-CUBE-AI 7.3.0
2026-07-25 11:56:17,487 [INFO] ThirdParty:1030 - CMSIS Pack Vendor :STMicroelectronics X-CUBE-AI 10.1.0
2026-07-25 11:56:17,487 [INFO] ThirdParty:1030 - CMSIS Pack Vendor :STMicroelectronics FP-SNS-STBOX1 2.0.0
2026-07-25 11:56:17,487 [INFO] ThirdParty:1030 - CMSIS Pack Vendor :STMicroelectronics X-CUBE-MEMS1 12.0.0
2026-07-25 11:56:17,487 [INFO] ThirdParty:1030 - CMSIS Pack Vendor :STMicroelectronics X-CUBE-ALGOBUILD 1.3.0
2026-07-25 11:56:17,487 [INFO] ThirdParty:1030 - CMSIS Pack Vendor :STMicroelectronics X-CUBE-STSE01 2.0.0
2026-07-25 11:56:17,487 [INFO] ThirdParty:1030 - CMSIS Pack Vendor :STMicroelectronics X-CUBE-AZRTOS-L5 1.1.0
2026-07-25 11:56:17,487 [INFO] ThirdParty:1030 - CMSIS Pack Vendor :STMicroelectronics X-CUBE-MEMS1 11.2.0
2026-07-25 11:56:17,487 [INFO] ThirdParty:1030 - CMSIS Pack Vendor :STMicroelectronics X-CUBE-AZRTOS-G0 1.1.0
2026-07-25 11:56:17,487 [INFO] ThirdParty:1030 - CMSIS Pack Vendor :STMicroelectronics X-CUBE-SAFEA1 1.2.2
2026-07-25 11:56:17,487 [INFO] ThirdParty:1030 - CMSIS Pack Vendor :STMicroelectronics X-CUBE-NFC4 3.0.0
2026-07-25 11:56:17,487 [INFO] ThirdParty:1030 - CMSIS Pack Vendor :STMicroelectronics X-CUBE-SUBG2 5.0.0
2026-07-25 11:56:17,487 [INFO] ThirdParty:1030 - CMSIS Pack Vendor :STMicroelectronics X-CUBE-AZRTOS-H7RS 1.1.0
2026-07-25 11:56:17,487 [INFO] ThirdParty:1030 - CMSIS Pack Vendor :STMicroelectronics STM32_WPAN 1.0.0
2026-07-25 11:56:17,487 [INFO] ThirdParty:1030 - CMSIS Pack Vendor :SEGGER I-CUBE-embOS 1.2.1
2026-07-25 11:56:17,487 [INFO] ThirdParty:1030 - CMSIS Pack Vendor :wolfSSL I-CUBE-wolfMQTT 1.18.0
2026-07-25 11:56:17,487 [INFO] ThirdParty:1030 - CMSIS Pack Vendor :EmbeddedOffice I-CUBE-FS-RTOS 1.0.1
2026-07-25 11:56:17,488 [INFO] ThirdParty:1030 - CMSIS Pack Vendor :STMicroelectronics lwIP 2.0.3
2026-07-25 11:56:17,488 [INFO] ThirdParty:1030 - CMSIS Pack Vendor :Cesanta I-CUBE-Mongoose 7.13.0
2026-07-25 11:56:17,488 [INFO] ThirdParty:1030 - CMSIS Pack Vendor :STMicroelectronics USB_HOST 1.0.0
2026-07-25 11:56:17,488 [INFO] ThirdParty:1030 - CMSIS Pack Vendor :STMicroelectronics X-CUBE-AZRTOS-G4 2.0.0
2026-07-25 11:56:17,488 [INFO] ThirdParty:1030 - CMSIS Pack Vendor :STMicroelectronics X-CUBE-WB05N 2.0.0
2026-07-25 11:56:17,488 [INFO] ThirdParty:1030 - CMSIS Pack Vendor :STMicroelectronics PDM2PCM 3.1.0
2026-07-25 11:56:17,488 [INFO] ThirdParty:1030 - CMSIS Pack Vendor :STMicroelectronics X-CUBE-TOF1 3.3.0
2026-07-25 11:56:17,488 [INFO] ThirdParty:1030 - CMSIS Pack Vendor :STMicroelectronics FP-ATR-ASTRA1 1.1.1
2026-07-25 11:56:17,488 [INFO] ThirdParty:1030 - CMSIS Pack Vendor :STMicroelectronics X-CUBE-NFC7 2.0.0
2026-07-25 11:56:17,488 [INFO] ThirdParty:1030 - CMSIS Pack Vendor :STMicroelectronics X-CUBE-TCPP 4.2.0
2026-07-25 11:56:17,488 [INFO] ThirdParty:1030 - CMSIS Pack Vendor :RealThread X-CUBE-RT-Thread_Nano 4.1.1
2026-07-25 11:56:17,488 [INFO] ThirdParty:1030 - CMSIS Pack Vendor :STMicroelectronics FP-ATR-SIGFOX1 3.2.0
2026-07-25 11:56:17,488 [INFO] ThirdParty:1030 - CMSIS Pack Vendor :STMicroelectronics X-CUBE-AZRTOS-G4 1.0.0
2026-07-25 11:56:17,488 [INFO] ThirdParty:1030 - CMSIS Pack Vendor :STMicroelectronics X-CUBE-AZRTOS-L4 1.0.0
2026-07-25 11:56:17,488 [INFO] ThirdParty:1030 - CMSIS Pack Vendor :quantropi X-CUBE-qispace-sdk-base 1.9.3
2026-07-25 11:56:17,488 [INFO] ThirdParty:1030 - CMSIS Pack Vendor :STMicroelectronics X-CUBE-ISPU 2.0.0
2026-07-25 11:56:17,488 [INFO] ThirdParty:1030 - CMSIS Pack Vendor :STMicroelectronics X-CUBE-EEPRMA1 5.1.0
2026-07-25 11:56:17,488 [INFO] ThirdParty:1030 - CMSIS Pack Vendor :STMicroelectronics MBEDTLS 2.16.2
2026-07-25 11:56:17,488 [INFO] ThirdParty:1030 - CMSIS Pack Vendor :STMicroelectronics X-CUBE-IPS 3.1.0
2026-07-25 11:56:17,488 [INFO] ThirdParty:1030 - CMSIS Pack Vendor :STMicroelectronics X-CUBE-ALS 1.0.2
2026-07-25 11:56:17,488 [INFO] ThirdParty:1030 - CMSIS Pack Vendor :emotas I-CUBE-CANOPEN 1.1.2
2026-07-25 11:56:17,488 [INFO] ThirdParty:1030 - CMSIS Pack Vendor :STMicroelectronics X-CUBE-TOUCHGFX 4.20.0
2026-07-25 11:56:17,488 [INFO] ThirdParty:1030 - CMSIS Pack Vendor :STMicroelectronics X-CUBE-MEMS1 10.0.0
2026-07-25 11:56:17,488 [INFO] ThirdParty:1030 - CMSIS Pack Vendor :ITTIA_DB I-CUBE-ITTIADB 8.9.0
2026-07-25 11:56:17,489 [INFO] ThirdParty:1030 - CMSIS Pack Vendor :STMicroelectronics X-CUBE-TOUCHGFX 4.24.2
2026-07-25 11:56:17,489 [INFO] ThirdParty:1030 - CMSIS Pack Vendor :STMicroelectronics X-CUBE-AZRTOS-WL 1.0.0
2026-07-25 11:56:17,489 [INFO] ThirdParty:1030 - CMSIS Pack Vendor :STMicroelectronics X-CUBE-TOUCHGFX 4.24.1
2026-07-25 11:56:17,489 [INFO] ThirdParty:1030 - CMSIS Pack Vendor :STMicroelectronics X-CUBE-STSE01 1.0.0
2026-07-25 11:56:17,489 [INFO] ThirdParty:1030 - CMSIS Pack Vendor :wolfSSL I-CUBE-wolfTPM 3.4.0
2026-07-25 11:56:17,489 [INFO] ThirdParty:1030 - CMSIS Pack Vendor :portGmbH I-Cube-SoM-uGOAL 1.1.0
2026-07-25 11:56:17,489 [INFO] ThirdParty:1030 - CMSIS Pack Vendor :STMicroelectronics X-CUBE-ALS 1.0.1
2026-07-25 11:56:17,489 [INFO] ThirdParty:1030 - CMSIS Pack Vendor :STMicroelectronics X-CUBE-NFC6 3.2.0
2026-07-25 11:56:17,489 [INFO] ThirdParty:1030 - CMSIS Pack Vendor :STMicroelectronics X-CUBE-MEMS1 9.5.0
2026-07-25 11:56:17,489 [INFO] ThirdParty:1030 - CMSIS Pack Vendor :STMicroelectronics X-CUBE-ST67W61 1.0.0
2026-07-25 11:56:17,489 [INFO] ThirdParty:1030 - CMSIS Pack Vendor :STMicroelectronics X-CUBE-AI 10.2.1
2026-07-25 11:56:17,489 [INFO] ThirdParty:1030 - CMSIS Pack Vendor :STMicroelectronics X-CUBE-AI 10.2.0
2026-07-25 11:56:17,489 [INFO] ThirdParty:1030 - CMSIS Pack Vendor :STMicroelectronics ThreadX 1.0.0
2026-07-25 11:56:17,489 [INFO] ThirdParty:1030 - CMSIS Pack Vendor :STMicroelectronics X-CUBE-MEMS1 12.1.0
2026-07-25 11:56:17,489 [INFO] ThirdParty:1030 - CMSIS Pack Vendor :STMicroelectronics X-CUBE-AZRTOS-WB 1.1.0
2026-07-25 11:56:17,489 [INFO] ThirdParty:1030 - CMSIS Pack Vendor :SEGGER I-CUBE-embOS 1.3.1
2026-07-25 11:56:17,489 [INFO] ThirdParty:1030 - CMSIS Pack Vendor :STMicroelectronics X-CUBE-ALGOBUILD 1.4.0
2026-07-25 11:56:17,489 [INFO] ThirdParty:1030 - CMSIS Pack Vendor :STMicroelectronics X-CUBE-MEMS1 11.3.0
2026-07-25 11:56:17,489 [INFO] ThirdParty:1030 - CMSIS Pack Vendor :STMicroelectronics X-CUBE-AZRTOS-L5 1.0.0
2026-07-25 11:56:17,489 [INFO] ThirdParty:1030 - CMSIS Pack Vendor :STMicroelectronics X-CUBE-EEPRMA1 3.1.1
2026-07-25 11:56:17,489 [INFO] ThirdParty:1030 - CMSIS Pack Vendor :STMicroelectronics X-CUBE-AZRTOS-H7RS 1.0.0
2026-07-25 11:56:17,489 [INFO] ThirdParty:1030 - CMSIS Pack Vendor :STMicroelectronics FP-ATR-ASTRA1 2.0.0
2026-07-25 11:56:17,489 [INFO] ThirdParty:1030 - CMSIS Pack Vendor :STMicroelectronics X-CUBE-TOF1 3.4.2
2026-07-25 11:56:17,489 [INFO] ThirdParty:1030 - CMSIS Pack Vendor :STMicroelectronics X-CUBE-TOF1 3.4.3
2026-07-25 11:56:17,489 [INFO] ThirdParty:1030 - CMSIS Pack Vendor :STMicroelectronics X-CUBE-AI 9.1.0
2026-07-25 11:56:17,489 [INFO] ThirdParty:1030 - CMSIS Pack Vendor :STMicroelectronics X-CUBE-TOF1 3.4.1
2026-07-25 11:56:17,490 [INFO] ThirdParty:1030 - CMSIS Pack Vendor :STMicroelectronics X-CUBE-AZRTOS-H7 3.2.0
2026-07-25 11:56:17,490 [INFO] ThirdParty:1030 - CMSIS Pack Vendor :STMicroelectronics X-CUBE-NFC13 1.0.0
2026-07-25 11:56:17,490 [INFO] ThirdParty:1030 - CMSIS Pack Vendor :Infineon AIROC-Wi-Fi-Bluetooth-STM32 1.6.0
2026-07-25 11:56:17,490 [INFO] ThirdParty:1030 - CMSIS Pack Vendor :wolfSSL I-CUBE-wolfSSH 1.4.17
2026-07-25 11:56:17,490 [INFO] ThirdParty:841 - exiting critical section [change project]
2026-07-25 11:56:17,877 [INFO] PinOutPanel:1589 - setPackage(No Configuration,No Configuration)
2026-07-25 11:56:17,878 [INFO] PinOutPanel:1589 - setPackage(STM32F411CEUx,UFQFPN48)
2026-07-25 11:56:18,253 [INFO] UtilMem:75 - Before build in PCC Used Memory: 294608992 Bytes (491782144)
2026-07-25 11:56:19,060 [INFO] UtilMem:75 - After build in PCC Used Memory: 381116568 Bytes (497025024)
2026-07-25 11:56:19,148 [INFO] ApiDbMcu:508 - Load IP Config File for USB_DEVICE
2026-07-25 11:56:19,177 [INFO] IPUIPlugin:80 - create IPUIPlugin
2026-07-25 11:56:19,178 [INFO] IPUIPlugin:80 - create IPUIPlugin
2026-07-25 11:56:19,178 [INFO] IPUIPlugin:80 - create IPUIPlugin
2026-07-25 11:56:19,178 [INFO] IPUIPlugin:80 - create IPUIPlugin
2026-07-25 11:56:19,178 [INFO] IPUIPlugin:80 - create IPUIPlugin
2026-07-25 11:56:19,178 [INFO] IPUIPlugin:80 - create IPUIPlugin
2026-07-25 11:56:19,178 [INFO] IPUIPlugin:80 - create IPUIPlugin
2026-07-25 11:56:19,178 [INFO] IPUIPlugin:80 - create IPUIPlugin
2026-07-25 11:56:19,178 [INFO] IPUIPlugin:80 - create IPUIPlugin
2026-07-25 11:56:19,178 [INFO] IPUIPlugin:80 - create IPUIPlugin
2026-07-25 11:56:19,178 [INFO] IPUIPlugin:80 - create IPUIPlugin
2026-07-25 11:56:19,179 [INFO] IPUIPlugin:80 - create IPUIPlugin
2026-07-25 11:56:19,179 [INFO] IPUIPlugin:80 - create IPUIPlugin
2026-07-25 11:56:19,179 [INFO] IPUIPlugin:80 - create IPUIPlugin
2026-07-25 11:56:19,179 [INFO] IPUIPlugin:80 - create IPUIPlugin
2026-07-25 11:56:19,179 [INFO] IPUIPlugin:80 - create IPUIPlugin
2026-07-25 11:56:19,179 [INFO] IPUIPlugin:80 - create IPUIPlugin
2026-07-25 11:56:19,179 [INFO] IPUIPlugin:80 - create IPUIPlugin
2026-07-25 11:56:19,180 [INFO] IPUIPlugin:80 - create IPUIPlugin
2026-07-25 11:56:19,180 [INFO] IPUIPlugin:80 - create IPUIPlugin
2026-07-25 11:56:19,180 [INFO] IPUIPlugin:80 - create IPUIPlugin
2026-07-25 11:56:19,180 [INFO] IPUIPlugin:80 - create IPUIPlugin
2026-07-25 11:56:19,180 [INFO] IPUIPlugin:80 - create IPUIPlugin
2026-07-25 11:56:19,180 [INFO] IPUIPlugin:80 - create IPUIPlugin
2026-07-25 11:56:19,181 [INFO] IPUIPlugin:80 - create IPUIPlugin
2026-07-25 11:56:19,181 [INFO] IPUIPlugin:80 - create IPUIPlugin
2026-07-25 11:56:19,181 [INFO] IPUIPlugin:80 - create IPUIPlugin
2026-07-25 11:56:19,181 [INFO] IPUIPlugin:80 - create IPUIPlugin
2026-07-25 11:56:19,181 [INFO] IPUIPlugin:80 - create IPUIPlugin
2026-07-25 11:56:19,181 [INFO] IPUIPlugin:80 - create IPUIPlugin
2026-07-25 11:56:19,182 [INFO] IPUIPlugin:80 - create IPUIPlugin
2026-07-25 11:56:19,182 [INFO] IPUIPlugin:80 - create IPUIPlugin
2026-07-25 11:56:19,182 [INFO] IPUIPlugin:80 - create IPUIPlugin
2026-07-25 11:56:19,182 [INFO] IPUIPlugin:80 - create IPUIPlugin
2026-07-25 11:56:19,182 [INFO] IPUIPlugin:80 - create IPUIPlugin
2026-07-25 11:56:19,183 [INFO] IPUIPlugin:80 - create IPUIPlugin
2026-07-25 11:56:19,183 [INFO] IPUIPlugin:80 - create IPUIPlugin
2026-07-25 11:56:19,183 [INFO] IPUIPlugin:80 - create IPUIPlugin
2026-07-25 11:56:19,183 [INFO] IPUIPlugin:80 - create IPUIPlugin
2026-07-25 11:56:19,184 [INFO] IPUIPlugin:80 - create IPUIPlugin
2026-07-25 11:56:19,184 [INFO] IPUIPlugin:80 - create IPUIPlugin
2026-07-25 11:56:19,184 [INFO] IPUIPlugin:80 - create IPUIPlugin
2026-07-25 11:56:19,184 [INFO] IPUIPlugin:80 - create IPUIPlugin
2026-07-25 11:56:19,208 [INFO] ApiDbMcu:508 - Load IP Config File for PDM2PCM
2026-07-25 11:56:19,221 [INFO] I2sManager:658 - 1.1875E8
2026-07-25 11:56:19,222 [INFO] I2sManager:195 - I2S Clock Value : 1.1875E8
2026-07-25 11:56:19,224 [INFO] I2sManager:553 - AudioClock : 15995Divider : 116Odd : 0
2026-07-25 11:56:19,482 [INFO] CADModel:165 - CPN selected for project levelSTM32F411CEU6
2026-07-25 11:56:19,482 [INFO] CADModel:114 - Register for checkConnection events
2026-07-25 11:56:19,520 [INFO] OpenFileManager:385 - Restore cursor
2026-07-25 11:56:19,694 [WARN] IP:2250 - DEVICE_SERIAL0_HID_FS not found: check if there is a RefParameter without a condition.
2026-07-25 11:56:19,694 [WARN] IP:2250 - DEVICE_SERIAL1_HID_FS not found: check if there is a RefParameter without a condition.
2026-07-25 11:56:19,694 [WARN] IP:2250 - DEVICE_SERIAL2_HID_FS not found: check if there is a RefParameter without a condition.
2026-07-25 11:56:19,694 [WARN] IP:2250 - DEVICE_SERIAL0_HID_FS not found: check if there is a RefParameter without a condition.
2026-07-25 11:56:19,694 [WARN] IP:2250 - DEVICE_SERIAL1_HID_FS not found: check if there is a RefParameter without a condition.
2026-07-25 11:56:19,694 [WARN] IP:2250 - DEVICE_SERIAL2_HID_FS not found: check if there is a RefParameter without a condition.
2026-07-25 11:57:13,223 [INFO] ADCParametersView:116 -                Rank 1 : false
2026-07-25 11:57:13,224 [INFO] ADCParametersView:116 -                Rank 1 : false
2026-07-25 11:57:13,224 [INFO] ADCParametersView:116 -                Rank 2 : false
2026-07-25 11:57:13,225 [INFO] ADCParametersView:116 -                Rank 1 : false
2026-07-25 11:57:13,225 [INFO] ADCParametersView:116 -                Rank 2 : false
2026-07-25 11:57:13,225 [INFO] ADCParametersView:116 -                Rank 3 : false
2026-07-25 11:57:13,225 [INFO] ADCParametersView:116 -                Rank 1 : false
2026-07-25 11:57:13,225 [INFO] ADCParametersView:116 -                Rank 2 : false
2026-07-25 11:57:13,225 [INFO] ADCParametersView:116 -                Rank 3 : false
2026-07-25 11:57:13,225 [INFO] ADCParametersView:116 -                Rank 4 : false
2026-07-25 11:57:13,368 [INFO] ADCParametersView:116 -                Rank 1 : false
2026-07-25 11:57:13,369 [INFO] ADCParametersView:116 -                Rank 2 : false
2026-07-25 11:57:13,369 [INFO] ADCParametersView:116 -                Rank 3 : false
2026-07-25 11:57:13,369 [INFO] ADCParametersView:116 -                Rank 4 : false
2026-07-25 11:57:13,369 [INFO] ADCParametersView:116 -                Rank 1 : false
2026-07-25 11:57:13,369 [INFO] ADCParametersView:116 -                Rank 2 : false
2026-07-25 11:57:13,369 [INFO] ADCParametersView:116 -                Rank 3 : false
2026-07-25 11:57:13,369 [INFO] ADCParametersView:116 -                Rank 4 : false
2026-07-25 11:57:13,369 [INFO] ADCParametersView:116 -                Rank 1 : false
2026-07-25 11:57:13,369 [INFO] ADCParametersView:116 -                Rank 2 : false
2026-07-25 11:57:13,369 [INFO] ADCParametersView:116 -                Rank 3 : false
2026-07-25 11:57:13,369 [INFO] ADCParametersView:116 -                Rank 4 : false
2026-07-25 11:57:13,370 [INFO] ADCParametersView:116 -                Rank 1 : false
2026-07-25 11:57:13,370 [INFO] ADCParametersView:116 -                Rank 2 : false
2026-07-25 11:57:13,370 [INFO] ADCParametersView:116 -                Rank 3 : false
2026-07-25 11:57:13,370 [INFO] ADCParametersView:116 -                Rank 4 : false
2026-07-25 11:57:13,370 [INFO] ADCParametersView:116 -                Rank 1 : false
2026-07-25 11:57:13,370 [INFO] ADCParametersView:116 -                Rank 2 : false
2026-07-25 11:57:13,370 [INFO] ADCParametersView:116 -                Rank 3 : false
2026-07-25 11:57:13,370 [INFO] ADCParametersView:116 -                Rank 4 : false
2026-07-25 11:57:13,370 [INFO] ADCParametersView:116 -                Rank 1 : false
2026-07-25 11:57:13,370 [INFO] ADCParametersView:116 -                Rank 2 : false
2026-07-25 11:57:13,370 [INFO] ADCParametersView:116 -                Rank 3 : false
2026-07-25 11:57:13,370 [INFO] ADCParametersView:116 -                Rank 4 : false
2026-07-25 11:57:13,371 [INFO] ADCParametersView:116 -                Rank 1 : false
2026-07-25 11:57:13,371 [INFO] ADCParametersView:116 -                Rank 2 : false
2026-07-25 11:57:13,371 [INFO] ADCParametersView:116 -                Rank 3 : false
2026-07-25 11:57:13,371 [INFO] ADCParametersView:116 -                Rank 4 : false
2026-07-25 11:57:13,371 [INFO] ADCParametersView:116 -                Rank 1 : false
2026-07-25 11:57:13,371 [INFO] ADCParametersView:116 -                Rank 2 : false
2026-07-25 11:57:13,371 [INFO] ADCParametersView:116 -                Rank 3 : false
2026-07-25 11:57:13,371 [INFO] ADCParametersView:116 -                Rank 4 : false
2026-07-25 11:57:13,371 [INFO] ADCParametersView:116 -                Rank 1 : false
2026-07-25 11:57:13,371 [INFO] ADCParametersView:116 -                Rank 2 : false
2026-07-25 11:57:13,371 [INFO] ADCParametersView:116 -                Rank 3 : false
2026-07-25 11:57:13,371 [INFO] ADCParametersView:116 -                Rank 4 : false
2026-07-25 11:57:13,371 [INFO] ADCParametersView:116 -                Rank 1 : false
2026-07-25 11:57:13,371 [INFO] ADCParametersView:116 -                Rank 2 : false
2026-07-25 11:57:13,371 [INFO] ADCParametersView:116 -                Rank 3 : false
2026-07-25 11:57:13,371 [INFO] ADCParametersView:116 -                Rank 4 : false
2026-07-25 11:57:13,372 [INFO] ADCParametersView:116 -                Rank 1 : false
2026-07-25 11:57:13,372 [INFO] ADCParametersView:116 -                Rank 2 : false
2026-07-25 11:57:13,372 [INFO] ADCParametersView:116 -                Rank 3 : false
2026-07-25 11:57:13,372 [INFO] ADCParametersView:116 -                Rank 4 : false
2026-07-25 11:57:13,372 [INFO] ADCParametersView:116 -                Rank 1 : false
2026-07-25 11:57:13,372 [INFO] ADCParametersView:116 -                Rank 2 : false
2026-07-25 11:57:13,372 [INFO] ADCParametersView:116 -                Rank 3 : false
2026-07-25 11:57:13,372 [INFO] ADCParametersView:116 -                Rank 4 : false
2026-07-25 11:57:13,372 [INFO] ADCParametersView:116 -                Rank 1 : false
2026-07-25 11:57:13,372 [INFO] ADCParametersView:116 -                Rank 2 : false
2026-07-25 11:57:13,372 [INFO] ADCParametersView:116 -                Rank 3 : false
2026-07-25 11:57:13,373 [INFO] ADCParametersView:116 -                Rank 4 : false
2026-07-25 11:57:13,373 [INFO] ADCParametersView:116 -                Rank 1 : false
2026-07-25 11:57:13,373 [INFO] ADCParametersView:116 -                Rank 2 : false
2026-07-25 11:57:13,373 [INFO] ADCParametersView:116 -                Rank 3 : false
2026-07-25 11:57:13,373 [INFO] ADCParametersView:116 -                Rank 4 : false
2026-07-25 11:57:13,373 [INFO] ADCParametersView:116 -                Rank 2 : false
2026-07-25 11:57:13,373 [INFO] ADCParametersView:116 -                Rank 3 : false
2026-07-25 11:57:13,373 [INFO] ADCParametersView:116 -                Rank 4 : false
2026-07-25 11:57:13,373 [INFO] ADCParametersView:116 -                Rank 3 : false
2026-07-25 11:57:13,373 [INFO] ADCParametersView:116 -                Rank 4 : false
2026-07-25 11:57:13,373 [INFO] ADCParametersView:116 -                Rank 4 : false
2026-07-25 11:57:13,404 [INFO] ADCParametersView:116 -                Rank 1 : false
2026-07-25 11:57:13,404 [INFO] ADCParametersView:116 -                Rank 1 : false
2026-07-25 11:57:13,404 [INFO] ADCParametersView:116 -                Rank 2 : false
2026-07-25 11:57:13,405 [INFO] ADCParametersView:116 -                Rank 1 : false
2026-07-25 11:57:13,405 [INFO] ADCParametersView:116 -                Rank 2 : false
2026-07-25 11:57:13,405 [INFO] ADCParametersView:116 -                Rank 3 : false
2026-07-25 11:57:13,406 [INFO] ADCParametersView:116 -                Rank 1 : false
2026-07-25 11:57:13,406 [INFO] ADCParametersView:116 -                Rank 2 : false
2026-07-25 11:57:13,406 [INFO] ADCParametersView:116 -                Rank 3 : false
2026-07-25 11:57:13,406 [INFO] ADCParametersView:116 -                Rank 4 : false
2026-07-25 11:57:20,408 [INFO] ADCParametersView:116 -                Rank 1 : false
2026-07-25 11:57:20,408 [INFO] ADCParametersView:116 -                Rank 2 : false
2026-07-25 11:57:20,408 [INFO] ADCParametersView:116 -                Rank 3 : false
2026-07-25 11:57:20,408 [INFO] ADCParametersView:116 -                Rank 4 : false
2026-07-25 11:57:20,410 [INFO] ADCParametersView:116 -                Rank 1 : false
2026-07-25 11:57:20,410 [INFO] ADCParametersView:116 -                Rank 2 : false
2026-07-25 11:57:20,410 [INFO] ADCParametersView:116 -                Rank 3 : false
2026-07-25 11:57:20,410 [INFO] ADCParametersView:116 -                Rank 4 : false
2026-07-25 11:57:20,410 [INFO] ADCParametersView:116 -                Rank 1 : false
2026-07-25 11:57:20,410 [INFO] ADCParametersView:116 -                Rank 2 : false
2026-07-25 11:57:20,410 [INFO] ADCParametersView:116 -                Rank 3 : false
2026-07-25 11:57:20,410 [INFO] ADCParametersView:116 -                Rank 4 : false
2026-07-25 11:57:20,410 [INFO] ADCParametersView:116 -                Rank 1 : false
2026-07-25 11:57:20,410 [INFO] ADCParametersView:116 -                Rank 2 : false
2026-07-25 11:57:20,410 [INFO] ADCParametersView:116 -                Rank 3 : false
2026-07-25 11:57:20,410 [INFO] ADCParametersView:116 -                Rank 4 : false
2026-07-25 11:57:20,410 [INFO] ADCParametersView:116 -                Rank 1 : false
2026-07-25 11:57:20,410 [INFO] ADCParametersView:116 -                Rank 2 : false
2026-07-25 11:57:20,410 [INFO] ADCParametersView:116 -                Rank 3 : false
2026-07-25 11:57:20,410 [INFO] ADCParametersView:116 -                Rank 4 : false
2026-07-25 11:57:20,410 [INFO] ADCParametersView:116 -                Rank 1 : false
2026-07-25 11:57:20,410 [INFO] ADCParametersView:116 -                Rank 2 : false
2026-07-25 11:57:20,410 [INFO] ADCParametersView:116 -                Rank 3 : false
2026-07-25 11:57:20,411 [INFO] ADCParametersView:116 -                Rank 4 : false
2026-07-25 11:57:20,411 [INFO] ADCParametersView:116 -                Rank 1 : false
2026-07-25 11:57:20,411 [INFO] ADCParametersView:116 -                Rank 2 : false
2026-07-25 11:57:20,411 [INFO] ADCParametersView:116 -                Rank 3 : false
2026-07-25 11:57:20,411 [INFO] ADCParametersView:116 -                Rank 4 : false
2026-07-25 11:57:20,411 [INFO] ADCParametersView:116 -                Rank 1 : false
2026-07-25 11:57:20,411 [INFO] ADCParametersView:116 -                Rank 2 : false
2026-07-25 11:57:20,411 [INFO] ADCParametersView:116 -                Rank 3 : false
2026-07-25 11:57:20,411 [INFO] ADCParametersView:116 -                Rank 4 : false
2026-07-25 11:57:20,411 [INFO] ADCParametersView:116 -                Rank 1 : false
2026-07-25 11:57:20,411 [INFO] ADCParametersView:116 -                Rank 2 : false
2026-07-25 11:57:20,411 [INFO] ADCParametersView:116 -                Rank 3 : false
2026-07-25 11:57:20,411 [INFO] ADCParametersView:116 -                Rank 4 : false
2026-07-25 11:57:20,411 [INFO] ADCParametersView:116 -                Rank 1 : false
2026-07-25 11:57:20,411 [INFO] ADCParametersView:116 -                Rank 2 : false
2026-07-25 11:57:20,411 [INFO] ADCParametersView:116 -                Rank 3 : false
2026-07-25 11:57:20,411 [INFO] ADCParametersView:116 -                Rank 4 : false
2026-07-25 11:57:20,411 [INFO] ADCParametersView:116 -                Rank 1 : false
2026-07-25 11:57:20,411 [INFO] ADCParametersView:116 -                Rank 2 : false
2026-07-25 11:57:20,411 [INFO] ADCParametersView:116 -                Rank 3 : false
2026-07-25 11:57:20,411 [INFO] ADCParametersView:116 -                Rank 4 : false
2026-07-25 11:57:20,412 [INFO] ADCParametersView:116 -                Rank 1 : false
2026-07-25 11:57:20,412 [INFO] ADCParametersView:116 -                Rank 2 : false
2026-07-25 11:57:20,412 [INFO] ADCParametersView:116 -                Rank 3 : false
2026-07-25 11:57:20,412 [INFO] ADCParametersView:116 -                Rank 4 : false
2026-07-25 11:57:20,412 [INFO] ADCParametersView:116 -                Rank 1 : false
2026-07-25 11:57:20,412 [INFO] ADCParametersView:116 -                Rank 2 : false
2026-07-25 11:57:20,412 [INFO] ADCParametersView:116 -                Rank 3 : false
2026-07-25 11:57:20,412 [INFO] ADCParametersView:116 -                Rank 4 : false
2026-07-25 11:57:20,412 [INFO] ADCParametersView:116 -                Rank 1 : false
2026-07-25 11:57:20,412 [INFO] ADCParametersView:116 -                Rank 2 : false
2026-07-25 11:57:20,412 [INFO] ADCParametersView:116 -                Rank 3 : false
2026-07-25 11:57:20,412 [INFO] ADCParametersView:116 -                Rank 4 : false
2026-07-25 11:57:20,412 [INFO] ADCParametersView:116 -                Rank 2 : false
2026-07-25 11:57:20,412 [INFO] ADCParametersView:116 -                Rank 3 : false
2026-07-25 11:57:20,412 [INFO] ADCParametersView:116 -                Rank 4 : false
2026-07-25 11:57:20,412 [INFO] ADCParametersView:116 -                Rank 3 : false
2026-07-25 11:57:20,413 [INFO] ADCParametersView:116 -                Rank 4 : false
2026-07-25 11:57:20,413 [INFO] ADCParametersView:116 -                Rank 4 : false
2026-07-25 11:57:20,434 [INFO] ADCParametersView:116 -                Rank 1 : false
2026-07-25 11:57:20,434 [INFO] ADCParametersView:116 -                Rank 1 : false
2026-07-25 11:57:20,435 [INFO] ADCParametersView:116 -                Rank 2 : false
2026-07-25 11:57:20,435 [INFO] ADCParametersView:116 -                Rank 1 : false
2026-07-25 11:57:20,435 [INFO] ADCParametersView:116 -                Rank 2 : false
2026-07-25 11:57:20,435 [INFO] ADCParametersView:116 -                Rank 3 : false
2026-07-25 11:57:20,435 [INFO] ADCParametersView:116 -                Rank 1 : false
2026-07-25 11:57:20,436 [INFO] ADCParametersView:116 -                Rank 2 : false
2026-07-25 11:57:20,436 [INFO] ADCParametersView:116 -                Rank 3 : false
2026-07-25 11:57:20,436 [INFO] ADCParametersView:116 -                Rank 4 : false
2026-07-25 11:57:20,474 [INFO] ADCParametersView:116 -                Rank 1 : false
2026-07-25 11:57:20,475 [INFO] ADCParametersView:116 -                Rank 2 : false
2026-07-25 11:57:20,475 [INFO] ADCParametersView:116 -                Rank 3 : false
2026-07-25 11:57:20,475 [INFO] ADCParametersView:116 -                Rank 4 : false
2026-07-25 11:57:20,475 [INFO] ADCParametersView:116 -                Rank 1 : false
2026-07-25 11:57:20,475 [INFO] ADCParametersView:116 -                Rank 2 : false
2026-07-25 11:57:20,475 [INFO] ADCParametersView:116 -                Rank 3 : false
2026-07-25 11:57:20,475 [INFO] ADCParametersView:116 -                Rank 4 : false
2026-07-25 11:57:20,475 [INFO] ADCParametersView:116 -                Rank 1 : false
2026-07-25 11:57:20,475 [INFO] ADCParametersView:116 -                Rank 2 : false
2026-07-25 11:57:20,475 [INFO] ADCParametersView:116 -                Rank 3 : false
2026-07-25 11:57:20,475 [INFO] ADCParametersView:116 -                Rank 4 : false
2026-07-25 11:57:20,475 [INFO] ADCParametersView:116 -                Rank 1 : false
2026-07-25 11:57:20,476 [INFO] ADCParametersView:116 -                Rank 2 : false
2026-07-25 11:57:20,476 [INFO] ADCParametersView:116 -                Rank 3 : false
2026-07-25 11:57:20,476 [INFO] ADCParametersView:116 -                Rank 4 : false
2026-07-25 11:57:20,476 [INFO] ADCParametersView:116 -                Rank 1 : false
2026-07-25 11:57:20,476 [INFO] ADCParametersView:116 -                Rank 2 : false
2026-07-25 11:57:20,476 [INFO] ADCParametersView:116 -                Rank 3 : false
2026-07-25 11:57:20,476 [INFO] ADCParametersView:116 -                Rank 4 : false
2026-07-25 11:57:20,476 [INFO] ADCParametersView:116 -                Rank 1 : false
2026-07-25 11:57:20,476 [INFO] ADCParametersView:116 -                Rank 2 : false
2026-07-25 11:57:20,476 [INFO] ADCParametersView:116 -                Rank 3 : false
2026-07-25 11:57:20,476 [INFO] ADCParametersView:116 -                Rank 4 : false
2026-07-25 11:57:20,476 [INFO] ADCParametersView:116 -                Rank 1 : false
2026-07-25 11:57:20,476 [INFO] ADCParametersView:116 -                Rank 2 : false
2026-07-25 11:57:20,476 [INFO] ADCParametersView:116 -                Rank 3 : false
2026-07-25 11:57:20,476 [INFO] ADCParametersView:116 -                Rank 4 : false
2026-07-25 11:57:20,477 [INFO] ADCParametersView:116 -                Rank 1 : false
2026-07-25 11:57:20,477 [INFO] ADCParametersView:116 -                Rank 2 : false
2026-07-25 11:57:20,477 [INFO] ADCParametersView:116 -                Rank 3 : false
2026-07-25 11:57:20,477 [INFO] ADCParametersView:116 -                Rank 4 : false
2026-07-25 11:57:20,477 [INFO] ADCParametersView:116 -                Rank 1 : false
2026-07-25 11:57:20,477 [INFO] ADCParametersView:116 -                Rank 2 : false
2026-07-25 11:57:20,477 [INFO] ADCParametersView:116 -                Rank 3 : false
2026-07-25 11:57:20,477 [INFO] ADCParametersView:116 -                Rank 4 : false
2026-07-25 11:57:20,477 [INFO] ADCParametersView:116 -                Rank 1 : false
2026-07-25 11:57:20,477 [INFO] ADCParametersView:116 -                Rank 2 : false
2026-07-25 11:57:20,477 [INFO] ADCParametersView:116 -                Rank 3 : false
2026-07-25 11:57:20,477 [INFO] ADCParametersView:116 -                Rank 4 : false
2026-07-25 11:57:20,477 [INFO] ADCParametersView:116 -                Rank 1 : false
2026-07-25 11:57:20,477 [INFO] ADCParametersView:116 -                Rank 2 : false
2026-07-25 11:57:20,477 [INFO] ADCParametersView:116 -                Rank 3 : false
2026-07-25 11:57:20,477 [INFO] ADCParametersView:116 -                Rank 4 : false
2026-07-25 11:57:20,478 [INFO] ADCParametersView:116 -                Rank 1 : false
2026-07-25 11:57:20,478 [INFO] ADCParametersView:116 -                Rank 2 : false
2026-07-25 11:57:20,478 [INFO] ADCParametersView:116 -                Rank 3 : false
2026-07-25 11:57:20,478 [INFO] ADCParametersView:116 -                Rank 4 : false
2026-07-25 11:57:20,478 [INFO] ADCParametersView:116 -                Rank 1 : false
2026-07-25 11:57:20,478 [INFO] ADCParametersView:116 -                Rank 2 : false
2026-07-25 11:57:20,478 [INFO] ADCParametersView:116 -                Rank 3 : false
2026-07-25 11:57:20,478 [INFO] ADCParametersView:116 -                Rank 4 : false
2026-07-25 11:57:20,478 [INFO] ADCParametersView:116 -                Rank 1 : false
2026-07-25 11:57:20,478 [INFO] ADCParametersView:116 -                Rank 2 : false
2026-07-25 11:57:20,478 [INFO] ADCParametersView:116 -                Rank 3 : false
2026-07-25 11:57:20,478 [INFO] ADCParametersView:116 -                Rank 4 : false
2026-07-25 11:57:20,478 [INFO] ADCParametersView:116 -                Rank 2 : false
2026-07-25 11:57:20,478 [INFO] ADCParametersView:116 -                Rank 3 : false
2026-07-25 11:57:20,478 [INFO] ADCParametersView:116 -                Rank 4 : false
2026-07-25 11:57:20,478 [INFO] ADCParametersView:116 -                Rank 3 : false
2026-07-25 11:57:20,478 [INFO] ADCParametersView:116 -                Rank 4 : false
2026-07-25 11:57:20,478 [INFO] ADCParametersView:116 -                Rank 4 : false
2026-07-25 11:57:20,498 [INFO] ADCParametersView:116 -                Rank 1 : false
2026-07-25 11:57:20,499 [INFO] ADCParametersView:116 -                Rank 1 : false
2026-07-25 11:57:20,499 [INFO] ADCParametersView:116 -                Rank 2 : false
2026-07-25 11:57:20,499 [INFO] ADCParametersView:116 -                Rank 1 : false
2026-07-25 11:57:20,499 [INFO] ADCParametersView:116 -                Rank 2 : false
2026-07-25 11:57:20,499 [INFO] ADCParametersView:116 -                Rank 3 : false
2026-07-25 11:57:20,500 [INFO] ADCParametersView:116 -                Rank 1 : false
2026-07-25 11:57:20,500 [INFO] ADCParametersView:116 -                Rank 2 : false
2026-07-25 11:57:20,500 [INFO] ADCParametersView:116 -                Rank 3 : false
2026-07-25 11:57:20,500 [INFO] ADCParametersView:116 -                Rank 4 : false
2026-07-25 11:57:20,588 [INFO] ADCParametersView:116 -                Rank 1 : false
2026-07-25 11:57:20,588 [INFO] ADCParametersView:116 -                Rank 2 : false
2026-07-25 11:57:20,588 [INFO] ADCParametersView:116 -                Rank 3 : false
2026-07-25 11:57:20,588 [INFO] ADCParametersView:116 -                Rank 4 : false
2026-07-25 11:57:20,588 [INFO] ADCParametersView:116 -                Rank 1 : false
2026-07-25 11:57:20,589 [INFO] ADCParametersView:116 -                Rank 2 : false
2026-07-25 11:57:20,589 [INFO] ADCParametersView:116 -                Rank 3 : false
2026-07-25 11:57:20,589 [INFO] ADCParametersView:116 -                Rank 4 : false
2026-07-25 11:57:20,589 [INFO] ADCParametersView:116 -                Rank 1 : false
2026-07-25 11:57:20,589 [INFO] ADCParametersView:116 -                Rank 2 : false
2026-07-25 11:57:20,589 [INFO] ADCParametersView:116 -                Rank 3 : false
2026-07-25 11:57:20,589 [INFO] ADCParametersView:116 -                Rank 4 : false
2026-07-25 11:57:20,590 [INFO] ADCParametersView:116 -                Rank 1 : false
2026-07-25 11:57:20,590 [INFO] ADCParametersView:116 -                Rank 2 : false
2026-07-25 11:57:20,590 [INFO] ADCParametersView:116 -                Rank 3 : false
2026-07-25 11:57:20,590 [INFO] ADCParametersView:116 -                Rank 4 : false
2026-07-25 11:57:20,590 [INFO] ADCParametersView:116 -                Rank 1 : false
2026-07-25 11:57:20,590 [INFO] ADCParametersView:116 -                Rank 2 : false
2026-07-25 11:57:20,590 [INFO] ADCParametersView:116 -                Rank 3 : false
2026-07-25 11:57:20,590 [INFO] ADCParametersView:116 -                Rank 4 : false
2026-07-25 11:57:20,591 [INFO] ADCParametersView:116 -                Rank 1 : false
2026-07-25 11:57:20,591 [INFO] ADCParametersView:116 -                Rank 2 : false
2026-07-25 11:57:20,591 [INFO] ADCParametersView:116 -                Rank 3 : false
2026-07-25 11:57:20,591 [INFO] ADCParametersView:116 -                Rank 4 : false
2026-07-25 11:57:20,591 [INFO] ADCParametersView:116 -                Rank 1 : false
2026-07-25 11:57:20,591 [INFO] ADCParametersView:116 -                Rank 2 : false
2026-07-25 11:57:20,591 [INFO] ADCParametersView:116 -                Rank 3 : false
2026-07-25 11:57:20,591 [INFO] ADCParametersView:116 -                Rank 4 : false
2026-07-25 11:57:20,591 [INFO] ADCParametersView:116 -                Rank 1 : false
2026-07-25 11:57:20,591 [INFO] ADCParametersView:116 -                Rank 2 : false
2026-07-25 11:57:20,591 [INFO] ADCParametersView:116 -                Rank 3 : false
2026-07-25 11:57:20,591 [INFO] ADCParametersView:116 -                Rank 4 : false
2026-07-25 11:57:20,592 [INFO] ADCParametersView:116 -                Rank 1 : false
2026-07-25 11:57:20,592 [INFO] ADCParametersView:116 -                Rank 2 : false
2026-07-25 11:57:20,592 [INFO] ADCParametersView:116 -                Rank 3 : false
2026-07-25 11:57:20,592 [INFO] ADCParametersView:116 -                Rank 4 : false
2026-07-25 11:57:20,592 [INFO] ADCParametersView:116 -                Rank 1 : false
2026-07-25 11:57:20,592 [INFO] ADCParametersView:116 -                Rank 2 : false
2026-07-25 11:57:20,592 [INFO] ADCParametersView:116 -                Rank 3 : false
2026-07-25 11:57:20,592 [INFO] ADCParametersView:116 -                Rank 4 : false
2026-07-25 11:57:20,592 [INFO] ADCParametersView:116 -                Rank 1 : false
2026-07-25 11:57:20,592 [INFO] ADCParametersView:116 -                Rank 2 : false
2026-07-25 11:57:20,592 [INFO] ADCParametersView:116 -                Rank 3 : false
2026-07-25 11:57:20,592 [INFO] ADCParametersView:116 -                Rank 4 : false
2026-07-25 11:57:20,592 [INFO] ADCParametersView:116 -                Rank 1 : false
2026-07-25 11:57:20,592 [INFO] ADCParametersView:116 -                Rank 2 : false
2026-07-25 11:57:20,592 [INFO] ADCParametersView:116 -                Rank 3 : false
2026-07-25 11:57:20,594 [INFO] ADCParametersView:116 -                Rank 4 : false
2026-07-25 11:57:20,594 [INFO] ADCParametersView:116 -                Rank 1 : false
2026-07-25 11:57:20,594 [INFO] ADCParametersView:116 -                Rank 2 : false
2026-07-25 11:57:20,594 [INFO] ADCParametersView:116 -                Rank 3 : false
2026-07-25 11:57:20,594 [INFO] ADCParametersView:116 -                Rank 4 : false
2026-07-25 11:57:20,594 [INFO] ADCParametersView:116 -                Rank 1 : false
2026-07-25 11:57:20,594 [INFO] ADCParametersView:116 -                Rank 2 : false
2026-07-25 11:57:20,594 [INFO] ADCParametersView:116 -                Rank 3 : false
2026-07-25 11:57:20,594 [INFO] ADCParametersView:116 -                Rank 4 : false
2026-07-25 11:57:20,594 [INFO] ADCParametersView:116 -                Rank 2 : false
2026-07-25 11:57:20,594 [INFO] ADCParametersView:116 -                Rank 3 : false
2026-07-25 11:57:20,594 [INFO] ADCParametersView:116 -                Rank 4 : false
2026-07-25 11:57:20,594 [INFO] ADCParametersView:116 -                Rank 3 : false
2026-07-25 11:57:20,594 [INFO] ADCParametersView:116 -                Rank 4 : false
2026-07-25 11:57:20,594 [INFO] ADCParametersView:116 -                Rank 4 : false
2026-07-25 11:57:20,615 [INFO] ADCParametersView:116 -                Rank 1 : false
2026-07-25 11:57:20,615 [INFO] ADCParametersView:116 -                Rank 1 : false
2026-07-25 11:57:20,615 [INFO] ADCParametersView:116 -                Rank 2 : false
2026-07-25 11:57:20,616 [INFO] ADCParametersView:116 -                Rank 1 : false
2026-07-25 11:57:20,616 [INFO] ADCParametersView:116 -                Rank 2 : false
2026-07-25 11:57:20,616 [INFO] ADCParametersView:116 -                Rank 3 : false
2026-07-25 11:57:20,616 [INFO] ADCParametersView:116 -                Rank 1 : false
2026-07-25 11:57:20,616 [INFO] ADCParametersView:116 -                Rank 2 : false
2026-07-25 11:57:20,616 [INFO] ADCParametersView:116 -                Rank 3 : false
2026-07-25 11:57:20,616 [INFO] ADCParametersView:116 -                Rank 4 : false
2026-07-25 11:57:20,662 [INFO] ADCParametersView:116 -                Rank 1 : false
2026-07-25 11:57:20,662 [INFO] ADCParametersView:116 -                Rank 2 : false
2026-07-25 11:57:20,662 [INFO] ADCParametersView:116 -                Rank 3 : false
2026-07-25 11:57:20,662 [INFO] ADCParametersView:116 -                Rank 4 : false
2026-07-25 11:57:20,662 [INFO] ADCParametersView:116 -                Rank 1 : false
2026-07-25 11:57:20,662 [INFO] ADCParametersView:116 -                Rank 2 : false
2026-07-25 11:57:20,662 [INFO] ADCParametersView:116 -                Rank 3 : false
2026-07-25 11:57:20,662 [INFO] ADCParametersView:116 -                Rank 4 : false
2026-07-25 11:57:20,662 [INFO] ADCParametersView:116 -                Rank 1 : false
2026-07-25 11:57:20,662 [INFO] ADCParametersView:116 -                Rank 2 : false
2026-07-25 11:57:20,663 [INFO] ADCParametersView:116 -                Rank 3 : false
2026-07-25 11:57:20,663 [INFO] ADCParametersView:116 -                Rank 4 : false
2026-07-25 11:57:20,663 [INFO] ADCParametersView:116 -                Rank 1 : false
2026-07-25 11:57:20,663 [INFO] ADCParametersView:116 -                Rank 2 : false
2026-07-25 11:57:20,663 [INFO] ADCParametersView:116 -                Rank 3 : false
2026-07-25 11:57:20,663 [INFO] ADCParametersView:116 -                Rank 4 : false
2026-07-25 11:57:20,663 [INFO] ADCParametersView:116 -                Rank 1 : false
2026-07-25 11:57:20,663 [INFO] ADCParametersView:116 -                Rank 2 : false
2026-07-25 11:57:20,663 [INFO] ADCParametersView:116 -                Rank 3 : false
2026-07-25 11:57:20,663 [INFO] ADCParametersView:116 -                Rank 4 : false
2026-07-25 11:57:20,663 [INFO] ADCParametersView:116 -                Rank 1 : false
2026-07-25 11:57:20,663 [INFO] ADCParametersView:116 -                Rank 2 : false
2026-07-25 11:57:20,663 [INFO] ADCParametersView:116 -                Rank 3 : false
2026-07-25 11:57:20,663 [INFO] ADCParametersView:116 -                Rank 4 : false
2026-07-25 11:57:20,663 [INFO] ADCParametersView:116 -                Rank 1 : false
2026-07-25 11:57:20,663 [INFO] ADCParametersView:116 -                Rank 2 : false
2026-07-25 11:57:20,663 [INFO] ADCParametersView:116 -                Rank 3 : false
2026-07-25 11:57:20,663 [INFO] ADCParametersView:116 -                Rank 4 : false
2026-07-25 11:57:20,663 [INFO] ADCParametersView:116 -                Rank 1 : false
2026-07-25 11:57:20,663 [INFO] ADCParametersView:116 -                Rank 2 : false
2026-07-25 11:57:20,663 [INFO] ADCParametersView:116 -                Rank 3 : false
2026-07-25 11:57:20,663 [INFO] ADCParametersView:116 -                Rank 4 : false
2026-07-25 11:57:20,663 [INFO] ADCParametersView:116 -                Rank 1 : false
2026-07-25 11:57:20,663 [INFO] ADCParametersView:116 -                Rank 2 : false
2026-07-25 11:57:20,663 [INFO] ADCParametersView:116 -                Rank 3 : false
2026-07-25 11:57:20,663 [INFO] ADCParametersView:116 -                Rank 4 : false
2026-07-25 11:57:20,663 [INFO] ADCParametersView:116 -                Rank 1 : false
2026-07-25 11:57:20,663 [INFO] ADCParametersView:116 -                Rank 2 : false
2026-07-25 11:57:20,663 [INFO] ADCParametersView:116 -                Rank 3 : false
2026-07-25 11:57:20,663 [INFO] ADCParametersView:116 -                Rank 4 : false
2026-07-25 11:57:20,663 [INFO] ADCParametersView:116 -                Rank 1 : false
2026-07-25 11:57:20,663 [INFO] ADCParametersView:116 -                Rank 2 : false
2026-07-25 11:57:20,663 [INFO] ADCParametersView:116 -                Rank 3 : false
2026-07-25 11:57:20,664 [INFO] ADCParametersView:116 -                Rank 4 : false
2026-07-25 11:57:20,664 [INFO] ADCParametersView:116 -                Rank 1 : false
2026-07-25 11:57:20,664 [INFO] ADCParametersView:116 -                Rank 2 : false
2026-07-25 11:57:20,664 [INFO] ADCParametersView:116 -                Rank 3 : false
2026-07-25 11:57:20,664 [INFO] ADCParametersView:116 -                Rank 4 : false
2026-07-25 11:57:20,664 [INFO] ADCParametersView:116 -                Rank 1 : false
2026-07-25 11:57:20,664 [INFO] ADCParametersView:116 -                Rank 2 : false
2026-07-25 11:57:20,664 [INFO] ADCParametersView:116 -                Rank 3 : false
2026-07-25 11:57:20,664 [INFO] ADCParametersView:116 -                Rank 4 : false
2026-07-25 11:57:20,664 [INFO] ADCParametersView:116 -                Rank 1 : false
2026-07-25 11:57:20,664 [INFO] ADCParametersView:116 -                Rank 2 : false
2026-07-25 11:57:20,664 [INFO] ADCParametersView:116 -                Rank 3 : false
2026-07-25 11:57:20,664 [INFO] ADCParametersView:116 -                Rank 4 : false
2026-07-25 11:57:20,664 [INFO] ADCParametersView:116 -                Rank 2 : false
2026-07-25 11:57:20,664 [INFO] ADCParametersView:116 -                Rank 3 : false
2026-07-25 11:57:20,664 [INFO] ADCParametersView:116 -                Rank 4 : false
2026-07-25 11:57:20,664 [INFO] ADCParametersView:116 -                Rank 3 : false
2026-07-25 11:57:20,664 [INFO] ADCParametersView:116 -                Rank 4 : false
2026-07-25 11:57:20,664 [INFO] ADCParametersView:116 -                Rank 4 : false
2026-07-25 11:57:20,684 [INFO] ADCParametersView:116 -                Rank 1 : false
2026-07-25 11:57:20,684 [INFO] ADCParametersView:116 -                Rank 1 : false
2026-07-25 11:57:20,684 [INFO] ADCParametersView:116 -                Rank 2 : false
2026-07-25 11:57:20,684 [INFO] ADCParametersView:116 -                Rank 1 : false
2026-07-25 11:57:20,684 [INFO] ADCParametersView:116 -                Rank 2 : false
2026-07-25 11:57:20,684 [INFO] ADCParametersView:116 -                Rank 3 : false
2026-07-25 11:57:20,684 [INFO] ADCParametersView:116 -                Rank 1 : false
2026-07-25 11:57:20,684 [INFO] ADCParametersView:116 -                Rank 2 : false
2026-07-25 11:57:20,684 [INFO] ADCParametersView:116 -                Rank 3 : false
2026-07-25 11:57:20,685 [INFO] ADCParametersView:116 -                Rank 4 : false
2026-07-25 11:57:23,366 [INFO] ADCParametersView:116 -                Rank 1 : false
2026-07-25 11:57:23,366 [INFO] ADCParametersView:116 -                Rank 2 : false
2026-07-25 11:57:23,366 [INFO] ADCParametersView:116 -                Rank 3 : false
2026-07-25 11:57:23,366 [INFO] ADCParametersView:116 -                Rank 4 : false
2026-07-25 11:57:23,366 [INFO] ADCParametersView:116 -                Rank 1 : false
2026-07-25 11:57:23,366 [INFO] ADCParametersView:116 -                Rank 2 : false
2026-07-25 11:57:23,366 [INFO] ADCParametersView:116 -                Rank 3 : false
2026-07-25 11:57:23,366 [INFO] ADCParametersView:116 -                Rank 4 : false
2026-07-25 11:57:23,366 [INFO] ADCParametersView:116 -                Rank 1 : false
2026-07-25 11:57:23,366 [INFO] ADCParametersView:116 -                Rank 2 : false
2026-07-25 11:57:23,366 [INFO] ADCParametersView:116 -                Rank 3 : false
2026-07-25 11:57:23,366 [INFO] ADCParametersView:116 -                Rank 4 : false
2026-07-25 11:57:23,366 [INFO] ADCParametersView:116 -                Rank 1 : false
2026-07-25 11:57:23,366 [INFO] ADCParametersView:116 -                Rank 2 : false
2026-07-25 11:57:23,366 [INFO] ADCParametersView:116 -                Rank 3 : false
2026-07-25 11:57:23,366 [INFO] ADCParametersView:116 -                Rank 4 : false
2026-07-25 11:57:23,366 [INFO] ADCParametersView:116 -                Rank 1 : false
2026-07-25 11:57:23,366 [INFO] ADCParametersView:116 -                Rank 2 : false
2026-07-25 11:57:23,366 [INFO] ADCParametersView:116 -                Rank 3 : false
2026-07-25 11:57:23,366 [INFO] ADCParametersView:116 -                Rank 4 : false
2026-07-25 11:57:23,366 [INFO] ADCParametersView:116 -                Rank 1 : false
2026-07-25 11:57:23,366 [INFO] ADCParametersView:116 -                Rank 2 : false
2026-07-25 11:57:23,366 [INFO] ADCParametersView:116 -                Rank 3 : false
2026-07-25 11:57:23,366 [INFO] ADCParametersView:116 -                Rank 4 : false
2026-07-25 11:57:23,366 [INFO] ADCParametersView:116 -                Rank 1 : false
2026-07-25 11:57:23,366 [INFO] ADCParametersView:116 -                Rank 2 : false
2026-07-25 11:57:23,366 [INFO] ADCParametersView:116 -                Rank 3 : false
2026-07-25 11:57:23,366 [INFO] ADCParametersView:116 -                Rank 4 : false
2026-07-25 11:57:23,366 [INFO] ADCParametersView:116 -                Rank 1 : false
2026-07-25 11:57:23,366 [INFO] ADCParametersView:116 -                Rank 2 : false
2026-07-25 11:57:23,366 [INFO] ADCParametersView:116 -                Rank 3 : false
2026-07-25 11:57:23,366 [INFO] ADCParametersView:116 -                Rank 4 : false
2026-07-25 11:57:23,366 [INFO] ADCParametersView:116 -                Rank 1 : false
2026-07-25 11:57:23,366 [INFO] ADCParametersView:116 -                Rank 2 : false
2026-07-25 11:57:23,366 [INFO] ADCParametersView:116 -                Rank 3 : false
2026-07-25 11:57:23,366 [INFO] ADCParametersView:116 -                Rank 4 : false
2026-07-25 11:57:23,366 [INFO] ADCParametersView:116 -                Rank 1 : false
2026-07-25 11:57:23,366 [INFO] ADCParametersView:116 -                Rank 2 : false
2026-07-25 11:57:23,366 [INFO] ADCParametersView:116 -                Rank 3 : false
2026-07-25 11:57:23,366 [INFO] ADCParametersView:116 -                Rank 4 : false
2026-07-25 11:57:23,366 [INFO] ADCParametersView:116 -                Rank 1 : false
2026-07-25 11:57:23,366 [INFO] ADCParametersView:116 -                Rank 2 : false
2026-07-25 11:57:23,366 [INFO] ADCParametersView:116 -                Rank 3 : false
2026-07-25 11:57:23,366 [INFO] ADCParametersView:116 -                Rank 4 : false
2026-07-25 11:57:23,368 [INFO] ADCParametersView:116 -                Rank 1 : false
2026-07-25 11:57:23,368 [INFO] ADCParametersView:116 -                Rank 2 : false
2026-07-25 11:57:23,368 [INFO] ADCParametersView:116 -                Rank 3 : false
2026-07-25 11:57:23,368 [INFO] ADCParametersView:116 -                Rank 4 : false
2026-07-25 11:57:23,368 [INFO] ADCParametersView:116 -                Rank 1 : false
2026-07-25 11:57:23,368 [INFO] ADCParametersView:116 -                Rank 2 : false
2026-07-25 11:57:23,368 [INFO] ADCParametersView:116 -                Rank 3 : false
2026-07-25 11:57:23,368 [INFO] ADCParametersView:116 -                Rank 4 : false
2026-07-25 11:57:23,368 [INFO] ADCParametersView:116 -                Rank 1 : false
2026-07-25 11:57:23,368 [INFO] ADCParametersView:116 -                Rank 2 : false
2026-07-25 11:57:23,368 [INFO] ADCParametersView:116 -                Rank 3 : false
2026-07-25 11:57:23,368 [INFO] ADCParametersView:116 -                Rank 4 : false
2026-07-25 11:57:23,368 [INFO] ADCParametersView:116 -                Rank 2 : false
2026-07-25 11:57:23,368 [INFO] ADCParametersView:116 -                Rank 3 : false
2026-07-25 11:57:23,368 [INFO] ADCParametersView:116 -                Rank 4 : false
2026-07-25 11:57:23,368 [INFO] ADCParametersView:116 -                Rank 3 : false
2026-07-25 11:57:23,368 [INFO] ADCParametersView:116 -                Rank 4 : false
2026-07-25 11:57:23,368 [INFO] ADCParametersView:116 -                Rank 4 : false
2026-07-25 11:57:23,385 [INFO] ADCParametersView:116 -                Rank 1 : false
2026-07-25 11:57:23,385 [INFO] ADCParametersView:116 -                Rank 1 : false
2026-07-25 11:57:23,385 [INFO] ADCParametersView:116 -                Rank 2 : false
2026-07-25 11:57:23,385 [INFO] ADCParametersView:116 -                Rank 1 : false
2026-07-25 11:57:23,385 [INFO] ADCParametersView:116 -                Rank 2 : false
2026-07-25 11:57:23,385 [INFO] ADCParametersView:116 -                Rank 3 : false
2026-07-25 11:57:23,385 [INFO] ADCParametersView:116 -                Rank 1 : false
2026-07-25 11:57:23,385 [INFO] ADCParametersView:116 -                Rank 2 : false
2026-07-25 11:57:23,385 [INFO] ADCParametersView:116 -                Rank 3 : false
2026-07-25 11:57:23,385 [INFO] ADCParametersView:116 -                Rank 4 : false
2026-07-25 11:57:23,426 [INFO] ADCParametersView:116 -                Rank 1 : false
2026-07-25 11:57:23,426 [INFO] ADCParametersView:116 -                Rank 2 : false
2026-07-25 11:57:23,426 [INFO] ADCParametersView:116 -                Rank 3 : false
2026-07-25 11:57:23,426 [INFO] ADCParametersView:116 -                Rank 4 : false
2026-07-25 11:57:23,426 [INFO] ADCParametersView:116 -                Rank 1 : false
2026-07-25 11:57:23,426 [INFO] ADCParametersView:116 -                Rank 2 : false
2026-07-25 11:57:23,426 [INFO] ADCParametersView:116 -                Rank 3 : false
2026-07-25 11:57:23,426 [INFO] ADCParametersView:116 -                Rank 4 : false
2026-07-25 11:57:23,426 [INFO] ADCParametersView:116 -                Rank 1 : false
2026-07-25 11:57:23,426 [INFO] ADCParametersView:116 -                Rank 2 : false
2026-07-25 11:57:23,426 [INFO] ADCParametersView:116 -                Rank 3 : false
2026-07-25 11:57:23,426 [INFO] ADCParametersView:116 -                Rank 4 : false
2026-07-25 11:57:23,426 [INFO] ADCParametersView:116 -                Rank 1 : false
2026-07-25 11:57:23,426 [INFO] ADCParametersView:116 -                Rank 2 : false
2026-07-25 11:57:23,426 [INFO] ADCParametersView:116 -                Rank 3 : false
2026-07-25 11:57:23,426 [INFO] ADCParametersView:116 -                Rank 4 : false
2026-07-25 11:57:23,426 [INFO] ADCParametersView:116 -                Rank 1 : false
2026-07-25 11:57:23,426 [INFO] ADCParametersView:116 -                Rank 2 : false
2026-07-25 11:57:23,426 [INFO] ADCParametersView:116 -                Rank 3 : false
2026-07-25 11:57:23,426 [INFO] ADCParametersView:116 -                Rank 4 : false
2026-07-25 11:57:23,426 [INFO] ADCParametersView:116 -                Rank 1 : false
2026-07-25 11:57:23,426 [INFO] ADCParametersView:116 -                Rank 2 : false
2026-07-25 11:57:23,426 [INFO] ADCParametersView:116 -                Rank 3 : false
2026-07-25 11:57:23,426 [INFO] ADCParametersView:116 -                Rank 4 : false
2026-07-25 11:57:23,426 [INFO] ADCParametersView:116 -                Rank 1 : false
2026-07-25 11:57:23,426 [INFO] ADCParametersView:116 -                Rank 2 : false
2026-07-25 11:57:23,426 [INFO] ADCParametersView:116 -                Rank 3 : false
2026-07-25 11:57:23,426 [INFO] ADCParametersView:116 -                Rank 4 : false
2026-07-25 11:57:23,426 [INFO] ADCParametersView:116 -                Rank 1 : false
2026-07-25 11:57:23,426 [INFO] ADCParametersView:116 -                Rank 2 : false
2026-07-25 11:57:23,426 [INFO] ADCParametersView:116 -                Rank 3 : false
2026-07-25 11:57:23,426 [INFO] ADCParametersView:116 -                Rank 4 : false
2026-07-25 11:57:23,426 [INFO] ADCParametersView:116 -                Rank 1 : false
2026-07-25 11:57:23,426 [INFO] ADCParametersView:116 -                Rank 2 : false
2026-07-25 11:57:23,426 [INFO] ADCParametersView:116 -                Rank 3 : false
2026-07-25 11:57:23,426 [INFO] ADCParametersView:116 -                Rank 4 : false
2026-07-25 11:57:23,426 [INFO] ADCParametersView:116 -                Rank 1 : false
2026-07-25 11:57:23,426 [INFO] ADCParametersView:116 -                Rank 2 : false
2026-07-25 11:57:23,426 [INFO] ADCParametersView:116 -                Rank 3 : false
2026-07-25 11:57:23,426 [INFO] ADCParametersView:116 -                Rank 4 : false
2026-07-25 11:57:23,426 [INFO] ADCParametersView:116 -                Rank 1 : false
2026-07-25 11:57:23,426 [INFO] ADCParametersView:116 -                Rank 2 : false
2026-07-25 11:57:23,426 [INFO] ADCParametersView:116 -                Rank 3 : false
2026-07-25 11:57:23,426 [INFO] ADCParametersView:116 -                Rank 4 : false
2026-07-25 11:57:23,426 [INFO] ADCParametersView:116 -                Rank 1 : false
2026-07-25 11:57:23,426 [INFO] ADCParametersView:116 -                Rank 2 : false
2026-07-25 11:57:23,426 [INFO] ADCParametersView:116 -                Rank 3 : false
2026-07-25 11:57:23,426 [INFO] ADCParametersView:116 -                Rank 4 : false
2026-07-25 11:57:23,426 [INFO] ADCParametersView:116 -                Rank 1 : false
2026-07-25 11:57:23,426 [INFO] ADCParametersView:116 -                Rank 2 : false
2026-07-25 11:57:23,426 [INFO] ADCParametersView:116 -                Rank 3 : false
2026-07-25 11:57:23,426 [INFO] ADCParametersView:116 -                Rank 4 : false
2026-07-25 11:57:23,426 [INFO] ADCParametersView:116 -                Rank 1 : false
2026-07-25 11:57:23,426 [INFO] ADCParametersView:116 -                Rank 2 : false
2026-07-25 11:57:23,426 [INFO] ADCParametersView:116 -                Rank 3 : false
2026-07-25 11:57:23,426 [INFO] ADCParametersView:116 -                Rank 4 : false
2026-07-25 11:57:23,426 [INFO] ADCParametersView:116 -                Rank 2 : false
2026-07-25 11:57:23,426 [INFO] ADCParametersView:116 -                Rank 3 : false
2026-07-25 11:57:23,426 [INFO] ADCParametersView:116 -                Rank 4 : false
2026-07-25 11:57:23,426 [INFO] ADCParametersView:116 -                Rank 3 : false
2026-07-25 11:57:23,426 [INFO] ADCParametersView:116 -                Rank 4 : false
2026-07-25 11:57:23,426 [INFO] ADCParametersView:116 -                Rank 4 : false
2026-07-25 11:57:23,449 [INFO] ADCParametersView:116 -                Rank 1 : false
2026-07-25 11:57:23,449 [INFO] ADCParametersView:116 -                Rank 1 : false
2026-07-25 11:57:23,449 [INFO] ADCParametersView:116 -                Rank 2 : false
2026-07-25 11:57:23,449 [INFO] ADCParametersView:116 -                Rank 1 : false
2026-07-25 11:57:23,449 [INFO] ADCParametersView:116 -                Rank 2 : false
2026-07-25 11:57:23,449 [INFO] ADCParametersView:116 -                Rank 3 : false
2026-07-25 11:57:23,449 [INFO] ADCParametersView:116 -                Rank 1 : false
2026-07-25 11:57:23,449 [INFO] ADCParametersView:116 -                Rank 2 : false
2026-07-25 11:57:23,449 [INFO] ADCParametersView:116 -                Rank 3 : false
2026-07-25 11:57:23,449 [INFO] ADCParametersView:116 -                Rank 4 : false
2026-07-25 11:57:23,537 [INFO] ADCParametersView:116 -                Rank 1 : false
2026-07-25 11:57:23,537 [INFO] ADCParametersView:116 -                Rank 2 : false
2026-07-25 11:57:23,537 [INFO] ADCParametersView:116 -                Rank 3 : false
2026-07-25 11:57:23,537 [INFO] ADCParametersView:116 -                Rank 4 : false
2026-07-25 11:57:23,537 [INFO] ADCParametersView:116 -                Rank 1 : false
2026-07-25 11:57:23,537 [INFO] ADCParametersView:116 -                Rank 2 : false
2026-07-25 11:57:23,537 [INFO] ADCParametersView:116 -                Rank 3 : false
2026-07-25 11:57:23,537 [INFO] ADCParametersView:116 -                Rank 4 : false
2026-07-25 11:57:23,537 [INFO] ADCParametersView:116 -                Rank 1 : false
2026-07-25 11:57:23,537 [INFO] ADCParametersView:116 -                Rank 2 : false
2026-07-25 11:57:23,537 [INFO] ADCParametersView:116 -                Rank 3 : false
2026-07-25 11:57:23,537 [INFO] ADCParametersView:116 -                Rank 4 : false
2026-07-25 11:57:23,537 [INFO] ADCParametersView:116 -                Rank 1 : false
2026-07-25 11:57:23,539 [INFO] ADCParametersView:116 -                Rank 2 : false
2026-07-25 11:57:23,539 [INFO] ADCParametersView:116 -                Rank 3 : false
2026-07-25 11:57:23,539 [INFO] ADCParametersView:116 -                Rank 4 : false
2026-07-25 11:57:23,539 [INFO] ADCParametersView:116 -                Rank 1 : false
2026-07-25 11:57:23,539 [INFO] ADCParametersView:116 -                Rank 2 : false
2026-07-25 11:57:23,539 [INFO] ADCParametersView:116 -                Rank 3 : false
2026-07-25 11:57:23,539 [INFO] ADCParametersView:116 -                Rank 4 : false
2026-07-25 11:57:23,539 [INFO] ADCParametersView:116 -                Rank 1 : false
2026-07-25 11:57:23,539 [INFO] ADCParametersView:116 -                Rank 2 : false
2026-07-25 11:57:23,539 [INFO] ADCParametersView:116 -                Rank 3 : false
2026-07-25 11:57:23,539 [INFO] ADCParametersView:116 -                Rank 4 : false
2026-07-25 11:57:23,539 [INFO] ADCParametersView:116 -                Rank 1 : false
2026-07-25 11:57:23,539 [INFO] ADCParametersView:116 -                Rank 2 : false
2026-07-25 11:57:23,539 [INFO] ADCParametersView:116 -                Rank 3 : false
2026-07-25 11:57:23,539 [INFO] ADCParametersView:116 -                Rank 4 : false
2026-07-25 11:57:23,539 [INFO] ADCParametersView:116 -                Rank 1 : false
2026-07-25 11:57:23,539 [INFO] ADCParametersView:116 -                Rank 2 : false
2026-07-25 11:57:23,539 [INFO] ADCParametersView:116 -                Rank 3 : false
2026-07-25 11:57:23,539 [INFO] ADCParametersView:116 -                Rank 4 : false
2026-07-25 11:57:23,539 [INFO] ADCParametersView:116 -                Rank 1 : false
2026-07-25 11:57:23,539 [INFO] ADCParametersView:116 -                Rank 2 : false
2026-07-25 11:57:23,539 [INFO] ADCParametersView:116 -                Rank 3 : false
2026-07-25 11:57:23,539 [INFO] ADCParametersView:116 -                Rank 4 : false
2026-07-25 11:57:23,539 [INFO] ADCParametersView:116 -                Rank 1 : false
2026-07-25 11:57:23,539 [INFO] ADCParametersView:116 -                Rank 2 : false
2026-07-25 11:57:23,539 [INFO] ADCParametersView:116 -                Rank 3 : false
2026-07-25 11:57:23,539 [INFO] ADCParametersView:116 -                Rank 4 : false
2026-07-25 11:57:23,539 [INFO] ADCParametersView:116 -                Rank 1 : false
2026-07-25 11:57:23,539 [INFO] ADCParametersView:116 -                Rank 2 : false
2026-07-25 11:57:23,539 [INFO] ADCParametersView:116 -                Rank 3 : false
2026-07-25 11:57:23,539 [INFO] ADCParametersView:116 -                Rank 4 : false
2026-07-25 11:57:23,539 [INFO] ADCParametersView:116 -                Rank 1 : false
2026-07-25 11:57:23,539 [INFO] ADCParametersView:116 -                Rank 2 : false
2026-07-25 11:57:23,539 [INFO] ADCParametersView:116 -                Rank 3 : false
2026-07-25 11:57:23,539 [INFO] ADCParametersView:116 -                Rank 4 : false
2026-07-25 11:57:23,539 [INFO] ADCParametersView:116 -                Rank 1 : false
2026-07-25 11:57:23,539 [INFO] ADCParametersView:116 -                Rank 2 : false
2026-07-25 11:57:23,539 [INFO] ADCParametersView:116 -                Rank 3 : false
2026-07-25 11:57:23,539 [INFO] ADCParametersView:116 -                Rank 4 : false
2026-07-25 11:57:23,539 [INFO] ADCParametersView:116 -                Rank 1 : false
2026-07-25 11:57:23,539 [INFO] ADCParametersView:116 -                Rank 2 : false
2026-07-25 11:57:23,539 [INFO] ADCParametersView:116 -                Rank 3 : false
2026-07-25 11:57:23,539 [INFO] ADCParametersView:116 -                Rank 4 : false
2026-07-25 11:57:23,539 [INFO] ADCParametersView:116 -                Rank 2 : false
2026-07-25 11:57:23,539 [INFO] ADCParametersView:116 -                Rank 3 : false
2026-07-25 11:57:23,539 [INFO] ADCParametersView:116 -                Rank 4 : false
2026-07-25 11:57:23,539 [INFO] ADCParametersView:116 -                Rank 3 : false
2026-07-25 11:57:23,539 [INFO] ADCParametersView:116 -                Rank 4 : false
2026-07-25 11:57:23,539 [INFO] ADCParametersView:116 -                Rank 4 : false
2026-07-25 11:57:23,561 [INFO] ADCParametersView:116 -                Rank 1 : false
2026-07-25 11:57:23,561 [INFO] ADCParametersView:116 -                Rank 1 : false
2026-07-25 11:57:23,561 [INFO] ADCParametersView:116 -                Rank 2 : false
2026-07-25 11:57:23,561 [INFO] ADCParametersView:116 -                Rank 1 : false
2026-07-25 11:57:23,561 [INFO] ADCParametersView:116 -                Rank 2 : false
2026-07-25 11:57:23,561 [INFO] ADCParametersView:116 -                Rank 3 : false
2026-07-25 11:57:23,561 [INFO] ADCParametersView:116 -                Rank 1 : false
2026-07-25 11:57:23,561 [INFO] ADCParametersView:116 -                Rank 2 : false
2026-07-25 11:57:23,561 [INFO] ADCParametersView:116 -                Rank 3 : false
2026-07-25 11:57:23,561 [INFO] ADCParametersView:116 -                Rank 4 : false
2026-07-25 11:57:23,603 [INFO] ADCParametersView:116 -                Rank 1 : false
2026-07-25 11:57:23,603 [INFO] ADCParametersView:116 -                Rank 2 : false
2026-07-25 11:57:23,603 [INFO] ADCParametersView:116 -                Rank 3 : false
2026-07-25 11:57:23,603 [INFO] ADCParametersView:116 -                Rank 4 : false
2026-07-25 11:57:23,603 [INFO] ADCParametersView:116 -                Rank 1 : false
2026-07-25 11:57:23,603 [INFO] ADCParametersView:116 -                Rank 2 : false
2026-07-25 11:57:23,603 [INFO] ADCParametersView:116 -                Rank 3 : false
2026-07-25 11:57:23,603 [INFO] ADCParametersView:116 -                Rank 4 : false
2026-07-25 11:57:23,603 [INFO] ADCParametersView:116 -                Rank 1 : false
2026-07-25 11:57:23,603 [INFO] ADCParametersView:116 -                Rank 2 : false
2026-07-25 11:57:23,603 [INFO] ADCParametersView:116 -                Rank 3 : false
2026-07-25 11:57:23,603 [INFO] ADCParametersView:116 -                Rank 4 : false
2026-07-25 11:57:23,603 [INFO] ADCParametersView:116 -                Rank 1 : false
2026-07-25 11:57:23,603 [INFO] ADCParametersView:116 -                Rank 2 : false
2026-07-25 11:57:23,603 [INFO] ADCParametersView:116 -                Rank 3 : false
2026-07-25 11:57:23,603 [INFO] ADCParametersView:116 -                Rank 4 : false
2026-07-25 11:57:23,603 [INFO] ADCParametersView:116 -                Rank 1 : false
2026-07-25 11:57:23,603 [INFO] ADCParametersView:116 -                Rank 2 : false
2026-07-25 11:57:23,603 [INFO] ADCParametersView:116 -                Rank 3 : false
2026-07-25 11:57:23,603 [INFO] ADCParametersView:116 -                Rank 4 : false
2026-07-25 11:57:23,603 [INFO] ADCParametersView:116 -                Rank 1 : false
2026-07-25 11:57:23,603 [INFO] ADCParametersView:116 -                Rank 2 : false
2026-07-25 11:57:23,603 [INFO] ADCParametersView:116 -                Rank 3 : false
2026-07-25 11:57:23,603 [INFO] ADCParametersView:116 -                Rank 4 : false
2026-07-25 11:57:23,603 [INFO] ADCParametersView:116 -                Rank 1 : false
2026-07-25 11:57:23,603 [INFO] ADCParametersView:116 -                Rank 2 : false
2026-07-25 11:57:23,603 [INFO] ADCParametersView:116 -                Rank 3 : false
2026-07-25 11:57:23,603 [INFO] ADCParametersView:116 -                Rank 4 : false
2026-07-25 11:57:23,603 [INFO] ADCParametersView:116 -                Rank 1 : false
2026-07-25 11:57:23,603 [INFO] ADCParametersView:116 -                Rank 2 : false
2026-07-25 11:57:23,604 [INFO] ADCParametersView:116 -                Rank 3 : false
2026-07-25 11:57:23,604 [INFO] ADCParametersView:116 -                Rank 4 : false
2026-07-25 11:57:23,604 [INFO] ADCParametersView:116 -                Rank 1 : false
2026-07-25 11:57:23,604 [INFO] ADCParametersView:116 -                Rank 2 : false
2026-07-25 11:57:23,604 [INFO] ADCParametersView:116 -                Rank 3 : false
2026-07-25 11:57:23,604 [INFO] ADCParametersView:116 -                Rank 4 : false
2026-07-25 11:57:23,604 [INFO] ADCParametersView:116 -                Rank 1 : false
2026-07-25 11:57:23,604 [INFO] ADCParametersView:116 -                Rank 2 : false
2026-07-25 11:57:23,604 [INFO] ADCParametersView:116 -                Rank 3 : false
2026-07-25 11:57:23,604 [INFO] ADCParametersView:116 -                Rank 4 : false
2026-07-25 11:57:23,604 [INFO] ADCParametersView:116 -                Rank 1 : false
2026-07-25 11:57:23,604 [INFO] ADCParametersView:116 -                Rank 2 : false
2026-07-25 11:57:23,604 [INFO] ADCParametersView:116 -                Rank 3 : false
2026-07-25 11:57:23,604 [INFO] ADCParametersView:116 -                Rank 4 : false
2026-07-25 11:57:23,604 [INFO] ADCParametersView:116 -                Rank 1 : false
2026-07-25 11:57:23,604 [INFO] ADCParametersView:116 -                Rank 2 : false
2026-07-25 11:57:23,604 [INFO] ADCParametersView:116 -                Rank 3 : false
2026-07-25 11:57:23,604 [INFO] ADCParametersView:116 -                Rank 4 : false
2026-07-25 11:57:23,604 [INFO] ADCParametersView:116 -                Rank 1 : false
2026-07-25 11:57:23,604 [INFO] ADCParametersView:116 -                Rank 2 : false
2026-07-25 11:57:23,604 [INFO] ADCParametersView:116 -                Rank 3 : false
2026-07-25 11:57:23,604 [INFO] ADCParametersView:116 -                Rank 4 : false
2026-07-25 11:57:23,604 [INFO] ADCParametersView:116 -                Rank 1 : false
2026-07-25 11:57:23,604 [INFO] ADCParametersView:116 -                Rank 2 : false
2026-07-25 11:57:23,604 [INFO] ADCParametersView:116 -                Rank 3 : false
2026-07-25 11:57:23,605 [INFO] ADCParametersView:116 -                Rank 4 : false
2026-07-25 11:57:23,605 [INFO] ADCParametersView:116 -                Rank 2 : false
2026-07-25 11:57:23,605 [INFO] ADCParametersView:116 -                Rank 3 : false
2026-07-25 11:57:23,605 [INFO] ADCParametersView:116 -                Rank 4 : false
2026-07-25 11:57:23,605 [INFO] ADCParametersView:116 -                Rank 3 : false
2026-07-25 11:57:23,605 [INFO] ADCParametersView:116 -                Rank 4 : false
2026-07-25 11:57:23,605 [INFO] ADCParametersView:116 -                Rank 4 : false
2026-07-25 11:57:23,628 [INFO] ADCParametersView:116 -                Rank 1 : false
2026-07-25 11:57:23,628 [INFO] ADCParametersView:116 -                Rank 1 : false
2026-07-25 11:57:23,628 [INFO] ADCParametersView:116 -                Rank 2 : false
2026-07-25 11:57:23,629 [INFO] ADCParametersView:116 -                Rank 1 : false
2026-07-25 11:57:23,629 [INFO] ADCParametersView:116 -                Rank 2 : false
2026-07-25 11:57:23,629 [INFO] ADCParametersView:116 -                Rank 3 : false
2026-07-25 11:57:23,629 [INFO] ADCParametersView:116 -                Rank 1 : false
2026-07-25 11:57:23,629 [INFO] ADCParametersView:116 -                Rank 2 : false
2026-07-25 11:57:23,629 [INFO] ADCParametersView:116 -                Rank 3 : false
2026-07-25 11:57:23,629 [INFO] ADCParametersView:116 -                Rank 4 : false
2026-07-25 11:57:25,830 [INFO] ADCParametersView:116 -                Rank 1 : false
2026-07-25 11:57:25,830 [INFO] ADCParametersView:116 -                Rank 2 : false
2026-07-25 11:57:25,830 [INFO] ADCParametersView:116 -                Rank 3 : false
2026-07-25 11:57:25,830 [INFO] ADCParametersView:116 -                Rank 4 : false
2026-07-25 11:57:25,832 [INFO] ADCParametersView:116 -                Rank 1 : false
2026-07-25 11:57:25,832 [INFO] ADCParametersView:116 -                Rank 2 : false
2026-07-25 11:57:25,832 [INFO] ADCParametersView:116 -                Rank 3 : false
2026-07-25 11:57:25,832 [INFO] ADCParametersView:116 -                Rank 4 : false
2026-07-25 11:57:25,832 [INFO] ADCParametersView:116 -                Rank 1 : false
2026-07-25 11:57:25,832 [INFO] ADCParametersView:116 -                Rank 2 : false
2026-07-25 11:57:25,832 [INFO] ADCParametersView:116 -                Rank 3 : false
2026-07-25 11:57:25,832 [INFO] ADCParametersView:116 -                Rank 4 : false
2026-07-25 11:57:25,832 [INFO] ADCParametersView:116 -                Rank 1 : false
2026-07-25 11:57:25,832 [INFO] ADCParametersView:116 -                Rank 2 : false
2026-07-25 11:57:25,832 [INFO] ADCParametersView:116 -                Rank 3 : false
2026-07-25 11:57:25,832 [INFO] ADCParametersView:116 -                Rank 4 : false
2026-07-25 11:57:25,832 [INFO] ADCParametersView:116 -                Rank 1 : false
2026-07-25 11:57:25,832 [INFO] ADCParametersView:116 -                Rank 2 : false
2026-07-25 11:57:25,832 [INFO] ADCParametersView:116 -                Rank 3 : false
2026-07-25 11:57:25,832 [INFO] ADCParametersView:116 -                Rank 4 : false
2026-07-25 11:57:25,832 [INFO] ADCParametersView:116 -                Rank 1 : false
2026-07-25 11:57:25,832 [INFO] ADCParametersView:116 -                Rank 2 : false
2026-07-25 11:57:25,832 [INFO] ADCParametersView:116 -                Rank 3 : false
2026-07-25 11:57:25,832 [INFO] ADCParametersView:116 -                Rank 4 : false
2026-07-25 11:57:25,832 [INFO] ADCParametersView:116 -                Rank 1 : false
2026-07-25 11:57:25,832 [INFO] ADCParametersView:116 -                Rank 2 : false
2026-07-25 11:57:25,832 [INFO] ADCParametersView:116 -                Rank 3 : false
2026-07-25 11:57:25,832 [INFO] ADCParametersView:116 -                Rank 4 : false
2026-07-25 11:57:25,832 [INFO] ADCParametersView:116 -                Rank 1 : false
2026-07-25 11:57:25,832 [INFO] ADCParametersView:116 -                Rank 2 : false
2026-07-25 11:57:25,832 [INFO] ADCParametersView:116 -                Rank 3 : false
2026-07-25 11:57:25,832 [INFO] ADCParametersView:116 -                Rank 4 : false
2026-07-25 11:57:25,832 [INFO] ADCParametersView:116 -                Rank 1 : false
2026-07-25 11:57:25,832 [INFO] ADCParametersView:116 -                Rank 2 : false
2026-07-25 11:57:25,832 [INFO] ADCParametersView:116 -                Rank 3 : false
2026-07-25 11:57:25,832 [INFO] ADCParametersView:116 -                Rank 4 : false
2026-07-25 11:57:25,832 [INFO] ADCParametersView:116 -                Rank 1 : false
2026-07-25 11:57:25,832 [INFO] ADCParametersView:116 -                Rank 2 : false
2026-07-25 11:57:25,832 [INFO] ADCParametersView:116 -                Rank 3 : false
2026-07-25 11:57:25,832 [INFO] ADCParametersView:116 -                Rank 4 : false
2026-07-25 11:57:25,832 [INFO] ADCParametersView:116 -                Rank 1 : false
2026-07-25 11:57:25,832 [INFO] ADCParametersView:116 -                Rank 2 : false
2026-07-25 11:57:25,832 [INFO] ADCParametersView:116 -                Rank 3 : false
2026-07-25 11:57:25,832 [INFO] ADCParametersView:116 -                Rank 4 : false
2026-07-25 11:57:25,832 [INFO] ADCParametersView:116 -                Rank 1 : false
2026-07-25 11:57:25,832 [INFO] ADCParametersView:116 -                Rank 2 : false
2026-07-25 11:57:25,832 [INFO] ADCParametersView:116 -                Rank 3 : false
2026-07-25 11:57:25,832 [INFO] ADCParametersView:116 -                Rank 4 : false
2026-07-25 11:57:25,832 [INFO] ADCParametersView:116 -                Rank 1 : false
2026-07-25 11:57:25,832 [INFO] ADCParametersView:116 -                Rank 2 : false
2026-07-25 11:57:25,832 [INFO] ADCParametersView:116 -                Rank 3 : false
2026-07-25 11:57:25,832 [INFO] ADCParametersView:116 -                Rank 4 : false
2026-07-25 11:57:25,832 [INFO] ADCParametersView:116 -                Rank 1 : false
2026-07-25 11:57:25,832 [INFO] ADCParametersView:116 -                Rank 2 : false
2026-07-25 11:57:25,834 [INFO] ADCParametersView:116 -                Rank 3 : false
2026-07-25 11:57:25,834 [INFO] ADCParametersView:116 -                Rank 4 : false
2026-07-25 11:57:25,834 [INFO] ADCParametersView:116 -                Rank 2 : false
2026-07-25 11:57:25,834 [INFO] ADCParametersView:116 -                Rank 3 : false
2026-07-25 11:57:25,834 [INFO] ADCParametersView:116 -                Rank 4 : false
2026-07-25 11:57:25,834 [INFO] ADCParametersView:116 -                Rank 3 : false
2026-07-25 11:57:25,834 [INFO] ADCParametersView:116 -                Rank 4 : false
2026-07-25 11:57:25,834 [INFO] ADCParametersView:116 -                Rank 4 : false
2026-07-25 11:57:25,853 [INFO] ADCParametersView:116 -                Rank 1 : false
2026-07-25 11:57:25,853 [INFO] ADCParametersView:116 -                Rank 1 : false
2026-07-25 11:57:25,853 [INFO] ADCParametersView:116 -                Rank 2 : false
2026-07-25 11:57:25,853 [INFO] ADCParametersView:116 -                Rank 1 : false
2026-07-25 11:57:25,853 [INFO] ADCParametersView:116 -                Rank 2 : false
2026-07-25 11:57:25,853 [INFO] ADCParametersView:116 -                Rank 3 : false
2026-07-25 11:57:25,853 [INFO] ADCParametersView:116 -                Rank 1 : false
2026-07-25 11:57:25,853 [INFO] ADCParametersView:116 -                Rank 2 : false
2026-07-25 11:57:25,853 [INFO] ADCParametersView:116 -                Rank 3 : false
2026-07-25 11:57:25,853 [INFO] ADCParametersView:116 -                Rank 4 : false
2026-07-25 11:57:25,885 [INFO] ADCParametersView:116 -                Rank 1 : false
2026-07-25 11:57:25,885 [INFO] ADCParametersView:116 -                Rank 2 : false
2026-07-25 11:57:25,885 [INFO] ADCParametersView:116 -                Rank 3 : false
2026-07-25 11:57:25,885 [INFO] ADCParametersView:116 -                Rank 4 : false
2026-07-25 11:57:25,885 [INFO] ADCParametersView:116 -                Rank 1 : false
2026-07-25 11:57:25,885 [INFO] ADCParametersView:116 -                Rank 2 : false
2026-07-25 11:57:25,885 [INFO] ADCParametersView:116 -                Rank 3 : false
2026-07-25 11:57:25,885 [INFO] ADCParametersView:116 -                Rank 4 : false
2026-07-25 11:57:25,885 [INFO] ADCParametersView:116 -                Rank 1 : false
2026-07-25 11:57:25,885 [INFO] ADCParametersView:116 -                Rank 2 : false
2026-07-25 11:57:25,885 [INFO] ADCParametersView:116 -                Rank 3 : false
2026-07-25 11:57:25,885 [INFO] ADCParametersView:116 -                Rank 4 : false
2026-07-25 11:57:25,885 [INFO] ADCParametersView:116 -                Rank 1 : false
2026-07-25 11:57:25,885 [INFO] ADCParametersView:116 -                Rank 2 : false
2026-07-25 11:57:25,885 [INFO] ADCParametersView:116 -                Rank 3 : false
2026-07-25 11:57:25,885 [INFO] ADCParametersView:116 -                Rank 4 : false
2026-07-25 11:57:25,885 [INFO] ADCParametersView:116 -                Rank 1 : false
2026-07-25 11:57:25,885 [INFO] ADCParametersView:116 -                Rank 2 : false
2026-07-25 11:57:25,885 [INFO] ADCParametersView:116 -                Rank 3 : false
2026-07-25 11:57:25,885 [INFO] ADCParametersView:116 -                Rank 4 : false
2026-07-25 11:57:25,885 [INFO] ADCParametersView:116 -                Rank 1 : false
2026-07-25 11:57:25,885 [INFO] ADCParametersView:116 -                Rank 2 : false
2026-07-25 11:57:25,885 [INFO] ADCParametersView:116 -                Rank 3 : false
2026-07-25 11:57:25,885 [INFO] ADCParametersView:116 -                Rank 4 : false
2026-07-25 11:57:25,885 [INFO] ADCParametersView:116 -                Rank 1 : false
2026-07-25 11:57:25,885 [INFO] ADCParametersView:116 -                Rank 2 : false
2026-07-25 11:57:25,885 [INFO] ADCParametersView:116 -                Rank 3 : false
2026-07-25 11:57:25,885 [INFO] ADCParametersView:116 -                Rank 4 : false
2026-07-25 11:57:25,885 [INFO] ADCParametersView:116 -                Rank 1 : false
2026-07-25 11:57:25,885 [INFO] ADCParametersView:116 -                Rank 2 : false
2026-07-25 11:57:25,885 [INFO] ADCParametersView:116 -                Rank 3 : false
2026-07-25 11:57:25,885 [INFO] ADCParametersView:116 -                Rank 4 : false
2026-07-25 11:57:25,885 [INFO] ADCParametersView:116 -                Rank 1 : false
2026-07-25 11:57:25,885 [INFO] ADCParametersView:116 -                Rank 2 : false
2026-07-25 11:57:25,885 [INFO] ADCParametersView:116 -                Rank 3 : false
2026-07-25 11:57:25,885 [INFO] ADCParametersView:116 -                Rank 4 : false
2026-07-25 11:57:25,885 [INFO] ADCParametersView:116 -                Rank 1 : false
2026-07-25 11:57:25,885 [INFO] ADCParametersView:116 -                Rank 2 : false
2026-07-25 11:57:25,885 [INFO] ADCParametersView:116 -                Rank 3 : false
2026-07-25 11:57:25,885 [INFO] ADCParametersView:116 -                Rank 4 : false
2026-07-25 11:57:25,885 [INFO] ADCParametersView:116 -                Rank 1 : false
2026-07-25 11:57:25,885 [INFO] ADCParametersView:116 -                Rank 2 : false
2026-07-25 11:57:25,885 [INFO] ADCParametersView:116 -                Rank 3 : false
2026-07-25 11:57:25,885 [INFO] ADCParametersView:116 -                Rank 4 : false
2026-07-25 11:57:25,885 [INFO] ADCParametersView:116 -                Rank 1 : false
2026-07-25 11:57:25,885 [INFO] ADCParametersView:116 -                Rank 2 : false
2026-07-25 11:57:25,885 [INFO] ADCParametersView:116 -                Rank 3 : false
2026-07-25 11:57:25,885 [INFO] ADCParametersView:116 -                Rank 4 : false
2026-07-25 11:57:25,885 [INFO] ADCParametersView:116 -                Rank 1 : false
2026-07-25 11:57:25,885 [INFO] ADCParametersView:116 -                Rank 2 : false
2026-07-25 11:57:25,885 [INFO] ADCParametersView:116 -                Rank 3 : false
2026-07-25 11:57:25,885 [INFO] ADCParametersView:116 -                Rank 4 : false
2026-07-25 11:57:25,885 [INFO] ADCParametersView:116 -                Rank 1 : false
2026-07-25 11:57:25,885 [INFO] ADCParametersView:116 -                Rank 2 : false
2026-07-25 11:57:25,885 [INFO] ADCParametersView:116 -                Rank 3 : false
2026-07-25 11:57:25,885 [INFO] ADCParametersView:116 -                Rank 4 : false
2026-07-25 11:57:25,885 [INFO] ADCParametersView:116 -                Rank 2 : false
2026-07-25 11:57:25,885 [INFO] ADCParametersView:116 -                Rank 3 : false
2026-07-25 11:57:25,885 [INFO] ADCParametersView:116 -                Rank 4 : false
2026-07-25 11:57:25,885 [INFO] ADCParametersView:116 -                Rank 3 : false
2026-07-25 11:57:25,885 [INFO] ADCParametersView:116 -                Rank 4 : false
2026-07-25 11:57:25,885 [INFO] ADCParametersView:116 -                Rank 4 : false
2026-07-25 11:57:25,916 [INFO] ADCParametersView:116 -                Rank 1 : false
2026-07-25 11:57:25,916 [INFO] ADCParametersView:116 -                Rank 1 : false
2026-07-25 11:57:25,916 [INFO] ADCParametersView:116 -                Rank 2 : false
2026-07-25 11:57:25,916 [INFO] ADCParametersView:116 -                Rank 1 : false
2026-07-25 11:57:25,916 [INFO] ADCParametersView:116 -                Rank 2 : false
2026-07-25 11:57:25,916 [INFO] ADCParametersView:116 -                Rank 3 : false
2026-07-25 11:57:25,916 [INFO] ADCParametersView:116 -                Rank 1 : false
2026-07-25 11:57:25,917 [INFO] ADCParametersView:116 -                Rank 2 : false
2026-07-25 11:57:25,917 [INFO] ADCParametersView:116 -                Rank 3 : false
2026-07-25 11:57:25,917 [INFO] ADCParametersView:116 -                Rank 4 : false
2026-07-25 11:57:25,998 [INFO] ADCParametersView:116 -                Rank 1 : false
2026-07-25 11:57:25,998 [INFO] ADCParametersView:116 -                Rank 2 : false
2026-07-25 11:57:25,998 [INFO] ADCParametersView:116 -                Rank 3 : false
2026-07-25 11:57:25,998 [INFO] ADCParametersView:116 -                Rank 4 : false
2026-07-25 11:57:25,998 [INFO] ADCParametersView:116 -                Rank 1 : false
2026-07-25 11:57:25,998 [INFO] ADCParametersView:116 -                Rank 2 : false
2026-07-25 11:57:25,998 [INFO] ADCParametersView:116 -                Rank 3 : false
2026-07-25 11:57:25,998 [INFO] ADCParametersView:116 -                Rank 4 : false
2026-07-25 11:57:25,998 [INFO] ADCParametersView:116 -                Rank 1 : false
2026-07-25 11:57:25,998 [INFO] ADCParametersView:116 -                Rank 2 : false
2026-07-25 11:57:25,998 [INFO] ADCParametersView:116 -                Rank 3 : false
2026-07-25 11:57:25,998 [INFO] ADCParametersView:116 -                Rank 4 : false
2026-07-25 11:57:25,998 [INFO] ADCParametersView:116 -                Rank 1 : false
2026-07-25 11:57:25,998 [INFO] ADCParametersView:116 -                Rank 2 : false
2026-07-25 11:57:25,998 [INFO] ADCParametersView:116 -                Rank 3 : false
2026-07-25 11:57:25,998 [INFO] ADCParametersView:116 -                Rank 4 : false
2026-07-25 11:57:25,998 [INFO] ADCParametersView:116 -                Rank 1 : false
2026-07-25 11:57:25,998 [INFO] ADCParametersView:116 -                Rank 2 : false
2026-07-25 11:57:25,998 [INFO] ADCParametersView:116 -                Rank 3 : false
2026-07-25 11:57:25,998 [INFO] ADCParametersView:116 -                Rank 4 : false
2026-07-25 11:57:25,998 [INFO] ADCParametersView:116 -                Rank 1 : false
2026-07-25 11:57:25,998 [INFO] ADCParametersView:116 -                Rank 2 : false
2026-07-25 11:57:25,998 [INFO] ADCParametersView:116 -                Rank 3 : false
2026-07-25 11:57:25,998 [INFO] ADCParametersView:116 -                Rank 4 : false
2026-07-25 11:57:25,998 [INFO] ADCParametersView:116 -                Rank 1 : false
2026-07-25 11:57:25,998 [INFO] ADCParametersView:116 -                Rank 2 : false
2026-07-25 11:57:25,998 [INFO] ADCParametersView:116 -                Rank 3 : false
2026-07-25 11:57:25,998 [INFO] ADCParametersView:116 -                Rank 4 : false
2026-07-25 11:57:25,998 [INFO] ADCParametersView:116 -                Rank 1 : false
2026-07-25 11:57:25,998 [INFO] ADCParametersView:116 -                Rank 2 : false
2026-07-25 11:57:25,998 [INFO] ADCParametersView:116 -                Rank 3 : false
2026-07-25 11:57:25,998 [INFO] ADCParametersView:116 -                Rank 4 : false
2026-07-25 11:57:25,998 [INFO] ADCParametersView:116 -                Rank 1 : false
2026-07-25 11:57:25,998 [INFO] ADCParametersView:116 -                Rank 2 : false
2026-07-25 11:57:25,998 [INFO] ADCParametersView:116 -                Rank 3 : false
2026-07-25 11:57:25,998 [INFO] ADCParametersView:116 -                Rank 4 : false
2026-07-25 11:57:25,998 [INFO] ADCParametersView:116 -                Rank 1 : false
2026-07-25 11:57:25,998 [INFO] ADCParametersView:116 -                Rank 2 : false
2026-07-25 11:57:26,000 [INFO] ADCParametersView:116 -                Rank 3 : false
2026-07-25 11:57:26,000 [INFO] ADCParametersView:116 -                Rank 4 : false
2026-07-25 11:57:26,000 [INFO] ADCParametersView:116 -                Rank 1 : false
2026-07-25 11:57:26,000 [INFO] ADCParametersView:116 -                Rank 2 : false
2026-07-25 11:57:26,000 [INFO] ADCParametersView:116 -                Rank 3 : false
2026-07-25 11:57:26,000 [INFO] ADCParametersView:116 -                Rank 4 : false
2026-07-25 11:57:26,000 [INFO] ADCParametersView:116 -                Rank 1 : false
2026-07-25 11:57:26,000 [INFO] ADCParametersView:116 -                Rank 2 : false
2026-07-25 11:57:26,000 [INFO] ADCParametersView:116 -                Rank 3 : false
2026-07-25 11:57:26,000 [INFO] ADCParametersView:116 -                Rank 4 : false
2026-07-25 11:57:26,000 [INFO] ADCParametersView:116 -                Rank 1 : false
2026-07-25 11:57:26,000 [INFO] ADCParametersView:116 -                Rank 2 : false
2026-07-25 11:57:26,000 [INFO] ADCParametersView:116 -                Rank 3 : false
2026-07-25 11:57:26,000 [INFO] ADCParametersView:116 -                Rank 4 : false
2026-07-25 11:57:26,000 [INFO] ADCParametersView:116 -                Rank 1 : false
2026-07-25 11:57:26,000 [INFO] ADCParametersView:116 -                Rank 2 : false
2026-07-25 11:57:26,000 [INFO] ADCParametersView:116 -                Rank 3 : false
2026-07-25 11:57:26,000 [INFO] ADCParametersView:116 -                Rank 4 : false
2026-07-25 11:57:26,000 [INFO] ADCParametersView:116 -                Rank 2 : false
2026-07-25 11:57:26,000 [INFO] ADCParametersView:116 -                Rank 3 : false
2026-07-25 11:57:26,000 [INFO] ADCParametersView:116 -                Rank 4 : false
2026-07-25 11:57:26,000 [INFO] ADCParametersView:116 -                Rank 3 : false
2026-07-25 11:57:26,000 [INFO] ADCParametersView:116 -                Rank 4 : false
2026-07-25 11:57:26,000 [INFO] ADCParametersView:116 -                Rank 4 : false
2026-07-25 11:57:26,016 [INFO] ADCParametersView:116 -                Rank 1 : false
2026-07-25 11:57:26,018 [INFO] ADCParametersView:116 -                Rank 1 : false
2026-07-25 11:57:26,018 [INFO] ADCParametersView:116 -                Rank 2 : false
2026-07-25 11:57:26,018 [INFO] ADCParametersView:116 -                Rank 1 : false
2026-07-25 11:57:26,018 [INFO] ADCParametersView:116 -                Rank 2 : false
2026-07-25 11:57:26,018 [INFO] ADCParametersView:116 -                Rank 3 : false
2026-07-25 11:57:26,018 [INFO] ADCParametersView:116 -                Rank 1 : false
2026-07-25 11:57:26,018 [INFO] ADCParametersView:116 -                Rank 2 : false
2026-07-25 11:57:26,018 [INFO] ADCParametersView:116 -                Rank 3 : false
2026-07-25 11:57:26,018 [INFO] ADCParametersView:116 -                Rank 4 : false
2026-07-25 11:57:26,050 [INFO] ADCParametersView:116 -                Rank 1 : false
2026-07-25 11:57:26,050 [INFO] ADCParametersView:116 -                Rank 2 : false
2026-07-25 11:57:26,050 [INFO] ADCParametersView:116 -                Rank 3 : false
2026-07-25 11:57:26,053 [INFO] ADCParametersView:116 -                Rank 4 : false
2026-07-25 11:57:26,053 [INFO] ADCParametersView:116 -                Rank 1 : false
2026-07-25 11:57:26,053 [INFO] ADCParametersView:116 -                Rank 2 : false
2026-07-25 11:57:26,053 [INFO] ADCParametersView:116 -                Rank 3 : false
2026-07-25 11:57:26,053 [INFO] ADCParametersView:116 -                Rank 4 : false
2026-07-25 11:57:26,053 [INFO] ADCParametersView:116 -                Rank 1 : false
2026-07-25 11:57:26,053 [INFO] ADCParametersView:116 -                Rank 2 : false
2026-07-25 11:57:26,053 [INFO] ADCParametersView:116 -                Rank 3 : false
2026-07-25 11:57:26,053 [INFO] ADCParametersView:116 -                Rank 4 : false
2026-07-25 11:57:26,053 [INFO] ADCParametersView:116 -                Rank 1 : false
2026-07-25 11:57:26,053 [INFO] ADCParametersView:116 -                Rank 2 : false
2026-07-25 11:57:26,053 [INFO] ADCParametersView:116 -                Rank 3 : false
2026-07-25 11:57:26,053 [INFO] ADCParametersView:116 -                Rank 4 : false
2026-07-25 11:57:26,053 [INFO] ADCParametersView:116 -                Rank 1 : false
2026-07-25 11:57:26,053 [INFO] ADCParametersView:116 -                Rank 2 : false
2026-07-25 11:57:26,053 [INFO] ADCParametersView:116 -                Rank 3 : false
2026-07-25 11:57:26,053 [INFO] ADCParametersView:116 -                Rank 4 : false
2026-07-25 11:57:26,053 [INFO] ADCParametersView:116 -                Rank 1 : false
2026-07-25 11:57:26,053 [INFO] ADCParametersView:116 -                Rank 2 : false
2026-07-25 11:57:26,053 [INFO] ADCParametersView:116 -                Rank 3 : false
2026-07-25 11:57:26,053 [INFO] ADCParametersView:116 -                Rank 4 : false
2026-07-25 11:57:26,053 [INFO] ADCParametersView:116 -                Rank 1 : false
2026-07-25 11:57:26,053 [INFO] ADCParametersView:116 -                Rank 2 : false
2026-07-25 11:57:26,053 [INFO] ADCParametersView:116 -                Rank 3 : false
2026-07-25 11:57:26,053 [INFO] ADCParametersView:116 -                Rank 4 : false
2026-07-25 11:57:26,053 [INFO] ADCParametersView:116 -                Rank 1 : false
2026-07-25 11:57:26,053 [INFO] ADCParametersView:116 -                Rank 2 : false
2026-07-25 11:57:26,053 [INFO] ADCParametersView:116 -                Rank 3 : false
2026-07-25 11:57:26,053 [INFO] ADCParametersView:116 -                Rank 4 : false
2026-07-25 11:57:26,053 [INFO] ADCParametersView:116 -                Rank 1 : false
2026-07-25 11:57:26,053 [INFO] ADCParametersView:116 -                Rank 2 : false
2026-07-25 11:57:26,053 [INFO] ADCParametersView:116 -                Rank 3 : false
2026-07-25 11:57:26,053 [INFO] ADCParametersView:116 -                Rank 4 : false
2026-07-25 11:57:26,053 [INFO] ADCParametersView:116 -                Rank 1 : false
2026-07-25 11:57:26,053 [INFO] ADCParametersView:116 -                Rank 2 : false
2026-07-25 11:57:26,053 [INFO] ADCParametersView:116 -                Rank 3 : false
2026-07-25 11:57:26,053 [INFO] ADCParametersView:116 -                Rank 4 : false
2026-07-25 11:57:26,053 [INFO] ADCParametersView:116 -                Rank 1 : false
2026-07-25 11:57:26,053 [INFO] ADCParametersView:116 -                Rank 2 : false
2026-07-25 11:57:26,053 [INFO] ADCParametersView:116 -                Rank 3 : false
2026-07-25 11:57:26,053 [INFO] ADCParametersView:116 -                Rank 4 : false
2026-07-25 11:57:26,053 [INFO] ADCParametersView:116 -                Rank 1 : false
2026-07-25 11:57:26,053 [INFO] ADCParametersView:116 -                Rank 2 : false
2026-07-25 11:57:26,053 [INFO] ADCParametersView:116 -                Rank 3 : false
2026-07-25 11:57:26,053 [INFO] ADCParametersView:116 -                Rank 4 : false
2026-07-25 11:57:26,053 [INFO] ADCParametersView:116 -                Rank 1 : false
2026-07-25 11:57:26,053 [INFO] ADCParametersView:116 -                Rank 2 : false
2026-07-25 11:57:26,053 [INFO] ADCParametersView:116 -                Rank 3 : false
2026-07-25 11:57:26,053 [INFO] ADCParametersView:116 -                Rank 4 : false
2026-07-25 11:57:26,053 [INFO] ADCParametersView:116 -                Rank 1 : false
2026-07-25 11:57:26,053 [INFO] ADCParametersView:116 -                Rank 2 : false
2026-07-25 11:57:26,053 [INFO] ADCParametersView:116 -                Rank 3 : false
2026-07-25 11:57:26,053 [INFO] ADCParametersView:116 -                Rank 4 : false
2026-07-25 11:57:26,053 [INFO] ADCParametersView:116 -                Rank 2 : false
2026-07-25 11:57:26,053 [INFO] ADCParametersView:116 -                Rank 3 : false
2026-07-25 11:57:26,053 [INFO] ADCParametersView:116 -                Rank 4 : false
2026-07-25 11:57:26,053 [INFO] ADCParametersView:116 -                Rank 3 : false
2026-07-25 11:57:26,053 [INFO] ADCParametersView:116 -                Rank 4 : false
2026-07-25 11:57:26,053 [INFO] ADCParametersView:116 -                Rank 4 : false
2026-07-25 11:57:26,063 [INFO] ADCParametersView:116 -                Rank 1 : false
2026-07-25 11:57:26,063 [INFO] ADCParametersView:116 -                Rank 1 : false
2026-07-25 11:57:26,063 [INFO] ADCParametersView:116 -                Rank 2 : false
2026-07-25 11:57:26,063 [INFO] ADCParametersView:116 -                Rank 1 : false
2026-07-25 11:57:26,063 [INFO] ADCParametersView:116 -                Rank 2 : false
2026-07-25 11:57:26,063 [INFO] ADCParametersView:116 -                Rank 3 : false
2026-07-25 11:57:26,063 [INFO] ADCParametersView:116 -                Rank 1 : false
2026-07-25 11:57:26,063 [INFO] ADCParametersView:116 -                Rank 2 : false
2026-07-25 11:57:26,063 [INFO] ADCParametersView:116 -                Rank 3 : false
2026-07-25 11:57:26,063 [INFO] ADCParametersView:116 -                Rank 4 : false
2026-07-25 11:57:27,150 [INFO] ADCParametersView:116 -                Rank 1 : false
2026-07-25 11:57:27,150 [INFO] ADCParametersView:116 -                Rank 2 : false
2026-07-25 11:57:27,150 [INFO] ADCParametersView:116 -                Rank 3 : false
2026-07-25 11:57:27,150 [INFO] ADCParametersView:116 -                Rank 4 : false
2026-07-25 11:57:27,151 [INFO] ADCParametersView:116 -                Rank 1 : false
2026-07-25 11:57:27,151 [INFO] ADCParametersView:116 -                Rank 2 : false
2026-07-25 11:57:27,151 [INFO] ADCParametersView:116 -                Rank 3 : false
2026-07-25 11:57:27,151 [INFO] ADCParametersView:116 -                Rank 4 : false
2026-07-25 11:57:27,151 [INFO] ADCParametersView:116 -                Rank 1 : false
2026-07-25 11:57:27,151 [INFO] ADCParametersView:116 -                Rank 2 : false
2026-07-25 11:57:27,151 [INFO] ADCParametersView:116 -                Rank 3 : false
2026-07-25 11:57:27,151 [INFO] ADCParametersView:116 -                Rank 4 : false
2026-07-25 11:57:27,151 [INFO] ADCParametersView:116 -                Rank 1 : false
2026-07-25 11:57:27,151 [INFO] ADCParametersView:116 -                Rank 2 : false
2026-07-25 11:57:27,151 [INFO] ADCParametersView:116 -                Rank 3 : false
2026-07-25 11:57:27,151 [INFO] ADCParametersView:116 -                Rank 4 : false
2026-07-25 11:57:27,151 [INFO] ADCParametersView:116 -                Rank 1 : false
2026-07-25 11:57:27,151 [INFO] ADCParametersView:116 -                Rank 2 : false
2026-07-25 11:57:27,151 [INFO] ADCParametersView:116 -                Rank 3 : false
2026-07-25 11:57:27,151 [INFO] ADCParametersView:116 -                Rank 4 : false
2026-07-25 11:57:27,151 [INFO] ADCParametersView:116 -                Rank 1 : false
2026-07-25 11:57:27,151 [INFO] ADCParametersView:116 -                Rank 2 : false
2026-07-25 11:57:27,151 [INFO] ADCParametersView:116 -                Rank 3 : false
2026-07-25 11:57:27,151 [INFO] ADCParametersView:116 -                Rank 4 : false
2026-07-25 11:57:27,151 [INFO] ADCParametersView:116 -                Rank 1 : false
2026-07-25 11:57:27,151 [INFO] ADCParametersView:116 -                Rank 2 : false
2026-07-25 11:57:27,151 [INFO] ADCParametersView:116 -                Rank 3 : false
2026-07-25 11:57:27,151 [INFO] ADCParametersView:116 -                Rank 4 : false
2026-07-25 11:57:27,151 [INFO] ADCParametersView:116 -                Rank 1 : false
2026-07-25 11:57:27,151 [INFO] ADCParametersView:116 -                Rank 2 : false
2026-07-25 11:57:27,151 [INFO] ADCParametersView:116 -                Rank 3 : false
2026-07-25 11:57:27,151 [INFO] ADCParametersView:116 -                Rank 4 : false
2026-07-25 11:57:27,151 [INFO] ADCParametersView:116 -                Rank 1 : false
2026-07-25 11:57:27,151 [INFO] ADCParametersView:116 -                Rank 2 : false
2026-07-25 11:57:27,151 [INFO] ADCParametersView:116 -                Rank 3 : false
2026-07-25 11:57:27,151 [INFO] ADCParametersView:116 -                Rank 4 : false
2026-07-25 11:57:27,151 [INFO] ADCParametersView:116 -                Rank 1 : false
2026-07-25 11:57:27,151 [INFO] ADCParametersView:116 -                Rank 2 : false
2026-07-25 11:57:27,151 [INFO] ADCParametersView:116 -                Rank 3 : false
2026-07-25 11:57:27,151 [INFO] ADCParametersView:116 -                Rank 4 : false
2026-07-25 11:57:27,151 [INFO] ADCParametersView:116 -                Rank 1 : false
2026-07-25 11:57:27,151 [INFO] ADCParametersView:116 -                Rank 2 : false
2026-07-25 11:57:27,151 [INFO] ADCParametersView:116 -                Rank 3 : false
2026-07-25 11:57:27,151 [INFO] ADCParametersView:116 -                Rank 4 : false
2026-07-25 11:57:27,151 [INFO] ADCParametersView:116 -                Rank 1 : false
2026-07-25 11:57:27,151 [INFO] ADCParametersView:116 -                Rank 2 : false
2026-07-25 11:57:27,151 [INFO] ADCParametersView:116 -                Rank 3 : false
2026-07-25 11:57:27,151 [INFO] ADCParametersView:116 -                Rank 4 : false
2026-07-25 11:57:27,151 [INFO] ADCParametersView:116 -                Rank 1 : false
2026-07-25 11:57:27,151 [INFO] ADCParametersView:116 -                Rank 2 : false
2026-07-25 11:57:27,151 [INFO] ADCParametersView:116 -                Rank 3 : false
2026-07-25 11:57:27,151 [INFO] ADCParametersView:116 -                Rank 4 : false
2026-07-25 11:57:27,151 [INFO] ADCParametersView:116 -                Rank 1 : false
2026-07-25 11:57:27,151 [INFO] ADCParametersView:116 -                Rank 2 : false
2026-07-25 11:57:27,151 [INFO] ADCParametersView:116 -                Rank 3 : false
2026-07-25 11:57:27,151 [INFO] ADCParametersView:116 -                Rank 4 : false
2026-07-25 11:57:27,152 [INFO] ADCParametersView:116 -                Rank 2 : false
2026-07-25 11:57:27,152 [INFO] ADCParametersView:116 -                Rank 3 : false
2026-07-25 11:57:27,152 [INFO] ADCParametersView:116 -                Rank 4 : false
2026-07-25 11:57:27,152 [INFO] ADCParametersView:116 -                Rank 3 : false
2026-07-25 11:57:27,152 [INFO] ADCParametersView:116 -                Rank 4 : false
2026-07-25 11:57:27,152 [INFO] ADCParametersView:116 -                Rank 4 : false
2026-07-25 11:57:27,170 [INFO] ADCParametersView:116 -                Rank 1 : false
2026-07-25 11:57:27,170 [INFO] ADCParametersView:116 -                Rank 1 : false
2026-07-25 11:57:27,170 [INFO] ADCParametersView:116 -                Rank 2 : false
2026-07-25 11:57:27,170 [INFO] ADCParametersView:116 -                Rank 1 : false
2026-07-25 11:57:27,170 [INFO] ADCParametersView:116 -                Rank 2 : false
2026-07-25 11:57:27,170 [INFO] ADCParametersView:116 -                Rank 3 : false
2026-07-25 11:57:27,171 [INFO] ADCParametersView:116 -                Rank 1 : false
2026-07-25 11:57:27,171 [INFO] ADCParametersView:116 -                Rank 2 : false
2026-07-25 11:57:27,171 [INFO] ADCParametersView:116 -                Rank 3 : false
2026-07-25 11:57:27,171 [INFO] ADCParametersView:116 -                Rank 4 : false
2026-07-25 11:57:27,206 [INFO] ADCParametersView:116 -                Rank 1 : false
2026-07-25 11:57:27,206 [INFO] ADCParametersView:116 -                Rank 2 : false
2026-07-25 11:57:27,206 [INFO] ADCParametersView:116 -                Rank 3 : false
2026-07-25 11:57:27,206 [INFO] ADCParametersView:116 -                Rank 4 : false
2026-07-25 11:57:27,206 [INFO] ADCParametersView:116 -                Rank 1 : false
2026-07-25 11:57:27,207 [INFO] ADCParametersView:116 -                Rank 2 : false
2026-07-25 11:57:27,207 [INFO] ADCParametersView:116 -                Rank 3 : false
2026-07-25 11:57:27,207 [INFO] ADCParametersView:116 -                Rank 4 : false
2026-07-25 11:57:27,207 [INFO] ADCParametersView:116 -                Rank 1 : false
2026-07-25 11:57:27,207 [INFO] ADCParametersView:116 -                Rank 2 : false
2026-07-25 11:57:27,207 [INFO] ADCParametersView:116 -                Rank 3 : false
2026-07-25 11:57:27,207 [INFO] ADCParametersView:116 -                Rank 4 : false
2026-07-25 11:57:27,207 [INFO] ADCParametersView:116 -                Rank 1 : false
2026-07-25 11:57:27,207 [INFO] ADCParametersView:116 -                Rank 2 : false
2026-07-25 11:57:27,207 [INFO] ADCParametersView:116 -                Rank 3 : false
2026-07-25 11:57:27,207 [INFO] ADCParametersView:116 -                Rank 4 : false
2026-07-25 11:57:27,207 [INFO] ADCParametersView:116 -                Rank 1 : false
2026-07-25 11:57:27,207 [INFO] ADCParametersView:116 -                Rank 2 : false
2026-07-25 11:57:27,207 [INFO] ADCParametersView:116 -                Rank 3 : false
2026-07-25 11:57:27,207 [INFO] ADCParametersView:116 -                Rank 4 : false
2026-07-25 11:57:27,207 [INFO] ADCParametersView:116 -                Rank 1 : false
2026-07-25 11:57:27,207 [INFO] ADCParametersView:116 -                Rank 2 : false
2026-07-25 11:57:27,207 [INFO] ADCParametersView:116 -                Rank 3 : false
2026-07-25 11:57:27,207 [INFO] ADCParametersView:116 -                Rank 4 : false
2026-07-25 11:57:27,207 [INFO] ADCParametersView:116 -                Rank 1 : false
2026-07-25 11:57:27,207 [INFO] ADCParametersView:116 -                Rank 2 : false
2026-07-25 11:57:27,207 [INFO] ADCParametersView:116 -                Rank 3 : false
2026-07-25 11:57:27,207 [INFO] ADCParametersView:116 -                Rank 4 : false
2026-07-25 11:57:27,207 [INFO] ADCParametersView:116 -                Rank 1 : false
2026-07-25 11:57:27,207 [INFO] ADCParametersView:116 -                Rank 2 : false
2026-07-25 11:57:27,207 [INFO] ADCParametersView:116 -                Rank 3 : false
2026-07-25 11:57:27,207 [INFO] ADCParametersView:116 -                Rank 4 : false
2026-07-25 11:57:27,207 [INFO] ADCParametersView:116 -                Rank 1 : false
2026-07-25 11:57:27,207 [INFO] ADCParametersView:116 -                Rank 2 : false
2026-07-25 11:57:27,207 [INFO] ADCParametersView:116 -                Rank 3 : false
2026-07-25 11:57:27,207 [INFO] ADCParametersView:116 -                Rank 4 : false
2026-07-25 11:57:27,207 [INFO] ADCParametersView:116 -                Rank 1 : false
2026-07-25 11:57:27,207 [INFO] ADCParametersView:116 -                Rank 2 : false
2026-07-25 11:57:27,208 [INFO] ADCParametersView:116 -                Rank 3 : false
2026-07-25 11:57:27,208 [INFO] ADCParametersView:116 -                Rank 4 : false
2026-07-25 11:57:27,208 [INFO] ADCParametersView:116 -                Rank 1 : false
2026-07-25 11:57:27,208 [INFO] ADCParametersView:116 -                Rank 2 : false
2026-07-25 11:57:27,208 [INFO] ADCParametersView:116 -                Rank 3 : false
2026-07-25 11:57:27,208 [INFO] ADCParametersView:116 -                Rank 4 : false
2026-07-25 11:57:27,208 [INFO] ADCParametersView:116 -                Rank 1 : false
2026-07-25 11:57:27,208 [INFO] ADCParametersView:116 -                Rank 2 : false
2026-07-25 11:57:27,208 [INFO] ADCParametersView:116 -                Rank 3 : false
2026-07-25 11:57:27,208 [INFO] ADCParametersView:116 -                Rank 4 : false
2026-07-25 11:57:27,208 [INFO] ADCParametersView:116 -                Rank 1 : false
2026-07-25 11:57:27,208 [INFO] ADCParametersView:116 -                Rank 2 : false
2026-07-25 11:57:27,208 [INFO] ADCParametersView:116 -                Rank 3 : false
2026-07-25 11:57:27,208 [INFO] ADCParametersView:116 -                Rank 4 : false
2026-07-25 11:57:27,208 [INFO] ADCParametersView:116 -                Rank 1 : false
2026-07-25 11:57:27,208 [INFO] ADCParametersView:116 -                Rank 2 : false
2026-07-25 11:57:27,208 [INFO] ADCParametersView:116 -                Rank 3 : false
2026-07-25 11:57:27,208 [INFO] ADCParametersView:116 -                Rank 4 : false
2026-07-25 11:57:27,208 [INFO] ADCParametersView:116 -                Rank 2 : false
2026-07-25 11:57:27,208 [INFO] ADCParametersView:116 -                Rank 3 : false
2026-07-25 11:57:27,208 [INFO] ADCParametersView:116 -                Rank 4 : false
2026-07-25 11:57:27,208 [INFO] ADCParametersView:116 -                Rank 3 : false
2026-07-25 11:57:27,208 [INFO] ADCParametersView:116 -                Rank 4 : false
2026-07-25 11:57:27,208 [INFO] ADCParametersView:116 -                Rank 4 : false
2026-07-25 11:57:27,226 [INFO] ADCParametersView:116 -                Rank 1 : false
2026-07-25 11:57:27,226 [INFO] ADCParametersView:116 -                Rank 1 : false
2026-07-25 11:57:27,226 [INFO] ADCParametersView:116 -                Rank 2 : false
2026-07-25 11:57:27,226 [INFO] ADCParametersView:116 -                Rank 1 : false
2026-07-25 11:57:27,226 [INFO] ADCParametersView:116 -                Rank 2 : false
2026-07-25 11:57:27,226 [INFO] ADCParametersView:116 -                Rank 3 : false
2026-07-25 11:57:27,227 [INFO] ADCParametersView:116 -                Rank 1 : false
2026-07-25 11:57:27,227 [INFO] ADCParametersView:116 -                Rank 2 : false
2026-07-25 11:57:27,227 [INFO] ADCParametersView:116 -                Rank 3 : false
2026-07-25 11:57:27,227 [INFO] ADCParametersView:116 -                Rank 4 : false
2026-07-25 11:57:27,311 [INFO] ADCParametersView:116 -                Rank 1 : false
2026-07-25 11:57:27,311 [INFO] ADCParametersView:116 -                Rank 2 : false
2026-07-25 11:57:27,311 [INFO] ADCParametersView:116 -                Rank 3 : false
2026-07-25 11:57:27,311 [INFO] ADCParametersView:116 -                Rank 4 : false
2026-07-25 11:57:27,311 [INFO] ADCParametersView:116 -                Rank 1 : false
2026-07-25 11:57:27,311 [INFO] ADCParametersView:116 -                Rank 2 : false
2026-07-25 11:57:27,311 [INFO] ADCParametersView:116 -                Rank 3 : false
2026-07-25 11:57:27,311 [INFO] ADCParametersView:116 -                Rank 4 : false
2026-07-25 11:57:27,311 [INFO] ADCParametersView:116 -                Rank 1 : false
2026-07-25 11:57:27,311 [INFO] ADCParametersView:116 -                Rank 2 : false
2026-07-25 11:57:27,311 [INFO] ADCParametersView:116 -                Rank 3 : false
2026-07-25 11:57:27,311 [INFO] ADCParametersView:116 -                Rank 4 : false
2026-07-25 11:57:27,311 [INFO] ADCParametersView:116 -                Rank 1 : false
2026-07-25 11:57:27,311 [INFO] ADCParametersView:116 -                Rank 2 : false
2026-07-25 11:57:27,311 [INFO] ADCParametersView:116 -                Rank 3 : false
2026-07-25 11:57:27,311 [INFO] ADCParametersView:116 -                Rank 4 : false
2026-07-25 11:57:27,311 [INFO] ADCParametersView:116 -                Rank 1 : false
2026-07-25 11:57:27,311 [INFO] ADCParametersView:116 -                Rank 2 : false
2026-07-25 11:57:27,311 [INFO] ADCParametersView:116 -                Rank 3 : false
2026-07-25 11:57:27,311 [INFO] ADCParametersView:116 -                Rank 4 : false
2026-07-25 11:57:27,312 [INFO] ADCParametersView:116 -                Rank 1 : false
2026-07-25 11:57:27,312 [INFO] ADCParametersView:116 -                Rank 2 : false
2026-07-25 11:57:27,312 [INFO] ADCParametersView:116 -                Rank 3 : false
2026-07-25 11:57:27,312 [INFO] ADCParametersView:116 -                Rank 4 : false
2026-07-25 11:57:27,312 [INFO] ADCParametersView:116 -                Rank 1 : false
2026-07-25 11:57:27,312 [INFO] ADCParametersView:116 -                Rank 2 : false
2026-07-25 11:57:27,312 [INFO] ADCParametersView:116 -                Rank 3 : false
2026-07-25 11:57:27,312 [INFO] ADCParametersView:116 -                Rank 4 : false
2026-07-25 11:57:27,312 [INFO] ADCParametersView:116 -                Rank 1 : false
2026-07-25 11:57:27,312 [INFO] ADCParametersView:116 -                Rank 2 : false
2026-07-25 11:57:27,312 [INFO] ADCParametersView:116 -                Rank 3 : false
2026-07-25 11:57:27,312 [INFO] ADCParametersView:116 -                Rank 4 : false
2026-07-25 11:57:27,312 [INFO] ADCParametersView:116 -                Rank 1 : false
2026-07-25 11:57:27,312 [INFO] ADCParametersView:116 -                Rank 2 : false
2026-07-25 11:57:27,312 [INFO] ADCParametersView:116 -                Rank 3 : false
2026-07-25 11:57:27,312 [INFO] ADCParametersView:116 -                Rank 4 : false
2026-07-25 11:57:27,312 [INFO] ADCParametersView:116 -                Rank 1 : false
2026-07-25 11:57:27,312 [INFO] ADCParametersView:116 -                Rank 2 : false
2026-07-25 11:57:27,312 [INFO] ADCParametersView:116 -                Rank 3 : false
2026-07-25 11:57:27,312 [INFO] ADCParametersView:116 -                Rank 4 : false
2026-07-25 11:57:27,312 [INFO] ADCParametersView:116 -                Rank 1 : false
2026-07-25 11:57:27,312 [INFO] ADCParametersView:116 -                Rank 2 : false
2026-07-25 11:57:27,312 [INFO] ADCParametersView:116 -                Rank 3 : false
2026-07-25 11:57:27,312 [INFO] ADCParametersView:116 -                Rank 4 : false
2026-07-25 11:57:27,312 [INFO] ADCParametersView:116 -                Rank 1 : false
2026-07-25 11:57:27,312 [INFO] ADCParametersView:116 -                Rank 2 : false
2026-07-25 11:57:27,312 [INFO] ADCParametersView:116 -                Rank 3 : false
2026-07-25 11:57:27,312 [INFO] ADCParametersView:116 -                Rank 4 : false
2026-07-25 11:57:27,312 [INFO] ADCParametersView:116 -                Rank 1 : false
2026-07-25 11:57:27,312 [INFO] ADCParametersView:116 -                Rank 2 : false
2026-07-25 11:57:27,312 [INFO] ADCParametersView:116 -                Rank 3 : false
2026-07-25 11:57:27,312 [INFO] ADCParametersView:116 -                Rank 4 : false
2026-07-25 11:57:27,312 [INFO] ADCParametersView:116 -                Rank 1 : false
2026-07-25 11:57:27,312 [INFO] ADCParametersView:116 -                Rank 2 : false
2026-07-25 11:57:27,312 [INFO] ADCParametersView:116 -                Rank 3 : false
2026-07-25 11:57:27,312 [INFO] ADCParametersView:116 -                Rank 4 : false
2026-07-25 11:57:27,312 [INFO] ADCParametersView:116 -                Rank 2 : false
2026-07-25 11:57:27,312 [INFO] ADCParametersView:116 -                Rank 3 : false
2026-07-25 11:57:27,312 [INFO] ADCParametersView:116 -                Rank 4 : false
2026-07-25 11:57:27,312 [INFO] ADCParametersView:116 -                Rank 3 : false
2026-07-25 11:57:27,312 [INFO] ADCParametersView:116 -                Rank 4 : false
2026-07-25 11:57:27,312 [INFO] ADCParametersView:116 -                Rank 4 : false
2026-07-25 11:57:27,329 [INFO] ADCParametersView:116 -                Rank 1 : false
2026-07-25 11:57:27,329 [INFO] ADCParametersView:116 -                Rank 1 : false
2026-07-25 11:57:27,329 [INFO] ADCParametersView:116 -                Rank 2 : false
2026-07-25 11:57:27,329 [INFO] ADCParametersView:116 -                Rank 1 : false
2026-07-25 11:57:27,329 [INFO] ADCParametersView:116 -                Rank 2 : false
2026-07-25 11:57:27,329 [INFO] ADCParametersView:116 -                Rank 3 : false
2026-07-25 11:57:27,329 [INFO] ADCParametersView:116 -                Rank 1 : false
2026-07-25 11:57:27,329 [INFO] ADCParametersView:116 -                Rank 2 : false
2026-07-25 11:57:27,329 [INFO] ADCParametersView:116 -                Rank 3 : false
2026-07-25 11:57:27,329 [INFO] ADCParametersView:116 -                Rank 4 : false
2026-07-25 11:57:27,362 [INFO] ADCParametersView:116 -                Rank 1 : false
2026-07-25 11:57:27,362 [INFO] ADCParametersView:116 -                Rank 2 : false
2026-07-25 11:57:27,362 [INFO] ADCParametersView:116 -                Rank 3 : false
2026-07-25 11:57:27,362 [INFO] ADCParametersView:116 -                Rank 4 : false
2026-07-25 11:57:27,362 [INFO] ADCParametersView:116 -                Rank 1 : false
2026-07-25 11:57:27,362 [INFO] ADCParametersView:116 -                Rank 2 : false
2026-07-25 11:57:27,362 [INFO] ADCParametersView:116 -                Rank 3 : false
2026-07-25 11:57:27,362 [INFO] ADCParametersView:116 -                Rank 4 : false
2026-07-25 11:57:27,362 [INFO] ADCParametersView:116 -                Rank 1 : false
2026-07-25 11:57:27,362 [INFO] ADCParametersView:116 -                Rank 2 : false
2026-07-25 11:57:27,362 [INFO] ADCParametersView:116 -                Rank 3 : false
2026-07-25 11:57:27,362 [INFO] ADCParametersView:116 -                Rank 4 : false
2026-07-25 11:57:27,362 [INFO] ADCParametersView:116 -                Rank 1 : false
2026-07-25 11:57:27,362 [INFO] ADCParametersView:116 -                Rank 2 : false
2026-07-25 11:57:27,362 [INFO] ADCParametersView:116 -                Rank 3 : false
2026-07-25 11:57:27,362 [INFO] ADCParametersView:116 -                Rank 4 : false
2026-07-25 11:57:27,362 [INFO] ADCParametersView:116 -                Rank 1 : false
2026-07-25 11:57:27,362 [INFO] ADCParametersView:116 -                Rank 2 : false
2026-07-25 11:57:27,362 [INFO] ADCParametersView:116 -                Rank 3 : false
2026-07-25 11:57:27,362 [INFO] ADCParametersView:116 -                Rank 4 : false
2026-07-25 11:57:27,362 [INFO] ADCParametersView:116 -                Rank 1 : false
2026-07-25 11:57:27,362 [INFO] ADCParametersView:116 -                Rank 2 : false
2026-07-25 11:57:27,362 [INFO] ADCParametersView:116 -                Rank 3 : false
2026-07-25 11:57:27,362 [INFO] ADCParametersView:116 -                Rank 4 : false
2026-07-25 11:57:27,362 [INFO] ADCParametersView:116 -                Rank 1 : false
2026-07-25 11:57:27,362 [INFO] ADCParametersView:116 -                Rank 2 : false
2026-07-25 11:57:27,362 [INFO] ADCParametersView:116 -                Rank 3 : false
2026-07-25 11:57:27,362 [INFO] ADCParametersView:116 -                Rank 4 : false
2026-07-25 11:57:27,362 [INFO] ADCParametersView:116 -                Rank 1 : false
2026-07-25 11:57:27,362 [INFO] ADCParametersView:116 -                Rank 2 : false
2026-07-25 11:57:27,362 [INFO] ADCParametersView:116 -                Rank 3 : false
2026-07-25 11:57:27,362 [INFO] ADCParametersView:116 -                Rank 4 : false
2026-07-25 11:57:27,362 [INFO] ADCParametersView:116 -                Rank 1 : false
2026-07-25 11:57:27,362 [INFO] ADCParametersView:116 -                Rank 2 : false
2026-07-25 11:57:27,363 [INFO] ADCParametersView:116 -                Rank 3 : false
2026-07-25 11:57:27,363 [INFO] ADCParametersView:116 -                Rank 4 : false
2026-07-25 11:57:27,363 [INFO] ADCParametersView:116 -                Rank 1 : false
2026-07-25 11:57:27,363 [INFO] ADCParametersView:116 -                Rank 2 : false
2026-07-25 11:57:27,363 [INFO] ADCParametersView:116 -                Rank 3 : false
2026-07-25 11:57:27,363 [INFO] ADCParametersView:116 -                Rank 4 : false
2026-07-25 11:57:27,363 [INFO] ADCParametersView:116 -                Rank 1 : false
2026-07-25 11:57:27,363 [INFO] ADCParametersView:116 -                Rank 2 : false
2026-07-25 11:57:27,363 [INFO] ADCParametersView:116 -                Rank 3 : false
2026-07-25 11:57:27,363 [INFO] ADCParametersView:116 -                Rank 4 : false
2026-07-25 11:57:27,363 [INFO] ADCParametersView:116 -                Rank 1 : false
2026-07-25 11:57:27,363 [INFO] ADCParametersView:116 -                Rank 2 : false
2026-07-25 11:57:27,363 [INFO] ADCParametersView:116 -                Rank 3 : false
2026-07-25 11:57:27,363 [INFO] ADCParametersView:116 -                Rank 4 : false
2026-07-25 11:57:27,363 [INFO] ADCParametersView:116 -                Rank 1 : false
2026-07-25 11:57:27,363 [INFO] ADCParametersView:116 -                Rank 2 : false
2026-07-25 11:57:27,363 [INFO] ADCParametersView:116 -                Rank 3 : false
2026-07-25 11:57:27,363 [INFO] ADCParametersView:116 -                Rank 4 : false
2026-07-25 11:57:27,363 [INFO] ADCParametersView:116 -                Rank 1 : false
2026-07-25 11:57:27,363 [INFO] ADCParametersView:116 -                Rank 2 : false
2026-07-25 11:57:27,363 [INFO] ADCParametersView:116 -                Rank 3 : false
2026-07-25 11:57:27,363 [INFO] ADCParametersView:116 -                Rank 4 : false
2026-07-25 11:57:27,363 [INFO] ADCParametersView:116 -                Rank 2 : false
2026-07-25 11:57:27,363 [INFO] ADCParametersView:116 -                Rank 3 : false
2026-07-25 11:57:27,363 [INFO] ADCParametersView:116 -                Rank 4 : false
2026-07-25 11:57:27,363 [INFO] ADCParametersView:116 -                Rank 3 : false
2026-07-25 11:57:27,363 [INFO] ADCParametersView:116 -                Rank 4 : false
2026-07-25 11:57:27,363 [INFO] ADCParametersView:116 -                Rank 4 : false
2026-07-25 11:57:27,379 [INFO] ADCParametersView:116 -                Rank 1 : false
2026-07-25 11:57:27,379 [INFO] ADCParametersView:116 -                Rank 1 : false
2026-07-25 11:57:27,379 [INFO] ADCParametersView:116 -                Rank 2 : false
2026-07-25 11:57:27,380 [INFO] ADCParametersView:116 -                Rank 1 : false
2026-07-25 11:57:27,380 [INFO] ADCParametersView:116 -                Rank 2 : false
2026-07-25 11:57:27,380 [INFO] ADCParametersView:116 -                Rank 3 : false
2026-07-25 11:57:27,380 [INFO] ADCParametersView:116 -                Rank 1 : false
2026-07-25 11:57:27,380 [INFO] ADCParametersView:116 -                Rank 2 : false
2026-07-25 11:57:27,380 [INFO] ADCParametersView:116 -                Rank 3 : false
2026-07-25 11:57:27,380 [INFO] ADCParametersView:116 -                Rank 4 : false
2026-07-25 11:58:08,474 [INFO] ADCParametersView:116 -                Rank 1 : false
2026-07-25 11:58:08,474 [INFO] ADCParametersView:116 -                Rank 2 : false
2026-07-25 11:58:08,474 [INFO] ADCParametersView:116 -                Rank 3 : false
2026-07-25 11:58:08,474 [INFO] ADCParametersView:116 -                Rank 4 : false
2026-07-25 11:58:08,474 [INFO] ADCParametersView:116 -                Rank 1 : false
2026-07-25 11:58:08,474 [INFO] ADCParametersView:116 -                Rank 2 : false
2026-07-25 11:58:08,474 [INFO] ADCParametersView:116 -                Rank 3 : false
2026-07-25 11:58:08,474 [INFO] ADCParametersView:116 -                Rank 4 : false
2026-07-25 11:58:08,474 [INFO] ADCParametersView:116 -                Rank 1 : false
2026-07-25 11:58:08,474 [INFO] ADCParametersView:116 -                Rank 2 : false
2026-07-25 11:58:08,474 [INFO] ADCParametersView:116 -                Rank 3 : false
2026-07-25 11:58:08,474 [INFO] ADCParametersView:116 -                Rank 4 : false
2026-07-25 11:58:08,474 [INFO] ADCParametersView:116 -                Rank 1 : false
2026-07-25 11:58:08,474 [INFO] ADCParametersView:116 -                Rank 2 : false
2026-07-25 11:58:08,474 [INFO] ADCParametersView:116 -                Rank 3 : false
2026-07-25 11:58:08,474 [INFO] ADCParametersView:116 -                Rank 4 : false
2026-07-25 11:58:08,474 [INFO] ADCParametersView:116 -                Rank 1 : false
2026-07-25 11:58:08,474 [INFO] ADCParametersView:116 -                Rank 2 : false
2026-07-25 11:58:08,474 [INFO] ADCParametersView:116 -                Rank 3 : false
2026-07-25 11:58:08,474 [INFO] ADCParametersView:116 -                Rank 4 : false
2026-07-25 11:58:08,475 [INFO] ADCParametersView:116 -                Rank 1 : false
2026-07-25 11:58:08,475 [INFO] ADCParametersView:116 -                Rank 2 : false
2026-07-25 11:58:08,475 [INFO] ADCParametersView:116 -                Rank 3 : false
2026-07-25 11:58:08,475 [INFO] ADCParametersView:116 -                Rank 4 : false
2026-07-25 11:58:08,475 [INFO] ADCParametersView:116 -                Rank 1 : false
2026-07-25 11:58:08,475 [INFO] ADCParametersView:116 -                Rank 2 : false
2026-07-25 11:58:08,475 [INFO] ADCParametersView:116 -                Rank 3 : false
2026-07-25 11:58:08,475 [INFO] ADCParametersView:116 -                Rank 4 : false
2026-07-25 11:58:08,475 [INFO] ADCParametersView:116 -                Rank 1 : false
2026-07-25 11:58:08,475 [INFO] ADCParametersView:116 -                Rank 2 : false
2026-07-25 11:58:08,475 [INFO] ADCParametersView:116 -                Rank 3 : false
2026-07-25 11:58:08,475 [INFO] ADCParametersView:116 -                Rank 4 : false
2026-07-25 11:58:08,475 [INFO] ADCParametersView:116 -                Rank 1 : false
2026-07-25 11:58:08,475 [INFO] ADCParametersView:116 -                Rank 2 : false
2026-07-25 11:58:08,475 [INFO] ADCParametersView:116 -                Rank 3 : false
2026-07-25 11:58:08,475 [INFO] ADCParametersView:116 -                Rank 4 : false
2026-07-25 11:58:08,475 [INFO] ADCParametersView:116 -                Rank 1 : false
2026-07-25 11:58:08,475 [INFO] ADCParametersView:116 -                Rank 2 : false
2026-07-25 11:58:08,475 [INFO] ADCParametersView:116 -                Rank 3 : false
2026-07-25 11:58:08,475 [INFO] ADCParametersView:116 -                Rank 4 : false
2026-07-25 11:58:08,475 [INFO] ADCParametersView:116 -                Rank 1 : false
2026-07-25 11:58:08,475 [INFO] ADCParametersView:116 -                Rank 2 : false
2026-07-25 11:58:08,475 [INFO] ADCParametersView:116 -                Rank 3 : false
2026-07-25 11:58:08,475 [INFO] ADCParametersView:116 -                Rank 4 : false
2026-07-25 11:58:08,475 [INFO] ADCParametersView:116 -                Rank 1 : false
2026-07-25 11:58:08,475 [INFO] ADCParametersView:116 -                Rank 2 : false
2026-07-25 11:58:08,475 [INFO] ADCParametersView:116 -                Rank 3 : false
2026-07-25 11:58:08,475 [INFO] ADCParametersView:116 -                Rank 4 : false
2026-07-25 11:58:08,475 [INFO] ADCParametersView:116 -                Rank 1 : false
2026-07-25 11:58:08,475 [INFO] ADCParametersView:116 -                Rank 2 : false
2026-07-25 11:58:08,475 [INFO] ADCParametersView:116 -                Rank 3 : false
2026-07-25 11:58:08,475 [INFO] ADCParametersView:116 -                Rank 4 : false
2026-07-25 11:58:08,475 [INFO] ADCParametersView:116 -                Rank 1 : false
2026-07-25 11:58:08,475 [INFO] ADCParametersView:116 -                Rank 2 : false
2026-07-25 11:58:08,475 [INFO] ADCParametersView:116 -                Rank 3 : false
2026-07-25 11:58:08,475 [INFO] ADCParametersView:116 -                Rank 4 : false
2026-07-25 11:58:08,475 [INFO] ADCParametersView:116 -                Rank 2 : false
2026-07-25 11:58:08,475 [INFO] ADCParametersView:116 -                Rank 3 : false
2026-07-25 11:58:08,475 [INFO] ADCParametersView:116 -                Rank 4 : false
2026-07-25 11:58:08,475 [INFO] ADCParametersView:116 -                Rank 3 : false
2026-07-25 11:58:08,476 [INFO] ADCParametersView:116 -                Rank 4 : false
2026-07-25 11:58:08,476 [INFO] ADCParametersView:116 -                Rank 4 : false
2026-07-25 11:58:08,492 [INFO] ADCParametersView:116 -                Rank 1 : false
2026-07-25 11:58:08,492 [INFO] ADCParametersView:116 -                Rank 1 : false
2026-07-25 11:58:08,492 [INFO] ADCParametersView:116 -                Rank 2 : false
2026-07-25 11:58:08,492 [INFO] ADCParametersView:116 -                Rank 1 : false
2026-07-25 11:58:08,492 [INFO] ADCParametersView:116 -                Rank 2 : false
2026-07-25 11:58:08,493 [INFO] ADCParametersView:116 -                Rank 3 : false
2026-07-25 11:58:08,493 [INFO] ADCParametersView:116 -                Rank 1 : false
2026-07-25 11:58:08,493 [INFO] ADCParametersView:116 -                Rank 2 : false
2026-07-25 11:58:08,493 [INFO] ADCParametersView:116 -                Rank 3 : false
2026-07-25 11:58:08,493 [INFO] ADCParametersView:116 -                Rank 4 : false
2026-07-25 11:58:08,526 [INFO] ADCParametersView:116 -                Rank 1 : false
2026-07-25 11:58:08,526 [INFO] ADCParametersView:116 -                Rank 2 : false
2026-07-25 11:58:08,526 [INFO] ADCParametersView:116 -                Rank 3 : false
2026-07-25 11:58:08,526 [INFO] ADCParametersView:116 -                Rank 4 : false
2026-07-25 11:58:08,526 [INFO] ADCParametersView:116 -                Rank 1 : false
2026-07-25 11:58:08,526 [INFO] ADCParametersView:116 -                Rank 2 : false
2026-07-25 11:58:08,526 [INFO] ADCParametersView:116 -                Rank 3 : false
2026-07-25 11:58:08,526 [INFO] ADCParametersView:116 -                Rank 4 : false
2026-07-25 11:58:08,526 [INFO] ADCParametersView:116 -                Rank 1 : false
2026-07-25 11:58:08,526 [INFO] ADCParametersView:116 -                Rank 2 : false
2026-07-25 11:58:08,526 [INFO] ADCParametersView:116 -                Rank 3 : false
2026-07-25 11:58:08,526 [INFO] ADCParametersView:116 -                Rank 4 : false
2026-07-25 11:58:08,526 [INFO] ADCParametersView:116 -                Rank 1 : false
2026-07-25 11:58:08,526 [INFO] ADCParametersView:116 -                Rank 2 : false
2026-07-25 11:58:08,526 [INFO] ADCParametersView:116 -                Rank 3 : false
2026-07-25 11:58:08,526 [INFO] ADCParametersView:116 -                Rank 4 : false
2026-07-25 11:58:08,526 [INFO] ADCParametersView:116 -                Rank 1 : false
2026-07-25 11:58:08,526 [INFO] ADCParametersView:116 -                Rank 2 : false
2026-07-25 11:58:08,526 [INFO] ADCParametersView:116 -                Rank 3 : false
2026-07-25 11:58:08,526 [INFO] ADCParametersView:116 -                Rank 4 : false
2026-07-25 11:58:08,526 [INFO] ADCParametersView:116 -                Rank 1 : false
2026-07-25 11:58:08,526 [INFO] ADCParametersView:116 -                Rank 2 : false
2026-07-25 11:58:08,527 [INFO] ADCParametersView:116 -                Rank 3 : false
2026-07-25 11:58:08,527 [INFO] ADCParametersView:116 -                Rank 4 : false
2026-07-25 11:58:08,527 [INFO] ADCParametersView:116 -                Rank 1 : false
2026-07-25 11:58:08,527 [INFO] ADCParametersView:116 -                Rank 2 : false
2026-07-25 11:58:08,527 [INFO] ADCParametersView:116 -                Rank 3 : false
2026-07-25 11:58:08,527 [INFO] ADCParametersView:116 -                Rank 4 : false
2026-07-25 11:58:08,527 [INFO] ADCParametersView:116 -                Rank 1 : false
2026-07-25 11:58:08,527 [INFO] ADCParametersView:116 -                Rank 2 : false
2026-07-25 11:58:08,527 [INFO] ADCParametersView:116 -                Rank 3 : false
2026-07-25 11:58:08,527 [INFO] ADCParametersView:116 -                Rank 4 : false
2026-07-25 11:58:08,527 [INFO] ADCParametersView:116 -                Rank 1 : false
2026-07-25 11:58:08,527 [INFO] ADCParametersView:116 -                Rank 2 : false
2026-07-25 11:58:08,527 [INFO] ADCParametersView:116 -                Rank 3 : false
2026-07-25 11:58:08,527 [INFO] ADCParametersView:116 -                Rank 4 : false
2026-07-25 11:58:08,527 [INFO] ADCParametersView:116 -                Rank 1 : false
2026-07-25 11:58:08,527 [INFO] ADCParametersView:116 -                Rank 2 : false
2026-07-25 11:58:08,527 [INFO] ADCParametersView:116 -                Rank 3 : false
2026-07-25 11:58:08,527 [INFO] ADCParametersView:116 -                Rank 4 : false
2026-07-25 11:58:08,527 [INFO] ADCParametersView:116 -                Rank 1 : false
2026-07-25 11:58:08,527 [INFO] ADCParametersView:116 -                Rank 2 : false
2026-07-25 11:58:08,527 [INFO] ADCParametersView:116 -                Rank 3 : false
2026-07-25 11:58:08,527 [INFO] ADCParametersView:116 -                Rank 4 : false
2026-07-25 11:58:08,527 [INFO] ADCParametersView:116 -                Rank 1 : false
2026-07-25 11:58:08,527 [INFO] ADCParametersView:116 -                Rank 2 : false
2026-07-25 11:58:08,527 [INFO] ADCParametersView:116 -                Rank 3 : false
2026-07-25 11:58:08,527 [INFO] ADCParametersView:116 -                Rank 4 : false
2026-07-25 11:58:08,527 [INFO] ADCParametersView:116 -                Rank 1 : false
2026-07-25 11:58:08,527 [INFO] ADCParametersView:116 -                Rank 2 : false
2026-07-25 11:58:08,527 [INFO] ADCParametersView:116 -                Rank 3 : false
2026-07-25 11:58:08,527 [INFO] ADCParametersView:116 -                Rank 4 : false
2026-07-25 11:58:08,527 [INFO] ADCParametersView:116 -                Rank 1 : false
2026-07-25 11:58:08,527 [INFO] ADCParametersView:116 -                Rank 2 : false
2026-07-25 11:58:08,527 [INFO] ADCParametersView:116 -                Rank 3 : false
2026-07-25 11:58:08,527 [INFO] ADCParametersView:116 -                Rank 4 : false
2026-07-25 11:58:08,527 [INFO] ADCParametersView:116 -                Rank 2 : false
2026-07-25 11:58:08,527 [INFO] ADCParametersView:116 -                Rank 3 : false
2026-07-25 11:58:08,527 [INFO] ADCParametersView:116 -                Rank 4 : false
2026-07-25 11:58:08,527 [INFO] ADCParametersView:116 -                Rank 3 : false
2026-07-25 11:58:08,528 [INFO] ADCParametersView:116 -                Rank 4 : false
2026-07-25 11:58:08,528 [INFO] ADCParametersView:116 -                Rank 4 : false
2026-07-25 11:58:08,543 [INFO] ADCParametersView:116 -                Rank 1 : false
2026-07-25 11:58:08,543 [INFO] ADCParametersView:116 -                Rank 1 : false
2026-07-25 11:58:08,543 [INFO] ADCParametersView:116 -                Rank 2 : false
2026-07-25 11:58:08,544 [INFO] ADCParametersView:116 -                Rank 1 : false
2026-07-25 11:58:08,544 [INFO] ADCParametersView:116 -                Rank 2 : false
2026-07-25 11:58:08,544 [INFO] ADCParametersView:116 -                Rank 3 : false
2026-07-25 11:58:08,544 [INFO] ADCParametersView:116 -                Rank 1 : false
2026-07-25 11:58:08,544 [INFO] ADCParametersView:116 -                Rank 2 : false
2026-07-25 11:58:08,544 [INFO] ADCParametersView:116 -                Rank 3 : false
2026-07-25 11:58:08,544 [INFO] ADCParametersView:116 -                Rank 4 : false
2026-07-25 11:58:08,629 [INFO] ADCParametersView:116 -                Rank 1 : false
2026-07-25 11:58:08,629 [INFO] ADCParametersView:116 -                Rank 2 : false
2026-07-25 11:58:08,629 [INFO] ADCParametersView:116 -                Rank 3 : false
2026-07-25 11:58:08,629 [INFO] ADCParametersView:116 -                Rank 4 : false
2026-07-25 11:58:08,629 [INFO] ADCParametersView:116 -                Rank 1 : false
2026-07-25 11:58:08,629 [INFO] ADCParametersView:116 -                Rank 2 : false
2026-07-25 11:58:08,630 [INFO] ADCParametersView:116 -                Rank 3 : false
2026-07-25 11:58:08,630 [INFO] ADCParametersView:116 -                Rank 4 : false
2026-07-25 11:58:08,630 [INFO] ADCParametersView:116 -                Rank 1 : false
2026-07-25 11:58:08,630 [INFO] ADCParametersView:116 -                Rank 2 : false
2026-07-25 11:58:08,630 [INFO] ADCParametersView:116 -                Rank 3 : false
2026-07-25 11:58:08,630 [INFO] ADCParametersView:116 -                Rank 4 : false
2026-07-25 11:58:08,630 [INFO] ADCParametersView:116 -                Rank 1 : false
2026-07-25 11:58:08,630 [INFO] ADCParametersView:116 -                Rank 2 : false
2026-07-25 11:58:08,630 [INFO] ADCParametersView:116 -                Rank 3 : false
2026-07-25 11:58:08,630 [INFO] ADCParametersView:116 -                Rank 4 : false
2026-07-25 11:58:08,630 [INFO] ADCParametersView:116 -                Rank 1 : false
2026-07-25 11:58:08,630 [INFO] ADCParametersView:116 -                Rank 2 : false
2026-07-25 11:58:08,630 [INFO] ADCParametersView:116 -                Rank 3 : false
2026-07-25 11:58:08,630 [INFO] ADCParametersView:116 -                Rank 4 : false
2026-07-25 11:58:08,630 [INFO] ADCParametersView:116 -                Rank 1 : false
2026-07-25 11:58:08,630 [INFO] ADCParametersView:116 -                Rank 2 : false
2026-07-25 11:58:08,630 [INFO] ADCParametersView:116 -                Rank 3 : false
2026-07-25 11:58:08,630 [INFO] ADCParametersView:116 -                Rank 4 : false
2026-07-25 11:58:08,630 [INFO] ADCParametersView:116 -                Rank 1 : false
2026-07-25 11:58:08,630 [INFO] ADCParametersView:116 -                Rank 2 : false
2026-07-25 11:58:08,630 [INFO] ADCParametersView:116 -                Rank 3 : false
2026-07-25 11:58:08,630 [INFO] ADCParametersView:116 -                Rank 4 : false
2026-07-25 11:58:08,630 [INFO] ADCParametersView:116 -                Rank 1 : false
2026-07-25 11:58:08,630 [INFO] ADCParametersView:116 -                Rank 2 : false
2026-07-25 11:58:08,630 [INFO] ADCParametersView:116 -                Rank 3 : false
2026-07-25 11:58:08,630 [INFO] ADCParametersView:116 -                Rank 4 : false
2026-07-25 11:58:08,630 [INFO] ADCParametersView:116 -                Rank 1 : false
2026-07-25 11:58:08,630 [INFO] ADCParametersView:116 -                Rank 2 : false
2026-07-25 11:58:08,630 [INFO] ADCParametersView:116 -                Rank 3 : false
2026-07-25 11:58:08,630 [INFO] ADCParametersView:116 -                Rank 4 : false
2026-07-25 11:58:08,630 [INFO] ADCParametersView:116 -                Rank 1 : false
2026-07-25 11:58:08,630 [INFO] ADCParametersView:116 -                Rank 2 : false
2026-07-25 11:58:08,630 [INFO] ADCParametersView:116 -                Rank 3 : false
2026-07-25 11:58:08,630 [INFO] ADCParametersView:116 -                Rank 4 : false
2026-07-25 11:58:08,630 [INFO] ADCParametersView:116 -                Rank 1 : false
2026-07-25 11:58:08,630 [INFO] ADCParametersView:116 -                Rank 2 : false
2026-07-25 11:58:08,630 [INFO] ADCParametersView:116 -                Rank 3 : false
2026-07-25 11:58:08,630 [INFO] ADCParametersView:116 -                Rank 4 : false
2026-07-25 11:58:08,630 [INFO] ADCParametersView:116 -                Rank 1 : false
2026-07-25 11:58:08,630 [INFO] ADCParametersView:116 -                Rank 2 : false
2026-07-25 11:58:08,631 [INFO] ADCParametersView:116 -                Rank 3 : false
2026-07-25 11:58:08,631 [INFO] ADCParametersView:116 -                Rank 4 : false
2026-07-25 11:58:08,631 [INFO] ADCParametersView:116 -                Rank 1 : false
2026-07-25 11:58:08,631 [INFO] ADCParametersView:116 -                Rank 2 : false
2026-07-25 11:58:08,631 [INFO] ADCParametersView:116 -                Rank 3 : false
2026-07-25 11:58:08,631 [INFO] ADCParametersView:116 -                Rank 4 : false
2026-07-25 11:58:08,631 [INFO] ADCParametersView:116 -                Rank 1 : false
2026-07-25 11:58:08,631 [INFO] ADCParametersView:116 -                Rank 2 : false
2026-07-25 11:58:08,631 [INFO] ADCParametersView:116 -                Rank 3 : false
2026-07-25 11:58:08,631 [INFO] ADCParametersView:116 -                Rank 4 : false
2026-07-25 11:58:08,631 [INFO] ADCParametersView:116 -                Rank 2 : false
2026-07-25 11:58:08,631 [INFO] ADCParametersView:116 -                Rank 3 : false
2026-07-25 11:58:08,631 [INFO] ADCParametersView:116 -                Rank 4 : false
2026-07-25 11:58:08,631 [INFO] ADCParametersView:116 -                Rank 3 : false
2026-07-25 11:58:08,631 [INFO] ADCParametersView:116 -                Rank 4 : false
2026-07-25 11:58:08,631 [INFO] ADCParametersView:116 -                Rank 4 : false
2026-07-25 11:58:08,650 [INFO] ADCParametersView:116 -                Rank 1 : false
2026-07-25 11:58:08,652 [INFO] ADCParametersView:116 -                Rank 1 : false
2026-07-25 11:58:08,652 [INFO] ADCParametersView:116 -                Rank 2 : false
2026-07-25 11:58:08,652 [INFO] ADCParametersView:116 -                Rank 1 : false
2026-07-25 11:58:08,652 [INFO] ADCParametersView:116 -                Rank 2 : false
2026-07-25 11:58:08,652 [INFO] ADCParametersView:116 -                Rank 3 : false
2026-07-25 11:58:08,652 [INFO] ADCParametersView:116 -                Rank 1 : false
2026-07-25 11:58:08,652 [INFO] ADCParametersView:116 -                Rank 2 : false
2026-07-25 11:58:08,652 [INFO] ADCParametersView:116 -                Rank 3 : false
2026-07-25 11:58:08,652 [INFO] ADCParametersView:116 -                Rank 4 : false
2026-07-25 11:58:08,694 [INFO] ADCParametersView:116 -                Rank 1 : false
2026-07-25 11:58:08,694 [INFO] ADCParametersView:116 -                Rank 2 : false
2026-07-25 11:58:08,694 [INFO] ADCParametersView:116 -                Rank 3 : false
2026-07-25 11:58:08,694 [INFO] ADCParametersView:116 -                Rank 4 : false
2026-07-25 11:58:08,694 [INFO] ADCParametersView:116 -                Rank 1 : false
2026-07-25 11:58:08,694 [INFO] ADCParametersView:116 -                Rank 2 : false
2026-07-25 11:58:08,694 [INFO] ADCParametersView:116 -                Rank 3 : false
2026-07-25 11:58:08,694 [INFO] ADCParametersView:116 -                Rank 4 : false
2026-07-25 11:58:08,694 [INFO] ADCParametersView:116 -                Rank 1 : false
2026-07-25 11:58:08,694 [INFO] ADCParametersView:116 -                Rank 2 : false
2026-07-25 11:58:08,694 [INFO] ADCParametersView:116 -                Rank 3 : false
2026-07-25 11:58:08,694 [INFO] ADCParametersView:116 -                Rank 4 : false
2026-07-25 11:58:08,696 [INFO] ADCParametersView:116 -                Rank 1 : false
2026-07-25 11:58:08,696 [INFO] ADCParametersView:116 -                Rank 2 : false
2026-07-25 11:58:08,696 [INFO] ADCParametersView:116 -                Rank 3 : false
2026-07-25 11:58:08,696 [INFO] ADCParametersView:116 -                Rank 4 : false
2026-07-25 11:58:08,696 [INFO] ADCParametersView:116 -                Rank 1 : false
2026-07-25 11:58:08,696 [INFO] ADCParametersView:116 -                Rank 2 : false
2026-07-25 11:58:08,696 [INFO] ADCParametersView:116 -                Rank 3 : false
2026-07-25 11:58:08,696 [INFO] ADCParametersView:116 -                Rank 4 : false
2026-07-25 11:58:08,696 [INFO] ADCParametersView:116 -                Rank 1 : false
2026-07-25 11:58:08,696 [INFO] ADCParametersView:116 -                Rank 2 : false
2026-07-25 11:58:08,696 [INFO] ADCParametersView:116 -                Rank 3 : false
2026-07-25 11:58:08,696 [INFO] ADCParametersView:116 -                Rank 4 : false
2026-07-25 11:58:08,696 [INFO] ADCParametersView:116 -                Rank 1 : false
2026-07-25 11:58:08,696 [INFO] ADCParametersView:116 -                Rank 2 : false
2026-07-25 11:58:08,696 [INFO] ADCParametersView:116 -                Rank 3 : false
2026-07-25 11:58:08,696 [INFO] ADCParametersView:116 -                Rank 4 : false
2026-07-25 11:58:08,696 [INFO] ADCParametersView:116 -                Rank 1 : false
2026-07-25 11:58:08,696 [INFO] ADCParametersView:116 -                Rank 2 : false
2026-07-25 11:58:08,696 [INFO] ADCParametersView:116 -                Rank 3 : false
2026-07-25 11:58:08,696 [INFO] ADCParametersView:116 -                Rank 4 : false
2026-07-25 11:58:08,696 [INFO] ADCParametersView:116 -                Rank 1 : false
2026-07-25 11:58:08,696 [INFO] ADCParametersView:116 -                Rank 2 : false
2026-07-25 11:58:08,696 [INFO] ADCParametersView:116 -                Rank 3 : false
2026-07-25 11:58:08,697 [INFO] ADCParametersView:116 -                Rank 4 : false
2026-07-25 11:58:08,697 [INFO] ADCParametersView:116 -                Rank 1 : false
2026-07-25 11:58:08,697 [INFO] ADCParametersView:116 -                Rank 2 : false
2026-07-25 11:58:08,697 [INFO] ADCParametersView:116 -                Rank 3 : false
2026-07-25 11:58:08,697 [INFO] ADCParametersView:116 -                Rank 4 : false
2026-07-25 11:58:08,697 [INFO] ADCParametersView:116 -                Rank 1 : false
2026-07-25 11:58:08,697 [INFO] ADCParametersView:116 -                Rank 2 : false
2026-07-25 11:58:08,697 [INFO] ADCParametersView:116 -                Rank 3 : false
2026-07-25 11:58:08,697 [INFO] ADCParametersView:116 -                Rank 4 : false
2026-07-25 11:58:08,697 [INFO] ADCParametersView:116 -                Rank 1 : false
2026-07-25 11:58:08,697 [INFO] ADCParametersView:116 -                Rank 2 : false
2026-07-25 11:58:08,697 [INFO] ADCParametersView:116 -                Rank 3 : false
2026-07-25 11:58:08,697 [INFO] ADCParametersView:116 -                Rank 4 : false
2026-07-25 11:58:08,697 [INFO] ADCParametersView:116 -                Rank 1 : false
2026-07-25 11:58:08,697 [INFO] ADCParametersView:116 -                Rank 2 : false
2026-07-25 11:58:08,697 [INFO] ADCParametersView:116 -                Rank 3 : false
2026-07-25 11:58:08,697 [INFO] ADCParametersView:116 -                Rank 4 : false
2026-07-25 11:58:08,697 [INFO] ADCParametersView:116 -                Rank 1 : false
2026-07-25 11:58:08,697 [INFO] ADCParametersView:116 -                Rank 2 : false
2026-07-25 11:58:08,697 [INFO] ADCParametersView:116 -                Rank 3 : false
2026-07-25 11:58:08,697 [INFO] ADCParametersView:116 -                Rank 4 : false
2026-07-25 11:58:08,697 [INFO] ADCParametersView:116 -                Rank 2 : false
2026-07-25 11:58:08,697 [INFO] ADCParametersView:116 -                Rank 3 : false
2026-07-25 11:58:08,697 [INFO] ADCParametersView:116 -                Rank 4 : false
2026-07-25 11:58:08,697 [INFO] ADCParametersView:116 -                Rank 3 : false
2026-07-25 11:58:08,698 [INFO] ADCParametersView:116 -                Rank 4 : false
2026-07-25 11:58:08,698 [INFO] ADCParametersView:116 -                Rank 4 : false
2026-07-25 11:58:08,717 [INFO] ADCParametersView:116 -                Rank 1 : false
2026-07-25 11:58:08,717 [INFO] ADCParametersView:116 -                Rank 1 : false
2026-07-25 11:58:08,717 [INFO] ADCParametersView:116 -                Rank 2 : false
2026-07-25 11:58:08,718 [INFO] ADCParametersView:116 -                Rank 1 : false
2026-07-25 11:58:08,718 [INFO] ADCParametersView:116 -                Rank 2 : false
2026-07-25 11:58:08,718 [INFO] ADCParametersView:116 -                Rank 3 : false
2026-07-25 11:58:08,718 [INFO] ADCParametersView:116 -                Rank 1 : false
2026-07-25 11:58:08,718 [INFO] ADCParametersView:116 -                Rank 2 : false
2026-07-25 11:58:08,718 [INFO] ADCParametersView:116 -                Rank 3 : false
2026-07-25 11:58:08,718 [INFO] ADCParametersView:116 -                Rank 4 : false
2026-07-25 11:58:13,692 [INFO] ADCParametersView:116 -                Rank 1 : false
2026-07-25 11:58:13,693 [INFO] ADCParametersView:116 -                Rank 2 : false
2026-07-25 11:58:13,693 [INFO] ADCParametersView:116 -                Rank 3 : false
2026-07-25 11:58:13,693 [INFO] ADCParametersView:116 -                Rank 4 : true
2026-07-25 11:58:24,025 [INFO] ADCParametersView:116 -                Rank 1 : true
2026-07-25 11:58:24,026 [INFO] ADCParametersView:116 -                Rank 2 : false
2026-07-25 11:58:24,026 [INFO] ADCParametersView:116 -                Rank 3 : false
2026-07-25 11:58:24,026 [INFO] ADCParametersView:116 -                Rank 4 : true
2026-07-25 11:58:25,304 [INFO] ADCParametersView:116 -                Rank 1 : true
2026-07-25 11:58:25,304 [INFO] ADCParametersView:116 -                Rank 2 : true
2026-07-25 11:58:25,304 [INFO] ADCParametersView:116 -                Rank 3 : false
2026-07-25 11:58:25,305 [INFO] ADCParametersView:116 -                Rank 4 : true
2026-07-25 11:58:29,897 [INFO] ADCParametersView:116 -                Rank 1 : true
2026-07-25 11:58:29,897 [INFO] ADCParametersView:116 -                Rank 2 : true
2026-07-25 11:58:29,897 [INFO] ADCParametersView:116 -                Rank 3 : true
2026-07-25 11:58:29,897 [INFO] ADCParametersView:116 -                Rank 4 : true
2026-07-25 11:58:34,139 [INFO] ADCParametersView:116 -                Rank 1 : true
2026-07-25 11:58:34,139 [INFO] ADCParametersView:116 -                Rank 2 : true
2026-07-25 11:58:34,139 [INFO] ADCParametersView:116 -                Rank 3 : true
2026-07-25 11:58:34,139 [INFO] ADCParametersView:116 -                Rank 4 : true
2026-07-25 11:58:34,143 [INFO] ADCParametersView:116 -                Rank 1 : true
2026-07-25 11:58:34,143 [INFO] ADCParametersView:116 -                Rank 2 : true
2026-07-25 11:58:34,143 [INFO] ADCParametersView:116 -                Rank 3 : true
2026-07-25 11:58:34,143 [INFO] ADCParametersView:116 -                Rank 4 : true
2026-07-25 11:58:34,143 [INFO] ADCParametersView:116 -                Rank 1 : true
2026-07-25 11:58:34,143 [INFO] ADCParametersView:116 -                Rank 2 : true
2026-07-25 11:58:34,143 [INFO] ADCParametersView:116 -                Rank 3 : true
2026-07-25 11:58:34,143 [INFO] ADCParametersView:116 -                Rank 4 : true
2026-07-25 11:58:34,143 [INFO] ADCParametersView:116 -                Rank 1 : true
2026-07-25 11:58:34,143 [INFO] ADCParametersView:116 -                Rank 2 : true
2026-07-25 11:58:34,143 [INFO] ADCParametersView:116 -                Rank 3 : true
2026-07-25 11:58:34,143 [INFO] ADCParametersView:116 -                Rank 4 : true
2026-07-25 11:58:34,143 [INFO] ADCParametersView:116 -                Rank 1 : true
2026-07-25 11:58:34,143 [INFO] ADCParametersView:116 -                Rank 2 : true
2026-07-25 11:58:34,143 [INFO] ADCParametersView:116 -                Rank 3 : true
2026-07-25 11:58:34,143 [INFO] ADCParametersView:116 -                Rank 4 : true
2026-07-25 11:58:34,143 [INFO] ADCParametersView:116 -                Rank 1 : true
2026-07-25 11:58:34,143 [INFO] ADCParametersView:116 -                Rank 2 : true
2026-07-25 11:58:34,143 [INFO] ADCParametersView:116 -                Rank 3 : true
2026-07-25 11:58:34,143 [INFO] ADCParametersView:116 -                Rank 4 : true
2026-07-25 11:58:34,143 [INFO] ADCParametersView:116 -                Rank 1 : true
2026-07-25 11:58:34,143 [INFO] ADCParametersView:116 -                Rank 2 : true
2026-07-25 11:58:34,143 [INFO] ADCParametersView:116 -                Rank 3 : true
2026-07-25 11:58:34,143 [INFO] ADCParametersView:116 -                Rank 4 : true
2026-07-25 11:58:34,143 [INFO] ADCParametersView:116 -                Rank 1 : true
2026-07-25 11:58:34,143 [INFO] ADCParametersView:116 -                Rank 2 : true
2026-07-25 11:58:34,143 [INFO] ADCParametersView:116 -                Rank 3 : true
2026-07-25 11:58:34,143 [INFO] ADCParametersView:116 -                Rank 4 : true
2026-07-25 11:58:34,143 [INFO] ADCParametersView:116 -                Rank 1 : true
2026-07-25 11:58:34,143 [INFO] ADCParametersView:116 -                Rank 2 : true
2026-07-25 11:58:34,143 [INFO] ADCParametersView:116 -                Rank 3 : true
2026-07-25 11:58:34,144 [INFO] ADCParametersView:116 -                Rank 4 : true
2026-07-25 11:58:34,144 [INFO] ADCParametersView:116 -                Rank 1 : true
2026-07-25 11:58:34,144 [INFO] ADCParametersView:116 -                Rank 2 : true
2026-07-25 11:58:34,144 [INFO] ADCParametersView:116 -                Rank 3 : true
2026-07-25 11:58:34,144 [INFO] ADCParametersView:116 -                Rank 4 : true
2026-07-25 11:58:34,144 [INFO] ADCParametersView:116 -                Rank 1 : true
2026-07-25 11:58:34,144 [INFO] ADCParametersView:116 -                Rank 2 : true
2026-07-25 11:58:34,144 [INFO] ADCParametersView:116 -                Rank 3 : true
2026-07-25 11:58:34,144 [INFO] ADCParametersView:116 -                Rank 4 : true
2026-07-25 11:58:34,144 [INFO] ADCParametersView:116 -                Rank 1 : true
2026-07-25 11:58:34,144 [INFO] ADCParametersView:116 -                Rank 2 : true
2026-07-25 11:58:34,144 [INFO] ADCParametersView:116 -                Rank 3 : true
2026-07-25 11:58:34,144 [INFO] ADCParametersView:116 -                Rank 4 : true
2026-07-25 11:58:34,144 [INFO] ADCParametersView:116 -                Rank 1 : true
2026-07-25 11:58:34,144 [INFO] ADCParametersView:116 -                Rank 2 : true
2026-07-25 11:58:34,144 [INFO] ADCParametersView:116 -                Rank 3 : true
2026-07-25 11:58:34,144 [INFO] ADCParametersView:116 -                Rank 4 : true
2026-07-25 11:58:34,144 [INFO] ADCParametersView:116 -                Rank 1 : true
2026-07-25 11:58:34,144 [INFO] ADCParametersView:116 -                Rank 2 : true
2026-07-25 11:58:34,144 [INFO] ADCParametersView:116 -                Rank 3 : true
2026-07-25 11:58:34,144 [INFO] ADCParametersView:116 -                Rank 4 : true
2026-07-25 11:58:34,144 [INFO] ADCParametersView:116 -                Rank 2 : true
2026-07-25 11:58:34,144 [INFO] ADCParametersView:116 -                Rank 3 : true
2026-07-25 11:58:34,144 [INFO] ADCParametersView:116 -                Rank 4 : true
2026-07-25 11:58:34,144 [INFO] ADCParametersView:116 -                Rank 3 : true
2026-07-25 11:58:34,144 [INFO] ADCParametersView:116 -                Rank 4 : true
2026-07-25 11:58:34,144 [INFO] ADCParametersView:116 -                Rank 4 : true
2026-07-25 11:58:34,154 [INFO] ADCParametersView:116 -                Rank 1 : true
2026-07-25 11:58:34,155 [INFO] ADCParametersView:116 -                Rank 1 : true
2026-07-25 11:58:34,155 [INFO] ADCParametersView:116 -                Rank 2 : true
2026-07-25 11:58:34,155 [INFO] ADCParametersView:116 -                Rank 1 : true
2026-07-25 11:58:34,155 [INFO] ADCParametersView:116 -                Rank 2 : true
2026-07-25 11:58:34,155 [INFO] ADCParametersView:116 -                Rank 3 : true
2026-07-25 11:58:34,155 [INFO] ADCParametersView:116 -                Rank 1 : true
2026-07-25 11:58:34,155 [INFO] ADCParametersView:116 -                Rank 2 : true
2026-07-25 11:58:34,155 [INFO] ADCParametersView:116 -                Rank 3 : true
2026-07-25 11:58:34,155 [INFO] ADCParametersView:116 -                Rank 4 : true
2026-07-25 11:58:34,179 [INFO] ADCParametersView:116 -                Rank 1 : true
2026-07-25 11:58:34,179 [INFO] ADCParametersView:116 -                Rank 2 : true
2026-07-25 11:58:34,179 [INFO] ADCParametersView:116 -                Rank 3 : true
2026-07-25 11:58:34,179 [INFO] ADCParametersView:116 -                Rank 4 : true
2026-07-25 11:58:34,180 [INFO] ADCParametersView:116 -                Rank 1 : true
2026-07-25 11:58:34,180 [INFO] ADCParametersView:116 -                Rank 2 : true
2026-07-25 11:58:34,180 [INFO] ADCParametersView:116 -                Rank 3 : true
2026-07-25 11:58:34,180 [INFO] ADCParametersView:116 -                Rank 4 : true
2026-07-25 11:58:34,180 [INFO] ADCParametersView:116 -                Rank 1 : true
2026-07-25 11:58:34,180 [INFO] ADCParametersView:116 -                Rank 2 : true
2026-07-25 11:58:34,180 [INFO] ADCParametersView:116 -                Rank 3 : true
2026-07-25 11:58:34,180 [INFO] ADCParametersView:116 -                Rank 4 : true
2026-07-25 11:58:34,180 [INFO] ADCParametersView:116 -                Rank 1 : true
2026-07-25 11:58:34,180 [INFO] ADCParametersView:116 -                Rank 2 : true
2026-07-25 11:58:34,181 [INFO] ADCParametersView:116 -                Rank 3 : true
2026-07-25 11:58:34,181 [INFO] ADCParametersView:116 -                Rank 4 : true
2026-07-25 11:58:34,181 [INFO] ADCParametersView:116 -                Rank 1 : true
2026-07-25 11:58:34,181 [INFO] ADCParametersView:116 -                Rank 2 : true
2026-07-25 11:58:34,181 [INFO] ADCParametersView:116 -                Rank 3 : true
2026-07-25 11:58:34,181 [INFO] ADCParametersView:116 -                Rank 4 : true
2026-07-25 11:58:34,181 [INFO] ADCParametersView:116 -                Rank 1 : true
2026-07-25 11:58:34,181 [INFO] ADCParametersView:116 -                Rank 2 : true
2026-07-25 11:58:34,181 [INFO] ADCParametersView:116 -                Rank 3 : true
2026-07-25 11:58:34,181 [INFO] ADCParametersView:116 -                Rank 4 : true
2026-07-25 11:58:34,181 [INFO] ADCParametersView:116 -                Rank 1 : true
2026-07-25 11:58:34,181 [INFO] ADCParametersView:116 -                Rank 2 : true
2026-07-25 11:58:34,181 [INFO] ADCParametersView:116 -                Rank 3 : true
2026-07-25 11:58:34,181 [INFO] ADCParametersView:116 -                Rank 4 : true
2026-07-25 11:58:34,181 [INFO] ADCParametersView:116 -                Rank 1 : true
2026-07-25 11:58:34,181 [INFO] ADCParametersView:116 -                Rank 2 : true
2026-07-25 11:58:34,181 [INFO] ADCParametersView:116 -                Rank 3 : true
2026-07-25 11:58:34,181 [INFO] ADCParametersView:116 -                Rank 4 : true
2026-07-25 11:58:34,181 [INFO] ADCParametersView:116 -                Rank 1 : true
2026-07-25 11:58:34,181 [INFO] ADCParametersView:116 -                Rank 2 : true
2026-07-25 11:58:34,181 [INFO] ADCParametersView:116 -                Rank 3 : true
2026-07-25 11:58:34,181 [INFO] ADCParametersView:116 -                Rank 4 : true
2026-07-25 11:58:34,181 [INFO] ADCParametersView:116 -                Rank 1 : true
2026-07-25 11:58:34,181 [INFO] ADCParametersView:116 -                Rank 2 : true
2026-07-25 11:58:34,181 [INFO] ADCParametersView:116 -                Rank 3 : true
2026-07-25 11:58:34,181 [INFO] ADCParametersView:116 -                Rank 4 : true
2026-07-25 11:58:34,181 [INFO] ADCParametersView:116 -                Rank 1 : true
2026-07-25 11:58:34,181 [INFO] ADCParametersView:116 -                Rank 2 : true
2026-07-25 11:58:34,181 [INFO] ADCParametersView:116 -                Rank 3 : true
2026-07-25 11:58:34,181 [INFO] ADCParametersView:116 -                Rank 4 : true
2026-07-25 11:58:34,181 [INFO] ADCParametersView:116 -                Rank 1 : true
2026-07-25 11:58:34,181 [INFO] ADCParametersView:116 -                Rank 2 : true
2026-07-25 11:58:34,181 [INFO] ADCParametersView:116 -                Rank 3 : true
2026-07-25 11:58:34,181 [INFO] ADCParametersView:116 -                Rank 4 : true
2026-07-25 11:58:34,182 [INFO] ADCParametersView:116 -                Rank 1 : true
2026-07-25 11:58:34,182 [INFO] ADCParametersView:116 -                Rank 2 : true
2026-07-25 11:58:34,182 [INFO] ADCParametersView:116 -                Rank 3 : true
2026-07-25 11:58:34,182 [INFO] ADCParametersView:116 -                Rank 4 : true
2026-07-25 11:58:34,182 [INFO] ADCParametersView:116 -                Rank 1 : true
2026-07-25 11:58:34,182 [INFO] ADCParametersView:116 -                Rank 2 : true
2026-07-25 11:58:34,182 [INFO] ADCParametersView:116 -                Rank 3 : true
2026-07-25 11:58:34,182 [INFO] ADCParametersView:116 -                Rank 4 : true
2026-07-25 11:58:34,182 [INFO] ADCParametersView:116 -                Rank 2 : true
2026-07-25 11:58:34,182 [INFO] ADCParametersView:116 -                Rank 3 : true
2026-07-25 11:58:34,182 [INFO] ADCParametersView:116 -                Rank 4 : true
2026-07-25 11:58:34,182 [INFO] ADCParametersView:116 -                Rank 3 : true
2026-07-25 11:58:34,182 [INFO] ADCParametersView:116 -                Rank 4 : true
2026-07-25 11:58:34,182 [INFO] ADCParametersView:116 -                Rank 4 : true
2026-07-25 11:58:34,193 [INFO] ADCParametersView:116 -                Rank 1 : true
2026-07-25 11:58:34,193 [INFO] ADCParametersView:116 -                Rank 1 : true
2026-07-25 11:58:34,193 [INFO] ADCParametersView:116 -                Rank 2 : true
2026-07-25 11:58:34,193 [INFO] ADCParametersView:116 -                Rank 1 : true
2026-07-25 11:58:34,193 [INFO] ADCParametersView:116 -                Rank 2 : true
2026-07-25 11:58:34,193 [INFO] ADCParametersView:116 -                Rank 3 : true
2026-07-25 11:58:34,193 [INFO] ADCParametersView:116 -                Rank 1 : true
2026-07-25 11:58:34,193 [INFO] ADCParametersView:116 -                Rank 2 : true
2026-07-25 11:58:34,193 [INFO] ADCParametersView:116 -                Rank 3 : true
2026-07-25 11:58:34,193 [INFO] ADCParametersView:116 -                Rank 4 : true
2026-07-25 11:58:34,222 [INFO] ADCParametersView:116 -                Rank 1 : true
2026-07-25 11:58:34,222 [INFO] ADCParametersView:116 -                Rank 2 : true
2026-07-25 11:58:34,222 [INFO] ADCParametersView:116 -                Rank 3 : true
2026-07-25 11:58:34,222 [INFO] ADCParametersView:116 -                Rank 4 : true
2026-07-25 11:58:34,223 [INFO] ADCParametersView:116 -                Rank 1 : true
2026-07-25 11:58:34,223 [INFO] ADCParametersView:116 -                Rank 2 : true
2026-07-25 11:58:34,223 [INFO] ADCParametersView:116 -                Rank 3 : true
2026-07-25 11:58:34,223 [INFO] ADCParametersView:116 -                Rank 4 : true
2026-07-25 11:58:34,223 [INFO] ADCParametersView:116 -                Rank 1 : true
2026-07-25 11:58:34,223 [INFO] ADCParametersView:116 -                Rank 2 : true
2026-07-25 11:58:34,223 [INFO] ADCParametersView:116 -                Rank 3 : true
2026-07-25 11:58:34,223 [INFO] ADCParametersView:116 -                Rank 4 : true
2026-07-25 11:58:34,223 [INFO] ADCParametersView:116 -                Rank 1 : true
2026-07-25 11:58:34,223 [INFO] ADCParametersView:116 -                Rank 2 : true
2026-07-25 11:58:34,223 [INFO] ADCParametersView:116 -                Rank 3 : true
2026-07-25 11:58:34,224 [INFO] ADCParametersView:116 -                Rank 4 : true
2026-07-25 11:58:34,224 [INFO] ADCParametersView:116 -                Rank 1 : true
2026-07-25 11:58:34,224 [INFO] ADCParametersView:116 -                Rank 2 : true
2026-07-25 11:58:34,224 [INFO] ADCParametersView:116 -                Rank 3 : true
2026-07-25 11:58:34,224 [INFO] ADCParametersView:116 -                Rank 4 : true
2026-07-25 11:58:34,224 [INFO] ADCParametersView:116 -                Rank 1 : true
2026-07-25 11:58:34,224 [INFO] ADCParametersView:116 -                Rank 2 : true
2026-07-25 11:58:34,224 [INFO] ADCParametersView:116 -                Rank 3 : true
2026-07-25 11:58:34,224 [INFO] ADCParametersView:116 -                Rank 4 : true
2026-07-25 11:58:34,224 [INFO] ADCParametersView:116 -                Rank 1 : true
2026-07-25 11:58:34,224 [INFO] ADCParametersView:116 -                Rank 2 : true
2026-07-25 11:58:34,224 [INFO] ADCParametersView:116 -                Rank 3 : true
2026-07-25 11:58:34,224 [INFO] ADCParametersView:116 -                Rank 4 : true
2026-07-25 11:58:34,224 [INFO] ADCParametersView:116 -                Rank 1 : true
2026-07-25 11:58:34,224 [INFO] ADCParametersView:116 -                Rank 2 : true
2026-07-25 11:58:34,224 [INFO] ADCParametersView:116 -                Rank 3 : true
2026-07-25 11:58:34,224 [INFO] ADCParametersView:116 -                Rank 4 : true
2026-07-25 11:58:34,224 [INFO] ADCParametersView:116 -                Rank 1 : true
2026-07-25 11:58:34,224 [INFO] ADCParametersView:116 -                Rank 2 : true
2026-07-25 11:58:34,224 [INFO] ADCParametersView:116 -                Rank 3 : true
2026-07-25 11:58:34,224 [INFO] ADCParametersView:116 -                Rank 4 : true
2026-07-25 11:58:34,224 [INFO] ADCParametersView:116 -                Rank 1 : true
2026-07-25 11:58:34,224 [INFO] ADCParametersView:116 -                Rank 2 : true
2026-07-25 11:58:34,224 [INFO] ADCParametersView:116 -                Rank 3 : true
2026-07-25 11:58:34,224 [INFO] ADCParametersView:116 -                Rank 4 : true
2026-07-25 11:58:34,225 [INFO] ADCParametersView:116 -                Rank 1 : true
2026-07-25 11:58:34,225 [INFO] ADCParametersView:116 -                Rank 2 : true
2026-07-25 11:58:34,225 [INFO] ADCParametersView:116 -                Rank 3 : true
2026-07-25 11:58:34,225 [INFO] ADCParametersView:116 -                Rank 4 : true
2026-07-25 11:58:34,225 [INFO] ADCParametersView:116 -                Rank 1 : true
2026-07-25 11:58:34,225 [INFO] ADCParametersView:116 -                Rank 2 : true
2026-07-25 11:58:34,225 [INFO] ADCParametersView:116 -                Rank 3 : true
2026-07-25 11:58:34,225 [INFO] ADCParametersView:116 -                Rank 4 : true
2026-07-25 11:58:34,225 [INFO] ADCParametersView:116 -                Rank 1 : true
2026-07-25 11:58:34,225 [INFO] ADCParametersView:116 -                Rank 2 : true
2026-07-25 11:58:34,225 [INFO] ADCParametersView:116 -                Rank 3 : true
2026-07-25 11:58:34,225 [INFO] ADCParametersView:116 -                Rank 4 : true
2026-07-25 11:58:34,225 [INFO] ADCParametersView:116 -                Rank 1 : true
2026-07-25 11:58:34,225 [INFO] ADCParametersView:116 -                Rank 2 : true
2026-07-25 11:58:34,225 [INFO] ADCParametersView:116 -                Rank 3 : true
2026-07-25 11:58:34,225 [INFO] ADCParametersView:116 -                Rank 4 : true
2026-07-25 11:58:34,225 [INFO] ADCParametersView:116 -                Rank 2 : true
2026-07-25 11:58:34,225 [INFO] ADCParametersView:116 -                Rank 3 : true
2026-07-25 11:58:34,225 [INFO] ADCParametersView:116 -                Rank 4 : true
2026-07-25 11:58:34,225 [INFO] ADCParametersView:116 -                Rank 3 : true
2026-07-25 11:58:34,225 [INFO] ADCParametersView:116 -                Rank 4 : true
2026-07-25 11:58:34,225 [INFO] ADCParametersView:116 -                Rank 4 : true
2026-07-25 11:58:34,243 [INFO] ADCParametersView:116 -                Rank 1 : true
2026-07-25 11:58:34,243 [INFO] ADCParametersView:116 -                Rank 1 : true
2026-07-25 11:58:34,243 [INFO] ADCParametersView:116 -                Rank 2 : true
2026-07-25 11:58:34,243 [INFO] ADCParametersView:116 -                Rank 1 : true
2026-07-25 11:58:34,243 [INFO] ADCParametersView:116 -                Rank 2 : true
2026-07-25 11:58:34,243 [INFO] ADCParametersView:116 -                Rank 3 : true
2026-07-25 11:58:34,243 [INFO] ADCParametersView:116 -                Rank 1 : true
2026-07-25 11:58:34,243 [INFO] ADCParametersView:116 -                Rank 2 : true
2026-07-25 11:58:34,243 [INFO] ADCParametersView:116 -                Rank 3 : true
2026-07-25 11:58:34,243 [INFO] ADCParametersView:116 -                Rank 4 : true
2026-07-25 11:58:55,506 [INFO] NvicIntPanel:101 - NVIC parent = com.st.microxplorer.plugins.ip.nvic.MultiNvicIntPanel[,0,0,0x0,invalid,layout=javax.swing.BoxLayout,alignmentX=0.0,alignmentY=0.0,border=,flags=9,maximumSize=,minimumSize=,preferredSize=]
2026-07-25 11:58:55,544 [INFO] ADCParametersView:116 -                Rank 1 : true
2026-07-25 11:58:55,544 [INFO] ADCParametersView:116 -                Rank 2 : true
2026-07-25 11:58:55,544 [INFO] ADCParametersView:116 -                Rank 3 : true
2026-07-25 11:58:55,544 [INFO] ADCParametersView:116 -                Rank 4 : true
2026-07-25 11:58:55,546 [INFO] ADCParametersView:116 -                Rank 1 : true
2026-07-25 11:58:55,546 [INFO] ADCParametersView:116 -                Rank 2 : true
2026-07-25 11:58:55,546 [INFO] ADCParametersView:116 -                Rank 3 : true
2026-07-25 11:58:55,546 [INFO] ADCParametersView:116 -                Rank 4 : true
2026-07-25 11:58:55,546 [INFO] ADCParametersView:116 -                Rank 1 : true
2026-07-25 11:58:55,546 [INFO] ADCParametersView:116 -                Rank 2 : true
2026-07-25 11:58:55,546 [INFO] ADCParametersView:116 -                Rank 3 : true
2026-07-25 11:58:55,546 [INFO] ADCParametersView:116 -                Rank 4 : true
2026-07-25 11:58:55,546 [INFO] ADCParametersView:116 -                Rank 1 : true
2026-07-25 11:58:55,546 [INFO] ADCParametersView:116 -                Rank 2 : true
2026-07-25 11:58:55,546 [INFO] ADCParametersView:116 -                Rank 3 : true
2026-07-25 11:58:55,546 [INFO] ADCParametersView:116 -                Rank 4 : true
2026-07-25 11:58:55,547 [INFO] ADCParametersView:116 -                Rank 1 : true
2026-07-25 11:58:55,547 [INFO] ADCParametersView:116 -                Rank 2 : true
2026-07-25 11:58:55,547 [INFO] ADCParametersView:116 -                Rank 3 : true
2026-07-25 11:58:55,547 [INFO] ADCParametersView:116 -                Rank 4 : true
2026-07-25 11:58:55,547 [INFO] ADCParametersView:116 -                Rank 1 : true
2026-07-25 11:58:55,547 [INFO] ADCParametersView:116 -                Rank 2 : true
2026-07-25 11:58:55,547 [INFO] ADCParametersView:116 -                Rank 3 : true
2026-07-25 11:58:55,547 [INFO] ADCParametersView:116 -                Rank 4 : true
2026-07-25 11:58:55,547 [INFO] ADCParametersView:116 -                Rank 1 : true
2026-07-25 11:58:55,547 [INFO] ADCParametersView:116 -                Rank 2 : true
2026-07-25 11:58:55,547 [INFO] ADCParametersView:116 -                Rank 3 : true
2026-07-25 11:58:55,547 [INFO] ADCParametersView:116 -                Rank 4 : true
2026-07-25 11:58:55,547 [INFO] ADCParametersView:116 -                Rank 1 : true
2026-07-25 11:58:55,547 [INFO] ADCParametersView:116 -                Rank 2 : true
2026-07-25 11:58:55,547 [INFO] ADCParametersView:116 -                Rank 3 : true
2026-07-25 11:58:55,547 [INFO] ADCParametersView:116 -                Rank 4 : true
2026-07-25 11:58:55,547 [INFO] ADCParametersView:116 -                Rank 1 : true
2026-07-25 11:58:55,547 [INFO] ADCParametersView:116 -                Rank 2 : true
2026-07-25 11:58:55,547 [INFO] ADCParametersView:116 -                Rank 3 : true
2026-07-25 11:58:55,547 [INFO] ADCParametersView:116 -                Rank 4 : true
2026-07-25 11:58:55,547 [INFO] ADCParametersView:116 -                Rank 1 : true
2026-07-25 11:58:55,547 [INFO] ADCParametersView:116 -                Rank 2 : true
2026-07-25 11:58:55,547 [INFO] ADCParametersView:116 -                Rank 3 : true
2026-07-25 11:58:55,547 [INFO] ADCParametersView:116 -                Rank 4 : true
2026-07-25 11:58:55,547 [INFO] ADCParametersView:116 -                Rank 1 : true
2026-07-25 11:58:55,547 [INFO] ADCParametersView:116 -                Rank 2 : true
2026-07-25 11:58:55,547 [INFO] ADCParametersView:116 -                Rank 3 : true
2026-07-25 11:58:55,547 [INFO] ADCParametersView:116 -                Rank 4 : true
2026-07-25 11:58:55,547 [INFO] ADCParametersView:116 -                Rank 1 : true
2026-07-25 11:58:55,547 [INFO] ADCParametersView:116 -                Rank 2 : true
2026-07-25 11:58:55,547 [INFO] ADCParametersView:116 -                Rank 3 : true
2026-07-25 11:58:55,547 [INFO] ADCParametersView:116 -                Rank 4 : true
2026-07-25 11:58:55,548 [INFO] ADCParametersView:116 -                Rank 1 : true
2026-07-25 11:58:55,548 [INFO] ADCParametersView:116 -                Rank 2 : true
2026-07-25 11:58:55,548 [INFO] ADCParametersView:116 -                Rank 3 : true
2026-07-25 11:58:55,548 [INFO] ADCParametersView:116 -                Rank 4 : true
2026-07-25 11:58:55,548 [INFO] ADCParametersView:116 -                Rank 1 : true
2026-07-25 11:58:55,548 [INFO] ADCParametersView:116 -                Rank 2 : true
2026-07-25 11:58:55,548 [INFO] ADCParametersView:116 -                Rank 3 : true
2026-07-25 11:58:55,548 [INFO] ADCParametersView:116 -                Rank 4 : true
2026-07-25 11:58:55,548 [INFO] ADCParametersView:116 -                Rank 2 : true
2026-07-25 11:58:55,548 [INFO] ADCParametersView:116 -                Rank 3 : true
2026-07-25 11:58:55,548 [INFO] ADCParametersView:116 -                Rank 4 : true
2026-07-25 11:58:55,548 [INFO] ADCParametersView:116 -                Rank 3 : true
2026-07-25 11:58:55,548 [INFO] ADCParametersView:116 -                Rank 4 : true
2026-07-25 11:58:55,548 [INFO] ADCParametersView:116 -                Rank 4 : true
2026-07-25 11:58:55,562 [INFO] ADCParametersView:116 -                Rank 1 : true
2026-07-25 11:58:55,563 [INFO] ADCParametersView:116 -                Rank 1 : true
2026-07-25 11:58:55,563 [INFO] ADCParametersView:116 -                Rank 2 : true
2026-07-25 11:58:55,563 [INFO] ADCParametersView:116 -                Rank 1 : true
2026-07-25 11:58:55,563 [INFO] ADCParametersView:116 -                Rank 2 : true
2026-07-25 11:58:55,563 [INFO] ADCParametersView:116 -                Rank 3 : true
2026-07-25 11:58:55,563 [INFO] ADCParametersView:116 -                Rank 1 : true
2026-07-25 11:58:55,563 [INFO] ADCParametersView:116 -                Rank 2 : true
2026-07-25 11:58:55,563 [INFO] ADCParametersView:116 -                Rank 3 : true
2026-07-25 11:58:55,563 [INFO] ADCParametersView:116 -                Rank 4 : true
2026-07-25 11:58:57,295 [INFO] NvicIntPanel:101 - NVIC parent = com.st.microxplorer.plugins.ip.nvic.MultiNvicIntPanel[,0,0,0x0,invalid,layout=javax.swing.BoxLayout,alignmentX=0.0,alignmentY=0.0,border=,flags=9,maximumSize=,minimumSize=,preferredSize=]
2026-07-25 11:58:57,329 [INFO] ADCParametersView:116 -                Rank 1 : true
2026-07-25 11:58:57,329 [INFO] ADCParametersView:116 -                Rank 2 : true
2026-07-25 11:58:57,329 [INFO] ADCParametersView:116 -                Rank 3 : true
2026-07-25 11:58:57,329 [INFO] ADCParametersView:116 -                Rank 4 : true
2026-07-25 11:58:57,331 [INFO] ADCParametersView:116 -                Rank 1 : true
2026-07-25 11:58:57,331 [INFO] ADCParametersView:116 -                Rank 2 : true
2026-07-25 11:58:57,331 [INFO] ADCParametersView:116 -                Rank 3 : true
2026-07-25 11:58:57,331 [INFO] ADCParametersView:116 -                Rank 4 : true
2026-07-25 11:58:57,331 [INFO] ADCParametersView:116 -                Rank 1 : true
2026-07-25 11:58:57,331 [INFO] ADCParametersView:116 -                Rank 2 : true
2026-07-25 11:58:57,331 [INFO] ADCParametersView:116 -                Rank 3 : true
2026-07-25 11:58:57,331 [INFO] ADCParametersView:116 -                Rank 4 : true
2026-07-25 11:58:57,331 [INFO] ADCParametersView:116 -                Rank 1 : true
2026-07-25 11:58:57,331 [INFO] ADCParametersView:116 -                Rank 2 : true
2026-07-25 11:58:57,332 [INFO] ADCParametersView:116 -                Rank 3 : true
2026-07-25 11:58:57,332 [INFO] ADCParametersView:116 -                Rank 4 : true
2026-07-25 11:58:57,332 [INFO] ADCParametersView:116 -                Rank 1 : true
2026-07-25 11:58:57,332 [INFO] ADCParametersView:116 -                Rank 2 : true
2026-07-25 11:58:57,332 [INFO] ADCParametersView:116 -                Rank 3 : true
2026-07-25 11:58:57,332 [INFO] ADCParametersView:116 -                Rank 4 : true
2026-07-25 11:58:57,332 [INFO] ADCParametersView:116 -                Rank 1 : true
2026-07-25 11:58:57,332 [INFO] ADCParametersView:116 -                Rank 2 : true
2026-07-25 11:58:57,332 [INFO] ADCParametersView:116 -                Rank 3 : true
2026-07-25 11:58:57,332 [INFO] ADCParametersView:116 -                Rank 4 : true
2026-07-25 11:58:57,332 [INFO] ADCParametersView:116 -                Rank 1 : true
2026-07-25 11:58:57,332 [INFO] ADCParametersView:116 -                Rank 2 : true
2026-07-25 11:58:57,332 [INFO] ADCParametersView:116 -                Rank 3 : true
2026-07-25 11:58:57,332 [INFO] ADCParametersView:116 -                Rank 4 : true
2026-07-25 11:58:57,332 [INFO] ADCParametersView:116 -                Rank 1 : true
2026-07-25 11:58:57,332 [INFO] ADCParametersView:116 -                Rank 2 : true
2026-07-25 11:58:57,332 [INFO] ADCParametersView:116 -                Rank 3 : true
2026-07-25 11:58:57,332 [INFO] ADCParametersView:116 -                Rank 4 : true
2026-07-25 11:58:57,332 [INFO] ADCParametersView:116 -                Rank 1 : true
2026-07-25 11:58:57,332 [INFO] ADCParametersView:116 -                Rank 2 : true
2026-07-25 11:58:57,332 [INFO] ADCParametersView:116 -                Rank 3 : true
2026-07-25 11:58:57,332 [INFO] ADCParametersView:116 -                Rank 4 : true
2026-07-25 11:58:57,332 [INFO] ADCParametersView:116 -                Rank 1 : true
2026-07-25 11:58:57,332 [INFO] ADCParametersView:116 -                Rank 2 : true
2026-07-25 11:58:57,332 [INFO] ADCParametersView:116 -                Rank 3 : true
2026-07-25 11:58:57,332 [INFO] ADCParametersView:116 -                Rank 4 : true
2026-07-25 11:58:57,332 [INFO] ADCParametersView:116 -                Rank 1 : true
2026-07-25 11:58:57,332 [INFO] ADCParametersView:116 -                Rank 2 : true
2026-07-25 11:58:57,332 [INFO] ADCParametersView:116 -                Rank 3 : true
2026-07-25 11:58:57,332 [INFO] ADCParametersView:116 -                Rank 4 : true
2026-07-25 11:58:57,332 [INFO] ADCParametersView:116 -                Rank 1 : true
2026-07-25 11:58:57,332 [INFO] ADCParametersView:116 -                Rank 2 : true
2026-07-25 11:58:57,333 [INFO] ADCParametersView:116 -                Rank 3 : true
2026-07-25 11:58:57,333 [INFO] ADCParametersView:116 -                Rank 4 : true
2026-07-25 11:58:57,333 [INFO] ADCParametersView:116 -                Rank 1 : true
2026-07-25 11:58:57,333 [INFO] ADCParametersView:116 -                Rank 2 : true
2026-07-25 11:58:57,333 [INFO] ADCParametersView:116 -                Rank 3 : true
2026-07-25 11:58:57,333 [INFO] ADCParametersView:116 -                Rank 4 : true
2026-07-25 11:58:57,333 [INFO] ADCParametersView:116 -                Rank 1 : true
2026-07-25 11:58:57,333 [INFO] ADCParametersView:116 -                Rank 2 : true
2026-07-25 11:58:57,333 [INFO] ADCParametersView:116 -                Rank 3 : true
2026-07-25 11:58:57,333 [INFO] ADCParametersView:116 -                Rank 4 : true
2026-07-25 11:58:57,333 [INFO] ADCParametersView:116 -                Rank 2 : true
2026-07-25 11:58:57,333 [INFO] ADCParametersView:116 -                Rank 3 : true
2026-07-25 11:58:57,333 [INFO] ADCParametersView:116 -                Rank 4 : true
2026-07-25 11:58:57,333 [INFO] ADCParametersView:116 -                Rank 3 : true
2026-07-25 11:58:57,333 [INFO] ADCParametersView:116 -                Rank 4 : true
2026-07-25 11:58:57,333 [INFO] ADCParametersView:116 -                Rank 4 : true
2026-07-25 11:58:57,348 [INFO] ADCParametersView:116 -                Rank 1 : true
2026-07-25 11:58:57,348 [INFO] ADCParametersView:116 -                Rank 1 : true
2026-07-25 11:58:57,348 [INFO] ADCParametersView:116 -                Rank 2 : true
2026-07-25 11:58:57,349 [INFO] ADCParametersView:116 -                Rank 1 : true
2026-07-25 11:58:57,349 [INFO] ADCParametersView:116 -                Rank 2 : true
2026-07-25 11:58:57,349 [INFO] ADCParametersView:116 -                Rank 3 : true
2026-07-25 11:58:57,349 [INFO] ADCParametersView:116 -                Rank 1 : true
2026-07-25 11:58:57,349 [INFO] ADCParametersView:116 -                Rank 2 : true
2026-07-25 11:58:57,349 [INFO] ADCParametersView:116 -                Rank 3 : true
2026-07-25 11:58:57,349 [INFO] ADCParametersView:116 -                Rank 4 : true
2026-07-25 11:58:58,727 [INFO] NvicIntPanel:101 - NVIC parent = com.st.microxplorer.plugins.ip.nvic.MultiNvicIntPanel[,0,0,0x0,invalid,layout=javax.swing.BoxLayout,alignmentX=0.0,alignmentY=0.0,border=,flags=9,maximumSize=,minimumSize=,preferredSize=]
2026-07-25 11:58:58,769 [INFO] ADCParametersView:116 -                Rank 1 : true
2026-07-25 11:58:58,769 [INFO] ADCParametersView:116 -                Rank 2 : true
2026-07-25 11:58:58,769 [INFO] ADCParametersView:116 -                Rank 3 : true
2026-07-25 11:58:58,769 [INFO] ADCParametersView:116 -                Rank 4 : true
2026-07-25 11:58:58,769 [INFO] ADCParametersView:116 -                Rank 1 : true
2026-07-25 11:58:58,769 [INFO] ADCParametersView:116 -                Rank 2 : true
2026-07-25 11:58:58,769 [INFO] ADCParametersView:116 -                Rank 3 : true
2026-07-25 11:58:58,769 [INFO] ADCParametersView:116 -                Rank 4 : true
2026-07-25 11:58:58,769 [INFO] ADCParametersView:116 -                Rank 1 : true
2026-07-25 11:58:58,769 [INFO] ADCParametersView:116 -                Rank 2 : true
2026-07-25 11:58:58,769 [INFO] ADCParametersView:116 -                Rank 3 : true
2026-07-25 11:58:58,769 [INFO] ADCParametersView:116 -                Rank 4 : true
2026-07-25 11:58:58,769 [INFO] ADCParametersView:116 -                Rank 1 : true
2026-07-25 11:58:58,769 [INFO] ADCParametersView:116 -                Rank 2 : true
2026-07-25 11:58:58,769 [INFO] ADCParametersView:116 -                Rank 3 : true
2026-07-25 11:58:58,769 [INFO] ADCParametersView:116 -                Rank 4 : true
2026-07-25 11:58:58,769 [INFO] ADCParametersView:116 -                Rank 1 : true
2026-07-25 11:58:58,769 [INFO] ADCParametersView:116 -                Rank 2 : true
2026-07-25 11:58:58,769 [INFO] ADCParametersView:116 -                Rank 3 : true
2026-07-25 11:58:58,769 [INFO] ADCParametersView:116 -                Rank 4 : true
2026-07-25 11:58:58,769 [INFO] ADCParametersView:116 -                Rank 1 : true
2026-07-25 11:58:58,769 [INFO] ADCParametersView:116 -                Rank 2 : true
2026-07-25 11:58:58,769 [INFO] ADCParametersView:116 -                Rank 3 : true
2026-07-25 11:58:58,769 [INFO] ADCParametersView:116 -                Rank 4 : true
2026-07-25 11:58:58,769 [INFO] ADCParametersView:116 -                Rank 1 : true
2026-07-25 11:58:58,769 [INFO] ADCParametersView:116 -                Rank 2 : true
2026-07-25 11:58:58,769 [INFO] ADCParametersView:116 -                Rank 3 : true
2026-07-25 11:58:58,769 [INFO] ADCParametersView:116 -                Rank 4 : true
2026-07-25 11:58:58,769 [INFO] ADCParametersView:116 -                Rank 1 : true
2026-07-25 11:58:58,769 [INFO] ADCParametersView:116 -                Rank 2 : true
2026-07-25 11:58:58,769 [INFO] ADCParametersView:116 -                Rank 3 : true
2026-07-25 11:58:58,769 [INFO] ADCParametersView:116 -                Rank 4 : true
2026-07-25 11:58:58,769 [INFO] ADCParametersView:116 -                Rank 1 : true
2026-07-25 11:58:58,769 [INFO] ADCParametersView:116 -                Rank 2 : true
2026-07-25 11:58:58,769 [INFO] ADCParametersView:116 -                Rank 3 : true
2026-07-25 11:58:58,769 [INFO] ADCParametersView:116 -                Rank 4 : true
2026-07-25 11:58:58,769 [INFO] ADCParametersView:116 -                Rank 1 : true
2026-07-25 11:58:58,769 [INFO] ADCParametersView:116 -                Rank 2 : true
2026-07-25 11:58:58,769 [INFO] ADCParametersView:116 -                Rank 3 : true
2026-07-25 11:58:58,769 [INFO] ADCParametersView:116 -                Rank 4 : true
2026-07-25 11:58:58,769 [INFO] ADCParametersView:116 -                Rank 1 : true
2026-07-25 11:58:58,769 [INFO] ADCParametersView:116 -                Rank 2 : true
2026-07-25 11:58:58,769 [INFO] ADCParametersView:116 -                Rank 3 : true
2026-07-25 11:58:58,769 [INFO] ADCParametersView:116 -                Rank 4 : true
2026-07-25 11:58:58,769 [INFO] ADCParametersView:116 -                Rank 1 : true
2026-07-25 11:58:58,769 [INFO] ADCParametersView:116 -                Rank 2 : true
2026-07-25 11:58:58,769 [INFO] ADCParametersView:116 -                Rank 3 : true
2026-07-25 11:58:58,769 [INFO] ADCParametersView:116 -                Rank 4 : true
2026-07-25 11:58:58,769 [INFO] ADCParametersView:116 -                Rank 1 : true
2026-07-25 11:58:58,769 [INFO] ADCParametersView:116 -                Rank 2 : true
2026-07-25 11:58:58,769 [INFO] ADCParametersView:116 -                Rank 3 : true
2026-07-25 11:58:58,769 [INFO] ADCParametersView:116 -                Rank 4 : true
2026-07-25 11:58:58,769 [INFO] ADCParametersView:116 -                Rank 1 : true
2026-07-25 11:58:58,769 [INFO] ADCParametersView:116 -                Rank 2 : true
2026-07-25 11:58:58,769 [INFO] ADCParametersView:116 -                Rank 3 : true
2026-07-25 11:58:58,769 [INFO] ADCParametersView:116 -                Rank 4 : true
2026-07-25 11:58:58,769 [INFO] ADCParametersView:116 -                Rank 2 : true
2026-07-25 11:58:58,769 [INFO] ADCParametersView:116 -                Rank 3 : true
2026-07-25 11:58:58,769 [INFO] ADCParametersView:116 -                Rank 4 : true
2026-07-25 11:58:58,769 [INFO] ADCParametersView:116 -                Rank 3 : true
2026-07-25 11:58:58,769 [INFO] ADCParametersView:116 -                Rank 4 : true
2026-07-25 11:58:58,769 [INFO] ADCParametersView:116 -                Rank 4 : true
2026-07-25 11:58:58,785 [INFO] ADCParametersView:116 -                Rank 1 : true
2026-07-25 11:58:58,785 [INFO] ADCParametersView:116 -                Rank 1 : true
2026-07-25 11:58:58,785 [INFO] ADCParametersView:116 -                Rank 2 : true
2026-07-25 11:58:58,785 [INFO] ADCParametersView:116 -                Rank 1 : true
2026-07-25 11:58:58,785 [INFO] ADCParametersView:116 -                Rank 2 : true
2026-07-25 11:58:58,785 [INFO] ADCParametersView:116 -                Rank 3 : true
2026-07-25 11:58:58,785 [INFO] ADCParametersView:116 -                Rank 1 : true
2026-07-25 11:58:58,785 [INFO] ADCParametersView:116 -                Rank 2 : true
2026-07-25 11:58:58,785 [INFO] ADCParametersView:116 -                Rank 3 : true
2026-07-25 11:58:58,785 [INFO] ADCParametersView:116 -                Rank 4 : true
2026-07-25 11:59:05,201 [INFO] UtilMem:75 - End SaveConfig() Used Memory: 476029936 Bytes (576716800)
2026-07-25 11:59:06,448 [INFO] UtilMem:75 - End SaveConfig() Used Memory: 505334640 Bytes (576716800)
2026-07-25 11:59:08,354 [INFO] UtilMem:75 - End SaveConfig() Used Memory: 320621928 Bytes (576716800)
2026-07-25 11:59:08,857 [INFO] BlockDiagram:2775 - set Specific Code input for plugin: USB_OTG_FS
2026-07-25 11:59:08,857 [INFO] BlockDiagram:2775 - set Specific Code input for plugin: NVIC
2026-07-25 11:59:08,857 [INFO] BlockDiagram:2775 - set Specific Code input for plugin: DMA
2026-07-25 11:59:08,857 [INFO] BlockDiagram:2775 - set Specific Code input for plugin: TIM1_8
2026-07-25 11:59:08,857 [INFO] BlockDiagram:2775 - set Specific Code input for plugin: TIM1_8
2026-07-25 11:59:08,857 [INFO] BlockDiagram:2775 - set Specific Code input for plugin: TIM1_8
2026-07-25 11:59:08,857 [INFO] BlockDiagram:2775 - set Specific Code input for plugin: USB_DEVICE
2026-07-25 11:59:08,857 [INFO] BlockDiagram:2775 - set Specific Code input for plugin: I2S
2026-07-25 11:59:08,857 [INFO] BlockDiagram:2775 - set Specific Code input for plugin: SYS
2026-07-25 11:59:08,857 [INFO] BlockDiagram:2775 - set Specific Code input for plugin: GPIO
2026-07-25 11:59:08,857 [INFO] BlockDiagram:2775 - set Specific Code input for plugin: ADC
2026-07-25 11:59:08,857 [INFO] BlockDiagram:2775 - set Specific Code input for plugin: RCC
2026-07-25 11:59:08,857 [INFO] CodeGenerator:882 - code generatio: config db path: C:\ST\STM32CubeIDE_1.10.1\STM32CubeIDE\plugins\com.st.stm32cube.common.mx_6.14.1.202504091515\\db\
2026-07-25 11:59:08,881 [WARN] IP:2250 - DEVICE_SERIAL0_HID_FS not found: check if there is a RefParameter without a condition.
2026-07-25 11:59:08,881 [WARN] IP:2250 - DEVICE_SERIAL1_HID_FS not found: check if there is a RefParameter without a condition.
2026-07-25 11:59:08,881 [WARN] IP:2250 - DEVICE_SERIAL2_HID_FS not found: check if there is a RefParameter without a condition.
2026-07-25 11:59:09,135 [INFO] CodeEngine:263 - oldGeneratedFile, D:\Projects\Ventures\Mruda\01_Technical\MCU_Software\MCU_3.1.0\Mruda_midi_3.0.2\MXTmpFiles\license.tmp_save
2026-07-25 11:59:09,710 [INFO] CodeEngine:287 - Generated code: D:\Projects\Ventures\Mruda\01_Technical\MCU_Software\MCU_3.1.0\Mruda_midi_3.0.2\MXTmpFiles\license.tmp
2026-07-25 11:59:09,838 [INFO] CodeEngine:263 - oldGeneratedFile, D:\Projects\Ventures\Mruda\01_Technical\MCU_Software\MCU_3.1.0\Mruda_midi_3.0.2\MXTmpFiles\gpio.tmp_save
2026-07-25 11:59:09,976 [INFO] CodeEngine:287 - Generated code: D:\Projects\Ventures\Mruda\01_Technical\MCU_Software\MCU_3.1.0\Mruda_midi_3.0.2\MXTmpFiles\gpio.tmp
2026-07-25 11:59:10,079 [WARN] IPConfigManager:3217 - Warning: the RefConfig PWREx_EnableUSBVoltageDetector is not available in your config.xml file
2026-07-25 11:59:10,102 [INFO] CodeEngine:263 - oldGeneratedFile, D:\Projects\Ventures\Mruda\01_Technical\MCU_Software\MCU_3.1.0\Mruda_midi_3.0.2\MXTmpFiles\usb_otg_fs_vars.tmp_save
2026-07-25 11:59:10,194 [INFO] CodeEngine:287 - Generated code: D:\Projects\Ventures\Mruda\01_Technical\MCU_Software\MCU_3.1.0\Mruda_midi_3.0.2\MXTmpFiles\usb_otg_fs_vars.tmp
2026-07-25 11:59:10,208 [INFO] CodeEngine:263 - oldGeneratedFile, D:\Projects\Ventures\Mruda\01_Technical\MCU_Software\MCU_3.1.0\Mruda_midi_3.0.2\MXTmpFiles\usb_otg_fs_inc.tmp_save
2026-07-25 11:59:10,282 [INFO] CodeEngine:287 - Generated code: D:\Projects\Ventures\Mruda\01_Technical\MCU_Software\MCU_3.1.0\Mruda_midi_3.0.2\MXTmpFiles\usb_otg_fs_inc.tmp
2026-07-25 11:59:10,306 [INFO] CodeEngine:263 - oldGeneratedFile, D:\Projects\Ventures\Mruda\01_Technical\MCU_Software\MCU_3.1.0\Mruda_midi_3.0.2\MXTmpFiles\usb_otg_fs_HalInit.tmp_save
2026-07-25 11:59:10,417 [INFO] CodeEngine:287 - Generated code: D:\Projects\Ventures\Mruda\01_Technical\MCU_Software\MCU_3.1.0\Mruda_midi_3.0.2\MXTmpFiles\usb_otg_fs_HalInit.tmp
2026-07-25 11:59:10,434 [INFO] CodeEngine:263 - oldGeneratedFile, D:\Projects\Ventures\Mruda\01_Technical\MCU_Software\MCU_3.1.0\Mruda_midi_3.0.2\MXTmpFiles\usb_otg_fs_Msp.tmp_save
2026-07-25 11:59:10,538 [INFO] CodeEngine:287 - Generated code: D:\Projects\Ventures\Mruda\01_Technical\MCU_Software\MCU_3.1.0\Mruda_midi_3.0.2\MXTmpFiles\usb_otg_fs_Msp.tmp
2026-07-25 11:59:10,929 [INFO] Middleware:1452 - No code input for Bsp Dependency
2026-07-25 11:59:10,967 [INFO] CodeEngine:263 - oldGeneratedFile, D:\Projects\Ventures\Mruda\01_Technical\MCU_Software\MCU_3.1.0\Mruda_midi_3.0.2\MXTmpFiles\dma.tmp_save
2026-07-25 11:59:11,062 [INFO] CodeEngine:287 - Generated code: D:\Projects\Ventures\Mruda\01_Technical\MCU_Software\MCU_3.1.0\Mruda_midi_3.0.2\MXTmpFiles\dma.tmp
2026-07-25 11:59:11,080 [INFO] CodeEngine:263 - oldGeneratedFile, D:\Projects\Ventures\Mruda\01_Technical\MCU_Software\MCU_3.1.0\Mruda_midi_3.0.2\MXTmpFiles\dma_GV.tmp_save
2026-07-25 11:59:11,147 [INFO] CodeEngine:287 - Generated code: D:\Projects\Ventures\Mruda\01_Technical\MCU_Software\MCU_3.1.0\Mruda_midi_3.0.2\MXTmpFiles\dma_GV.tmp
2026-07-25 11:59:11,173 [INFO] Middleware:1452 - No code input for Bsp Dependency
2026-07-25 11:59:11,205 [INFO] CodeEngine:263 - oldGeneratedFile, D:\Projects\Ventures\Mruda\01_Technical\MCU_Software\MCU_3.1.0\Mruda_midi_3.0.2\USB_DEVICE\App\usb_device.c_save
2026-07-25 11:59:11,300 [INFO] CodeEngine:287 - Generated code: D:\Projects\Ventures\Mruda\01_Technical\MCU_Software\MCU_3.1.0\Mruda_midi_3.0.2\USB_DEVICE\App\usb_device.c
2026-07-25 11:59:11,316 [INFO] CodeEngine:263 - oldGeneratedFile, D:\Projects\Ventures\Mruda\01_Technical\MCU_Software\MCU_3.1.0\Mruda_midi_3.0.2\USB_DEVICE\App\usb_device.h_save
2026-07-25 11:59:11,418 [INFO] CodeEngine:287 - Generated code: D:\Projects\Ventures\Mruda\01_Technical\MCU_Software\MCU_3.1.0\Mruda_midi_3.0.2\USB_DEVICE\App\usb_device.h
2026-07-25 11:59:11,434 [INFO] CodeEngine:263 - oldGeneratedFile, D:\Projects\Ventures\Mruda\01_Technical\MCU_Software\MCU_3.1.0\Mruda_midi_3.0.2\USB_DEVICE\Target\usbd_conf.h_save
2026-07-25 11:59:11,542 [INFO] CodeEngine:287 - Generated code: D:\Projects\Ventures\Mruda\01_Technical\MCU_Software\MCU_3.1.0\Mruda_midi_3.0.2\USB_DEVICE\Target\usbd_conf.h
2026-07-25 11:59:11,560 [INFO] CodeEngine:263 - oldGeneratedFile, D:\Projects\Ventures\Mruda\01_Technical\MCU_Software\MCU_3.1.0\Mruda_midi_3.0.2\USB_DEVICE\Target\usbd_conf.c_save
2026-07-25 11:59:11,681 [INFO] CodeEngine:287 - Generated code: D:\Projects\Ventures\Mruda\01_Technical\MCU_Software\MCU_3.1.0\Mruda_midi_3.0.2\USB_DEVICE\Target\usbd_conf.c
2026-07-25 11:59:11,697 [INFO] CodeEngine:263 - oldGeneratedFile, D:\Projects\Ventures\Mruda\01_Technical\MCU_Software\MCU_3.1.0\Mruda_midi_3.0.2\USB_DEVICE\App\usbd_desc.h_save
2026-07-25 11:59:11,798 [INFO] CodeEngine:287 - Generated code: D:\Projects\Ventures\Mruda\01_Technical\MCU_Software\MCU_3.1.0\Mruda_midi_3.0.2\USB_DEVICE\App\usbd_desc.h
2026-07-25 11:59:11,825 [INFO] CodeEngine:263 - oldGeneratedFile, D:\Projects\Ventures\Mruda\01_Technical\MCU_Software\MCU_3.1.0\Mruda_midi_3.0.2\USB_DEVICE\App\usbd_desc.c_save
2026-07-25 11:59:11,920 [INFO] CodeEngine:287 - Generated code: D:\Projects\Ventures\Mruda\01_Technical\MCU_Software\MCU_3.1.0\Mruda_midi_3.0.2\USB_DEVICE\App\usbd_desc.c
2026-07-25 11:59:11,955 [INFO] CodeEngine:263 - oldGeneratedFile, D:\Projects\Ventures\Mruda\01_Technical\MCU_Software\MCU_3.1.0\Mruda_midi_3.0.2\Core\Src\stm32f4xx_it.c_save
2026-07-25 11:59:12,074 [INFO] CodeEngine:287 - Generated code: D:\Projects\Ventures\Mruda\01_Technical\MCU_Software\MCU_3.1.0\Mruda_midi_3.0.2\Core\Src\stm32f4xx_it.c
2026-07-25 11:59:12,098 [INFO] CodeEngine:263 - oldGeneratedFile, D:\Projects\Ventures\Mruda\01_Technical\MCU_Software\MCU_3.1.0\Mruda_midi_3.0.2\Core\Inc\stm32f4xx_it.h_save
2026-07-25 11:59:12,173 [INFO] CodeEngine:287 - Generated code: D:\Projects\Ventures\Mruda\01_Technical\MCU_Software\MCU_3.1.0\Mruda_midi_3.0.2\Core\Inc\stm32f4xx_it.h
2026-07-25 11:59:12,221 [INFO] CodeEngine:263 - oldGeneratedFile, D:\Projects\Ventures\Mruda\01_Technical\MCU_Software\MCU_3.1.0\Mruda_midi_3.0.2\Core\Src\stm32f4xx_hal_msp.c_save
2026-07-25 11:59:12,348 [INFO] CodeEngine:287 - Generated code: D:\Projects\Ventures\Mruda\01_Technical\MCU_Software\MCU_3.1.0\Mruda_midi_3.0.2\Core\Src\stm32f4xx_hal_msp.c
2026-07-25 11:59:12,364 [INFO] CodeEngine:263 - oldGeneratedFile, D:\Projects\Ventures\Mruda\01_Technical\MCU_Software\MCU_3.1.0\Mruda_midi_3.0.2\MXTmpFiles\system.tmp_save
2026-07-25 11:59:12,445 [INFO] CodeEngine:287 - Generated code: D:\Projects\Ventures\Mruda\01_Technical\MCU_Software\MCU_3.1.0\Mruda_midi_3.0.2\MXTmpFiles\system.tmp
2026-07-25 11:59:12,475 [INFO] CodeEngine:319 - oldGeneratedFile, D:\Projects\Ventures\Mruda\01_Technical\MCU_Software\MCU_3.1.0\Mruda_midi_3.0.2\Core\Inc\stm32f4xx_hal_conf.h_save
2026-07-25 11:59:12,570 [INFO] CodeEngine:343 - Generated code: D:\Projects\Ventures\Mruda\01_Technical\MCU_Software\MCU_3.1.0\Mruda_midi_3.0.2\Core\Inc\stm32f4xx_hal_conf.h
2026-07-25 11:59:12,610 [INFO] ApiDbMcu:508 - Load IP Config File for ADC1
2026-07-25 11:59:12,613 [INFO] ApiDbMcu:508 - Load IP Config File for I2S2
2026-07-25 11:59:12,622 [INFO] ApiDbMcu:508 - Load IP Config File for TIM2
2026-07-25 11:59:12,631 [INFO] ApiDbMcu:508 - Load IP Config File for TIM3
2026-07-25 11:59:12,640 [INFO] ApiDbMcu:508 - Load IP Config File for TIM4
2026-07-25 11:59:12,643 [INFO] ApiDbMcu:508 - Load IP Config File for RCC
2026-07-25 11:59:12,646 [WARN] IPConfigManager:3790 - IP not found : TIM
2026-07-25 11:59:12,648 [WARN] CodeGenerator:4198 - IP not found : null
2026-07-25 11:59:12,679 [INFO] CodeEngine:263 - oldGeneratedFile, D:\Projects\Ventures\Mruda\01_Technical\MCU_Software\MCU_3.1.0\Mruda_midi_3.0.2\Core\Inc\main.h_save
2026-07-25 11:59:12,789 [INFO] CodeEngine:287 - Generated code: D:\Projects\Ventures\Mruda\01_Technical\MCU_Software\MCU_3.1.0\Mruda_midi_3.0.2\Core\Inc\main.h
2026-07-25 11:59:12,817 [INFO] CodeEngine:263 - oldGeneratedFile, D:\Projects\Ventures\Mruda\01_Technical\MCU_Software\MCU_3.1.0\Mruda_midi_3.0.2\Core\Src\main.c_save
2026-07-25 11:59:12,987 [INFO] CodeEngine:287 - Generated code: D:\Projects\Ventures\Mruda\01_Technical\MCU_Software\MCU_3.1.0\Mruda_midi_3.0.2\Core\Src\main.c
2026-07-25 11:59:13,508 [INFO] ProjectBuilder:3324 - Time for Copy HAL[1] : 297mS.
2026-07-25 11:59:13,520 [INFO] ProjectBuilder:4912 - Project Generator version: 4.6.0.1-B1
2026-07-25 11:59:13,618 [INFO] ConfigFileManager:1590 - The Die is : DIE431
2026-07-25 11:59:13,634 [INFO] ApiDbMcu:508 - Load IP Config File for FATFS
2026-07-25 11:59:13,650 [INFO] ApiDbMcu:508 - Load IP Config File for FREERTOS
2026-07-25 11:59:13,650 [INFO] ApiDbMcu:508 - Load IP Config File for LIBJPEG
2026-07-25 11:59:13,666 [INFO] ApiDbMcu:508 - Load IP Config File for MBEDTLS
2026-07-25 11:59:13,682 [INFO] ApiDbMcu:508 - Load IP Config File for USB_HOST
2026-07-25 11:59:14,534 [INFO] LogOutputStream:77 - [STDOUT_REDIRECT] 
2026-07-25 11:59:17,210 [INFO] ProjectBuilder:5191 - Time for Generating toolchain IDE Files: 3689mS.
2026-07-25 11:59:17,211 [INFO] ProjectBuilder:3181 - Time for Copy CMSIS : 1mS.
2026-07-25 11:59:17,216 [INFO] ProjectBuilder:3181 - Time for Copy CMSIS : 0mS.
2026-07-25 13:01:41,272 [INFO] I2sManager:658 - 1.1875E8
2026-07-25 13:01:41,272 [INFO] I2sManager:195 - I2S Clock Value : 1.1875E8
2026-07-25 13:01:41,274 [INFO] I2sManager:553 - AudioClock : 15995Divider : 116Odd : 0
2026-07-25 13:03:37,884 [INFO] I2sManager:658 - 1.1875E8
2026-07-25 13:03:37,884 [INFO] I2sManager:195 - I2S Clock Value : 1.1875E8
2026-07-25 13:03:37,885 [INFO] I2sManager:553 - AudioClock : 15995Divider : 116Odd : 0
2026-07-25 13:06:27,991 [INFO] LogOutputStream:77 - [STDOUT_REDIRECT] StartTraceHandler.execute(), success : Collect=true
2026-07-25 13:07:09,317 [INFO] LogOutputStream:77 - [STDOUT_REDIRECT] StartTraceHandler.execute(), success : Collect=false
2026-07-25 13:07:56,914 [INFO] LogOutputStream:77 - [STDOUT_REDIRECT] StartTraceHandler.execute(), success : Collect=true
2026-07-25 13:08:34,362 [INFO] LogOutputStream:77 - [STDOUT_REDIRECT] StartTraceHandler.execute(), success : Collect=false
2026-07-25 13:08:35,700 [INFO] LogOutputStream:77 - [STDOUT_REDIRECT] StartTraceHandler.execute(), success : Collect=true
2026-07-25 13:08:44,912 [INFO] LogOutputStream:77 - [STDOUT_REDIRECT] StartTraceHandler.execute(), success : Collect=false
2026-07-25 13:09:23,153 [INFO] LogOutputStream:77 - [STDOUT_REDIRECT] StartTraceHandler.execute(), success : Collect=true
2026-07-25 13:09:24,905 [INFO] LogOutputStream:77 - [STDOUT_REDIRECT] StartTraceHandler.execute(), success : Collect=false
2026-07-25 13:09:26,169 [INFO] LogOutputStream:77 - [STDOUT_REDIRECT] StartTraceHandler.execute(), success : Collect=true
2026-07-25 13:09:52,894 [INFO] LogOutputStream:77 - [STDOUT_REDIRECT] StartTraceHandler.execute(), success : Collect=false
2026-07-25 13:10:01,911 [INFO] LogOutputStream:77 - [STDOUT_REDIRECT] StartTraceHandler.execute(), success : Collect=true
2026-07-25 13:10:17,804 [INFO] LogOutputStream:77 - [STDOUT_REDIRECT] StartTraceHandler.execute(), success : Collect=false
2026-07-25 13:10:59,917 [INFO] LogOutputStream:77 - [STDOUT_REDIRECT] StartTraceHandler.execute(), success : Collect=true
2026-07-25 13:11:54,555 [INFO] LogOutputStream:77 - [STDOUT_REDIRECT] StartTraceHandler.execute(), success : Collect=false
2026-07-25 13:12:07,478 [INFO] LogOutputStream:77 - [STDOUT_REDIRECT] StartTraceHandler.execute(), success : Collect=true
2026-07-25 13:12:09,164 [INFO] LogOutputStream:77 - [STDOUT_REDIRECT] StartTraceHandler.execute(), success : Collect=false
2026-07-25 13:12:09,629 [INFO] LogOutputStream:77 - [STDOUT_REDIRECT] StartTraceHandler.execute(), success : Collect=true
2026-07-25 13:14:36,285 [INFO] LogOutputStream:77 - [STDOUT_REDIRECT] StartTraceHandler.execute(), success : Collect=false
2026-07-25 13:14:55,509 [INFO] LogOutputStream:77 - [STDOUT_REDIRECT] StartTraceHandler.execute(), success : Collect=true
2026-07-25 13:15:14,135 [INFO] LogOutputStream:77 - [STDOUT_REDIRECT] StartTraceHandler.execute(), success : Collect=false
2026-07-25 13:20:57,136 [INFO] LogOutputStream:77 - [STDOUT_REDIRECT] StartTraceHandler.execute(), success : Collect=true
2026-07-25 13:20:59,251 [INFO] LogOutputStream:77 - [STDOUT_REDIRECT] StartTraceHandler.execute(), success : Collect=false
2026-07-25 13:21:01,532 [INFO] LogOutputStream:77 - [STDOUT_REDIRECT] StartTraceHandler.execute(), success : Collect=true
2026-07-25 13:21:37,200 [INFO] LogOutputStream:77 - [STDOUT_REDIRECT] StartTraceHandler.execute(), success : Collect=false
2026-07-25 13:21:52,287 [INFO] LogOutputStream:77 - [STDOUT_REDIRECT] StartTraceHandler.execute(), success : Collect=true
2026-07-25 13:23:03,466 [INFO] LogOutputStream:77 - [STDOUT_REDIRECT] StartTraceHandler.execute(), success : Collect=false
2026-07-25 13:23:09,497 [INFO] LogOutputStream:77 - [STDOUT_REDIRECT] StartTraceHandler.execute(), success : Collect=true
2026-07-25 13:24:09,448 [INFO] LogOutputStream:77 - [STDOUT_REDIRECT] StartTraceHandler.execute(), success : Collect=false
2026-07-25 13:24:15,667 [INFO] LogOutputStream:77 - [STDOUT_REDIRECT] StartTraceHandler.execute(), success : Collect=true
2026-07-25 13:24:56,773 [INFO] LogOutputStream:77 - [STDOUT_REDIRECT] StartTraceHandler.execute(), success : Collect=false
2026-07-25 13:25:14,693 [INFO] LogOutputStream:77 - [STDOUT_REDIRECT] StartTraceHandler.execute(), success : Collect=true
2026-07-25 13:25:35,259 [ERROR] LogOutputStream:75 - [STDERR_REDIRECT] Exception in thread "SWV client thread" java.lang.NullPointerException: Cannot invoke "com.st.stm32cube.ide.mcu.debug.swv.core.SWVPlugin.isDebugging()" because "com.st.stm32cube.ide.mcu.debug.swv.core.SWVPlugin.plugin" is null
2026-07-25 13:25:35,261 [ERROR] LogOutputStream:75 - [STDERR_REDIRECT] 	at com.st.stm32cube.ide.mcu.debug.swv.core.SWVPlugin.debugTrace(SWVPlugin.java:85)
2026-07-25 13:25:35,262 [ERROR] LogOutputStream:75 - [STDERR_REDIRECT] 	at com.st.stm32cube.ide.mcu.debug.swv.core.SWVClient.TRACE(SWVClient.java:768)
2026-07-25 13:25:35,264 [ERROR] LogOutputStream:75 - [STDERR_REDIRECT] 	at com.st.stm32cube.ide.mcu.debug.swv.core.SWVClient.readByte(SWVClient.java:296)
2026-07-25 13:25:35,265 [ERROR] LogOutputStream:75 - [STDERR_REDIRECT] 	at com.st.stm32cube.ide.mcu.debug.swv.core.SWVClient.getNextByte(SWVClient.java:277)
2026-07-25 13:25:35,266 [ERROR] LogOutputStream:75 - [STDERR_REDIRECT] 	at com.st.stm32cube.ide.mcu.debug.swv.core.SWVClient.run(SWVClient.java:313)
2026-07-25 13:25:59,627 [INFO] Activator:176 - 


2026-07-25 13:25:59,629 [INFO] Activator:177 - !SESSION log4j initialized
2026-07-25 13:26:06,478 [INFO] LogOutputStream:77 - [STDOUT_REDIRECT] 
2026-07-25 13:26:07,416 [INFO] ApplicationProperties:184 - Using Application install path: C:\ST\STM32CubeIDE_1.10.1\STM32CubeIDE\plugins\com.st.stm32cube.common.mx_6.14.1.202504091515
2026-07-25 13:26:07,434 [INFO] DbMcusXml:78 - Set database path to: C:\ST\STM32CubeIDE_1.10.1\STM32CubeIDE\plugins\com.st.stm32cube.common.mx_6.14.1.202504091515\\db\/mcu/
2026-07-25 13:26:07,434 [INFO] ApiDb:274 - Set plugin database path to: C:\ST\STM32CubeIDE_1.10.1\STM32CubeIDE\plugins\com.st.stm32cube.common.mx_6.14.1.202504091515\\db\/plugins/boardmanager/
2026-07-25 13:26:07,434 [WARN] ApiDb:259 - Overriding images path with different value:  => C:\ST\STM32CubeIDE_1.10.1\STM32CubeIDE\plugins\com.st.stm32cube.common.mx_6.14.1.202504091515\\db\/plugins/mcufinder/images/
2026-07-25 13:26:07,449 [INFO] ApiDb:250 - Set database path to: C:\Users\abhil\.stmcufinder\plugins\mcufinder//mcu/
2026-07-25 13:26:07,450 [INFO] DbMcusAds:125 - Set database path to: C:\Users\abhil\.stmcufinder\plugins\mcufinder//mcu/
2026-07-25 13:26:07,452 [INFO] CrossReferenceDbSqlite:203 - Set database path to: C:\Users\abhil\.stmcufinder\plugins\mcufinder//mcu/cs/
2026-07-25 13:26:07,561 [INFO] RulesReader:64 - Compatibility file has been processed (302 Rules)
2026-07-25 13:26:07,633 [INFO] DbMcusXml:78 - Set database path to: C:\ST\STM32CubeIDE_1.10.1\STM32CubeIDE\plugins\com.st.stm32cube.common.mx_6.14.1.202504091515\\db\/mcu/
2026-07-25 13:26:07,633 [INFO] ApiDb:274 - Set plugin database path to: C:\ST\STM32CubeIDE_1.10.1\STM32CubeIDE\plugins\com.st.stm32cube.common.mx_6.14.1.202504091515\\db\/plugins/boardmanager/
2026-07-25 13:26:07,633 [INFO] ApiDb:261 - Set plugin images path to: C:\ST\STM32CubeIDE_1.10.1\STM32CubeIDE\plugins\com.st.stm32cube.common.mx_6.14.1.202504091515\\db\/plugins/mcufinder/images/
2026-07-25 13:26:07,633 [WARN] DbFile:41 - Overriding database path with different value: C:\Users\abhil\.stmcufinder\plugins\mcufinder/ => C:\Users\abhil\.stmcufinder\plugins\mcufinder
2026-07-25 13:26:07,633 [INFO] ApiDb:250 - Set database path to: C:\Users\abhil\.stmcufinder\plugins\mcufinder//mcu/
2026-07-25 13:26:07,633 [WARN] DbFile:41 - Overriding database path with different value: C:\Users\abhil\.stmcufinder\plugins\mcufinder/ => C:\Users\abhil\.stmcufinder\plugins\mcufinder
2026-07-25 13:26:07,634 [INFO] DbMcusAds:125 - Set database path to: C:\Users\abhil\.stmcufinder\plugins\mcufinder//mcu/
2026-07-25 13:26:07,634 [WARN] DbFile:41 - Overriding database path with different value: C:\Users\abhil\.stmcufinder\plugins\mcufinder/ => C:\Users\abhil\.stmcufinder\plugins\mcufinder
2026-07-25 13:26:07,634 [WARN] DbFile:41 - Overriding database path with different value: C:\Users\abhil\.stmcufinder\plugins\mcufinder/ => C:\Users\abhil\.stmcufinder\plugins\mcufinder
2026-07-25 13:26:07,634 [INFO] CrossReferenceDbSqlite:203 - Set database path to: C:\Users\abhil\.stmcufinder\plugins\mcufinder//mcu/cs/
2026-07-25 13:26:07,699 [INFO] MainPanel:272 - HeapMemory: 268435456
2026-07-25 13:26:07,771 [INFO] DbMcusXml:78 - Set database path to: C:\ST\STM32CubeIDE_1.10.1\STM32CubeIDE\plugins\com.st.stm32cube.common.mx_6.14.1.202504091515\\db\/mcu/
2026-07-25 13:26:07,771 [INFO] ApiDb:274 - Set plugin database path to: C:\ST\STM32CubeIDE_1.10.1\STM32CubeIDE\plugins\com.st.stm32cube.common.mx_6.14.1.202504091515\\db\/plugins/boardmanager/
2026-07-25 13:26:07,771 [INFO] ApiDb:261 - Set plugin images path to: C:\ST\STM32CubeIDE_1.10.1\STM32CubeIDE\plugins\com.st.stm32cube.common.mx_6.14.1.202504091515\\db\/plugins/mcufinder/images/
2026-07-25 13:26:07,772 [WARN] DbFile:41 - Overriding database path with different value: C:\Users\abhil\.stmcufinder\plugins\mcufinder/ => C:\Users\abhil\.stmcufinder\plugins\mcufinder
2026-07-25 13:26:07,772 [INFO] ApiDb:250 - Set database path to: C:\Users\abhil\.stmcufinder\plugins\mcufinder//mcu/
2026-07-25 13:26:07,772 [WARN] DbFile:41 - Overriding database path with different value: C:\Users\abhil\.stmcufinder\plugins\mcufinder/ => C:\Users\abhil\.stmcufinder\plugins\mcufinder
2026-07-25 13:26:07,772 [INFO] DbMcusAds:125 - Set database path to: C:\Users\abhil\.stmcufinder\plugins\mcufinder//mcu/
2026-07-25 13:26:07,772 [WARN] DbFile:41 - Overriding database path with different value: C:\Users\abhil\.stmcufinder\plugins\mcufinder/ => C:\Users\abhil\.stmcufinder\plugins\mcufinder
2026-07-25 13:26:07,772 [WARN] DbFile:41 - Overriding database path with different value: C:\Users\abhil\.stmcufinder\plugins\mcufinder/ => C:\Users\abhil\.stmcufinder\plugins\mcufinder
2026-07-25 13:26:07,772 [INFO] CrossReferenceDbSqlite:203 - Set database path to: C:\Users\abhil\.stmcufinder\plugins\mcufinder//mcu/cs/
2026-07-25 13:26:07,788 [INFO] ApplicationProperties:184 - Using Application install path: C:\ST\STM32CubeIDE_1.10.1\STM32CubeIDE\plugins\com.st.stm32cube.common.mx_6.14.1.202504091515
2026-07-25 13:26:07,789 [INFO] PluginManage:196 - Search for loadable plugins [exclusion list=, ]
2026-07-25 13:26:07,791 [INFO] PluginManage:310 - Check plugin analytics
2026-07-25 13:26:07,945 [INFO] AnalyticsPlugin:253 - Accepted Software Licenses: 
2026-07-25 13:26:07,945 [INFO] AnalyticsPlugin:255 - Accepted CMSIS Pack Licenses: 
2026-07-25 13:26:07,945 [INFO] AnalyticsPlugin:257 - Accepted Firmware Licenses: FW.F4.1.27.0,FW.H7.1.10.0,FW.H7.1.12.0,FW.F4.1.28.0
2026-07-25 13:26:07,948 [INFO] PluginManage:359 - Loaded plugin analytics (category:tool,tabindex:-1)
2026-07-25 13:26:07,948 [INFO] PluginManage:310 - Check plugin cadmodel
2026-07-25 13:26:07,966 [INFO] CADModel:105 - Init CAD model plugin
2026-07-25 13:26:07,966 [INFO] PluginManage:359 - Loaded plugin cadmodel (category:power,tabindex:5)
2026-07-25 13:26:07,966 [INFO] PluginManage:310 - Check plugin clock
2026-07-25 13:26:07,989 [INFO] PluginManage:359 - Loaded plugin clock (category:base,tabindex:2)
2026-07-25 13:26:07,989 [INFO] PluginManage:310 - Check plugin ddr
2026-07-25 13:26:07,992 [INFO] PluginManage:359 - Loaded plugin ddr (category:tool,tabindex:6)
2026-07-25 13:26:07,992 [INFO] PluginManage:310 - Check plugin filemanager
2026-07-25 13:26:08,121 [INFO] PluginManage:359 - Loaded plugin filemanager (category:base,tabindex:10)
2026-07-25 13:26:08,121 [INFO] PluginManage:310 - Check plugin ipmanager
2026-07-25 13:26:08,128 [INFO] PluginManage:359 - Loaded plugin ipmanager (category:base,tabindex:5)
2026-07-25 13:26:08,128 [INFO] PluginManage:310 - Check plugin lpbam
2026-07-25 13:26:08,149 [INFO] PluginManage:359 - Loaded plugin lpbam (category:base,tabindex:0)
2026-07-25 13:26:08,149 [INFO] PluginManage:310 - Check plugin memorymap
2026-07-25 13:26:08,170 [INFO] PluginManage:359 - Loaded plugin memorymap (category:base,tabindex:4)
2026-07-25 13:26:08,170 [INFO] PluginManage:310 - Check plugin pinoutandconfiguration
2026-07-25 13:26:08,191 [INFO] PluginManage:359 - Loaded plugin pinoutandconfiguration (category:base,tabindex:1)
2026-07-25 13:26:08,191 [INFO] PluginManage:310 - Check plugin pinoutconfig
2026-07-25 13:26:08,290 [WARN] SupportedApi:132 - Cannot load RTOS API schema: s4s-elt-must-match.1: The content of 'definitions' must match (annotation?, (simpleType | complexType)?, (unique | key | keyref)*)). A problem was found starting at: attribute.
2026-07-25 13:26:08,410 [INFO] PluginManage:359 - Loaded plugin pinoutconfig (category:base,tabindex:0)
2026-07-25 13:26:08,410 [INFO] PluginManage:310 - Check plugin power
2026-07-25 13:26:08,432 [INFO] PluginManage:359 - Loaded plugin power (category:power,tabindex:4)
2026-07-25 13:26:08,432 [INFO] PluginManage:310 - Check plugin projectmanager
2026-07-25 13:26:08,446 [INFO] PluginManage:359 - Loaded plugin projectmanager (category:projectmanager,tabindex:4)
2026-07-25 13:26:08,446 [INFO] PluginManage:310 - Check plugin rif
2026-07-25 13:26:08,465 [INFO] PluginManage:359 - Loaded plugin rif (category:base,tabindex:3)
2026-07-25 13:26:08,465 [INFO] PluginManage:310 - Check plugin thirdparty
2026-07-25 13:26:08,719 [WARN] IntegrityCheckThread:84 - waiting for thirdparty lock release [integrity check]
2026-07-25 13:26:08,719 [INFO] PluginManage:359 - Loaded plugin thirdparty (category:base,tabindex:-1)
2026-07-25 13:26:08,719 [INFO] IntegrityCheckThread:86 - entering critical section [integrity check]
2026-07-25 13:26:08,719 [INFO] PluginManage:310 - Check plugin tools
2026-07-25 13:26:08,719 [INFO] ThirdPartyUpdaterWithRetryManager:70 - Updater plugin not ready yet. [1/15]
2026-07-25 13:26:08,769 [INFO] PluginManage:359 - Loaded plugin tools (category:base,tabindex:7)
2026-07-25 13:26:08,769 [INFO] PluginManage:310 - Check plugin tutovideos
2026-07-25 13:26:08,931 [INFO] PluginManage:359 - Loaded plugin tutovideos (category:base,tabindex:-1)
2026-07-25 13:26:08,932 [INFO] PluginManage:310 - Check plugin updater
2026-07-25 13:26:08,950 [INFO] PluginManage:359 - Loaded plugin updater (category:base,tabindex:12)
2026-07-25 13:26:08,950 [INFO] PluginManage:310 - Check plugin userauth
2026-07-25 13:26:08,954 [INFO] UserAuth:118 - Init User Auth plugin
2026-07-25 13:26:08,954 [INFO] PluginManage:359 - Loaded plugin userauth (category:base,tabindex:14)
2026-07-25 13:26:08,955 [INFO] PluginManage:283 - PluginManage : Loaded plugins [18]
2026-07-25 13:26:09,135 [INFO] PinOutPanel:1589 - setPackage(No Configuration,No Configuration)
2026-07-25 13:26:09,218 [INFO] CADModel:165 - CPN selected for project level
2026-07-25 13:26:09,218 [INFO] CADModel:114 - Register for checkConnection events
2026-07-25 13:26:09,245 [INFO] IPUIPlugin:80 - create IPUIPlugin
2026-07-25 13:26:09,245 [INFO] PluginManager:220 - loadIPPluginJar : add adc
2026-07-25 13:26:09,296 [INFO] IPUIPlugin:80 - create IPUIPlugin
2026-07-25 13:26:09,297 [INFO] PluginManager:220 - loadIPPluginJar : add aes
2026-07-25 13:26:09,356 [INFO] IPUIPlugin:80 - create IPUIPlugin
2026-07-25 13:26:09,356 [INFO] PluginManager:220 - loadIPPluginJar : add can
2026-07-25 13:26:09,388 [INFO] IPUIPlugin:80 - create IPUIPlugin
2026-07-25 13:26:09,389 [INFO] PluginManager:220 - loadIPPluginJar : add comp
2026-07-25 13:26:09,436 [INFO] IPUIPlugin:80 - create IPUIPlugin
2026-07-25 13:26:09,436 [INFO] PluginManager:220 - loadIPPluginJar : add cryp
2026-07-25 13:26:09,450 [INFO] IPUIPlugin:80 - create IPUIPlugin
2026-07-25 13:26:09,450 [INFO] PluginManager:220 - loadIPPluginJar : add ddr_ctrl_phy
2026-07-25 13:26:09,493 [INFO] IPUIPlugin:80 - create IPUIPlugin
2026-07-25 13:26:09,493 [INFO] PluginManager:220 - loadIPPluginJar : add dfsdm
2026-07-25 13:26:09,509 [INFO] IPUIPlugin:80 - create IPUIPlugin
2026-07-25 13:26:09,509 [INFO] PluginManager:220 - loadIPPluginJar : add dma
2026-07-25 13:26:09,565 [INFO] IPUIPlugin:80 - create IPUIPlugin
2026-07-25 13:26:09,565 [INFO] PluginManager:220 - loadIPPluginJar : add dma3
2026-07-25 13:26:09,628 [INFO] IPUIPlugin:80 - create IPUIPlugin
2026-07-25 13:26:09,628 [INFO] PluginManager:220 - loadIPPluginJar : add extmemmanager
2026-07-25 13:26:09,632 [INFO] IPUIPlugin:80 - create IPUIPlugin
2026-07-25 13:26:09,632 [INFO] PluginManager:220 - loadIPPluginJar : add fatfs
2026-07-25 13:26:09,694 [INFO] IPUIPlugin:80 - create IPUIPlugin
2026-07-25 13:26:09,694 [INFO] PluginManager:220 - loadIPPluginJar : add fmc
2026-07-25 13:26:09,711 [INFO] IPUIPlugin:80 - create IPUIPlugin
2026-07-25 13:26:09,711 [INFO] PluginManager:220 - loadIPPluginJar : add freertos
2026-07-25 13:26:09,743 [INFO] IPUIPlugin:80 - create IPUIPlugin
2026-07-25 13:26:09,743 [INFO] PluginManager:220 - loadIPPluginJar : add genericplugin
2026-07-25 13:26:09,870 [INFO] IPUIPlugin:80 - create IPUIPlugin
2026-07-25 13:26:09,870 [INFO] PluginManager:220 - loadIPPluginJar : add gfxmmu
2026-07-25 13:26:10,047 [INFO] IPUIPlugin:80 - create IPUIPlugin
2026-07-25 13:26:10,047 [INFO] PluginManager:220 - loadIPPluginJar : add gic
2026-07-25 13:26:10,062 [INFO] IPUIPlugin:80 - create IPUIPlugin
2026-07-25 13:26:10,062 [INFO] PluginManager:220 - loadIPPluginJar : add gpio
2026-07-25 13:26:10,188 [INFO] IPUIPlugin:80 - create IPUIPlugin
2026-07-25 13:26:10,188 [INFO] PluginManager:220 - loadIPPluginJar : add gtzc
2026-07-25 13:26:10,233 [INFO] IPUIPlugin:80 - create IPUIPlugin
2026-07-25 13:26:10,233 [INFO] PluginManager:220 - loadIPPluginJar : add hash
2026-07-25 13:26:10,304 [INFO] IPUIPlugin:80 - create IPUIPlugin
2026-07-25 13:26:10,304 [INFO] PluginManager:220 - loadIPPluginJar : add i2c
2026-07-25 13:26:10,358 [INFO] IPUIPlugin:80 - create IPUIPlugin
2026-07-25 13:26:10,358 [INFO] PluginManager:220 - loadIPPluginJar : add i2s
2026-07-25 13:26:10,415 [INFO] IPUIPlugin:80 - create IPUIPlugin
2026-07-25 13:26:10,415 [INFO] PluginManager:220 - loadIPPluginJar : add i3c
2026-07-25 13:26:10,559 [INFO] IPUIPlugin:80 - create IPUIPlugin
2026-07-25 13:26:10,559 [INFO] PluginManager:220 - loadIPPluginJar : add ipddr
2026-07-25 13:26:10,686 [INFO] IPUIPlugin:80 - create IPUIPlugin
2026-07-25 13:26:10,686 [INFO] PluginManager:220 - loadIPPluginJar : add linkedlist
2026-07-25 13:26:10,691 [INFO] IPUIPlugin:80 - create IPUIPlugin
2026-07-25 13:26:10,691 [INFO] PluginManager:220 - loadIPPluginJar : add lorawan
2026-07-25 13:26:10,742 [INFO] IPUIPlugin:80 - create IPUIPlugin
2026-07-25 13:26:10,742 [INFO] PluginManager:220 - loadIPPluginJar : add ltdc
2026-07-25 13:26:10,759 [INFO] IPUIPlugin:80 - create IPUIPlugin
2026-07-25 13:26:10,759 [INFO] PluginManager:220 - loadIPPluginJar : add mdma
2026-07-25 13:26:10,774 [INFO] IPUIPlugin:80 - create IPUIPlugin
2026-07-25 13:26:10,774 [INFO] PluginManager:220 - loadIPPluginJar : add nvic
2026-07-25 13:26:10,823 [INFO] IPUIPlugin:80 - create IPUIPlugin
2026-07-25 13:26:10,823 [INFO] PluginManager:220 - loadIPPluginJar : add opamp
2026-07-25 13:26:10,909 [INFO] IPUIPlugin:80 - create IPUIPlugin
2026-07-25 13:26:10,909 [INFO] PluginManager:220 - loadIPPluginJar : add openamp
2026-07-25 13:26:10,968 [INFO] IPUIPlugin:80 - create IPUIPlugin
2026-07-25 13:26:10,968 [INFO] PluginManager:220 - loadIPPluginJar : add pdm2pcm
2026-07-25 13:26:10,987 [INFO] IPUIPlugin:80 - create IPUIPlugin
2026-07-25 13:26:10,989 [INFO] PluginManager:220 - loadIPPluginJar : add plateformsettings
2026-07-25 13:26:11,019 [INFO] IPUIPlugin:80 - create IPUIPlugin
2026-07-25 13:26:11,020 [INFO] PluginManager:220 - loadIPPluginJar : add quadspi
2026-07-25 13:26:11,023 [INFO] IPUIPlugin:80 - create IPUIPlugin
2026-07-25 13:26:11,024 [INFO] PluginManager:220 - loadIPPluginJar : add radio
2026-07-25 13:26:11,040 [INFO] IPUIPlugin:80 - create IPUIPlugin
2026-07-25 13:26:11,040 [INFO] PluginManager:220 - loadIPPluginJar : add resmgrutility
2026-07-25 13:26:11,107 [INFO] IPUIPlugin:80 - create IPUIPlugin
2026-07-25 13:26:11,107 [INFO] PluginManager:220 - loadIPPluginJar : add sai
2026-07-25 13:26:11,158 [INFO] IPUIPlugin:80 - create IPUIPlugin
2026-07-25 13:26:11,158 [INFO] PluginManager:220 - loadIPPluginJar : add spi
2026-07-25 13:26:11,264 [INFO] IPUIPlugin:80 - create IPUIPlugin
2026-07-25 13:26:11,264 [INFO] PluginManager:220 - loadIPPluginJar : add stm32_wpan
2026-07-25 13:26:11,295 [INFO] IPUIPlugin:80 - create IPUIPlugin
2026-07-25 13:26:11,295 [INFO] PluginManager:220 - loadIPPluginJar : add tim
2026-07-25 13:26:11,381 [INFO] IPUIPlugin:80 - create IPUIPlugin
2026-07-25 13:26:11,381 [INFO] PluginManager:220 - loadIPPluginJar : add touchsensing
2026-07-25 13:26:11,412 [INFO] IPUIPlugin:80 - create IPUIPlugin
2026-07-25 13:26:11,412 [INFO] PluginManager:220 - loadIPPluginJar : add tracer_emb
2026-07-25 13:26:11,416 [INFO] IPUIPlugin:80 - create IPUIPlugin
2026-07-25 13:26:11,416 [INFO] PluginManager:220 - loadIPPluginJar : add ts
2026-07-25 13:26:11,446 [INFO] IPUIPlugin:80 - create IPUIPlugin
2026-07-25 13:26:11,446 [INFO] PluginManager:220 - loadIPPluginJar : add tsc
2026-07-25 13:26:11,449 [INFO] IPUIPlugin:80 - create IPUIPlugin
2026-07-25 13:26:11,449 [INFO] PluginManager:220 - loadIPPluginJar : add ucpd
2026-07-25 13:26:11,509 [INFO] IPUIPlugin:80 - create IPUIPlugin
2026-07-25 13:26:11,509 [INFO] PluginManager:220 - loadIPPluginJar : add usart
2026-07-25 13:26:11,569 [INFO] IPUIPlugin:80 - create IPUIPlugin
2026-07-25 13:26:11,569 [INFO] PluginManager:220 - loadIPPluginJar : add usbx
2026-07-25 13:26:11,695 [FATAL] Updater:351 - Updater called before beeing initialized
2026-07-25 13:26:11,720 [INFO] ThirdPartyUpdaterWithRetryManager:70 - Updater plugin not ready yet. [2/15]
2026-07-25 13:26:11,724 [INFO] RulesReader:64 - Compatibility file has been processed (302 Rules)
2026-07-25 13:26:11,735 [INFO] RulesReader:64 - Compatibility file has been processed (302 Rules)
2026-07-25 13:26:11,742 [INFO] CADModel:165 - CPN selected for project level
2026-07-25 13:26:11,742 [INFO] CADModel:114 - Register for checkConnection events
2026-07-25 13:26:11,742 [FATAL] Updater:351 - Updater called before beeing initialized
2026-07-25 13:26:11,742 [ERROR] CADModel:125 - Updater not yet initialized, retry later 
2026-07-25 13:26:11,883 [FATAL] Updater:351 - Updater called before beeing initialized
2026-07-25 13:26:11,884 [INFO] CADModel:165 - CPN selected for project level
2026-07-25 13:26:11,884 [INFO] CADModel:114 - Register for checkConnection events
2026-07-25 13:26:11,884 [FATAL] Updater:351 - Updater called before beeing initialized
2026-07-25 13:26:11,885 [ERROR] CADModel:125 - Updater not yet initialized, retry later 
2026-07-25 13:26:11,888 [FATAL] Updater:351 - Updater called before beeing initialized
2026-07-25 13:26:12,030 [FATAL] Updater:351 - Updater called before beeing initialized
2026-07-25 13:26:12,044 [INFO] DbMcusAds:53 - JSON generation date=Thu May 28 21:38:17 IST 2026 (1779984497073)
2026-07-25 13:26:12,044 [FATAL] Updater:351 - Updater called before beeing initialized
2026-07-25 13:26:12,074 [WARN] DetailPanel:346 - Failed to get advertising image, set to default
2026-07-25 13:26:12,309 [FATAL] Updater:351 - Updater called before beeing initialized
2026-07-25 13:26:12,312 [FATAL] Updater:351 - Updater called before beeing initialized
2026-07-25 13:26:12,312 [FATAL] Updater:351 - Updater called before beeing initialized
2026-07-25 13:26:12,312 [WARN] DetailPanel:346 - Failed to get advertising image, set to default
2026-07-25 13:26:12,313 [FATAL] Updater:351 - Updater called before beeing initialized
2026-07-25 13:26:12,381 [ERROR] Updater:1198 - MainUpdater not yet initialized. External WinMGr cannot be set.
2026-07-25 13:26:12,384 [INFO] Updater:1134 - Updater Version found : 6.14.1
2026-07-25 13:26:12,399 [INFO] ApplicationProperties:184 - Using Application install path: C:\ST\STM32CubeIDE_1.10.1\STM32CubeIDE\plugins\com.st.stm32cube.common.mx_6.14.1.202504091515
2026-07-25 13:26:12,644 [INFO] MainUpdater:2872 - connection check result : 22
2026-07-25 13:26:12,645 [INFO] MainUpdater:289 - Updater Check For Update Now.
2026-07-25 13:26:12,645 [INFO] MicroXplorer:498 - Change Database Version : DB.6.0.141
2026-07-25 13:26:12,652 [INFO] McuFinderGlobals:63 - Set McuFinder mode to 2 (CubeIDE integrated)
2026-07-25 13:26:12,654 [INFO] UserAuth:484 - Internet connection configuration mode: 2
2026-07-25 13:26:12,661 [INFO] UserAuth:484 - Internet connection configuration mode: 2
2026-07-25 13:26:12,857 [INFO] CheckServerUpdateThread:120 - End of CheckServer Thread
2026-07-25 13:26:15,094 [WARN] PackLoader:240 - Cannot read IP mode file for STMicroelectronics.X-CUBE-AZRTOS-H7.3.5.0
2026-07-25 13:26:15,116 [WARN] PackLoader:240 - Cannot read IP mode file for STMicroelectronics.FP-SNS-MOTENVWB1.1.4.0
2026-07-25 13:26:15,134 [WARN] PackLoader:240 - Cannot read IP mode file for STMicroelectronics.FP-ATR-ASTRA1.2.0.3
2026-07-25 13:26:15,149 [WARN] PackLoader:240 - Cannot read IP mode file for STMicroelectronics.FP-ATR-ASTRA1.2.0.2
2026-07-25 13:26:15,155 [WARN] PackLoader:240 - Cannot read IP mode file for STMicroelectronics.FP-ATR-ASTRA1.2.0.1
2026-07-25 13:26:15,172 [ERROR] Engine:466 - C:\Users\abhil\.stm32cubemx\thirdparties\pdsc\STMicroelectronics.X-CUBE-SMBUS.2.1.1.pdsc: PDSC version is not supported
2026-07-25 13:26:15,188 [WARN] PackLoader:240 - Cannot read IP mode file for STMicroelectronics.X-CUBE-SMBUS.2.1.0
2026-07-25 13:26:15,206 [WARN] PackLoader:240 - Cannot read IP mode file for STMicroelectronics.X-CUBE-WB05N.1.1.0
2026-07-25 13:26:15,223 [WARN] PackLoader:240 - Cannot read IP mode file for STMicroelectronics.X-CUBE-ST60.1.0.0
2026-07-25 13:26:15,241 [WARN] PackLoader:240 - Cannot read IP mode file for STMicroelectronics.X-CUBE-TOUCHGFX.4.23.2
2026-07-25 13:26:15,273 [WARN] PackLoader:240 - Cannot read IP mode file for STMicroelectronics.X-CUBE-AZRTOS-F7.1.1.0
2026-07-25 13:26:15,293 [ERROR] Engine:466 - C:\Users\abhil\.stm32cubemx\thirdparties\pdsc\STMicroelectronics.X-CUBE-FREERTOS.1.6.0.pdsc: PDSC version is not supported
2026-07-25 13:26:15,308 [WARN] PackLoader:240 - Cannot read IP mode file for STMicroelectronics.X-CUBE-BLE1.6.2.3
2026-07-25 13:26:15,365 [WARN] PackLoader:240 - Cannot read IP mode file for STMicroelectronics.X-CUBE-MEMS1.11.0.0
2026-07-25 13:26:15,487 [WARN] PackLoader:240 - Cannot read IP mode file for STMicroelectronics.X-CUBE-BLE1.6.2.4
2026-07-25 13:26:15,500 [ERROR] Engine:466 - C:\Users\abhil\.stm32cubemx\thirdparties\pdsc\STMicroelectronics.FP-SNS-MOTENV1.5.1.0.pdsc: PDSC version is not supported
2026-07-25 13:26:15,527 [WARN] PackLoader:240 - Cannot read IP mode file for STMicroelectronics.X-CUBE-AZRTOS-H7RS.1.3.0
2026-07-25 13:26:15,545 [WARN] PackLoader:240 - Cannot read IP mode file for STMicroelectronics.FP-SNS-FLIGHT1.5.0.2
2026-07-25 13:26:15,563 [WARN] PackLoader:240 - Cannot read IP mode file for STMicroelectronics.X-CUBE-TOF1.3.1.0
2026-07-25 13:26:15,593 [WARN] PackLoader:240 - Cannot read IP mode file for STMicroelectronics.X-CUBE-AZRTOS-H7.3.4.0
2026-07-25 13:26:15,624 [WARN] PackLoader:240 - Cannot read IP mode file for STMicroelectronics.X-CUBE-DISPLAY.3.0.0
2026-07-25 13:26:15,644 [WARN] PackLoader:240 - Cannot read IP mode file for STMicroelectronics.X-CUBE-GNSS1.7.1.1
2026-07-25 13:26:15,650 [ERROR] Engine:466 - C:\Users\abhil\.stm32cubemx\thirdparties\pdsc\STMicroelectronics.FP-SNS-MOTENVWB1.1.5.0.pdsc: PDSC version is not supported
2026-07-25 13:26:15,674 [WARN] PackLoader:240 - Cannot read IP mode file for STMicroelectronics.X-CUBE-BLE1.7.0.0
2026-07-25 13:26:15,699 [WARN] PackLoader:240 - Cannot read IP mode file for STMicroelectronics.X-CUBE-NFC10.1.0.0
2026-07-25 13:26:15,719 [WARN] PackLoader:240 - Cannot read IP mode file for STMicroelectronics.X-CUBE-BLEMGR.4.0.0
2026-07-25 13:26:15,733 [WARN] PackLoader:240 - Cannot read IP mode file for STMicroelectronics.X-CUBE-ST60.1.1.0
2026-07-25 13:26:15,747 [ERROR] Engine:466 - C:\Users\abhil\.stm32cubemx\thirdparties\pdsc\STMicroelectronics.X-CUBE-WBA.1.1.0.pdsc: PDSC version is not supported
2026-07-25 13:26:15,762 [WARN] PackLoader:240 - Cannot read IP mode file for STMicroelectronics.X-CUBE-GNSS1.7.1.0
2026-07-25 13:26:15,798 [WARN] PackLoader:240 - Cannot read IP mode file for STMicroelectronics.X-CUBE-MEMS1.9.3.0
2026-07-25 13:26:15,861 [WARN] PackLoader:240 - Cannot read IP mode file for STMicroelectronics.X-CUBE-AI.7.2.0
2026-07-25 13:26:15,876 [WARN] PackLoader:240 - Cannot read IP mode file for STMicroelectronics.X-CUBE-BLEMGR.3.1.0
2026-07-25 13:26:15,891 [WARN] PackLoader:240 - Cannot read IP mode file for STMicroelectronics.X-CUBE-AI.10.0.0
2026-07-25 13:26:15,904 [ERROR] Engine:466 - C:\Users\abhil\.stm32cubemx\thirdparties\pdsc\STMicroelectronics.FP-SNS-STBOX1.2.1.0.pdsc: PDSC version is not supported
2026-07-25 13:26:15,919 [WARN] PackLoader:240 - Cannot read IP mode file for STMicroelectronics.FP-SNS-SMARTAG2.1.2.0
2026-07-25 13:26:15,924 [WARN] PackLoader:240 - Cannot read IP mode file for STMicroelectronics.FP-SNS-FLIGHT1.5.1.0
2026-07-25 13:26:15,964 [WARN] PackLoader:240 - Cannot read IP mode file for STMicroelectronics.X-CUBE-MEMS1.11.1.0
2026-07-25 13:26:16,052 [INFO] LogOutputStream:77 - [STDOUT_REDIRECT] 1 : Invalid condition id : UX_CORESTACK_Condition cause : null
2026-07-25 13:26:16,052 [INFO] LogOutputStream:77 - [STDOUT_REDIRECT] 1 : Invalid condition id : UX_CORESTACK_Condition cause : null
2026-07-25 13:26:16,053 [INFO] LogOutputStream:77 - [STDOUT_REDIRECT] 1 : Invalid condition id : UX_CORESTACK_Condition cause : null
2026-07-25 13:26:16,055 [INFO] LogOutputStream:77 - [STDOUT_REDIRECT] 1 : Invalid condition id : UX_CORESTACK_Condition cause : null
2026-07-25 13:26:16,056 [INFO] LogOutputStream:77 - [STDOUT_REDIRECT] 1 : Invalid condition id : UX_CORESTACK_Condition cause : null
2026-07-25 13:26:16,058 [WARN] PackLoader:240 - Cannot read IP mode file for STMicroelectronics.X-CUBE-AZRTOS-WL.2.0.0
2026-07-25 13:26:16,074 [WARN] PackLoader:240 - Cannot read IP mode file for STMicroelectronics.FP-SNS-MOTENV1.5.0.0
2026-07-25 13:26:16,100 [WARN] PackLoader:240 - Cannot read IP mode file for STMicroelectronics.X-CUBE-AZRTOS-H7RS.1.2.0
2026-07-25 13:26:16,110 [WARN] PackLoader:240 - Cannot read IP mode file for wolfSSL.I-CUBE-wolfMQTT.1.19.0
2026-07-25 13:26:16,128 [WARN] PackLoader:240 - Cannot read IP mode file for WES.I-CUBE-Cesium.1.3.0
2026-07-25 13:26:16,145 [WARN] PackLoader:240 - Cannot read IP mode file for STMicroelectronics.X-CUBE-BLE2.3.3.0
2026-07-25 13:26:16,204 [WARN] PackLoader:240 - Cannot read IP mode file for STMicroelectronics.X-CUBE-DISPLAY.2.2.0
2026-07-25 13:26:16,227 [WARN] PackLoader:240 - Cannot read IP mode file for STMicroelectronics.X-CUBE-TOF1.3.2.0
2026-07-25 13:26:16,235 [WARN] PackLoader:240 - Cannot read IP mode file for STMicroelectronics.X-CUBE-ISPU.1.0.0
2026-07-25 13:26:16,257 [WARN] PackLoader:240 - Cannot read IP mode file for STMicroelectronics.X-CUBE-NFC9.1.0.0
2026-07-25 13:26:16,294 [WARN] PackLoader:240 - Cannot read IP mode file for STMicroelectronics.X-CUBE-AZRTOS-H7.2.1.0
2026-07-25 13:26:16,321 [WARN] PackLoader:240 - Cannot read IP mode file for STMicroelectronics.X-CUBE-BLE1.7.1.0
2026-07-25 13:26:16,342 [WARN] PackLoader:240 - Cannot read IP mode file for STMicroelectronics.X-CUBE-TCPP.4.1.0
2026-07-25 13:26:16,356 [ERROR] Engine:466 - C:\Users\abhil\.stm32cubemx\thirdparties\pdsc\STMicroelectronics.X-CUBE-FREERTOS.1.4.0.pdsc: PDSC version is not supported
2026-07-25 13:26:16,371 [WARN] PackLoader:240 - Cannot read IP mode file for STMicroelectronics.X-CUBE-EEPRMA1.5.2.0
2026-07-25 13:26:16,386 [WARN] PackLoader:240 - Cannot read IP mode file for STMicroelectronics.X-CUBE-TOUCHGFX.4.21.3
2026-07-25 13:26:16,399 [WARN] PackLoader:240 - Cannot read IP mode file for STMicroelectronics.X-CUBE-AI.7.3.0
2026-07-25 13:26:16,413 [ERROR] Engine:466 - C:\Users\abhil\.stm32cubemx\thirdparties\pdsc\STMicroelectronics.X-CUBE-ST67W61.1.1.0.pdsc: PDSC version is not supported
2026-07-25 13:26:16,425 [WARN] PackLoader:240 - Cannot read IP mode file for STMicroelectronics.X-CUBE-AI.10.1.0
2026-07-25 13:26:16,438 [ERROR] Engine:466 - C:\Users\abhil\.stm32cubemx\thirdparties\pdsc\STMicroelectronics.FP-SNS-STAIOTCFT.1.1.0.pdsc: PDSC version is not supported
2026-07-25 13:26:16,478 [WARN] PackLoader:240 - Cannot read IP mode file for STMicroelectronics.X-CUBE-MEMS1.12.0.0
2026-07-25 13:26:16,534 [WARN] PackLoader:240 - Cannot read IP mode file for STMicroelectronics.X-CUBE-ALGOBUILD.1.3.0
2026-07-25 13:26:16,573 [WARN] PackLoader:240 - Cannot read IP mode file for STMicroelectronics.X-CUBE-MEMS1.11.2.0
2026-07-25 13:26:16,662 [WARN] PackLoader:240 - Cannot read IP mode file for STMicroelectronics.X-CUBE-AZRTOS-G0.1.1.0
2026-07-25 13:26:16,683 [WARN] PackLoader:240 - Cannot read IP mode file for STMicroelectronics.X-CUBE-SAFEA1.1.2.2
2026-07-25 13:26:16,698 [WARN] PackLoader:240 - Cannot read IP mode file for STMicroelectronics.X-CUBE-NFC4.3.0.0
2026-07-25 13:26:16,729 [WARN] PackLoader:240 - Cannot read IP mode file for SEGGER.I-CUBE-embOS.1.2.1
2026-07-25 13:26:16,749 [WARN] PackLoader:240 - Cannot read IP mode file for wolfSSL.I-CUBE-wolfMQTT.1.18.0
2026-07-25 13:26:16,767 [WARN] PackLoader:240 - Cannot read IP mode file for EmbeddedOffice.I-CUBE-FS-RTOS.1.0.1
2026-07-25 13:26:16,781 [WARN] PackLoader:240 - Cannot read IP mode file for STMicroelectronics.X-CUBE-WB05N.2.0.0
2026-07-25 13:26:16,797 [WARN] PackLoader:240 - Cannot read IP mode file for STMicroelectronics.X-CUBE-TCPP.4.2.0
2026-07-25 13:26:16,812 [WARN] PackLoader:240 - Cannot read IP mode file for RealThread.X-CUBE-RT-Thread_Nano.4.1.1
2026-07-25 13:26:16,819 [WARN] PackLoader:240 - Cannot read IP mode file for STMicroelectronics.FP-ATR-SIGFOX1.3.2.0
2026-07-25 13:26:16,833 [WARN] ConditionMgr:438 - getConditionDescription Invalid condition id : Cortex-A Device cause : null
2026-07-25 13:26:16,857 [WARN] ConditionMgr:1044 - genDependencies : Invalid condition id : Cortex-A Device cause : null
2026-07-25 13:26:16,858 [WARN] ConditionMgr:1044 - genDependencies : Invalid condition id : Cortex-A Device cause : null
2026-07-25 13:26:16,858 [WARN] ConditionMgr:1044 - genDependencies : Invalid condition id : Cortex-A Device cause : null
2026-07-25 13:26:16,876 [WARN] PackLoader:240 - Cannot read IP mode file for STMicroelectronics.X-CUBE-EEPRMA1.5.1.0
2026-07-25 13:26:16,890 [ERROR] Engine:466 - C:\Users\abhil\.stm32cubemx\thirdparties\pdsc\STMicroelectronics.X-CUBE-FREERTOS.1.5.0.pdsc: PDSC version is not supported
2026-07-25 13:26:16,912 [WARN] PackLoader:240 - Cannot read IP mode file for emotas.I-CUBE-CANOPEN.1.1.2
2026-07-25 13:26:16,932 [WARN] PackLoader:240 - Cannot read IP mode file for STMicroelectronics.X-CUBE-TOUCHGFX.4.20.0
2026-07-25 13:26:16,949 [WARN] PackLoader:240 - Cannot read IP mode file for ITTIA_DB.I-CUBE-ITTIADB.8.9.0
2026-07-25 13:26:16,965 [WARN] PackLoader:240 - Cannot read IP mode file for STMicroelectronics.X-CUBE-NFC6.3.2.0
2026-07-25 13:26:16,997 [WARN] PackLoader:240 - Cannot read IP mode file for STMicroelectronics.X-CUBE-MEMS1.9.5.0
2026-07-25 13:26:17,065 [WARN] PackLoader:240 - Cannot read IP mode file for STMicroelectronics.X-CUBE-ST67W61.1.0.0
2026-07-25 13:26:17,082 [WARN] PackLoader:240 - Cannot read IP mode file for STMicroelectronics.X-CUBE-AI.10.2.1
2026-07-25 13:26:17,094 [WARN] PackLoader:240 - Cannot read IP mode file for STMicroelectronics.X-CUBE-AI.10.2.0
2026-07-25 13:26:17,129 [WARN] PackLoader:240 - Cannot read IP mode file for STMicroelectronics.X-CUBE-MEMS1.12.1.0
2026-07-25 13:26:17,185 [WARN] PackLoader:240 - Cannot read IP mode file for SEGGER.I-CUBE-embOS.1.3.1
2026-07-25 13:26:17,216 [WARN] PackLoader:240 - Cannot read IP mode file for STMicroelectronics.X-CUBE-ALGOBUILD.1.4.0
2026-07-25 13:26:17,253 [WARN] PackLoader:240 - Cannot read IP mode file for STMicroelectronics.X-CUBE-MEMS1.11.3.0
2026-07-25 13:26:17,325 [WARN] PackLoader:240 - Cannot read IP mode file for STMicroelectronics.X-CUBE-AI.9.1.0
2026-07-25 13:26:17,343 [WARN] PackLoader:240 - Cannot read IP mode file for STMicroelectronics.X-CUBE-NFC13.1.0.0
2026-07-25 13:26:17,358 [WARN] PackLoader:240 - Cannot read IP mode file for STMicroelectronics.X-CUBE-PM33A1.1.0.0
2026-07-25 13:26:17,377 [WARN] PackLoader:240 - Cannot read IP mode file for STMicroelectronics.X-CUBE-GNSS1.6.0.0
2026-07-25 13:26:17,406 [WARN] PackLoader:240 - Cannot read IP mode file for STMicroelectronics.X-CUBE-AZRTOS-F4.1.1.0
2026-07-25 13:26:17,423 [WARN] PackLoader:240 - Cannot read IP mode file for Avnet-IotConnect.X-CUBE-IoTC-DA16k-PMOD.1.0.0
2026-07-25 13:26:17,436 [WARN] PackLoader:240 - Cannot read IP mode file for STMicroelectronics.X-CUBE-ISPU.2.1.0
2026-07-25 13:26:17,452 [ERROR] Engine:466 - C:\Users\abhil\.stm32cubemx\thirdparties\pdsc\STMicroelectronics.X-CUBE-IPS.3.2.0.pdsc: PDSC version is not supported
2026-07-25 13:26:17,468 [WARN] PackLoader:240 - Cannot read IP mode file for STMicroelectronics.eDS-WB_DPC_TT-BIDIR.2.1.1
2026-07-25 13:26:17,482 [WARN] PackLoader:240 - Cannot read IP mode file for STMicroelectronics.X-CUBE-FREERTOS.1.2.0
2026-07-25 13:26:17,496 [WARN] PackLoader:240 - Cannot read IP mode file for STMicroelectronics.X-CUBE-NFC12.1.0.0
2026-07-25 13:26:17,513 [WARN] PackLoader:240 - Cannot read IP mode file for STMicroelectronics.X-CUBE-BLEMGR.1.2.0
2026-07-25 13:26:17,538 [WARN] PackLoader:240 - Cannot read IP mode file for STMicroelectronics.X-CUBE-AZRTOS-L5.2.0.0
2026-07-25 13:26:17,554 [WARN] PackLoader:240 - Cannot read IP mode file for STMicroelectronics.X-CUBE-NFC6.3.1.0
2026-07-25 13:26:17,569 [WARN] PackLoader:240 - Cannot read IP mode file for STMicroelectronics.X-CUBE-ALGOBUILD.1.5.0
2026-07-25 13:26:17,585 [WARN] PackLoader:240 - Cannot read IP mode file for STMicroelectronics.X-CUBE-BLEMGR.2.0.0
2026-07-25 13:26:17,600 [WARN] PackLoader:240 - Cannot read IP mode file for STMicroelectronics.X-CUBE-DPower.1.2.0
2026-07-25 13:26:17,605 [WARN] PackLoader:240 - Cannot read IP mode file for STMicroelectronics.eDS-WB_DPC_VIENNA.1.2.0
2026-07-25 13:26:17,618 [WARN] PackLoader:240 - Cannot read IP mode file for STMicroelectronics.eDS-WB_DPC_3PH2L-BIDIR.1.1.1
2026-07-25 13:26:17,631 [WARN] PackLoader:240 - Cannot read IP mode file for STMicroelectronics.X-CUBE-NFC4.2.0.4
2026-07-25 13:26:17,644 [WARN] PackLoader:240 - Cannot read IP mode file for STMicroelectronics.X-CUBE-AI.9.0.0
2026-07-25 13:26:17,666 [WARN] ConditionMgr:438 - getConditionDescription Invalid condition id : UX DEVICE CLASS RTOS Condition cause : null
2026-07-25 13:26:17,667 [WARN] ConditionMgr:438 - getConditionDescription Invalid condition id : UX DEVICE CLASS RTOS Condition cause : null
2026-07-25 13:26:17,668 [WARN] PackLoader:240 - Cannot read IP mode file for STMicroelectronics.X-CUBE-AZRTOS-H7.3.1.0
2026-07-25 13:26:17,668 [WARN] ConditionMgr:1044 - genDependencies : Invalid condition id : UX DEVICE CLASS RTOS Condition cause : null
2026-07-25 13:26:17,668 [WARN] ConditionMgr:1044 - genDependencies : Invalid condition id : UX DEVICE CLASS RTOS Condition cause : null
2026-07-25 13:26:17,669 [WARN] ConditionMgr:1044 - genDependencies : Invalid condition id : UX DEVICE CLASS RTOS Condition cause : null
2026-07-25 13:26:17,669 [WARN] ConditionMgr:1044 - genDependencies : Invalid condition id : UX DEVICE CLASS RTOS Condition cause : null
2026-07-25 13:26:17,669 [WARN] ConditionMgr:1044 - genDependencies : Invalid condition id : UX DEVICE CLASS RTOS Condition cause : null
2026-07-25 13:26:17,683 [ERROR] Engine:466 - C:\Users\abhil\.stm32cubemx\thirdparties\pdsc\STMicroelectronics.X-CUBE-ST67W61.1.3.0.pdsc: PDSC version is not supported
2026-07-25 13:26:17,695 [WARN] PackLoader:240 - Cannot read IP mode file for wolfSSL.I-CUBE-wolfSSL.5.5.1
2026-07-25 13:26:17,708 [WARN] PackLoader:240 - Cannot read IP mode file for STMicroelectronics.X-CUBE-FREERTOS.1.3.1
2026-07-25 13:26:17,721 [WARN] PackLoader:240 - Cannot read IP mode file for STMicroelectronics.X-CUBE-FREERTOS.1.3.0
2026-07-25 13:26:17,735 [WARN] PackLoader:240 - Cannot read IP mode file for STMicroelectronics.X-CUBE-NFC7.1.0.1
2026-07-25 13:26:17,748 [WARN] PackLoader:240 - Cannot read IP mode file for STMicroelectronics.X-CUBE-NFC7.1.0.0
2026-07-25 13:26:17,763 [WARN] PackLoader:240 - Cannot read IP mode file for STMicroelectronics.X-CUBE-TOUCHGFX.4.26.0
2026-07-25 13:26:17,776 [WARN] PackLoader:240 - Cannot read IP mode file for STMicroelectronics.X-CUBE-TOUCHGFX.4.26.1
2026-07-25 13:26:17,790 [WARN] PackLoader:240 - Cannot read IP mode file for STMicroelectronics.X-CUBE-EEPRMA1.4.1.0
2026-07-25 13:26:17,808 [WARN] PackLoader:240 - Cannot read IP mode file for STMicroelectronics.FP-SNS-STAIOTCFT.1.0.0
2026-07-25 13:26:17,821 [WARN] PackLoader:240 - Cannot read IP mode file for STMicroelectronics.X-CUBE-DPower.1.3.0
2026-07-25 13:26:17,843 [WARN] ConditionMgr:438 - getConditionDescription Invalid condition id : LAN8742 Phy interface Condition cause : null
2026-07-25 13:26:17,844 [WARN] PackLoader:240 - Cannot read IP mode file for STMicroelectronics.X-CUBE-AZRTOS-L4.2.0.0
2026-07-25 13:26:17,844 [WARN] ConditionMgr:1044 - genDependencies : Invalid condition id : LAN8742 Phy interface Condition cause : null
2026-07-25 13:26:17,844 [WARN] ConditionMgr:1044 - genDependencies : Invalid condition id : LAN8742 Phy interface Condition cause : null
2026-07-25 13:26:17,844 [WARN] ConditionMgr:1044 - genDependencies : Invalid condition id : LAN8742 Phy interface Condition cause : null
2026-07-25 13:26:17,860 [WARN] PackLoader:240 - Cannot read IP mode file for STMicroelectronics.X-CUBE-SFXS2LP1.4.0.0
2026-07-25 13:26:17,875 [WARN] PackLoader:240 - Cannot read IP mode file for STMicroelectronics.X-CUBE-WB05N.2.1.0
2026-07-25 13:26:17,888 [ERROR] Engine:466 - C:\Users\abhil\.stm32cubemx\thirdparties\pdsc\STMicroelectronics.X-CUBE-ST67W61.1.2.0.pdsc: PDSC version is not supported
2026-07-25 13:26:17,900 [WARN] PackLoader:240 - Cannot read IP mode file for STMicroelectronics.X-CUBE-ISPU.1.1.0
2026-07-25 13:26:17,923 [WARN] PackLoader:240 - Cannot read IP mode file for STMicroelectronics.X-CUBE-AZRTOS-H7.3.3.0
2026-07-25 13:26:17,940 [WARN] PackLoader:240 - Cannot read IP mode file for RoweBots.I-CUBE-UNISONRTOS.5.5.0-4
2026-07-25 13:26:17,956 [WARN] PackLoader:240 - Cannot read IP mode file for STMicroelectronics.X-CUBE-BLEMGR.4.1.0
2026-07-25 13:26:17,970 [WARN] PackLoader:240 - Cannot read IP mode file for STMicroelectronics.X-CUBE-AI.8.0.0
2026-07-25 13:26:17,987 [WARN] PackLoader:240 - Cannot read IP mode file for STMicroelectronics.X-CUBE-IPS.3.0.0
2026-07-25 13:26:18,009 [WARN] ConditionMgr:438 - getConditionDescription Invalid condition id : UX DEVICE CLASS RTOS Condition cause : null
2026-07-25 13:26:18,009 [WARN] ConditionMgr:438 - getConditionDescription Invalid condition id : UX DEVICE CLASS RTOS Condition cause : null
2026-07-25 13:26:18,010 [WARN] PackLoader:240 - Cannot read IP mode file for STMicroelectronics.X-CUBE-AZRTOS-WB.2.0.0
2026-07-25 13:26:18,011 [WARN] ConditionMgr:1044 - genDependencies : Invalid condition id : UX DEVICE CLASS RTOS Condition cause : null
2026-07-25 13:26:18,011 [WARN] ConditionMgr:1044 - genDependencies : Invalid condition id : UX DEVICE CLASS RTOS Condition cause : null
2026-07-25 13:26:18,011 [WARN] ConditionMgr:1044 - genDependencies : Invalid condition id : UX DEVICE CLASS RTOS Condition cause : null
2026-07-25 13:26:18,011 [WARN] ConditionMgr:1044 - genDependencies : Invalid condition id : UX DEVICE CLASS RTOS Condition cause : null
2026-07-25 13:26:18,011 [WARN] ConditionMgr:1044 - genDependencies : Invalid condition id : UX DEVICE CLASS RTOS Condition cause : null
2026-07-25 13:26:18,023 [WARN] PackLoader:240 - Cannot read IP mode file for STMicroelectronics.X-CUBE-FREERTOS.1.0.1
2026-07-25 13:26:18,036 [WARN] PackLoader:240 - Cannot read IP mode file for STMicroelectronics.X-CUBE-GNSS1.7.0.0
2026-07-25 13:26:18,048 [WARN] PackLoader:240 - Cannot read IP mode file for STMicroelectronics.X-CUBE-GNSS1.7.0.1
2026-07-25 13:26:18,064 [WARN] PackLoader:240 - Cannot read IP mode file for STMicroelectronics.X-CUBE-TOUCHGFX.4.25.0
2026-07-25 13:26:18,078 [WARN] PackLoader:240 - Cannot read IP mode file for STMicroelectronics.FP-SNS-STBOX1.2.0.0
2026-07-25 13:26:18,096 [WARN] PackLoader:240 - Cannot read IP mode file for STMicroelectronics.X-CUBE-STSE01.2.0.0
2026-07-25 13:26:18,118 [WARN] PackLoader:240 - Cannot read IP mode file for STMicroelectronics.X-CUBE-AZRTOS-L5.1.1.0
2026-07-25 13:26:18,137 [WARN] PackLoader:240 - Cannot read IP mode file for STMicroelectronics.X-CUBE-SUBG2.5.0.0
2026-07-25 13:26:18,163 [WARN] PackLoader:240 - Cannot read IP mode file for STMicroelectronics.X-CUBE-AZRTOS-H7RS.1.1.0
2026-07-25 13:26:18,170 [WARN] PackLoader:240 - Cannot read IP mode file for Cesanta.I-CUBE-Mongoose.7.13.0
2026-07-25 13:26:18,191 [WARN] PackLoader:240 - Cannot read IP mode file for STMicroelectronics.X-CUBE-AZRTOS-G4.2.0.0
2026-07-25 13:26:18,208 [WARN] PackLoader:240 - Cannot read IP mode file for STMicroelectronics.X-CUBE-TOF1.3.3.0
2026-07-25 13:26:18,215 [WARN] PackLoader:240 - Cannot read IP mode file for STMicroelectronics.FP-ATR-ASTRA1.1.1.1
2026-07-25 13:26:18,228 [WARN] PackLoader:240 - Cannot read IP mode file for STMicroelectronics.X-CUBE-NFC7.2.0.0
2026-07-25 13:26:18,252 [WARN] PackLoader:240 - Cannot read IP mode file for STMicroelectronics.X-CUBE-AZRTOS-G4.1.0.0
2026-07-25 13:26:18,275 [WARN] PackLoader:240 - Cannot read IP mode file for STMicroelectronics.X-CUBE-AZRTOS-L4.1.0.0
2026-07-25 13:26:18,288 [WARN] PackLoader:240 - Cannot read IP mode file for STMicroelectronics.X-CUBE-ISPU.2.0.0
2026-07-25 13:26:18,306 [WARN] PackLoader:240 - Cannot read IP mode file for STMicroelectronics.X-CUBE-IPS.3.1.0
2026-07-25 13:26:18,321 [ERROR] Engine:466 - C:\Users\abhil\.stm32cubemx\thirdparties\pdsc\STMicroelectronics.X-CUBE-BLEMGR.4.2.0.pdsc: PDSC version is not supported
2026-07-25 13:26:18,334 [WARN] PackLoader:240 - Cannot read IP mode file for STMicroelectronics.X-CUBE-ALS.1.0.2
2026-07-25 13:26:18,363 [WARN] PackLoader:240 - Cannot read IP mode file for STMicroelectronics.X-CUBE-MEMS1.10.0.0
2026-07-25 13:26:18,420 [WARN] PackLoader:240 - Cannot read IP mode file for STMicroelectronics.X-CUBE-TOUCHGFX.4.24.2
2026-07-25 13:26:18,437 [WARN] PackLoader:240 - Cannot read IP mode file for STMicroelectronics.X-CUBE-AZRTOS-WL.1.0.0
2026-07-25 13:26:18,451 [WARN] PackLoader:240 - Cannot read IP mode file for STMicroelectronics.X-CUBE-TOUCHGFX.4.24.1
2026-07-25 13:26:18,465 [WARN] PackLoader:240 - Cannot read IP mode file for STMicroelectronics.X-CUBE-STSE01.1.0.0
2026-07-25 13:26:18,469 [WARN] PackLoader:240 - Cannot read IP mode file for wolfSSL.I-CUBE-wolfTPM.3.4.0
2026-07-25 13:26:18,483 [WARN] PackLoader:240 - Cannot read IP mode file for portGmbH.I-Cube-SoM-uGOAL.1.1.0
2026-07-25 13:26:18,495 [WARN] PackLoader:240 - Cannot read IP mode file for STMicroelectronics.X-CUBE-ALS.1.0.1
2026-07-25 13:26:18,520 [WARN] PackLoader:240 - Cannot read IP mode file for STMicroelectronics.X-CUBE-AZRTOS-WB.1.1.0
2026-07-25 13:26:18,546 [WARN] PackLoader:240 - Cannot read IP mode file for STMicroelectronics.X-CUBE-AZRTOS-L5.1.0.0
2026-07-25 13:26:18,561 [WARN] PackLoader:240 - Cannot read IP mode file for STMicroelectronics.X-CUBE-EEPRMA1.3.1.1
2026-07-25 13:26:18,585 [WARN] PackLoader:240 - Cannot read IP mode file for STMicroelectronics.X-CUBE-AZRTOS-H7RS.1.0.0
2026-07-25 13:26:18,591 [WARN] PackLoader:240 - Cannot read IP mode file for STMicroelectronics.FP-ATR-ASTRA1.2.0.0
2026-07-25 13:26:18,608 [WARN] PackLoader:240 - Cannot read IP mode file for STMicroelectronics.X-CUBE-TOF1.3.4.2
2026-07-25 13:26:18,630 [WARN] PackLoader:240 - Cannot read IP mode file for STMicroelectronics.X-CUBE-TOF1.3.4.3
2026-07-25 13:26:18,651 [WARN] PackLoader:240 - Cannot read IP mode file for STMicroelectronics.X-CUBE-TOF1.3.4.1
2026-07-25 13:26:18,679 [WARN] PackLoader:240 - Cannot read IP mode file for STMicroelectronics.X-CUBE-AZRTOS-H7.3.2.0
2026-07-25 13:26:18,700 [WARN] PackLoader:240 - Cannot read IP mode file for Infineon.AIROC-Wi-Fi-Bluetooth-STM32.1.6.0
2026-07-25 13:26:18,707 [WARN] PackLoader:240 - Cannot read IP mode file for wolfSSL.I-CUBE-wolfSSH.1.4.17
2026-07-25 13:26:18,708 [INFO] ThirdParty:978 - Integrity check success = true
2026-07-25 13:26:18,708 [INFO] IntegrityCheckThread:100 - exiting critical section [integrity check]
2026-07-25 13:26:18,708 [INFO] IntegrityCheckThread:103 - End integrity checks thread
2026-07-25 13:26:31,397 [INFO] McuFinderGlobals:63 - Set McuFinder mode to 2 (CubeIDE integrated)
2026-07-25 13:26:31,405 [INFO] MainUpdater:2872 - connection check result : 22
2026-07-25 13:26:31,409 [INFO] MainUpdater:2872 - connection check result : 22
2026-07-25 13:26:36,102 [INFO] MainUpdater:2872 - connection check result : 22
2026-07-25 13:26:37,092 [INFO] MicroXplorer:468 - Change Database Path : 
2026-07-25 13:26:37,093 [INFO] MicroXplorer:498 - Change Database Version : DB.6.0.141
2026-07-25 13:26:37,099 [WARN] ThirdParty:871 - waiting for thirdparty lock release [close project]
2026-07-25 13:26:37,099 [INFO] ThirdParty:873 - entering critical section [close project]
2026-07-25 13:26:37,099 [INFO] ThirdParty:883 - exiting critical section [close project]
2026-07-25 13:26:37,101 [INFO] PinOutPanel:1589 - setPackage(No Configuration,No Configuration)
2026-07-25 13:26:37,104 [INFO] UtilMem:75 - Begin LoadConfig() Used Memory: 226870224 Bytes (308281344)
2026-07-25 13:26:37,106 [INFO] MicroXplorer:468 - Change Database Path : 
2026-07-25 13:26:37,106 [INFO] MicroXplorer:498 - Change Database Version : DB.6.0.141
2026-07-25 13:26:37,106 [INFO] OpenFileManager:354 - Change cursor
2026-07-25 13:26:37,124 [INFO] Mcu:2011 - Initializing MCU STM32F411C(C-E)Ux STM32F411CEUx STM32F411CEU6
2026-07-25 13:26:38,033 [INFO] Context:756 - Trying to add GPIOservice into a context  which must be forbidden
2026-07-25 13:26:38,327 [INFO] ImportTextPane:218 - (OptionalMessage_ERROR) Pin27 (VP_RIF_VS_RIF1) cannot be retrieved for this MCU
2026-07-25 13:26:38,504 [INFO] RtosManager:558 - Registered RTOS mode: class=CMSIS, group=RTOS, mode=CMSIS_V1, owner=FREERTOS
2026-07-25 13:26:38,504 [INFO] RtosManager:558 - Registered RTOS mode: class=CMSIS, group=RTOS2, mode=CMSIS_V2, owner=FREERTOS
2026-07-25 13:26:38,504 [INFO] RtosManager:558 - Registered RTOS mode: class=RTOS, group=Core, mode=CMSIS_V1, owner=FREERTOS
2026-07-25 13:26:38,504 [INFO] RtosManager:558 - Registered RTOS mode: class=RTOS, group=Core, mode=CMSIS_V2, owner=FREERTOS
2026-07-25 13:26:38,504 [WARN] ModelIntegratedComponent:184 - Missing modes for component STMicroelectronics:FreeRTOS:0.0.1:STMicroelectronics:RTOS:FreeRTOS:Core:::10.2.0:
2026-07-25 13:26:38,513 [WARN] ModelIntegratedComponent:63 - No mode defined for component null
2026-07-25 13:26:38,513 [WARN] ModelIntegratedComponent:63 - No mode defined for component null
2026-07-25 13:26:38,513 [WARN] ModelIntegratedComponent:63 - No mode defined for component null
2026-07-25 13:26:38,513 [WARN] ModelIntegratedComponent:63 - No mode defined for component null
2026-07-25 13:26:38,513 [WARN] ModelIntegratedComponent:63 - No mode defined for component null
2026-07-25 13:26:38,513 [WARN] ModelIntegratedComponent:63 - No mode defined for component null
2026-07-25 13:26:38,513 [WARN] ModelIntegratedComponent:63 - No mode defined for component null
2026-07-25 13:26:38,513 [WARN] ModelIntegratedComponent:63 - No mode defined for component null
2026-07-25 13:26:38,513 [WARN] ModelIntegratedComponent:63 - No mode defined for component null
2026-07-25 13:26:38,513 [WARN] ModelIntegratedComponent:63 - No mode defined for component null
2026-07-25 13:26:38,513 [WARN] ModelIntegratedComponent:63 - No mode defined for component null
2026-07-25 13:26:38,513 [WARN] ModelIntegratedComponent:63 - No mode defined for component null
2026-07-25 13:26:38,513 [WARN] ModelIntegratedComponent:63 - No mode defined for component null
2026-07-25 13:26:38,513 [WARN] ModelIntegratedComponent:63 - No mode defined for component null
2026-07-25 13:26:38,513 [WARN] ModelIntegratedComponent:63 - No mode defined for component null
2026-07-25 13:26:38,513 [WARN] ModelIntegratedComponent:63 - No mode defined for component null
2026-07-25 13:26:38,514 [WARN] ModelIntegratedComponent:63 - No mode defined for component null
2026-07-25 13:26:38,514 [WARN] ModelIntegratedComponent:63 - No mode defined for component null
2026-07-25 13:26:38,514 [WARN] ModelIntegratedComponent:63 - No mode defined for component null
2026-07-25 13:26:38,514 [WARN] ModelIntegratedComponent:63 - No mode defined for component null
2026-07-25 13:26:38,514 [WARN] ModelIntegratedComponent:63 - No mode defined for component null
2026-07-25 13:26:38,514 [WARN] ModelIntegratedComponent:63 - No mode defined for component null
2026-07-25 13:26:38,514 [WARN] ModelIntegratedComponent:63 - No mode defined for component null
2026-07-25 13:26:38,514 [WARN] ModelIntegratedComponent:63 - No mode defined for component null
2026-07-25 13:26:38,514 [WARN] ModelIntegratedComponent:63 - No mode defined for component null
2026-07-25 13:26:38,514 [WARN] ModelIntegratedComponent:63 - No mode defined for component null
2026-07-25 13:26:38,514 [WARN] ModelIntegratedComponent:63 - No mode defined for component null
2026-07-25 13:26:38,514 [WARN] ModelIntegratedComponent:63 - No mode defined for component null
2026-07-25 13:26:38,514 [WARN] ModelIntegratedComponent:63 - No mode defined for component null
2026-07-25 13:26:38,514 [WARN] ModelIntegratedComponent:63 - No mode defined for component null
2026-07-25 13:26:38,514 [WARN] ModelIntegratedComponent:63 - No mode defined for component null
2026-07-25 13:26:38,514 [WARN] ModelIntegratedComponent:63 - No mode defined for component null
2026-07-25 13:26:38,514 [WARN] ModelIntegratedComponent:63 - No mode defined for component null
2026-07-25 13:26:38,514 [WARN] ModelIntegratedComponent:63 - No mode defined for component null
2026-07-25 13:26:38,514 [WARN] ModelIntegratedComponent:63 - No mode defined for component null
2026-07-25 13:26:38,514 [WARN] ModelPack:524 - Component already loaded: STMicroelectronics:HAL Drivers:0.0.0:STMicroelectronics:Device:STMicro_Driver:XSPI:HAL::0.0.1:HAL_XSPI
2026-07-25 13:26:38,600 [WARN] ModelIntegratedComponent:182 - Modes not found for component STMicroelectronics:USB_DEVICE:1.0.0:STMicroelectronics:USB::USB Device:Audio HS::1.0:USB_DEVICE_1_0_RESTRICTED_HS
2026-07-25 13:26:38,600 [WARN] ModelIntegratedComponent:188 - Modes not found for component STMicroelectronics:USB_DEVICE:1.0.0:STMicroelectronics:USB::USB Device:Audio HS::1.0:USB_DEVICE_1_0_RESTRICTED_HS
2026-07-25 13:26:38,600 [WARN] ModelIntegratedComponent:182 - Modes not found for component STMicroelectronics:USB_DEVICE:1.0.0:STMicroelectronics:USB::USB Device:CDC HS::1.0:USB_DEVICE_1_0_RESTRICTED_HS
2026-07-25 13:26:38,600 [WARN] ModelIntegratedComponent:188 - Modes not found for component STMicroelectronics:USB_DEVICE:1.0.0:STMicroelectronics:USB::USB Device:CDC HS::1.0:USB_DEVICE_1_0_RESTRICTED_HS
2026-07-25 13:26:38,600 [WARN] ModelIntegratedComponent:182 - Modes not found for component STMicroelectronics:USB_DEVICE:1.0.0:STMicroelectronics:USB::USB Device:DFU HS::1.0:USB_DEVICE_1_0_RESTRICTED_HS
2026-07-25 13:26:38,600 [WARN] ModelIntegratedComponent:188 - Modes not found for component STMicroelectronics:USB_DEVICE:1.0.0:STMicroelectronics:USB::USB Device:DFU HS::1.0:USB_DEVICE_1_0_RESTRICTED_HS
2026-07-25 13:26:38,600 [WARN] ModelIntegratedComponent:182 - Modes not found for component STMicroelectronics:USB_DEVICE:1.0.0:STMicroelectronics:USB::USB Device:HID HS::1.0:USB_DEVICE_1_0_RESTRICTED_HS
2026-07-25 13:26:38,600 [WARN] ModelIntegratedComponent:188 - Modes not found for component STMicroelectronics:USB_DEVICE:1.0.0:STMicroelectronics:USB::USB Device:HID HS::1.0:USB_DEVICE_1_0_RESTRICTED_HS
2026-07-25 13:26:38,600 [WARN] ModelIntegratedComponent:182 - Modes not found for component STMicroelectronics:USB_DEVICE:1.0.0:STMicroelectronics:USB::USB Device:Custom HID HS::1.0:USB_DEVICE_1_0_RESTRICTED_HS
2026-07-25 13:26:38,600 [WARN] ModelIntegratedComponent:188 - Modes not found for component STMicroelectronics:USB_DEVICE:1.0.0:STMicroelectronics:USB::USB Device:Custom HID HS::1.0:USB_DEVICE_1_0_RESTRICTED_HS
2026-07-25 13:26:38,600 [WARN] ModelIntegratedComponent:182 - Modes not found for component STMicroelectronics:USB_DEVICE:1.0.0:STMicroelectronics:USB::USB Device:MSC HS::1.0:USB_DEVICE_1_0_RESTRICTED_HS
2026-07-25 13:26:38,600 [WARN] ModelIntegratedComponent:188 - Modes not found for component STMicroelectronics:USB_DEVICE:1.0.0:STMicroelectronics:USB::USB Device:MSC HS::1.0:USB_DEVICE_1_0_RESTRICTED_HS
2026-07-25 13:26:38,693 [WARN] ModelIntegratedComponent:182 - Modes not found for component STMicroelectronics:USB_HOST:1.0.0:STMicroelectronics:USB::USB Host:Audio HS::1.0:USB_HOST_1_0_RESTRICTED_HS
2026-07-25 13:26:38,693 [WARN] ModelIntegratedComponent:188 - Modes not found for component STMicroelectronics:USB_HOST:1.0.0:STMicroelectronics:USB::USB Host:Audio HS::1.0:USB_HOST_1_0_RESTRICTED_HS
2026-07-25 13:26:38,693 [WARN] ModelIntegratedComponent:182 - Modes not found for component STMicroelectronics:USB_HOST:1.0.0:STMicroelectronics:USB::USB Host:CDC HS::1.0:USB_HOST_1_0_RESTRICTED_HS
2026-07-25 13:26:38,693 [WARN] ModelIntegratedComponent:188 - Modes not found for component STMicroelectronics:USB_HOST:1.0.0:STMicroelectronics:USB::USB Host:CDC HS::1.0:USB_HOST_1_0_RESTRICTED_HS
2026-07-25 13:26:38,693 [WARN] ModelIntegratedComponent:182 - Modes not found for component STMicroelectronics:USB_HOST:1.0.0:STMicroelectronics:USB::USB Host:MSC HS::1.0:USB_HOST_1_0_RESTRICTED_HS
2026-07-25 13:26:38,693 [WARN] ModelIntegratedComponent:188 - Modes not found for component STMicroelectronics:USB_HOST:1.0.0:STMicroelectronics:USB::USB Host:MSC HS::1.0:USB_HOST_1_0_RESTRICTED_HS
2026-07-25 13:26:38,693 [WARN] ModelIntegratedComponent:182 - Modes not found for component STMicroelectronics:USB_HOST:1.0.0:STMicroelectronics:USB::USB Host:HID HS::1.0:USB_HOST_1_0_RESTRICTED_HS
2026-07-25 13:26:38,693 [WARN] ModelIntegratedComponent:188 - Modes not found for component STMicroelectronics:USB_HOST:1.0.0:STMicroelectronics:USB::USB Host:HID HS::1.0:USB_HOST_1_0_RESTRICTED_HS
2026-07-25 13:26:38,693 [WARN] ModelIntegratedComponent:182 - Modes not found for component STMicroelectronics:USB_HOST:1.0.0:STMicroelectronics:USB::USB Host:MTP HS::1.0:USB_HOST_1_0_RESTRICTED_HS
2026-07-25 13:26:38,693 [WARN] ModelIntegratedComponent:188 - Modes not found for component STMicroelectronics:USB_HOST:1.0.0:STMicroelectronics:USB::USB Host:MTP HS::1.0:USB_HOST_1_0_RESTRICTED_HS
2026-07-25 13:26:38,903 [INFO] ThirdPartyModel:298 - Start build external matchings
2026-07-25 13:26:43,140 [INFO] ThirdPartyModel:316 - End build external matchings
2026-07-25 13:26:43,265 [INFO] ImportTextPane:218 - (OptionalMessage_ERROR) IP (DMA) : Parameter (Instance) has Id (SPI2_TX) currently not set
2026-07-25 13:26:43,265 [INFO] ImportTextPane:218 - (OptionalMessage_ERROR) IP (DMA) : Parameter (Channel) has Id (SPI2_TX) currently not set
2026-07-25 13:26:43,265 [INFO] ImportTextPane:218 - (OptionalMessage_ERROR) IP (DMA) : Parameter (Direction) has Id (SPI2_TX) currently not set
2026-07-25 13:26:43,265 [INFO] ImportTextPane:218 - (OptionalMessage_ERROR) IP (DMA) : Parameter (PeriphInc) has Id (SPI2_TX) currently not set
2026-07-25 13:26:43,265 [INFO] ImportTextPane:218 - (OptionalMessage_ERROR) IP (DMA) : Parameter (MemInc) has Id (SPI2_TX) currently not set
2026-07-25 13:26:43,265 [INFO] ImportTextPane:218 - (OptionalMessage_ERROR) IP (DMA) : Parameter (PeriphDataAlignment) has Id (SPI2_TX) currently not set
2026-07-25 13:26:43,266 [INFO] ImportTextPane:218 - (OptionalMessage_ERROR) IP (DMA) : Parameter (MemDataAlignment) has Id (SPI2_TX) currently not set
2026-07-25 13:26:43,266 [INFO] ImportTextPane:218 - (OptionalMessage_ERROR) IP (DMA) : Parameter (Mode) has Id (SPI2_TX) currently not set
2026-07-25 13:26:43,266 [INFO] ImportTextPane:218 - (OptionalMessage_ERROR) IP (DMA) : Parameter (Priority) has Id (SPI2_TX) currently not set
2026-07-25 13:26:43,266 [INFO] ImportTextPane:218 - (OptionalMessage_ERROR) IP (DMA) : Parameter (FIFOMode) has Id (SPI2_TX) currently not set
2026-07-25 13:26:43,266 [INFO] ImportTextPane:218 - (OptionalMessage_ERROR) IP (DMA) : Parameter (Instance) has Id (ADC1) currently not set
2026-07-25 13:26:43,266 [INFO] ImportTextPane:218 - (OptionalMessage_ERROR) IP (DMA) : Parameter (Channel) has Id (ADC1) currently not set
2026-07-25 13:26:43,266 [INFO] ImportTextPane:218 - (OptionalMessage_ERROR) IP (DMA) : Parameter (Direction) has Id (ADC1) currently not set
2026-07-25 13:26:43,266 [INFO] ImportTextPane:218 - (OptionalMessage_ERROR) IP (DMA) : Parameter (PeriphInc) has Id (ADC1) currently not set
2026-07-25 13:26:43,266 [INFO] ImportTextPane:218 - (OptionalMessage_ERROR) IP (DMA) : Parameter (MemInc) has Id (ADC1) currently not set
2026-07-25 13:26:43,266 [INFO] ImportTextPane:218 - (OptionalMessage_ERROR) IP (DMA) : Parameter (PeriphDataAlignment) has Id (ADC1) currently not set
2026-07-25 13:26:43,266 [INFO] ImportTextPane:218 - (OptionalMessage_ERROR) IP (DMA) : Parameter (MemDataAlignment) has Id (ADC1) currently not set
2026-07-25 13:26:43,266 [INFO] ImportTextPane:218 - (OptionalMessage_ERROR) IP (DMA) : Parameter (Mode) has Id (ADC1) currently not set
2026-07-25 13:26:43,266 [INFO] ImportTextPane:218 - (OptionalMessage_ERROR) IP (DMA) : Parameter (Priority) has Id (ADC1) currently not set
2026-07-25 13:26:43,266 [INFO] ImportTextPane:218 - (OptionalMessage_ERROR) IP (DMA) : Parameter (FIFOMode) has Id (ADC1) currently not set
2026-07-25 13:26:43,268 [INFO] ImportTextPane:218 - (OptionalMessage_ERROR) IP (RCC) : Parameter (RTCHSEDivFreq_Value) has invalid value (12500000)
2026-07-25 13:26:43,279 [WARN] IP:2250 - DEVICE_SERIAL0_HID_FS not found: check if there is a RefParameter without a condition.
2026-07-25 13:26:43,279 [WARN] IP:2250 - DEVICE_SERIAL1_HID_FS not found: check if there is a RefParameter without a condition.
2026-07-25 13:26:43,279 [WARN] IP:2250 - DEVICE_SERIAL2_HID_FS not found: check if there is a RefParameter without a condition.
2026-07-25 13:26:43,551 [INFO] ApiDb:581 - Connected to CubeFinder SQLite database (C:\Users\abhil\.stmcufinder\plugins\mcufinder\mcu\cube-finder-db.db)
2026-07-25 13:26:43,632 [INFO] ApiDb:668 - CubeFinder database Data Model version=2.1
2026-07-25 13:26:43,632 [INFO] ApiDb:669 - CubeFinder database Configuration version=3.0.42
2026-07-25 13:26:43,632 [INFO] ApiDb:670 - CubeFinder database generation date=2026-05-06 (1778060171)
2026-07-25 13:26:43,632 [INFO] ApiDb:671 - CubeFinder database FW Pack versions=[FP-ATR-ASTRA1_V2.0.0, FP-SNS-FLIGHT1_V5.1.0, FP-SNS-MOTENV1_V5.1.0, FP-SNS-MOTENVWB1_V1.5.0, FP-SNS-SMARTAG2_V1.2.0, FP-SNS-STBOX1_V2.1.0, STM32Cube_FW_C0_V1.4.0, STM32Cube_FW_F4_V1.28.3, STM32Cube_FW_F7_V1.17.4, STM32Cube_FW_G0_V1.6.3, STM32Cube_FW_G4_V1.6.2, STM32Cube_FW_H5_V1.6.0, STM32Cube_FW_H7RS_V1.3.0, STM32Cube_FW_H7_V1.13.0, STM32Cube_FW_L0_V1.12.2, STM32Cube_FW_L4_V1.18.2, STM32Cube_FW_L5_V1.6.0, STM32Cube_FW_N6_V1.3.0, STM32Cube_FW_U0_V1.3.0, STM32Cube_FW_U3_V1.3.0, STM32Cube_FW_U5_V1.8.0, STM32Cube_FW_WB0_V1.4.0, STM32Cube_FW_WBA_V1.9.0, STM32Cube_FW_WB_V1.24.0, STM32Cube_FW_WL3_V1.4.0, STM32Cube_FW_WL_V1.5.0, X-CUBE-ALGOBUILD_V1.4.0, X-CUBE-ALS_V1.0.2, X-CUBE-AZRTOS-F4_V1.1.0, X-CUBE-AZRTOS-F7_V1.1.0, X-CUBE-AZRTOS-G0_V1.1.0, X-CUBE-AZRTOS-G4_V2.0.0, X-CUBE-AZRTOS-H7RS_V1.1.0, X-CUBE-AZRTOS-H7_V3.5.0, X-CUBE-AZRTOS-L4_V2.0.0, X-CUBE-AZRTOS-L5_V2.0.0, X-CUBE-AZRTOS-WB_V2.0.0, X-CUBE-AZRTOS-WL_V2.0.0, X-CUBE-BLE1_V7.1.0, X-CUBE-BLE2_V3.3.0, X-CUBE-BLEMGR_V4.1.0, X-CUBE-EEPRMA1_V5.2.0, X-CUBE-FREERTOS_V1.5.0, X-CUBE-GNSS1_V6.0.0, X-CUBE-MEMS1_V12.0.0, X-CUBE-NFC4_V3.0.0, X-CUBE-NFC7_V2.0.0, X-CUBE-SFXS2LP1_V4.0.0, X-CUBE-ST67W61_V1.2.0, X-CUBE-SUBG2_V5.0.0, X-CUBE-TOF1_V3.4.3]
2026-07-25 13:26:43,686 [INFO] DbBoardsSqlite:226 - include board P-NUCLEO-WB55-NUCLEO as a kit item of type 'Nucleo-64'
2026-07-25 13:26:43,686 [INFO] DbBoardsSqlite:226 - include board P-NUCLEO-WB55-USBDONGLE as a kit item of type 'Nucleo USB Dongle'
2026-07-25 13:26:43,686 [INFO] DbBoardsSqlite:226 - include board STEVAL-IDP005V1 as a kit item of type 'Evaluation Board'
2026-07-25 13:26:43,687 [INFO] DbBoardsSqlite:226 - include board STEVAL-IDP005V2 as a kit item of type 'Evaluation Board'
2026-07-25 13:26:43,755 [INFO] ApiDb:240 - Found 895 in-development CPN: [B-G473E-ZEST1S, B-WB1M-WPAN1, B-WBA5M-WPAN, B-WL5M-SUBG1, NUCLEO-C031C6, NUCLEO-C051C8, NUCLEO-C071RB, NUCLEO-C092RC, NUCLEO-H503RB, NUCLEO-H533RE, NUCLEO-H563ZI, NUCLEO-H7S3L8, NUCLEO-N657X0-Q, NUCLEO-U031R8, NUCLEO-U083RC, NUCLEO-U385RG-Q, NUCLEO-U545RE-Q, NUCLEO-U5A5ZJ-Q, NUCLEO-WB05KZ, NUCLEO-WB07CC, NUCLEO-WB09KE, NUCLEO-WBA52CG, NUCLEO-WBA55CG, NUCLEO-WBA65RI, NUCLEO-WL33CC1, NUCLEO-WL33CC2, STEVAL-PROTEUS1, STEVAL-SMARTAG2, STEVAL-STWINBX1, STM320518-EVAL, STM32C0116-DK, STM32C011D6Y3TR, STM32C011D6Y6TR, STM32C011F4P3, STM32C011F4P6, STM32C011F4U3, STM32C011F4U6TR, STM32C011F6P3, STM32C011F6P6, STM32C011F6U3, STM32C011F6U6TR, STM32C011J4M3, STM32C011J4M6, STM32C011J6M3, STM32C011J6M6, STM32C0316-DK, STM32C031C4T3, STM32C031C4T6, STM32C031C4U3, STM32C031C4U6, STM32C031C6T3, STM32C031C6T6, STM32C031C6U3, STM32C031C6U6, STM32C031F4P3, STM32C031F4P6, STM32C031F6P3, STM32C031F6P6, STM32C031G4U3, STM32C031G4U6, STM32C031G6U3, STM32C031G6U6, STM32C031K4T3, STM32C031K4T6, STM32C031K4U3, STM32C031K4U6, STM32C031K6T3, STM32C031K6T6, STM32C031K6U3, STM32C031K6U6, STM32C051C6T6, STM32C051C6U6, STM32C051C8T6, STM32C051C8U6, STM32C051D8Y6TR, STM32C051F6P6, STM32C051F8P6, STM32C051G6U6, STM32C051G8U6, STM32C051K6T6, STM32C051K6U6, STM32C051K8T6, STM32C071C8T6, STM32C071C8T6N, STM32C071C8U6, STM32C071C8U6N, STM32C071CBT6, STM32C071CBT6N, STM32C071CBU6, STM32C071CBU6N, STM32C071F8P6, STM32C071F8P6N, STM32C071FBP6, STM32C071FBP6N, STM32C071FBY6TR, STM32C071G8U6, STM32C071G8U6N, STM32C071GBU6, STM32C071GBU6N, STM32C071K8T6, STM32C071K8T6N, STM32C071K8U6, STM32C071K8U6N, STM32C071KBT6, STM32C071KBT6N, STM32C071KBU6, STM32C071KBU6N, STM32C071R8T6, STM32C071R8T6N, STM32C071RBI6N, STM32C071RBT6, STM32C071RBT6N, STM32C091CBT6, STM32C091CBU6, STM32C091CCT6, STM32C091CCU6, STM32C091ECY6TR, STM32C091FBP6, STM32C091FCP6, STM32C091GBU6, STM32C091GCU6, STM32C091KBT6, STM32C091KBU6, STM32C091KCT6, STM32C091KCU6, STM32C091RBT6, STM32C091RCI6, STM32C091RCT6, STM32C092CBT6, STM32C092CBU6, STM32C092CCT6, STM32C092CCU6, STM32C092ECY6TR, STM32C092FBP6, STM32C092FCP6, STM32C092GBU6, STM32C092GCU6, STM32C092KBT6, STM32C092KBU6, STM32C092KCT6, STM32C092KCU6, STM32C092RBT6, STM32C092RCI6, STM32C092RCT6, STM32G071K8TXN, STM32G071K8UXN, STM32G081GBU6N, STM32G081KBT6N, STM32G081KBUXN, STM32G0B1CCT6N, STM32G0B1KCT6, STM32G0B1NEY6TR, STM32G0B1RCT6N, STM32G0C1CCT6, STM32G0C1CCT6N, STM32G0C1CCU6N, STM32G0C1CET6N, STM32G0C1CEU6N, STM32G0C1KCT6, STM32G0C1NEY6TR, STM32G0C1RCI6N, STM32G0C1RCT6N, STM32G0C1REI6N, STM32G0C1RET6N, STM32G0C1VCI6, STM32G0C1VEI6, STM32G411C6T3, STM32G411C6T6, STM32G411C6U3, STM32G411C6U6, STM32G411C8T3, STM32G411C8T6, STM32G411C8U3, STM32G411C8U6, STM32G411CBT3, STM32G411CBT6, STM32G411CBU3, STM32G411CBU6, STM32G411CCT3, STM32G411CCT6, STM32G411CCU3, STM32G411CCU6, STM32G411K6T3, STM32G411K6T6, STM32G411K6U3, STM32G411K6U6, STM32G411K8T3, STM32G411K8T6, STM32G411K8U3, STM32G411K8U6, STM32G411KBT3, STM32G411KBT6, STM32G411KBU3, STM32G411KBU6, STM32G411M6T3, STM32G411M6T6, STM32G411M8T3, STM32G411M8T6, STM32G411MBT3, STM32G411MBT6, STM32G411MCT3, STM32G411MCT6, STM32G411R6T3, STM32G411R6T6, STM32G411R8T3, STM32G411R8T6, STM32G411RBT3, STM32G411RBT6, STM32G411RCT3, STM32G411RCT6, STM32G414CBT3, STM32G414CBT6, STM32G414CBU3, STM32G414CBU6, STM32G414CCT3, STM32G414CCT6, STM32G414CCU3, STM32G414CCU6, STM32G414MBT3, STM32G414MBT6, STM32G414MCT3, STM32G414MCT6, STM32G414RBT3, STM32G414RBT6, STM32G414RCT3, STM32G414RCT6, STM32G414VBT3, STM32G414VBT6, STM32G414VCT3, STM32G414VCT6, STM32G431CBT3Z, STM32G431RBT3Z, STM32G471CCT6, STM32G471CCU6, STM32G471CET3, STM32G471CET6, STM32G471CEU3, STM32G471CEU6, STM32G471MCT6, STM32G471MET3, STM32G471MET6, STM32G471MEY6TR, STM32G471QCT6, STM32G471QET3, STM32G471RCT6, STM32G471RET3, STM32G471RET6, STM32G471VCH6, STM32G471VCI6, STM32G471VCT6, STM32G471VEH3, STM32G471VEH6, STM32G471VEI3, STM32G471VEI6, STM32G471VET3, STM32G471VET6, STM32G473QET3Z, STM32G473RET3Z, STM32G474CCT6, STM32G491RET3Z, STM32H503CBT6, STM32H503CBU6, STM32H503EBY6TR, STM32H503KBU6, STM32H503RBT6, STM32H523CCT6, STM32H523CCU6, STM32H523CET6, STM32H523CEU6, STM32H523HEY6TR, STM32H523RCT6, STM32H523RET6, STM32H523VCI6, STM32H523VCT6, STM32H523VEI6, STM32H523VET6, STM32H523ZCJ6, STM32H523ZCT6, STM32H523ZEJ6, STM32H523ZET6, STM32H533CET6, STM32H533CEU6, STM32H533HEY6TR, STM32H533RET6, STM32H533VEI6, STM32H533VET6, STM32H533ZEJ6, STM32H533ZET6, STM32H562AGI6, STM32H562AII6, STM32H562IGK6, STM32H562IGT6, STM32H562IIK6, STM32H562IIT6, STM32H562RGT6, STM32H562RGV6, STM32H562RIT6, STM32H562RIV6, STM32H562VGT6, STM32H562VIT6, STM32H562ZGT6, STM32H562ZIT6, STM32H563AGI6, STM32H563AII3Q, STM32H563AII6, STM32H563IGK6, STM32H563IGT6, STM32H563IIK3Q, STM32H563IIK6, STM32H563IIT3Q, STM32H563IIT6, STM32H563MIY3QTR, STM32H563RGT6, STM32H563RGV6, STM32H563RIT6, STM32H563RIV6, STM32H563VGT6, STM32H563VIT3Q, STM32H563VIT6, STM32H563ZGT6, STM32H563ZIT3Q, STM32H563ZIT6, STM32H573AII3Q, STM32H573AII6, STM32H573I-DK, STM32H573IIK3Q, STM32H573IIK6, STM32H573IIT3Q, STM32H573IIT6, STM32H573MIY3QTR, STM32H573RIT6, STM32H573RIV6, STM32H573VIT3Q, STM32H573VIT6, STM32H573ZIT3Q, STM32H573ZIT6, STM32H7R3A8I6, STM32H7R3I8K6, STM32H7R3I8T6, STM32H7R3L8H6, STM32H7R3L8H6H, STM32H7R3R8V6, STM32H7R3V8H6, STM32H7R3V8T6, STM32H7R3V8Y6TR, STM32H7R3Z8J6, STM32H7R3Z8T6, STM32H7R7A8I6, STM32H7R7I8K6, STM32H7R7I8T6, STM32H7R7L8H6, STM32H7R7L8H6H, STM32H7R7Z8J6, STM32H7S3A8I6, STM32H7S3I8K6, STM32H7S3I8T6, STM32H7S3L8H6, STM32H7S3L8H6H, STM32H7S3R8V6, STM32H7S3V8H6, STM32H7S3V8T6, STM32H7S3V8Y6TR, STM32H7S3Z8J6, STM32H7S3Z8T6, STM32H7S78-DK, STM32H7S7A8I6, STM32H7S7I8K6, STM32H7S7I8T6, STM32H7S7L8H6, STM32H7S7L8H6H, STM32H7S7Z8J6, STM32L4R5QGI6STR, STM32MP131AAE3, STM32MP131AAF3, STM32MP131AAG3, STM32MP131CAE3, STM32MP131CAF3, STM32MP131CAG3, STM32MP131DAE7, STM32MP131DAF7, STM32MP131DAG7, STM32MP131FAE7, STM32MP131FAF7, STM32MP131FAG7, STM32MP133AAE3, STM32MP133AAF3, STM32MP133AAG3, STM32MP133CAE3, STM32MP133CAF3, STM32MP133CAG3, STM32MP133DAE7, STM32MP133DAF7, STM32MP133DAG7, STM32MP133FAE7, STM32MP133FAF7, STM32MP133FAG7, STM32MP135AAE3, STM32MP135AAF3, STM32MP135AAG3, STM32MP135CAE3, STM32MP135CAF3, STM32MP135CAG3, STM32MP135DAE7, STM32MP135DAF7, STM32MP135DAG7, STM32MP135F-DK, STM32MP135FAE7, STM32MP135FAF7, STM32MP135FAF7T, STM32MP135FAF7U, STM32MP135FAG7, STM32MP231AAJ3, STM32MP231AAK3, STM32MP231AAL3, STM32MP231CAJ3, STM32MP231CAK3, STM32MP231CAL3, STM32MP231DAJ3, STM32MP231DAK3, STM32MP231DAL3, STM32MP231FAJ3, STM32MP231FAK3, STM32MP231FAL3, STM32MP233AAJ3, STM32MP233AAK3, STM32MP233AAL3, STM32MP233CAJ3, STM32MP233CAK3, STM32MP233CAL3, STM32MP233DAJ3, STM32MP233DAK3, STM32MP233DAL3, STM32MP233FAJ3, STM32MP233FAK3, STM32MP233FAL3, STM32MP235AAJ3, STM32MP235AAK3, STM32MP235AAL3, STM32MP235CAJ3, STM32MP235CAK3, STM32MP235CAL3, STM32MP235DAJ3, STM32MP235DAK3, STM32MP235DAL3, STM32MP235FAJ3, STM32MP235FAK3, STM32MP235FAL3, STM32MP251AAI3, STM32MP251AAJ3, STM32MP251AAK3, STM32MP251AAL3, STM32MP251CAI3, STM32MP251CAJ3, STM32MP251CAK3, STM32MP251CAL3, STM32MP251DAI3, STM32MP251DAJ3, STM32MP251DAK3, STM32MP251DAL3, STM32MP251FAI3, STM32MP251FAJ3, STM32MP251FAK3, STM32MP251FAL3, STM32MP253AAI3, STM32MP253AAJ3, STM32MP253AAK3, STM32MP253AAL3, STM32MP253CAI3, STM32MP253CAJ3, STM32MP253CAK3, STM32MP253CAL3, STM32MP253DAI3, STM32MP253DAJ3, STM32MP253DAK3, STM32MP253DAL3, STM32MP253FAI3, STM32MP253FAJ3, STM32MP253FAK3, STM32MP253FAL3, STM32MP255AAI3, STM32MP255AAJ3, STM32MP255AAK3, STM32MP255AAL3, STM32MP255CAI3, STM32MP255CAJ3, STM32MP255CAK3, STM32MP255CAL3, STM32MP255DAI3, STM32MP255DAJ3, STM32MP255DAK3, STM32MP255DAL3, STM32MP255FAI3, STM32MP255FAJ3, STM32MP255FAK3, STM32MP255FAL3, STM32MP257AAI3, STM32MP257AAJ3, STM32MP257AAK3, STM32MP257AAL3, STM32MP257CAI3, STM32MP257CAJ3, STM32MP257CAK3, STM32MP257CAL3, STM32MP257DAI3, STM32MP257DAJ3, STM32MP257DAK3, STM32MP257DAL3, STM32MP257F-DK, STM32MP257F-EV1, STM32MP257FAI3, STM32MP257FAJ3, STM32MP257FAK3, STM32MP257FAL3, STM32N645A0H3Q, STM32N645B0H3Q, STM32N645I0H3Q, STM32N645L0H3Q, STM32N645X0H3Q, STM32N645Z0H3Q, STM32N647A0H3Q, STM32N647B0H3Q, STM32N647I0H3Q, STM32N647L0H3Q, STM32N647X0H3Q, STM32N647Z0H3Q, STM32N655A0H3Q, STM32N655B0H3Q, STM32N655I0H3Q, STM32N655L0H3Q, STM32N655X0H3Q, STM32N655Z0H3Q, STM32N6570-DK, STM32N657A0H3Q, STM32N657B0H3Q, STM32N657I0H3Q, STM32N657L0H3Q, STM32N657X0H3Q, STM32N657Z0H3Q, STM32U031C6T6, STM32U031C6U6, STM32U031C8T6, STM32U031C8U6, STM32U031F4P6, STM32U031F6P6, STM32U031F8P6, STM32U031G6Y6TR, STM32U031G8Y6TR, STM32U031K4U6, STM32U031K6U6, STM32U031K8U6, STM32U031R6I6, STM32U031R6T6, STM32U031R8I6, STM32U031R8T6, STM32U073C8T6, STM32U073C8U6, STM32U073CBT6, STM32U073CBU6, STM32U073CCT6, STM32U073CCU6, STM32U073H8Y6TR, STM32U073HBY6TR, STM32U073HCY6TR, STM32U073K8U6, STM32U073KBU6, STM32U073KCU6, STM32U073M8I6, STM32U073M8T6, STM32U073MBI6, STM32U073MBT6, STM32U073MCI6, STM32U073MCT6, STM32U073R8I6, STM32U073R8T6, STM32U073RBI6, STM32U073RBT6, STM32U073RCI6, STM32U073RCT6, STM32U083C-DK, STM32U083CCT6, STM32U083CCU6, STM32U083HCY6TR, STM32U083KCU6, STM32U083MCI6, STM32U083MCT6, STM32U083RCI6, STM32U083RCT6, STM32U375CET6, STM32U375CET6Q, STM32U375CEU6, STM32U375CEU6Q, STM32U375CEY6QTR, STM32U375CGT6, STM32U375CGT6Q, STM32U375CGU6, STM32U375CGU6Q, STM32U375CGY6QTR, STM32U375KEU6, STM32U375KGU6, STM32U375REI6, STM32U375REI6Q, STM32U375RET6, STM32U375RET6Q, STM32U375REY6GTR, STM32U375REY6QTR, STM32U375RGI6, STM32U375RGI6Q, STM32U375RGT6, STM32U375RGT6Q, STM32U375RGY6GTR, STM32U375RGY6QTR, STM32U375VEI6, STM32U375VEI6Q, STM32U375VET6, STM32U375VET6Q, STM32U375VGI6, STM32U375VGI6Q, STM32U375VGT6, STM32U375VGT6Q, STM32U385CGT6, STM32U385CGT6Q, STM32U385CGU6, STM32U385CGU6Q, STM32U385CGY6QTR, STM32U385KGU6, STM32U385RGI6, STM32U385RGI6Q, STM32U385RGT6, STM32U385RGT6Q, STM32U385RGY6GTR, STM32U385RGY6QTR, STM32U385VGI6, STM32U385VGI6Q, STM32U385VGT6, STM32U385VGT6Q, STM32U535CBT6, STM32U535CBT6Q, STM32U535CBU6, STM32U535CBU6Q, STM32U535CCT6, STM32U535CCT6Q, STM32U535CCU6, STM32U535CCU6Q, STM32U535CET6, STM32U535CET6Q, STM32U535CEU6, STM32U535CEU6Q, STM32U535JEY6QTR, STM32U535NCY6QTR, STM32U535NEY6QTR, STM32U535RBI6, STM32U535RBI6Q, STM32U535RBT6, STM32U535RBT6Q, STM32U535RCI6, STM32U535RCI6Q, STM32U535RCT6, STM32U535RCT6Q, STM32U535REI6, STM32U535REI6Q, STM32U535RET6, STM32U535RET6Q, STM32U535VCI6, STM32U535VCI6Q, STM32U535VCT6, STM32U535VCT6Q, STM32U535VEI6, STM32U535VEI6Q, STM32U535VET6, STM32U535VET6Q, STM32U545CET6, STM32U545CET6Q, STM32U545CEU6, STM32U545CEU6Q, STM32U545JEY6QTR, STM32U545NEY6QTR, STM32U545REI6, STM32U545REI6Q, STM32U545RET6, STM32U545RET6Q, STM32U545VEI6, STM32U545VEI6Q, STM32U545VET6, STM32U545VET6Q, STM32U595AIH6, STM32U595AIH6Q, STM32U595AJH6, STM32U595AJH6Q, STM32U595QII6, STM32U595QII6Q, STM32U595QJI6, STM32U595QJI6Q, STM32U595RIT6, STM32U595RIT6Q, STM32U595RJT6, STM32U595RJT6Q, STM32U595VIT6, STM32U595VIT6Q, STM32U595VJT6, STM32U595VJT6Q, STM32U595ZIT6, STM32U595ZIT6Q, STM32U595ZIY6QTR, STM32U595ZJT6, STM32U595ZJT6Q, STM32U595ZJY6QTR, STM32U599BJY6QTR, STM32U599NIH6Q, STM32U599NJH6Q, STM32U599VIT6Q, STM32U599VJT6, STM32U599VJT6Q, STM32U599ZIT6Q, STM32U599ZIY6QTR, STM32U599ZJT6Q, STM32U599ZJY6QTR, STM32U5A5AJH6, STM32U5A5AJH6Q, STM32U5A5QII3Q , STM32U5A5QJI6, STM32U5A5QJI6Q, STM32U5A5RJT6, STM32U5A5RJT6Q, STM32U5A5VJT6, STM32U5A5VJT6Q, STM32U5A5ZJT6, STM32U5A5ZJT6Q, STM32U5A5ZJY6QTR, STM32U5A9BJY6QTR, STM32U5A9J-DK, STM32U5A9NJH6Q, STM32U5A9VJT6Q, STM32U5A9ZJT6Q, STM32U5A9ZJY6QTR, STM32U5F7VIT6, STM32U5F7VIT6Q, STM32U5F7VJT6, STM32U5F7VJT6Q, STM32U5F9BJY6QTR, STM32U5F9NJH6Q, STM32U5F9VIT6Q, STM32U5F9VJT6Q, STM32U5F9ZIJ6QTR, STM32U5F9ZIT6Q, STM32U5F9ZJJ6QTR, STM32U5F9ZJT6Q, STM32U5G7VJT6, STM32U5G7VJT6Q, STM32U5G9BJY6QTR, STM32U5G9J-DK1, STM32U5G9J-DK2, STM32U5G9NJH6Q, STM32U5G9VJT6Q, STM32U5G9ZJJ6QTR, STM32U5G9ZJT6Q, STM32WB05KZV6TR, STM32WB05KZV7TR, STM32WB05TZF6TR, STM32WB05TZF7TR, STM32WB06CCF6TR, STM32WB06CCF7TR, STM32WB06CCV6TR, STM32WB06CCV7TR, STM32WB06KCV6TR, STM32WB06KCV7TR, STM32WB07CCF6TR, STM32WB07CCF7TR, STM32WB07CCV6TR, STM32WB07CCV7TR, STM32WB07KCV6TR, STM32WB07KCV7TR, STM32WB09KEV6TR, STM32WB09KEV7TR, STM32WB09TEF6TR, STM32WB09TEF7TR, STM32WB1MMCH6, STM32WBA50KGU6, STM32WBA50KGU6TR, STM32WBA52CEU6, STM32WBA52CEU6TR, STM32WBA52CEU7, STM32WBA52CEU7TR, STM32WBA52CGU6, STM32WBA52CGU6TR, STM32WBA52CGU6U, STM32WBA52CGU7, STM32WBA52CGU7TR, STM32WBA52KEU6, STM32WBA52KEU6TR, STM32WBA52KGU6, STM32WBA52KGU6TR, STM32WBA54CEU6, STM32WBA54CEU6TR, STM32WBA54CEU7, STM32WBA54CEU7TR, STM32WBA54CGU6, STM32WBA54CGU6TR, STM32WBA54CGU7, STM32WBA54CGU7TR, STM32WBA54KEU6, STM32WBA54KEU6TR, STM32WBA54KEU7, STM32WBA54KEU7TR, STM32WBA54KGU6, STM32WBA54KGU6TR, STM32WBA54KGU7, STM32WBA54KGU7TR, STM32WBA55CEU6, STM32WBA55CEU6TR, STM32WBA55CEU7, STM32WBA55CEU7TR, STM32WBA55CGU6, STM32WBA55CGU6TR, STM32WBA55CGU6U, STM32WBA55CGU7, STM32WBA55CGU7TR, STM32WBA55G-DK1, STM32WBA55HEF6, STM32WBA55HEF7, STM32WBA55HGF6, STM32WBA55HGF7, STM32WBA55UEI6, STM32WBA55UEI6TR, STM32WBA55UEI7, STM32WBA55UEI7TR, STM32WBA55UGI6, STM32WBA55UGI6TR, STM32WBA55UGI7, STM32WBA55UGI7TR, STM32WBA5MJGH6TR, STM32WBA62CGU6, STM32WBA62CIU6, STM32WBA62MGF6, STM32WBA62MIF6, STM32WBA62PGI6, STM32WBA62PII6, STM32WBA63CGU6, STM32WBA63CGU7, STM32WBA63CIU6, STM32WBA63CIU7, STM32WBA64CGU6, STM32WBA64CGU7, STM32WBA64CIU6, STM32WBA64CIU7, STM32WBA65CGU6, STM32WBA65CGU7, STM32WBA65CIU6, STM32WBA65CIU7, STM32WBA65I-DK1, STM32WBA65MGF6, STM32WBA65MGF7, STM32WBA65MIF6, STM32WBA65MIF7, STM32WBA65PGI6, STM32WBA65PGI7, STM32WBA65PII6, STM32WBA65PII7, STM32WBA65RGV6, STM32WBA65RGV7, STM32WBA65RIV6, STM32WBA65RIV7, STM32WL30K8V6, STM32WL30KBV6, STM32WL31C8V6, STM32WL31CBV6, STM32WL31K8V6, STM32WL31KBV6, STM32WL33C8V6, STM32WL33C8V6TR, STM32WL33C8V7, STM32WL33C8V7TR, STM32WL33CBV6, STM32WL33CBV6TR, STM32WL33CBV7, STM32WL33CBV7TR, STM32WL33CCV6, STM32WL33CCV6TR, STM32WL33CCV7, STM32WL33CCV7A, STM32WL33CCV7ATR, STM32WL33CCV7TR, STM32WL33K8V6, STM32WL33K8V6TR, STM32WL33K8V7, STM32WL33K8V7TR, STM32WL33KBV6, STM32WL33KBV6TR, STM32WL33KBV7, STM32WL33KBV7TR, STM32WL33KCV6, STM32WL33KCV6TR, STM32WL33KCV7, STM32WL33KCV7TR, STM32WL5MOCH6, STM32WL5MOCH6TR]
2026-07-25 13:26:43,759 [INFO] ApiDb:668 - CubeFinder database Data Model version=2.1
2026-07-25 13:26:43,759 [INFO] ApiDb:669 - CubeFinder database Configuration version=3.0.42
2026-07-25 13:26:43,759 [INFO] ApiDb:670 - CubeFinder database generation date=2026-05-06 (1778060171)
2026-07-25 13:26:43,760 [INFO] ApiDb:671 - CubeFinder database FW Pack versions=[FP-ATR-ASTRA1_V2.0.0, FP-SNS-FLIGHT1_V5.1.0, FP-SNS-MOTENV1_V5.1.0, FP-SNS-MOTENVWB1_V1.5.0, FP-SNS-SMARTAG2_V1.2.0, FP-SNS-STBOX1_V2.1.0, STM32Cube_FW_C0_V1.4.0, STM32Cube_FW_F4_V1.28.3, STM32Cube_FW_F7_V1.17.4, STM32Cube_FW_G0_V1.6.3, STM32Cube_FW_G4_V1.6.2, STM32Cube_FW_H5_V1.6.0, STM32Cube_FW_H7RS_V1.3.0, STM32Cube_FW_H7_V1.13.0, STM32Cube_FW_L0_V1.12.2, STM32Cube_FW_L4_V1.18.2, STM32Cube_FW_L5_V1.6.0, STM32Cube_FW_N6_V1.3.0, STM32Cube_FW_U0_V1.3.0, STM32Cube_FW_U3_V1.3.0, STM32Cube_FW_U5_V1.8.0, STM32Cube_FW_WB0_V1.4.0, STM32Cube_FW_WBA_V1.9.0, STM32Cube_FW_WB_V1.24.0, STM32Cube_FW_WL3_V1.4.0, STM32Cube_FW_WL_V1.5.0, X-CUBE-ALGOBUILD_V1.4.0, X-CUBE-ALS_V1.0.2, X-CUBE-AZRTOS-F4_V1.1.0, X-CUBE-AZRTOS-F7_V1.1.0, X-CUBE-AZRTOS-G0_V1.1.0, X-CUBE-AZRTOS-G4_V2.0.0, X-CUBE-AZRTOS-H7RS_V1.1.0, X-CUBE-AZRTOS-H7_V3.5.0, X-CUBE-AZRTOS-L4_V2.0.0, X-CUBE-AZRTOS-L5_V2.0.0, X-CUBE-AZRTOS-WB_V2.0.0, X-CUBE-AZRTOS-WL_V2.0.0, X-CUBE-BLE1_V7.1.0, X-CUBE-BLE2_V3.3.0, X-CUBE-BLEMGR_V4.1.0, X-CUBE-EEPRMA1_V5.2.0, X-CUBE-FREERTOS_V1.5.0, X-CUBE-GNSS1_V6.0.0, X-CUBE-MEMS1_V12.0.0, X-CUBE-NFC4_V3.0.0, X-CUBE-NFC7_V2.0.0, X-CUBE-SFXS2LP1_V4.0.0, X-CUBE-ST67W61_V1.2.0, X-CUBE-SUBG2_V5.0.0, X-CUBE-TOF1_V3.4.3]
2026-07-25 13:26:45,895 [INFO] ApiDb:240 - Found 895 in-development CPN: [B-G473E-ZEST1S, B-WB1M-WPAN1, B-WBA5M-WPAN, B-WL5M-SUBG1, NUCLEO-C031C6, NUCLEO-C051C8, NUCLEO-C071RB, NUCLEO-C092RC, NUCLEO-H503RB, NUCLEO-H533RE, NUCLEO-H563ZI, NUCLEO-H7S3L8, NUCLEO-N657X0-Q, NUCLEO-U031R8, NUCLEO-U083RC, NUCLEO-U385RG-Q, NUCLEO-U545RE-Q, NUCLEO-U5A5ZJ-Q, NUCLEO-WB05KZ, NUCLEO-WB07CC, NUCLEO-WB09KE, NUCLEO-WBA52CG, NUCLEO-WBA55CG, NUCLEO-WBA65RI, NUCLEO-WL33CC1, NUCLEO-WL33CC2, STEVAL-PROTEUS1, STEVAL-SMARTAG2, STEVAL-STWINBX1, STM320518-EVAL, STM32C0116-DK, STM32C011D6Y3TR, STM32C011D6Y6TR, STM32C011F4P3, STM32C011F4P6, STM32C011F4U3, STM32C011F4U6TR, STM32C011F6P3, STM32C011F6P6, STM32C011F6U3, STM32C011F6U6TR, STM32C011J4M3, STM32C011J4M6, STM32C011J6M3, STM32C011J6M6, STM32C0316-DK, STM32C031C4T3, STM32C031C4T6, STM32C031C4U3, STM32C031C4U6, STM32C031C6T3, STM32C031C6T6, STM32C031C6U3, STM32C031C6U6, STM32C031F4P3, STM32C031F4P6, STM32C031F6P3, STM32C031F6P6, STM32C031G4U3, STM32C031G4U6, STM32C031G6U3, STM32C031G6U6, STM32C031K4T3, STM32C031K4T6, STM32C031K4U3, STM32C031K4U6, STM32C031K6T3, STM32C031K6T6, STM32C031K6U3, STM32C031K6U6, STM32C051C6T6, STM32C051C6U6, STM32C051C8T6, STM32C051C8U6, STM32C051D8Y6TR, STM32C051F6P6, STM32C051F8P6, STM32C051G6U6, STM32C051G8U6, STM32C051K6T6, STM32C051K6U6, STM32C051K8T6, STM32C071C8T6, STM32C071C8T6N, STM32C071C8U6, STM32C071C8U6N, STM32C071CBT6, STM32C071CBT6N, STM32C071CBU6, STM32C071CBU6N, STM32C071F8P6, STM32C071F8P6N, STM32C071FBP6, STM32C071FBP6N, STM32C071FBY6TR, STM32C071G8U6, STM32C071G8U6N, STM32C071GBU6, STM32C071GBU6N, STM32C071K8T6, STM32C071K8T6N, STM32C071K8U6, STM32C071K8U6N, STM32C071KBT6, STM32C071KBT6N, STM32C071KBU6, STM32C071KBU6N, STM32C071R8T6, STM32C071R8T6N, STM32C071RBI6N, STM32C071RBT6, STM32C071RBT6N, STM32C091CBT6, STM32C091CBU6, STM32C091CCT6, STM32C091CCU6, STM32C091ECY6TR, STM32C091FBP6, STM32C091FCP6, STM32C091GBU6, STM32C091GCU6, STM32C091KBT6, STM32C091KBU6, STM32C091KCT6, STM32C091KCU6, STM32C091RBT6, STM32C091RCI6, STM32C091RCT6, STM32C092CBT6, STM32C092CBU6, STM32C092CCT6, STM32C092CCU6, STM32C092ECY6TR, STM32C092FBP6, STM32C092FCP6, STM32C092GBU6, STM32C092GCU6, STM32C092KBT6, STM32C092KBU6, STM32C092KCT6, STM32C092KCU6, STM32C092RBT6, STM32C092RCI6, STM32C092RCT6, STM32G071K8TXN, STM32G071K8UXN, STM32G081GBU6N, STM32G081KBT6N, STM32G081KBUXN, STM32G0B1CCT6N, STM32G0B1KCT6, STM32G0B1NEY6TR, STM32G0B1RCT6N, STM32G0C1CCT6, STM32G0C1CCT6N, STM32G0C1CCU6N, STM32G0C1CET6N, STM32G0C1CEU6N, STM32G0C1KCT6, STM32G0C1NEY6TR, STM32G0C1RCI6N, STM32G0C1RCT6N, STM32G0C1REI6N, STM32G0C1RET6N, STM32G0C1VCI6, STM32G0C1VEI6, STM32G411C6T3, STM32G411C6T6, STM32G411C6U3, STM32G411C6U6, STM32G411C8T3, STM32G411C8T6, STM32G411C8U3, STM32G411C8U6, STM32G411CBT3, STM32G411CBT6, STM32G411CBU3, STM32G411CBU6, STM32G411CCT3, STM32G411CCT6, STM32G411CCU3, STM32G411CCU6, STM32G411K6T3, STM32G411K6T6, STM32G411K6U3, STM32G411K6U6, STM32G411K8T3, STM32G411K8T6, STM32G411K8U3, STM32G411K8U6, STM32G411KBT3, STM32G411KBT6, STM32G411KBU3, STM32G411KBU6, STM32G411M6T3, STM32G411M6T6, STM32G411M8T3, STM32G411M8T6, STM32G411MBT3, STM32G411MBT6, STM32G411MCT3, STM32G411MCT6, STM32G411R6T3, STM32G411R6T6, STM32G411R8T3, STM32G411R8T6, STM32G411RBT3, STM32G411RBT6, STM32G411RCT3, STM32G411RCT6, STM32G414CBT3, STM32G414CBT6, STM32G414CBU3, STM32G414CBU6, STM32G414CCT3, STM32G414CCT6, STM32G414CCU3, STM32G414CCU6, STM32G414MBT3, STM32G414MBT6, STM32G414MCT3, STM32G414MCT6, STM32G414RBT3, STM32G414RBT6, STM32G414RCT3, STM32G414RCT6, STM32G414VBT3, STM32G414VBT6, STM32G414VCT3, STM32G414VCT6, STM32G431CBT3Z, STM32G431RBT3Z, STM32G471CCT6, STM32G471CCU6, STM32G471CET3, STM32G471CET6, STM32G471CEU3, STM32G471CEU6, STM32G471MCT6, STM32G471MET3, STM32G471MET6, STM32G471MEY6TR, STM32G471QCT6, STM32G471QET3, STM32G471RCT6, STM32G471RET3, STM32G471RET6, STM32G471VCH6, STM32G471VCI6, STM32G471VCT6, STM32G471VEH3, STM32G471VEH6, STM32G471VEI3, STM32G471VEI6, STM32G471VET3, STM32G471VET6, STM32G473QET3Z, STM32G473RET3Z, STM32G474CCT6, STM32G491RET3Z, STM32H503CBT6, STM32H503CBU6, STM32H503EBY6TR, STM32H503KBU6, STM32H503RBT6, STM32H523CCT6, STM32H523CCU6, STM32H523CET6, STM32H523CEU6, STM32H523HEY6TR, STM32H523RCT6, STM32H523RET6, STM32H523VCI6, STM32H523VCT6, STM32H523VEI6, STM32H523VET6, STM32H523ZCJ6, STM32H523ZCT6, STM32H523ZEJ6, STM32H523ZET6, STM32H533CET6, STM32H533CEU6, STM32H533HEY6TR, STM32H533RET6, STM32H533VEI6, STM32H533VET6, STM32H533ZEJ6, STM32H533ZET6, STM32H562AGI6, STM32H562AII6, STM32H562IGK6, STM32H562IGT6, STM32H562IIK6, STM32H562IIT6, STM32H562RGT6, STM32H562RGV6, STM32H562RIT6, STM32H562RIV6, STM32H562VGT6, STM32H562VIT6, STM32H562ZGT6, STM32H562ZIT6, STM32H563AGI6, STM32H563AII3Q, STM32H563AII6, STM32H563IGK6, STM32H563IGT6, STM32H563IIK3Q, STM32H563IIK6, STM32H563IIT3Q, STM32H563IIT6, STM32H563MIY3QTR, STM32H563RGT6, STM32H563RGV6, STM32H563RIT6, STM32H563RIV6, STM32H563VGT6, STM32H563VIT3Q, STM32H563VIT6, STM32H563ZGT6, STM32H563ZIT3Q, STM32H563ZIT6, STM32H573AII3Q, STM32H573AII6, STM32H573I-DK, STM32H573IIK3Q, STM32H573IIK6, STM32H573IIT3Q, STM32H573IIT6, STM32H573MIY3QTR, STM32H573RIT6, STM32H573RIV6, STM32H573VIT3Q, STM32H573VIT6, STM32H573ZIT3Q, STM32H573ZIT6, STM32H7R3A8I6, STM32H7R3I8K6, STM32H7R3I8T6, STM32H7R3L8H6, STM32H7R3L8H6H, STM32H7R3R8V6, STM32H7R3V8H6, STM32H7R3V8T6, STM32H7R3V8Y6TR, STM32H7R3Z8J6, STM32H7R3Z8T6, STM32H7R7A8I6, STM32H7R7I8K6, STM32H7R7I8T6, STM32H7R7L8H6, STM32H7R7L8H6H, STM32H7R7Z8J6, STM32H7S3A8I6, STM32H7S3I8K6, STM32H7S3I8T6, STM32H7S3L8H6, STM32H7S3L8H6H, STM32H7S3R8V6, STM32H7S3V8H6, STM32H7S3V8T6, STM32H7S3V8Y6TR, STM32H7S3Z8J6, STM32H7S3Z8T6, STM32H7S78-DK, STM32H7S7A8I6, STM32H7S7I8K6, STM32H7S7I8T6, STM32H7S7L8H6, STM32H7S7L8H6H, STM32H7S7Z8J6, STM32L4R5QGI6STR, STM32MP131AAE3, STM32MP131AAF3, STM32MP131AAG3, STM32MP131CAE3, STM32MP131CAF3, STM32MP131CAG3, STM32MP131DAE7, STM32MP131DAF7, STM32MP131DAG7, STM32MP131FAE7, STM32MP131FAF7, STM32MP131FAG7, STM32MP133AAE3, STM32MP133AAF3, STM32MP133AAG3, STM32MP133CAE3, STM32MP133CAF3, STM32MP133CAG3, STM32MP133DAE7, STM32MP133DAF7, STM32MP133DAG7, STM32MP133FAE7, STM32MP133FAF7, STM32MP133FAG7, STM32MP135AAE3, STM32MP135AAF3, STM32MP135AAG3, STM32MP135CAE3, STM32MP135CAF3, STM32MP135CAG3, STM32MP135DAE7, STM32MP135DAF7, STM32MP135DAG7, STM32MP135F-DK, STM32MP135FAE7, STM32MP135FAF7, STM32MP135FAF7T, STM32MP135FAF7U, STM32MP135FAG7, STM32MP231AAJ3, STM32MP231AAK3, STM32MP231AAL3, STM32MP231CAJ3, STM32MP231CAK3, STM32MP231CAL3, STM32MP231DAJ3, STM32MP231DAK3, STM32MP231DAL3, STM32MP231FAJ3, STM32MP231FAK3, STM32MP231FAL3, STM32MP233AAJ3, STM32MP233AAK3, STM32MP233AAL3, STM32MP233CAJ3, STM32MP233CAK3, STM32MP233CAL3, STM32MP233DAJ3, STM32MP233DAK3, STM32MP233DAL3, STM32MP233FAJ3, STM32MP233FAK3, STM32MP233FAL3, STM32MP235AAJ3, STM32MP235AAK3, STM32MP235AAL3, STM32MP235CAJ3, STM32MP235CAK3, STM32MP235CAL3, STM32MP235DAJ3, STM32MP235DAK3, STM32MP235DAL3, STM32MP235FAJ3, STM32MP235FAK3, STM32MP235FAL3, STM32MP251AAI3, STM32MP251AAJ3, STM32MP251AAK3, STM32MP251AAL3, STM32MP251CAI3, STM32MP251CAJ3, STM32MP251CAK3, STM32MP251CAL3, STM32MP251DAI3, STM32MP251DAJ3, STM32MP251DAK3, STM32MP251DAL3, STM32MP251FAI3, STM32MP251FAJ3, STM32MP251FAK3, STM32MP251FAL3, STM32MP253AAI3, STM32MP253AAJ3, STM32MP253AAK3, STM32MP253AAL3, STM32MP253CAI3, STM32MP253CAJ3, STM32MP253CAK3, STM32MP253CAL3, STM32MP253DAI3, STM32MP253DAJ3, STM32MP253DAK3, STM32MP253DAL3, STM32MP253FAI3, STM32MP253FAJ3, STM32MP253FAK3, STM32MP253FAL3, STM32MP255AAI3, STM32MP255AAJ3, STM32MP255AAK3, STM32MP255AAL3, STM32MP255CAI3, STM32MP255CAJ3, STM32MP255CAK3, STM32MP255CAL3, STM32MP255DAI3, STM32MP255DAJ3, STM32MP255DAK3, STM32MP255DAL3, STM32MP255FAI3, STM32MP255FAJ3, STM32MP255FAK3, STM32MP255FAL3, STM32MP257AAI3, STM32MP257AAJ3, STM32MP257AAK3, STM32MP257AAL3, STM32MP257CAI3, STM32MP257CAJ3, STM32MP257CAK3, STM32MP257CAL3, STM32MP257DAI3, STM32MP257DAJ3, STM32MP257DAK3, STM32MP257DAL3, STM32MP257F-DK, STM32MP257F-EV1, STM32MP257FAI3, STM32MP257FAJ3, STM32MP257FAK3, STM32MP257FAL3, STM32N645A0H3Q, STM32N645B0H3Q, STM32N645I0H3Q, STM32N645L0H3Q, STM32N645X0H3Q, STM32N645Z0H3Q, STM32N647A0H3Q, STM32N647B0H3Q, STM32N647I0H3Q, STM32N647L0H3Q, STM32N647X0H3Q, STM32N647Z0H3Q, STM32N655A0H3Q, STM32N655B0H3Q, STM32N655I0H3Q, STM32N655L0H3Q, STM32N655X0H3Q, STM32N655Z0H3Q, STM32N6570-DK, STM32N657A0H3Q, STM32N657B0H3Q, STM32N657I0H3Q, STM32N657L0H3Q, STM32N657X0H3Q, STM32N657Z0H3Q, STM32U031C6T6, STM32U031C6U6, STM32U031C8T6, STM32U031C8U6, STM32U031F4P6, STM32U031F6P6, STM32U031F8P6, STM32U031G6Y6TR, STM32U031G8Y6TR, STM32U031K4U6, STM32U031K6U6, STM32U031K8U6, STM32U031R6I6, STM32U031R6T6, STM32U031R8I6, STM32U031R8T6, STM32U073C8T6, STM32U073C8U6, STM32U073CBT6, STM32U073CBU6, STM32U073CCT6, STM32U073CCU6, STM32U073H8Y6TR, STM32U073HBY6TR, STM32U073HCY6TR, STM32U073K8U6, STM32U073KBU6, STM32U073KCU6, STM32U073M8I6, STM32U073M8T6, STM32U073MBI6, STM32U073MBT6, STM32U073MCI6, STM32U073MCT6, STM32U073R8I6, STM32U073R8T6, STM32U073RBI6, STM32U073RBT6, STM32U073RCI6, STM32U073RCT6, STM32U083C-DK, STM32U083CCT6, STM32U083CCU6, STM32U083HCY6TR, STM32U083KCU6, STM32U083MCI6, STM32U083MCT6, STM32U083RCI6, STM32U083RCT6, STM32U375CET6, STM32U375CET6Q, STM32U375CEU6, STM32U375CEU6Q, STM32U375CEY6QTR, STM32U375CGT6, STM32U375CGT6Q, STM32U375CGU6, STM32U375CGU6Q, STM32U375CGY6QTR, STM32U375KEU6, STM32U375KGU6, STM32U375REI6, STM32U375REI6Q, STM32U375RET6, STM32U375RET6Q, STM32U375REY6GTR, STM32U375REY6QTR, STM32U375RGI6, STM32U375RGI6Q, STM32U375RGT6, STM32U375RGT6Q, STM32U375RGY6GTR, STM32U375RGY6QTR, STM32U375VEI6, STM32U375VEI6Q, STM32U375VET6, STM32U375VET6Q, STM32U375VGI6, STM32U375VGI6Q, STM32U375VGT6, STM32U375VGT6Q, STM32U385CGT6, STM32U385CGT6Q, STM32U385CGU6, STM32U385CGU6Q, STM32U385CGY6QTR, STM32U385KGU6, STM32U385RGI6, STM32U385RGI6Q, STM32U385RGT6, STM32U385RGT6Q, STM32U385RGY6GTR, STM32U385RGY6QTR, STM32U385VGI6, STM32U385VGI6Q, STM32U385VGT6, STM32U385VGT6Q, STM32U535CBT6, STM32U535CBT6Q, STM32U535CBU6, STM32U535CBU6Q, STM32U535CCT6, STM32U535CCT6Q, STM32U535CCU6, STM32U535CCU6Q, STM32U535CET6, STM32U535CET6Q, STM32U535CEU6, STM32U535CEU6Q, STM32U535JEY6QTR, STM32U535NCY6QTR, STM32U535NEY6QTR, STM32U535RBI6, STM32U535RBI6Q, STM32U535RBT6, STM32U535RBT6Q, STM32U535RCI6, STM32U535RCI6Q, STM32U535RCT6, STM32U535RCT6Q, STM32U535REI6, STM32U535REI6Q, STM32U535RET6, STM32U535RET6Q, STM32U535VCI6, STM32U535VCI6Q, STM32U535VCT6, STM32U535VCT6Q, STM32U535VEI6, STM32U535VEI6Q, STM32U535VET6, STM32U535VET6Q, STM32U545CET6, STM32U545CET6Q, STM32U545CEU6, STM32U545CEU6Q, STM32U545JEY6QTR, STM32U545NEY6QTR, STM32U545REI6, STM32U545REI6Q, STM32U545RET6, STM32U545RET6Q, STM32U545VEI6, STM32U545VEI6Q, STM32U545VET6, STM32U545VET6Q, STM32U595AIH6, STM32U595AIH6Q, STM32U595AJH6, STM32U595AJH6Q, STM32U595QII6, STM32U595QII6Q, STM32U595QJI6, STM32U595QJI6Q, STM32U595RIT6, STM32U595RIT6Q, STM32U595RJT6, STM32U595RJT6Q, STM32U595VIT6, STM32U595VIT6Q, STM32U595VJT6, STM32U595VJT6Q, STM32U595ZIT6, STM32U595ZIT6Q, STM32U595ZIY6QTR, STM32U595ZJT6, STM32U595ZJT6Q, STM32U595ZJY6QTR, STM32U599BJY6QTR, STM32U599NIH6Q, STM32U599NJH6Q, STM32U599VIT6Q, STM32U599VJT6, STM32U599VJT6Q, STM32U599ZIT6Q, STM32U599ZIY6QTR, STM32U599ZJT6Q, STM32U599ZJY6QTR, STM32U5A5AJH6, STM32U5A5AJH6Q, STM32U5A5QII3Q , STM32U5A5QJI6, STM32U5A5QJI6Q, STM32U5A5RJT6, STM32U5A5RJT6Q, STM32U5A5VJT6, STM32U5A5VJT6Q, STM32U5A5ZJT6, STM32U5A5ZJT6Q, STM32U5A5ZJY6QTR, STM32U5A9BJY6QTR, STM32U5A9J-DK, STM32U5A9NJH6Q, STM32U5A9VJT6Q, STM32U5A9ZJT6Q, STM32U5A9ZJY6QTR, STM32U5F7VIT6, STM32U5F7VIT6Q, STM32U5F7VJT6, STM32U5F7VJT6Q, STM32U5F9BJY6QTR, STM32U5F9NJH6Q, STM32U5F9VIT6Q, STM32U5F9VJT6Q, STM32U5F9ZIJ6QTR, STM32U5F9ZIT6Q, STM32U5F9ZJJ6QTR, STM32U5F9ZJT6Q, STM32U5G7VJT6, STM32U5G7VJT6Q, STM32U5G9BJY6QTR, STM32U5G9J-DK1, STM32U5G9J-DK2, STM32U5G9NJH6Q, STM32U5G9VJT6Q, STM32U5G9ZJJ6QTR, STM32U5G9ZJT6Q, STM32WB05KZV6TR, STM32WB05KZV7TR, STM32WB05TZF6TR, STM32WB05TZF7TR, STM32WB06CCF6TR, STM32WB06CCF7TR, STM32WB06CCV6TR, STM32WB06CCV7TR, STM32WB06KCV6TR, STM32WB06KCV7TR, STM32WB07CCF6TR, STM32WB07CCF7TR, STM32WB07CCV6TR, STM32WB07CCV7TR, STM32WB07KCV6TR, STM32WB07KCV7TR, STM32WB09KEV6TR, STM32WB09KEV7TR, STM32WB09TEF6TR, STM32WB09TEF7TR, STM32WB1MMCH6, STM32WBA50KGU6, STM32WBA50KGU6TR, STM32WBA52CEU6, STM32WBA52CEU6TR, STM32WBA52CEU7, STM32WBA52CEU7TR, STM32WBA52CGU6, STM32WBA52CGU6TR, STM32WBA52CGU6U, STM32WBA52CGU7, STM32WBA52CGU7TR, STM32WBA52KEU6, STM32WBA52KEU6TR, STM32WBA52KGU6, STM32WBA52KGU6TR, STM32WBA54CEU6, STM32WBA54CEU6TR, STM32WBA54CEU7, STM32WBA54CEU7TR, STM32WBA54CGU6, STM32WBA54CGU6TR, STM32WBA54CGU7, STM32WBA54CGU7TR, STM32WBA54KEU6, STM32WBA54KEU6TR, STM32WBA54KEU7, STM32WBA54KEU7TR, STM32WBA54KGU6, STM32WBA54KGU6TR, STM32WBA54KGU7, STM32WBA54KGU7TR, STM32WBA55CEU6, STM32WBA55CEU6TR, STM32WBA55CEU7, STM32WBA55CEU7TR, STM32WBA55CGU6, STM32WBA55CGU6TR, STM32WBA55CGU6U, STM32WBA55CGU7, STM32WBA55CGU7TR, STM32WBA55G-DK1, STM32WBA55HEF6, STM32WBA55HEF7, STM32WBA55HGF6, STM32WBA55HGF7, STM32WBA55UEI6, STM32WBA55UEI6TR, STM32WBA55UEI7, STM32WBA55UEI7TR, STM32WBA55UGI6, STM32WBA55UGI6TR, STM32WBA55UGI7, STM32WBA55UGI7TR, STM32WBA5MJGH6TR, STM32WBA62CGU6, STM32WBA62CIU6, STM32WBA62MGF6, STM32WBA62MIF6, STM32WBA62PGI6, STM32WBA62PII6, STM32WBA63CGU6, STM32WBA63CGU7, STM32WBA63CIU6, STM32WBA63CIU7, STM32WBA64CGU6, STM32WBA64CGU7, STM32WBA64CIU6, STM32WBA64CIU7, STM32WBA65CGU6, STM32WBA65CGU7, STM32WBA65CIU6, STM32WBA65CIU7, STM32WBA65I-DK1, STM32WBA65MGF6, STM32WBA65MGF7, STM32WBA65MIF6, STM32WBA65MIF7, STM32WBA65PGI6, STM32WBA65PGI7, STM32WBA65PII6, STM32WBA65PII7, STM32WBA65RGV6, STM32WBA65RGV7, STM32WBA65RIV6, STM32WBA65RIV7, STM32WL30K8V6, STM32WL30KBV6, STM32WL31C8V6, STM32WL31CBV6, STM32WL31K8V6, STM32WL31KBV6, STM32WL33C8V6, STM32WL33C8V6TR, STM32WL33C8V7, STM32WL33C8V7TR, STM32WL33CBV6, STM32WL33CBV6TR, STM32WL33CBV7, STM32WL33CBV7TR, STM32WL33CCV6, STM32WL33CCV6TR, STM32WL33CCV7, STM32WL33CCV7A, STM32WL33CCV7ATR, STM32WL33CCV7TR, STM32WL33K8V6, STM32WL33K8V6TR, STM32WL33K8V7, STM32WL33K8V7TR, STM32WL33KBV6, STM32WL33KBV6TR, STM32WL33KBV7, STM32WL33KBV7TR, STM32WL33KCV6, STM32WL33KCV6TR, STM32WL33KCV7, STM32WL33KCV7TR, STM32WL5MOCH6, STM32WL5MOCH6TR]
2026-07-25 13:26:45,900 [INFO] DbMcus:218 - Found 5082 MCUs, 4964 are supported
2026-07-25 13:26:45,901 [INFO] ApiDb:423 - Load user favorites file C:\Users\abhil/.stm32cubeide/favorites.mcus.txt: 0 item(s)
2026-07-25 13:26:45,901 [INFO] ApiDb:427 - User favorites MCUs=[]
2026-07-25 13:26:45,901 [INFO] DbMcus:224 - Set 0 / 0 favorites MCUs
2026-07-25 13:26:46,350 [INFO] BoardInfo:889 - No configuration file found for board NUCLEO-H5E5ZJ
2026-07-25 13:26:46,352 [INFO] DbBoards:161 - Board is not supported: NUCLEO-H5E5ZJ
2026-07-25 13:26:46,439 [INFO] BoardInfo:889 - No configuration file found for board NUCLEO-U3C5ZI-Q
2026-07-25 13:26:46,441 [INFO] DbBoards:161 - Board is not supported: NUCLEO-U3C5ZI-Q
2026-07-25 13:26:46,464 [INFO] BoardInfo:889 - No configuration file found for board NUCLEO-WBA25CE1
2026-07-25 13:26:46,465 [INFO] DbBoards:161 - Board is not supported: NUCLEO-WBA25CE1
2026-07-25 13:26:46,480 [INFO] BoardInfo:889 - No configuration file found for board NUCLEO-WL3RKB1
2026-07-25 13:26:46,482 [INFO] DbBoards:161 - Board is not supported: NUCLEO-WL3RKB1
2026-07-25 13:26:46,483 [INFO] BoardInfo:889 - No configuration file found for board NUCLEO-WL3RKB2
2026-07-25 13:26:46,485 [INFO] DbBoards:161 - Board is not supported: NUCLEO-WL3RKB2
2026-07-25 13:26:46,496 [INFO] BoardInfo:889 - No configuration file found for board P-NUCLEO-WB55
2026-07-25 13:26:46,498 [INFO] DbBoards:161 - Kit is not supported: P-NUCLEO-WB55
2026-07-25 13:26:46,508 [INFO] BoardInfo:889 - No configuration file found for board STEVAL-BFA001V1B
2026-07-25 13:26:46,510 [INFO] DbBoards:161 - Kit is not supported: STEVAL-BFA001V1B
2026-07-25 13:26:46,511 [INFO] BoardInfo:889 - No configuration file found for board STEVAL-BFA001V2B
2026-07-25 13:26:46,513 [INFO] DbBoards:161 - Kit is not supported: STEVAL-BFA001V2B
2026-07-25 13:26:46,677 [INFO] BoardInfo:889 - No configuration file found for board STM32H5F5J-DK
2026-07-25 13:26:46,680 [INFO] DbBoards:161 - Board is not supported: STM32H5F5J-DK
2026-07-25 13:26:46,767 [INFO] BoardInfo:889 - No configuration file found for board STM32MP215F-DK
2026-07-25 13:26:46,769 [INFO] DbBoards:161 - Board is not supported: STM32MP215F-DK
2026-07-25 13:26:46,800 [INFO] DbBoards:168 - Found 218 boards, 208 are supported
2026-07-25 13:26:46,800 [INFO] DbBoards:169 - Found 218 boards, 43 of them is supported for  Bsp
2026-07-25 13:26:46,804 [INFO] ApiDb:423 - Load user favorites file C:\Users\abhil/.stm32cubeide/favorites.boards.txt: 0 item(s)
2026-07-25 13:26:46,804 [INFO] ApiDb:427 - User favorites Boards=[]
2026-07-25 13:26:46,804 [INFO] DbBoards:198 - Set 0 / 0 favorites Boards
2026-07-25 13:26:46,867 [INFO] UtilMem:75 - End LoadConfig() Used Memory: 324241712 Bytes (482344960)
2026-07-25 13:26:46,979 [WARN] ThirdParty:833 - waiting for thirdparty lock release [change project]
2026-07-25 13:26:46,980 [INFO] ThirdParty:835 - entering critical section [change project]
2026-07-25 13:26:46,980 [INFO] ThirdParty:1030 - CMSIS Pack Vendor :STMicroelectronics X-CUBE-AZRTOS-H7 3.5.0
2026-07-25 13:26:46,980 [INFO] ThirdParty:1030 - CMSIS Pack Vendor :STMicroelectronics X-CUBE-PM33A1 1.0.0
2026-07-25 13:26:46,980 [INFO] ThirdParty:1030 - CMSIS Pack Vendor :STMicroelectronics USBPD 4.1
2026-07-25 13:26:46,980 [INFO] ThirdParty:1030 - CMSIS Pack Vendor :STMicroelectronics X-CUBE-GNSS1 6.0.0
2026-07-25 13:26:46,980 [INFO] ThirdParty:1030 - CMSIS Pack Vendor :STMicroelectronics USB_HOST 2.0.0
2026-07-25 13:26:46,980 [INFO] ThirdParty:1030 - CMSIS Pack Vendor :STMicroelectronics FP-SNS-MOTENVWB1 1.4.0
2026-07-25 13:26:46,980 [INFO] ThirdParty:1030 - CMSIS Pack Vendor :STMicroelectronics FP-ATR-ASTRA1 2.0.3
2026-07-25 13:26:46,980 [INFO] ThirdParty:1030 - CMSIS Pack Vendor :STMicroelectronics X-CUBE-AZRTOS-F4 1.1.0
2026-07-25 13:26:46,980 [INFO] ThirdParty:1030 - CMSIS Pack Vendor :STMicroelectronics LIBJPEG 8.0.0
2026-07-25 13:26:46,980 [INFO] ThirdParty:1030 - CMSIS Pack Vendor :STMicroelectronics FP-ATR-ASTRA1 2.0.2
2026-07-25 13:26:46,980 [INFO] ThirdParty:1030 - CMSIS Pack Vendor :STMicroelectronics FP-ATR-ASTRA1 2.0.1
2026-07-25 13:26:46,980 [INFO] ThirdParty:1030 - CMSIS Pack Vendor :Avnet-IotConnect X-CUBE-IoTC-DA16k-PMOD 1.0.0
2026-07-25 13:26:46,980 [INFO] ThirdParty:1030 - CMSIS Pack Vendor :STMicroelectronics X-CUBE-SMBUS 2.1.0
2026-07-25 13:26:46,980 [INFO] ThirdParty:1030 - CMSIS Pack Vendor :STMicroelectronics X-CUBE-WB05N 1.1.0
2026-07-25 13:26:46,980 [INFO] ThirdParty:1030 - CMSIS Pack Vendor :STMicroelectronics X-CUBE-ISPU 2.1.0
2026-07-25 13:26:46,980 [INFO] ThirdParty:1030 - CMSIS Pack Vendor :STMicroelectronics eDS-WB_DPC_TT-BIDIR 2.1.1
2026-07-25 13:26:46,980 [INFO] ThirdParty:1030 - CMSIS Pack Vendor :STMicroelectronics X-CUBE-FREERTOS 1.2.0
2026-07-25 13:26:46,980 [INFO] ThirdParty:1030 - CMSIS Pack Vendor :STMicroelectronics X-CUBE-ST60 1.0.0
2026-07-25 13:26:46,980 [INFO] ThirdParty:1030 - CMSIS Pack Vendor :STMicroelectronics X-CUBE-NFC12 1.0.0
2026-07-25 13:26:46,980 [INFO] ThirdParty:1030 - CMSIS Pack Vendor :STMicroelectronics X-CUBE-BLEMGR 1.2.0
2026-07-25 13:26:46,980 [INFO] ThirdParty:1030 - CMSIS Pack Vendor :STMicroelectronics X-CUBE-TOUCHGFX 4.23.2
2026-07-25 13:26:46,980 [INFO] ThirdParty:1030 - CMSIS Pack Vendor :STMicroelectronics X-CUBE-AZRTOS-F7 1.1.0
2026-07-25 13:26:46,981 [INFO] ThirdParty:1030 - CMSIS Pack Vendor :STMicroelectronics X-CUBE-AZRTOS-L5 2.0.0
2026-07-25 13:26:46,981 [INFO] ThirdParty:1030 - CMSIS Pack Vendor :STMicroelectronics USB_DEVICE 2.0.0
2026-07-25 13:26:46,981 [INFO] ThirdParty:1030 - CMSIS Pack Vendor :STMicroelectronics X-CUBE-NFC6 3.1.0
2026-07-25 13:26:46,981 [INFO] ThirdParty:1030 - CMSIS Pack Vendor :STMicroelectronics X-CUBE-BLE1 6.2.3
2026-07-25 13:26:46,981 [INFO] ThirdParty:1030 - CMSIS Pack Vendor :STMicroelectronics X-CUBE-MEMS1 11.0.0
2026-07-25 13:26:46,981 [INFO] ThirdParty:1030 - CMSIS Pack Vendor :STMicroelectronics X-CUBE-BLE1 6.2.4
2026-07-25 13:26:46,981 [INFO] ThirdParty:1030 - CMSIS Pack Vendor :STMicroelectronics X-CUBE-ALGOBUILD 1.5.0
2026-07-25 13:26:46,981 [INFO] ThirdParty:1030 - CMSIS Pack Vendor :STMicroelectronics FreeRTOS 0.0.1
2026-07-25 13:26:46,981 [INFO] ThirdParty:1030 - CMSIS Pack Vendor :STMicroelectronics X-CUBE-AZRTOS-H7RS 1.3.0
2026-07-25 13:26:46,981 [INFO] ThirdParty:1030 - CMSIS Pack Vendor :STMicroelectronics X-CUBE-BLEMGR 2.0.0
2026-07-25 13:26:46,981 [INFO] ThirdParty:1030 - CMSIS Pack Vendor :STMicroelectronics X-CUBE-DPower 1.2.0
2026-07-25 13:26:46,981 [INFO] ThirdParty:1030 - CMSIS Pack Vendor :STMicroelectronics eDS-WB_DPC_VIENNA 1.2.0
2026-07-25 13:26:46,981 [INFO] ThirdParty:1030 - CMSIS Pack Vendor :STMicroelectronics FP-SNS-FLIGHT1 5.0.2
2026-07-25 13:26:46,981 [INFO] ThirdParty:1030 - CMSIS Pack Vendor :STMicroelectronics eDS-WB_DPC_3PH2L-BIDIR 1.1.1
2026-07-25 13:26:46,981 [INFO] ThirdParty:1030 - CMSIS Pack Vendor :STMicroelectronics X-CUBE-NFC4 2.0.4
2026-07-25 13:26:46,981 [INFO] ThirdParty:1030 - CMSIS Pack Vendor :STMicroelectronics X-CUBE-AI 9.0.0
2026-07-25 13:26:46,981 [INFO] ThirdParty:1030 - CMSIS Pack Vendor :STMicroelectronics X-CUBE-AZRTOS-H7 3.1.0
2026-07-25 13:26:46,981 [INFO] ThirdParty:1030 - CMSIS Pack Vendor :STMicroelectronics PDM2PCM 3.3.0
2026-07-25 13:26:46,981 [INFO] ThirdParty:1030 - CMSIS Pack Vendor :STMicroelectronics X-CUBE-TOF1 3.1.0
2026-07-25 13:26:46,981 [INFO] ThirdParty:1030 - CMSIS Pack Vendor :STMicroelectronics X-CUBE-AZRTOS-H7 3.4.0
2026-07-25 13:26:46,981 [INFO] ThirdParty:1030 - CMSIS Pack Vendor :STMicroelectronics X-CUBE-DISPLAY 3.0.0
2026-07-25 13:26:46,981 [INFO] ThirdParty:1030 - CMSIS Pack Vendor :STMicroelectronics X-CUBE-GNSS1 7.1.1
2026-07-25 13:26:46,981 [INFO] ThirdParty:1030 - CMSIS Pack Vendor :STMicroelectronics X-CUBE-BLE1 7.0.0
2026-07-25 13:26:46,981 [INFO] ThirdParty:1030 - CMSIS Pack Vendor :STMicroelectronics X-CUBE-NFC10 1.0.0
2026-07-25 13:26:46,981 [INFO] ThirdParty:1030 - CMSIS Pack Vendor :wolfSSL I-CUBE-wolfSSL 5.5.1
2026-07-25 13:26:46,981 [INFO] ThirdParty:1030 - CMSIS Pack Vendor :STMicroelectronics X-CUBE-BLEMGR 4.0.0
2026-07-25 13:26:46,981 [INFO] ThirdParty:1030 - CMSIS Pack Vendor :STMicroelectronics X-CUBE-FREERTOS 1.3.1
2026-07-25 13:26:46,981 [INFO] ThirdParty:1030 - CMSIS Pack Vendor :STMicroelectronics HAL Drivers 0.0.0
2026-07-25 13:26:46,981 [INFO] ThirdParty:1030 - CMSIS Pack Vendor :STMicroelectronics X-CUBE-ST60 1.1.0
2026-07-25 13:26:46,981 [INFO] ThirdParty:1030 - CMSIS Pack Vendor :STMicroelectronics X-CUBE-FREERTOS 1.3.0
2026-07-25 13:26:46,981 [INFO] ThirdParty:1030 - CMSIS Pack Vendor :STMicroelectronics X-CUBE-NFC7 1.0.1
2026-07-25 13:26:46,981 [INFO] ThirdParty:1030 - CMSIS Pack Vendor :STMicroelectronics MBEDTLS 2.14.1
2026-07-25 13:26:46,981 [INFO] ThirdParty:1030 - CMSIS Pack Vendor :STMicroelectronics X-CUBE-GNSS1 7.1.0
2026-07-25 13:26:46,981 [INFO] ThirdParty:1030 - CMSIS Pack Vendor :STMicroelectronics X-CUBE-NFC7 1.0.0
2026-07-25 13:26:46,982 [INFO] ThirdParty:1030 - CMSIS Pack Vendor :STMicroelectronics X-CUBE-TOUCHGFX 4.26.0
2026-07-25 13:26:46,982 [INFO] ThirdParty:1030 - CMSIS Pack Vendor :STMicroelectronics X-CUBE-MEMS1 9.3.0
2026-07-25 13:26:46,982 [INFO] ThirdParty:1030 - CMSIS Pack Vendor :STMicroelectronics X-CUBE-TOUCHGFX 4.26.1
2026-07-25 13:26:46,982 [INFO] ThirdParty:1030 - CMSIS Pack Vendor :STMicroelectronics X-CUBE-EEPRMA1 4.1.0
2026-07-25 13:26:46,982 [INFO] ThirdParty:1030 - CMSIS Pack Vendor :STMicroelectronics X-CUBE-AI 7.2.0
2026-07-25 13:26:46,982 [INFO] ThirdParty:1030 - CMSIS Pack Vendor :STMicroelectronics X-CUBE-BLEMGR 3.1.0
2026-07-25 13:26:46,982 [INFO] ThirdParty:1030 - CMSIS Pack Vendor :STMicroelectronics X-CUBE-AI 10.0.0
2026-07-25 13:26:46,982 [INFO] ThirdParty:1030 - CMSIS Pack Vendor :STMicroelectronics FP-SNS-STAIOTCFT 1.0.0
2026-07-25 13:26:46,982 [INFO] ThirdParty:1030 - CMSIS Pack Vendor :STMicroelectronics FP-SNS-SMARTAG2 1.2.0
2026-07-25 13:26:46,982 [INFO] ThirdParty:1030 - CMSIS Pack Vendor :STMicroelectronics FP-SNS-FLIGHT1 5.1.0
2026-07-25 13:26:46,982 [INFO] ThirdParty:1030 - CMSIS Pack Vendor :STMicroelectronics X-CUBE-MEMS1 11.1.0
2026-07-25 13:26:46,982 [INFO] ThirdParty:1030 - CMSIS Pack Vendor :STMicroelectronics X-CUBE-AZRTOS-WL 2.0.0
2026-07-25 13:26:46,982 [INFO] ThirdParty:1030 - CMSIS Pack Vendor :STMicroelectronics X-CUBE-DPower 1.3.0
2026-07-25 13:26:46,982 [INFO] ThirdParty:1030 - CMSIS Pack Vendor :STMicroelectronics FP-SNS-MOTENV1 5.0.0
2026-07-25 13:26:46,982 [INFO] ThirdParty:1030 - CMSIS Pack Vendor :STMicroelectronics USB_DEVICE 1.0.0
2026-07-25 13:26:46,982 [INFO] ThirdParty:1030 - CMSIS Pack Vendor :STMicroelectronics X-CUBE-AZRTOS-H7RS 1.2.0
2026-07-25 13:26:46,982 [INFO] ThirdParty:1030 - CMSIS Pack Vendor :wolfSSL I-CUBE-wolfMQTT 1.19.0
2026-07-25 13:26:46,982 [INFO] ThirdParty:1030 - CMSIS Pack Vendor :STMicroelectronics X-CUBE-AZRTOS-L4 2.0.0
2026-07-25 13:26:46,982 [INFO] ThirdParty:1030 - CMSIS Pack Vendor :STMicroelectronics ThreadX 0.0.2
2026-07-25 13:26:46,982 [INFO] ThirdParty:1030 - CMSIS Pack Vendor :WES I-CUBE-Cesium 1.3.0
2026-07-25 13:26:46,982 [INFO] ThirdParty:1030 - CMSIS Pack Vendor :STMicroelectronics lwIP 2.1.2
2026-07-25 13:26:46,982 [INFO] ThirdParty:1030 - CMSIS Pack Vendor :STMicroelectronics X-CUBE-SFXS2LP1 4.0.0
2026-07-25 13:26:46,982 [INFO] ThirdParty:1030 - CMSIS Pack Vendor :STMicroelectronics X-CUBE-BLE2 3.3.0
2026-07-25 13:26:46,982 [INFO] ThirdParty:1030 - CMSIS Pack Vendor :Avnet-IOTCONNECT X-CUBE-iotc-st67-sdk 1.0.0
2026-07-25 13:26:46,982 [INFO] ThirdParty:1030 - CMSIS Pack Vendor :STMicroelectronics X-CUBE-DISPLAY 2.2.0
2026-07-25 13:26:46,982 [INFO] ThirdParty:1030 - CMSIS Pack Vendor :STMicroelectronics X-CUBE-TOF1 3.2.0
2026-07-25 13:26:46,982 [INFO] ThirdParty:1030 - CMSIS Pack Vendor :STMicroelectronics PDM2PCM 3.2.0
2026-07-25 13:26:46,982 [INFO] ThirdParty:1030 - CMSIS Pack Vendor :STMicroelectronics X-CUBE-ISPU 1.0.0
2026-07-25 13:26:46,982 [INFO] ThirdParty:1030 - CMSIS Pack Vendor :STMicroelectronics X-CUBE-WB05N 2.1.0
2026-07-25 13:26:46,982 [INFO] ThirdParty:1030 - CMSIS Pack Vendor :STMicroelectronics X-CUBE-ISPU 1.1.0
2026-07-25 13:26:46,982 [INFO] ThirdParty:1030 - CMSIS Pack Vendor :STMicroelectronics X-CUBE-AZRTOS-H7 3.3.0
2026-07-25 13:26:46,982 [INFO] ThirdParty:1030 - CMSIS Pack Vendor :RoweBots I-CUBE-UNISONRTOS 5.5.0-4
2026-07-25 13:26:46,982 [INFO] ThirdParty:1030 - CMSIS Pack Vendor :STMicroelectronics X-CUBE-NFC9 1.0.0
2026-07-25 13:26:46,982 [INFO] ThirdParty:1030 - CMSIS Pack Vendor :STMicroelectronics X-CUBE-AZRTOS-H7 2.1.0
2026-07-25 13:26:46,984 [INFO] ThirdParty:1030 - CMSIS Pack Vendor :STMicroelectronics X-CUBE-BLE1 7.1.0
2026-07-25 13:26:46,984 [INFO] ThirdParty:1030 - CMSIS Pack Vendor :STMicroelectronics USB_DEVICE 3.0.0
2026-07-25 13:26:46,984 [INFO] ThirdParty:1030 - CMSIS Pack Vendor :STMicroelectronics X-CUBE-TCPP 4.1.0
2026-07-25 13:26:46,984 [INFO] ThirdParty:1030 - CMSIS Pack Vendor :STMicroelectronics X-CUBE-EEPRMA1 5.2.0
2026-07-25 13:26:46,984 [INFO] ThirdParty:1030 - CMSIS Pack Vendor :STMicroelectronics X-CUBE-BLEMGR 4.1.0
2026-07-25 13:26:46,984 [INFO] ThirdParty:1030 - CMSIS Pack Vendor :STMicroelectronics X-CUBE-AI 8.0.0
2026-07-25 13:26:46,984 [INFO] ThirdParty:1030 - CMSIS Pack Vendor :STMicroelectronics X-CUBE-IPS 3.0.0
2026-07-25 13:26:46,984 [INFO] ThirdParty:1030 - CMSIS Pack Vendor :STMicroelectronics X-CUBE-AZRTOS-WB 2.0.0
2026-07-25 13:26:46,984 [INFO] ThirdParty:1030 - CMSIS Pack Vendor :STMicroelectronics X-CUBE-FREERTOS 1.0.1
2026-07-25 13:26:46,984 [INFO] ThirdParty:1030 - CMSIS Pack Vendor :STMicroelectronics X-CUBE-GNSS1 7.0.0
2026-07-25 13:26:46,984 [INFO] ThirdParty:1030 - CMSIS Pack Vendor :STMicroelectronics X-CUBE-GNSS1 7.0.1
2026-07-25 13:26:46,984 [INFO] ThirdParty:1030 - CMSIS Pack Vendor :STMicroelectronics X-CUBE-TOUCHGFX 4.21.3
2026-07-25 13:26:46,984 [INFO] ThirdParty:1030 - CMSIS Pack Vendor :STMicroelectronics X-CUBE-TOUCHGFX 4.25.0
2026-07-25 13:26:46,984 [INFO] ThirdParty:1030 - CMSIS Pack Vendor :STMicroelectronics X-CUBE-AI 7.3.0
2026-07-25 13:26:46,984 [INFO] ThirdParty:1030 - CMSIS Pack Vendor :STMicroelectronics X-CUBE-AI 10.1.0
2026-07-25 13:26:46,984 [INFO] ThirdParty:1030 - CMSIS Pack Vendor :STMicroelectronics FP-SNS-STBOX1 2.0.0
2026-07-25 13:26:46,984 [INFO] ThirdParty:1030 - CMSIS Pack Vendor :STMicroelectronics X-CUBE-MEMS1 12.0.0
2026-07-25 13:26:46,984 [INFO] ThirdParty:1030 - CMSIS Pack Vendor :STMicroelectronics X-CUBE-ALGOBUILD 1.3.0
2026-07-25 13:26:46,984 [INFO] ThirdParty:1030 - CMSIS Pack Vendor :STMicroelectronics X-CUBE-STSE01 2.0.0
2026-07-25 13:26:46,984 [INFO] ThirdParty:1030 - CMSIS Pack Vendor :STMicroelectronics X-CUBE-AZRTOS-L5 1.1.0
2026-07-25 13:26:46,984 [INFO] ThirdParty:1030 - CMSIS Pack Vendor :STMicroelectronics X-CUBE-MEMS1 11.2.0
2026-07-25 13:26:46,984 [INFO] ThirdParty:1030 - CMSIS Pack Vendor :STMicroelectronics X-CUBE-AZRTOS-G0 1.1.0
2026-07-25 13:26:46,984 [INFO] ThirdParty:1030 - CMSIS Pack Vendor :STMicroelectronics X-CUBE-SAFEA1 1.2.2
2026-07-25 13:26:46,984 [INFO] ThirdParty:1030 - CMSIS Pack Vendor :STMicroelectronics X-CUBE-NFC4 3.0.0
2026-07-25 13:26:46,984 [INFO] ThirdParty:1030 - CMSIS Pack Vendor :STMicroelectronics X-CUBE-SUBG2 5.0.0
2026-07-25 13:26:46,984 [INFO] ThirdParty:1030 - CMSIS Pack Vendor :STMicroelectronics X-CUBE-AZRTOS-H7RS 1.1.0
2026-07-25 13:26:46,984 [INFO] ThirdParty:1030 - CMSIS Pack Vendor :STMicroelectronics STM32_WPAN 1.0.0
2026-07-25 13:26:46,984 [INFO] ThirdParty:1030 - CMSIS Pack Vendor :SEGGER I-CUBE-embOS 1.2.1
2026-07-25 13:26:46,984 [INFO] ThirdParty:1030 - CMSIS Pack Vendor :wolfSSL I-CUBE-wolfMQTT 1.18.0
2026-07-25 13:26:46,984 [INFO] ThirdParty:1030 - CMSIS Pack Vendor :EmbeddedOffice I-CUBE-FS-RTOS 1.0.1
2026-07-25 13:26:46,984 [INFO] ThirdParty:1030 - CMSIS Pack Vendor :STMicroelectronics lwIP 2.0.3
2026-07-25 13:26:46,985 [INFO] ThirdParty:1030 - CMSIS Pack Vendor :Cesanta I-CUBE-Mongoose 7.13.0
2026-07-25 13:26:46,985 [INFO] ThirdParty:1030 - CMSIS Pack Vendor :STMicroelectronics USB_HOST 1.0.0
2026-07-25 13:26:46,985 [INFO] ThirdParty:1030 - CMSIS Pack Vendor :STMicroelectronics X-CUBE-AZRTOS-G4 2.0.0
2026-07-25 13:26:46,985 [INFO] ThirdParty:1030 - CMSIS Pack Vendor :STMicroelectronics X-CUBE-WB05N 2.0.0
2026-07-25 13:26:46,985 [INFO] ThirdParty:1030 - CMSIS Pack Vendor :STMicroelectronics PDM2PCM 3.1.0
2026-07-25 13:26:46,985 [INFO] ThirdParty:1030 - CMSIS Pack Vendor :STMicroelectronics X-CUBE-TOF1 3.3.0
2026-07-25 13:26:46,985 [INFO] ThirdParty:1030 - CMSIS Pack Vendor :STMicroelectronics FP-ATR-ASTRA1 1.1.1
2026-07-25 13:26:46,985 [INFO] ThirdParty:1030 - CMSIS Pack Vendor :STMicroelectronics X-CUBE-NFC7 2.0.0
2026-07-25 13:26:46,985 [INFO] ThirdParty:1030 - CMSIS Pack Vendor :STMicroelectronics X-CUBE-TCPP 4.2.0
2026-07-25 13:26:46,985 [INFO] ThirdParty:1030 - CMSIS Pack Vendor :RealThread X-CUBE-RT-Thread_Nano 4.1.1
2026-07-25 13:26:46,985 [INFO] ThirdParty:1030 - CMSIS Pack Vendor :STMicroelectronics FP-ATR-SIGFOX1 3.2.0
2026-07-25 13:26:46,985 [INFO] ThirdParty:1030 - CMSIS Pack Vendor :STMicroelectronics X-CUBE-AZRTOS-G4 1.0.0
2026-07-25 13:26:46,985 [INFO] ThirdParty:1030 - CMSIS Pack Vendor :STMicroelectronics X-CUBE-AZRTOS-L4 1.0.0
2026-07-25 13:26:46,985 [INFO] ThirdParty:1030 - CMSIS Pack Vendor :quantropi X-CUBE-qispace-sdk-base 1.9.3
2026-07-25 13:26:46,985 [INFO] ThirdParty:1030 - CMSIS Pack Vendor :STMicroelectronics X-CUBE-ISPU 2.0.0
2026-07-25 13:26:46,985 [INFO] ThirdParty:1030 - CMSIS Pack Vendor :STMicroelectronics X-CUBE-EEPRMA1 5.1.0
2026-07-25 13:26:46,985 [INFO] ThirdParty:1030 - CMSIS Pack Vendor :STMicroelectronics MBEDTLS 2.16.2
2026-07-25 13:26:46,985 [INFO] ThirdParty:1030 - CMSIS Pack Vendor :STMicroelectronics X-CUBE-IPS 3.1.0
2026-07-25 13:26:46,985 [INFO] ThirdParty:1030 - CMSIS Pack Vendor :STMicroelectronics X-CUBE-ALS 1.0.2
2026-07-25 13:26:46,985 [INFO] ThirdParty:1030 - CMSIS Pack Vendor :emotas I-CUBE-CANOPEN 1.1.2
2026-07-25 13:26:46,985 [INFO] ThirdParty:1030 - CMSIS Pack Vendor :STMicroelectronics X-CUBE-TOUCHGFX 4.20.0
2026-07-25 13:26:46,985 [INFO] ThirdParty:1030 - CMSIS Pack Vendor :STMicroelectronics X-CUBE-MEMS1 10.0.0
2026-07-25 13:26:46,985 [INFO] ThirdParty:1030 - CMSIS Pack Vendor :ITTIA_DB I-CUBE-ITTIADB 8.9.0
2026-07-25 13:26:46,985 [INFO] ThirdParty:1030 - CMSIS Pack Vendor :STMicroelectronics X-CUBE-TOUCHGFX 4.24.2
2026-07-25 13:26:46,985 [INFO] ThirdParty:1030 - CMSIS Pack Vendor :STMicroelectronics X-CUBE-AZRTOS-WL 1.0.0
2026-07-25 13:26:46,985 [INFO] ThirdParty:1030 - CMSIS Pack Vendor :STMicroelectronics X-CUBE-TOUCHGFX 4.24.1
2026-07-25 13:26:46,985 [INFO] ThirdParty:1030 - CMSIS Pack Vendor :STMicroelectronics X-CUBE-STSE01 1.0.0
2026-07-25 13:26:46,985 [INFO] ThirdParty:1030 - CMSIS Pack Vendor :wolfSSL I-CUBE-wolfTPM 3.4.0
2026-07-25 13:26:46,985 [INFO] ThirdParty:1030 - CMSIS Pack Vendor :portGmbH I-Cube-SoM-uGOAL 1.1.0
2026-07-25 13:26:46,985 [INFO] ThirdParty:1030 - CMSIS Pack Vendor :STMicroelectronics X-CUBE-ALS 1.0.1
2026-07-25 13:26:46,985 [INFO] ThirdParty:1030 - CMSIS Pack Vendor :STMicroelectronics X-CUBE-NFC6 3.2.0
2026-07-25 13:26:46,985 [INFO] ThirdParty:1030 - CMSIS Pack Vendor :STMicroelectronics X-CUBE-MEMS1 9.5.0
2026-07-25 13:26:46,985 [INFO] ThirdParty:1030 - CMSIS Pack Vendor :STMicroelectronics X-CUBE-ST67W61 1.0.0
2026-07-25 13:26:46,985 [INFO] ThirdParty:1030 - CMSIS Pack Vendor :STMicroelectronics X-CUBE-AI 10.2.1
2026-07-25 13:26:46,985 [INFO] ThirdParty:1030 - CMSIS Pack Vendor :STMicroelectronics X-CUBE-AI 10.2.0
2026-07-25 13:26:46,986 [INFO] ThirdParty:1030 - CMSIS Pack Vendor :STMicroelectronics ThreadX 1.0.0
2026-07-25 13:26:46,986 [INFO] ThirdParty:1030 - CMSIS Pack Vendor :STMicroelectronics X-CUBE-MEMS1 12.1.0
2026-07-25 13:26:46,986 [INFO] ThirdParty:1030 - CMSIS Pack Vendor :STMicroelectronics X-CUBE-AZRTOS-WB 1.1.0
2026-07-25 13:26:46,986 [INFO] ThirdParty:1030 - CMSIS Pack Vendor :SEGGER I-CUBE-embOS 1.3.1
2026-07-25 13:26:46,986 [INFO] ThirdParty:1030 - CMSIS Pack Vendor :STMicroelectronics X-CUBE-ALGOBUILD 1.4.0
2026-07-25 13:26:46,986 [INFO] ThirdParty:1030 - CMSIS Pack Vendor :STMicroelectronics X-CUBE-MEMS1 11.3.0
2026-07-25 13:26:46,986 [INFO] ThirdParty:1030 - CMSIS Pack Vendor :STMicroelectronics X-CUBE-AZRTOS-L5 1.0.0
2026-07-25 13:26:46,986 [INFO] ThirdParty:1030 - CMSIS Pack Vendor :STMicroelectronics X-CUBE-EEPRMA1 3.1.1
2026-07-25 13:26:46,986 [INFO] ThirdParty:1030 - CMSIS Pack Vendor :STMicroelectronics X-CUBE-AZRTOS-H7RS 1.0.0
2026-07-25 13:26:46,986 [INFO] ThirdParty:1030 - CMSIS Pack Vendor :STMicroelectronics FP-ATR-ASTRA1 2.0.0
2026-07-25 13:26:46,986 [INFO] ThirdParty:1030 - CMSIS Pack Vendor :STMicroelectronics X-CUBE-TOF1 3.4.2
2026-07-25 13:26:46,986 [INFO] ThirdParty:1030 - CMSIS Pack Vendor :STMicroelectronics X-CUBE-TOF1 3.4.3
2026-07-25 13:26:46,986 [INFO] ThirdParty:1030 - CMSIS Pack Vendor :STMicroelectronics X-CUBE-AI 9.1.0
2026-07-25 13:26:46,986 [INFO] ThirdParty:1030 - CMSIS Pack Vendor :STMicroelectronics X-CUBE-TOF1 3.4.1
2026-07-25 13:26:46,986 [INFO] ThirdParty:1030 - CMSIS Pack Vendor :STMicroelectronics X-CUBE-AZRTOS-H7 3.2.0
2026-07-25 13:26:46,986 [INFO] ThirdParty:1030 - CMSIS Pack Vendor :STMicroelectronics X-CUBE-NFC13 1.0.0
2026-07-25 13:26:46,986 [INFO] ThirdParty:1030 - CMSIS Pack Vendor :Infineon AIROC-Wi-Fi-Bluetooth-STM32 1.6.0
2026-07-25 13:26:46,986 [INFO] ThirdParty:1030 - CMSIS Pack Vendor :wolfSSL I-CUBE-wolfSSH 1.4.17
2026-07-25 13:26:46,986 [INFO] ThirdParty:841 - exiting critical section [change project]
2026-07-25 13:26:47,318 [INFO] PinOutPanel:1589 - setPackage(No Configuration,No Configuration)
2026-07-25 13:26:47,319 [INFO] PinOutPanel:1589 - setPackage(STM32F411CEUx,UFQFPN48)
2026-07-25 13:26:47,635 [INFO] UtilMem:75 - Before build in PCC Used Memory: 293352688 Bytes (482344960)
2026-07-25 13:26:48,246 [INFO] UtilMem:75 - After build in PCC Used Memory: 370575136 Bytes (500170752)
2026-07-25 13:26:48,331 [INFO] ApiDbMcu:508 - Load IP Config File for USB_DEVICE
2026-07-25 13:26:48,357 [INFO] IPUIPlugin:80 - create IPUIPlugin
2026-07-25 13:26:48,357 [INFO] IPUIPlugin:80 - create IPUIPlugin
2026-07-25 13:26:48,357 [INFO] IPUIPlugin:80 - create IPUIPlugin
2026-07-25 13:26:48,357 [INFO] IPUIPlugin:80 - create IPUIPlugin
2026-07-25 13:26:48,357 [INFO] IPUIPlugin:80 - create IPUIPlugin
2026-07-25 13:26:48,357 [INFO] IPUIPlugin:80 - create IPUIPlugin
2026-07-25 13:26:48,357 [INFO] IPUIPlugin:80 - create IPUIPlugin
2026-07-25 13:26:48,357 [INFO] IPUIPlugin:80 - create IPUIPlugin
2026-07-25 13:26:48,357 [INFO] IPUIPlugin:80 - create IPUIPlugin
2026-07-25 13:26:48,358 [INFO] IPUIPlugin:80 - create IPUIPlugin
2026-07-25 13:26:48,358 [INFO] IPUIPlugin:80 - create IPUIPlugin
2026-07-25 13:26:48,358 [INFO] IPUIPlugin:80 - create IPUIPlugin
2026-07-25 13:26:48,358 [INFO] IPUIPlugin:80 - create IPUIPlugin
2026-07-25 13:26:48,358 [INFO] IPUIPlugin:80 - create IPUIPlugin
2026-07-25 13:26:48,358 [INFO] IPUIPlugin:80 - create IPUIPlugin
2026-07-25 13:26:48,358 [INFO] IPUIPlugin:80 - create IPUIPlugin
2026-07-25 13:26:48,358 [INFO] IPUIPlugin:80 - create IPUIPlugin
2026-07-25 13:26:48,358 [INFO] IPUIPlugin:80 - create IPUIPlugin
2026-07-25 13:26:48,359 [INFO] IPUIPlugin:80 - create IPUIPlugin
2026-07-25 13:26:48,359 [INFO] IPUIPlugin:80 - create IPUIPlugin
2026-07-25 13:26:48,359 [INFO] IPUIPlugin:80 - create IPUIPlugin
2026-07-25 13:26:48,359 [INFO] IPUIPlugin:80 - create IPUIPlugin
2026-07-25 13:26:48,359 [INFO] IPUIPlugin:80 - create IPUIPlugin
2026-07-25 13:26:48,359 [INFO] IPUIPlugin:80 - create IPUIPlugin
2026-07-25 13:26:48,359 [INFO] IPUIPlugin:80 - create IPUIPlugin
2026-07-25 13:26:48,360 [INFO] IPUIPlugin:80 - create IPUIPlugin
2026-07-25 13:26:48,360 [INFO] IPUIPlugin:80 - create IPUIPlugin
2026-07-25 13:26:48,360 [INFO] IPUIPlugin:80 - create IPUIPlugin
2026-07-25 13:26:48,360 [INFO] IPUIPlugin:80 - create IPUIPlugin
2026-07-25 13:26:48,360 [INFO] IPUIPlugin:80 - create IPUIPlugin
2026-07-25 13:26:48,360 [INFO] IPUIPlugin:80 - create IPUIPlugin
2026-07-25 13:26:48,360 [INFO] IPUIPlugin:80 - create IPUIPlugin
2026-07-25 13:26:48,360 [INFO] IPUIPlugin:80 - create IPUIPlugin
2026-07-25 13:26:48,360 [INFO] IPUIPlugin:80 - create IPUIPlugin
2026-07-25 13:26:48,361 [INFO] IPUIPlugin:80 - create IPUIPlugin
2026-07-25 13:26:48,361 [INFO] IPUIPlugin:80 - create IPUIPlugin
2026-07-25 13:26:48,361 [INFO] IPUIPlugin:80 - create IPUIPlugin
2026-07-25 13:26:48,361 [INFO] IPUIPlugin:80 - create IPUIPlugin
2026-07-25 13:26:48,361 [INFO] IPUIPlugin:80 - create IPUIPlugin
2026-07-25 13:26:48,362 [INFO] IPUIPlugin:80 - create IPUIPlugin
2026-07-25 13:26:48,362 [INFO] IPUIPlugin:80 - create IPUIPlugin
2026-07-25 13:26:48,362 [INFO] IPUIPlugin:80 - create IPUIPlugin
2026-07-25 13:26:48,362 [INFO] IPUIPlugin:80 - create IPUIPlugin
2026-07-25 13:26:48,369 [INFO] ApiDbMcu:508 - Load IP Config File for PDM2PCM
2026-07-25 13:26:48,382 [INFO] I2sManager:658 - 1.1875E8
2026-07-25 13:26:48,383 [INFO] I2sManager:195 - I2S Clock Value : 1.1875E8
2026-07-25 13:26:48,384 [INFO] I2sManager:553 - AudioClock : 15995Divider : 116Odd : 0
2026-07-25 13:26:48,576 [INFO] CADModel:165 - CPN selected for project levelSTM32F411CEU6
2026-07-25 13:26:48,576 [INFO] CADModel:114 - Register for checkConnection events
2026-07-25 13:26:48,635 [INFO] OpenFileManager:385 - Restore cursor
2026-07-25 13:26:48,820 [WARN] IP:2250 - DEVICE_SERIAL0_HID_FS not found: check if there is a RefParameter without a condition.
2026-07-25 13:26:48,820 [WARN] IP:2250 - DEVICE_SERIAL1_HID_FS not found: check if there is a RefParameter without a condition.
2026-07-25 13:26:48,820 [WARN] IP:2250 - DEVICE_SERIAL2_HID_FS not found: check if there is a RefParameter without a condition.
2026-07-25 13:26:48,821 [WARN] IP:2250 - DEVICE_SERIAL0_HID_FS not found: check if there is a RefParameter without a condition.
2026-07-25 13:26:48,821 [WARN] IP:2250 - DEVICE_SERIAL1_HID_FS not found: check if there is a RefParameter without a condition.
2026-07-25 13:26:48,821 [WARN] IP:2250 - DEVICE_SERIAL2_HID_FS not found: check if there is a RefParameter without a condition.
2026-07-25 13:29:56,561 [INFO] LogOutputStream:77 - [STDOUT_REDIRECT] StartTraceHandler.execute(), success : Collect=false
2026-07-25 13:31:24,652 [INFO] LogOutputStream:77 - [STDOUT_REDIRECT] StartTraceHandler.execute(), success : Collect=true
2026-07-25 13:31:28,829 [INFO] LogOutputStream:77 - [STDOUT_REDIRECT] StartTraceHandler.execute(), success : Collect=false
2026-07-25 13:31:31,017 [INFO] LogOutputStream:77 - [STDOUT_REDIRECT] StartTraceHandler.execute(), success : Collect=true
2026-07-25 13:40:49,179 [INFO] MainUpdater:2872 - connection check result : 22
2026-07-25 13:40:49,182 [INFO] MainUpdater:2872 - connection check result : 22
2026-07-25 13:40:52,771 [INFO] MainUpdater:2872 - connection check result : 22
2026-07-25 13:40:53,787 [INFO] I2sManager:658 - 1.1875E8
2026-07-25 13:40:53,789 [INFO] I2sManager:195 - I2S Clock Value : 1.1875E8
2026-07-25 13:40:53,789 [INFO] I2sManager:553 - AudioClock : 15995Divider : 116Odd : 0
2026-07-25 13:40:53,791 [INFO] MicroXplorer:468 - Change Database Path : 
2026-07-25 13:40:53,791 [INFO] MicroXplorer:498 - Change Database Version : DB.6.0.141
2026-07-25 13:40:53,816 [ERROR] ProjectManagerView:395 - 
java.lang.NullPointerException: Cannot invoke "javax.swing.JTextField.getText()" because the return value of "java.util.List.get(int)" is null
	at com.st.microxplorer.plugins.projectmanager.gui.ProjectChoiceTab$9.caretUpdate(ProjectChoiceTab.java:2678) ~[filemanager.jar:?]
	at javax.swing.text.JTextComponent.fireCaretUpdate(JTextComponent.java:408) ~[?:?]
	at javax.swing.text.JTextComponent$MutableCaretEvent.fire(JTextComponent.java:4484) ~[?:?]
	at javax.swing.text.JTextComponent$MutableCaretEvent.stateChanged(JTextComponent.java:4506) ~[?:?]
	at javax.swing.text.DefaultCaret.fireStateChanged(DefaultCaret.java:857) ~[?:?]
	at javax.swing.text.DefaultCaret.changeCaretPosition(DefaultCaret.java:1343) ~[?:?]
	at javax.swing.text.DefaultCaret.handleSetDot(DefaultCaret.java:1242) ~[?:?]
	at javax.swing.text.DefaultCaret.setDot(DefaultCaret.java:1223) ~[?:?]
	at javax.swing.text.DefaultCaret$Handler.insertUpdate(DefaultCaret.java:1819) ~[?:?]
	at javax.swing.text.AbstractDocument.fireInsertUpdate(AbstractDocument.java:227) ~[?:?]
	at javax.swing.text.AbstractDocument.handleInsertString(AbstractDocument.java:781) ~[?:?]
	at javax.swing.text.AbstractDocument.insertString(AbstractDocument.java:740) ~[?:?]
	at javax.swing.text.PlainDocument.insertString(PlainDocument.java:131) ~[?:?]
	at javax.swing.text.AbstractDocument.replace(AbstractDocument.java:699) ~[?:?]
	at javax.swing.text.JTextComponent.setText(JTextComponent.java:1725) ~[?:?]
	at com.st.microxplorer.plugins.projectmanager.gui.ProjectChoiceTab.createHeapStackFields(ProjectChoiceTab.java:979) ~[filemanager.jar:?]
	at com.st.microxplorer.plugins.projectmanager.gui.ProjectChoiceTab.buildLinkSettingsPanel(ProjectChoiceTab.java:3766) ~[filemanager.jar:?]
	at com.st.microxplorer.plugins.projectmanager.gui.ProjectChoiceTab.defineWindowsFields(ProjectChoiceTab.java:1962) ~[filemanager.jar:?]
	at com.st.microxplorer.plugins.projectmanager.gui.ProjectChoiceTab.updateSettings(ProjectChoiceTab.java:555) ~[filemanager.jar:?]
	at com.st.microxplorer.plugins.projectmanager.gui.ProjectSettingsPanel.UpdateDialog(ProjectSettingsPanel.java:245) ~[filemanager.jar:?]
	at com.st.microxplorer.plugins.projectmanager.ProjectManagerView.propertyChange(ProjectManagerView.java:392) ~[filemanager.jar:?]
	at java.beans.PropertyChangeSupport.fire(PropertyChangeSupport.java:343) ~[?:?]
	at java.beans.PropertyChangeSupport.firePropertyChange(PropertyChangeSupport.java:335) ~[?:?]
	at java.beans.PropertyChangeSupport.firePropertyChange(PropertyChangeSupport.java:268) ~[?:?]
	at com.st.microxplorer.util.MXPropertyChangeSupport.firePropertyChange(MXPropertyChangeSupport.java:54) ~[STM32CubeMX.jar:?]
	at com.st.microxplorer.mxsystem.MxSystem.closeConfig(MxSystem.java:899) ~[STM32CubeMX.jar:?]
	at com.st.microxplorer.maingui.MainPanel.closeConfig(MainPanel.java:789) ~[STM32CubeMX.jar:?]
	at com.st.microxplorer.plugins.filemanager.engine.OpenFileManager.loadConfigurationFile(OpenFileManager.java:287) ~[filemanager.jar:?]
	at com.st.microxplorer.plugins.filemanager.engine.MainFileManager.userLoadConfig(MainFileManager.java:341) ~[filemanager.jar:?]
	at com.st.microxplorer.plugins.filemanager.engine.MainFileManager.userLoadConfig(MainFileManager.java:319) ~[filemanager.jar:?]
	at com.st.microxplorer.plugins.filemanager.FileManagerView.getSpecificTask(FileManagerView.java:246) ~[filemanager.jar:?]
	at com.st.stm32cube.common.mx.editor.CubeMxEditor.getMxTabbedPaneInstance(CubeMxEditor.java:1198) ~[com.st.stm32cube.common.mx_6.14.1.202504091515/:?]
	at com.st.stm32cube.common.mx.editor.CubeMxEditor$12$1.createSwingComponent(CubeMxEditor.java:1068) ~[com.st.stm32cube.common.mx_6.14.1.202504091515/:?]
	at com.st.stm32cube.common.mx.oss.core.awtswtbridge.EmbeddedSwingComposite.doComponentCreation(EmbeddedSwingComposite.java:492) ~[com.st.stm32cube.common.mx.oss_6.14.1.202504091515/:?]
	at com.st.stm32cube.common.mx.oss.core.awtswtbridge.EmbeddedSwingComposite$4.run(EmbeddedSwingComposite.java:291) ~[com.st.stm32cube.common.mx.oss_6.14.1.202504091515/:?]
	at com.st.stm32cube.common.mx.oss.core.awtswtbridge.AwtEnvironment$2.run(AwtEnvironment.java:166) ~[com.st.stm32cube.common.mx.oss_6.14.1.202504091515/:?]
	at java.awt.event.InvocationEvent.dispatch(InvocationEvent.java:318) ~[?:?]
	at java.awt.EventQueue.dispatchEventImpl(EventQueue.java:773) ~[?:?]
	at java.awt.EventQueue$4.run(EventQueue.java:720) ~[?:?]
	at java.awt.EventQueue$4.run(EventQueue.java:714) ~[?:?]
	at java.security.AccessController.doPrivileged(AccessController.java:400) ~[?:?]
	at java.security.ProtectionDomain$JavaSecurityAccessImpl.doIntersectionPrivilege(ProtectionDomain.java:87) ~[?:?]
	at java.awt.EventQueue.dispatchEvent(EventQueue.java:742) ~[?:?]
	at java.awt.EventDispatchThread.pumpOneEventForFilters(EventDispatchThread.java:203) ~[?:?]
	at java.awt.EventDispatchThread.pumpEventsForFilter(EventDispatchThread.java:124) ~[?:?]
	at java.awt.EventDispatchThread.pumpEventsForHierarchy(EventDispatchThread.java:113) ~[?:?]
	at java.awt.EventDispatchThread.pumpEvents(EventDispatchThread.java:109) ~[?:?]
	at java.awt.EventDispatchThread.pumpEvents(EventDispatchThread.java:101) ~[?:?]
	at java.awt.EventDispatchThread.run(EventDispatchThread.java:90) ~[?:?]
2026-07-25 13:40:53,823 [WARN] ThirdParty:871 - waiting for thirdparty lock release [close project]
2026-07-25 13:40:53,823 [INFO] ThirdParty:873 - entering critical section [close project]
2026-07-25 13:40:53,823 [INFO] ThirdParty:883 - exiting critical section [close project]
2026-07-25 13:40:53,825 [INFO] PinOutPanel:1589 - setPackage(No Configuration,No Configuration)
2026-07-25 13:40:53,844 [WARN] IpParametersView:155 - Warning: This peripheral hasn't parameters
2026-07-25 13:40:53,858 [WARN] MainPanel:289 - <html><b><center>Warning: This peripheral has no parameters to be configured<br></b></html>
2026-07-25 13:40:53,866 [INFO] UtilMem:75 - Begin LoadConfig() Used Memory: 357244160 Bytes (628097024)
2026-07-25 13:40:53,867 [INFO] MicroXplorer:468 - Change Database Path : 
2026-07-25 13:40:53,867 [INFO] MicroXplorer:498 - Change Database Version : DB.6.0.141
2026-07-25 13:40:53,867 [INFO] OpenFileManager:354 - Change cursor
2026-07-25 13:40:53,889 [INFO] Mcu:2011 - Initializing MCU STM32F411C(C-E)Ux STM32F411CEUx STM32F411CEU6
2026-07-25 13:40:54,747 [INFO] Context:756 - Trying to add GPIOservice into a context  which must be forbidden
2026-07-25 13:40:55,154 [INFO] ImportTextPane:218 - (OptionalMessage_ERROR) Pin27 (VP_RIF_VS_RIF1) cannot be retrieved for this MCU
2026-07-25 13:40:55,526 [INFO] RtosManager:558 - Registered RTOS mode: class=CMSIS, group=RTOS, mode=CMSIS_V1, owner=FREERTOS
2026-07-25 13:40:55,526 [INFO] RtosManager:558 - Registered RTOS mode: class=CMSIS, group=RTOS2, mode=CMSIS_V2, owner=FREERTOS
2026-07-25 13:40:55,526 [INFO] RtosManager:558 - Registered RTOS mode: class=RTOS, group=Core, mode=CMSIS_V1, owner=FREERTOS
2026-07-25 13:40:55,526 [INFO] RtosManager:558 - Registered RTOS mode: class=RTOS, group=Core, mode=CMSIS_V2, owner=FREERTOS
2026-07-25 13:40:55,526 [WARN] ModelIntegratedComponent:184 - Missing modes for component STMicroelectronics:FreeRTOS:0.0.1:STMicroelectronics:RTOS:FreeRTOS:Core:::10.2.0:
2026-07-25 13:40:55,536 [WARN] ModelIntegratedComponent:63 - No mode defined for component null
2026-07-25 13:40:55,536 [WARN] ModelIntegratedComponent:63 - No mode defined for component null
2026-07-25 13:40:55,536 [WARN] ModelIntegratedComponent:63 - No mode defined for component null
2026-07-25 13:40:55,536 [WARN] ModelIntegratedComponent:63 - No mode defined for component null
2026-07-25 13:40:55,536 [WARN] ModelIntegratedComponent:63 - No mode defined for component null
2026-07-25 13:40:55,536 [WARN] ModelIntegratedComponent:63 - No mode defined for component null
2026-07-25 13:40:55,536 [WARN] ModelIntegratedComponent:63 - No mode defined for component null
2026-07-25 13:40:55,537 [WARN] ModelIntegratedComponent:63 - No mode defined for component null
2026-07-25 13:40:55,537 [WARN] ModelIntegratedComponent:63 - No mode defined for component null
2026-07-25 13:40:55,537 [WARN] ModelIntegratedComponent:63 - No mode defined for component null
2026-07-25 13:40:55,537 [WARN] ModelIntegratedComponent:63 - No mode defined for component null
2026-07-25 13:40:55,537 [WARN] ModelIntegratedComponent:63 - No mode defined for component null
2026-07-25 13:40:55,537 [WARN] ModelIntegratedComponent:63 - No mode defined for component null
2026-07-25 13:40:55,537 [WARN] ModelIntegratedComponent:63 - No mode defined for component null
2026-07-25 13:40:55,537 [WARN] ModelIntegratedComponent:63 - No mode defined for component null
2026-07-25 13:40:55,537 [WARN] ModelIntegratedComponent:63 - No mode defined for component null
2026-07-25 13:40:55,537 [WARN] ModelIntegratedComponent:63 - No mode defined for component null
2026-07-25 13:40:55,537 [WARN] ModelIntegratedComponent:63 - No mode defined for component null
2026-07-25 13:40:55,537 [WARN] ModelIntegratedComponent:63 - No mode defined for component null
2026-07-25 13:40:55,537 [WARN] ModelIntegratedComponent:63 - No mode defined for component null
2026-07-25 13:40:55,537 [WARN] ModelIntegratedComponent:63 - No mode defined for component null
2026-07-25 13:40:55,537 [WARN] ModelIntegratedComponent:63 - No mode defined for component null
2026-07-25 13:40:55,537 [WARN] ModelIntegratedComponent:63 - No mode defined for component null
2026-07-25 13:40:55,537 [WARN] ModelIntegratedComponent:63 - No mode defined for component null
2026-07-25 13:40:55,537 [WARN] ModelIntegratedComponent:63 - No mode defined for component null
2026-07-25 13:40:55,537 [WARN] ModelIntegratedComponent:63 - No mode defined for component null
2026-07-25 13:40:55,537 [WARN] ModelIntegratedComponent:63 - No mode defined for component null
2026-07-25 13:40:55,537 [WARN] ModelIntegratedComponent:63 - No mode defined for component null
2026-07-25 13:40:55,537 [WARN] ModelIntegratedComponent:63 - No mode defined for component null
2026-07-25 13:40:55,537 [WARN] ModelIntegratedComponent:63 - No mode defined for component null
2026-07-25 13:40:55,537 [WARN] ModelIntegratedComponent:63 - No mode defined for component null
2026-07-25 13:40:55,538 [WARN] ModelIntegratedComponent:63 - No mode defined for component null
2026-07-25 13:40:55,538 [WARN] ModelIntegratedComponent:63 - No mode defined for component null
2026-07-25 13:40:55,538 [WARN] ModelIntegratedComponent:63 - No mode defined for component null
2026-07-25 13:40:55,538 [WARN] ModelIntegratedComponent:63 - No mode defined for component null
2026-07-25 13:40:55,538 [WARN] ModelPack:524 - Component already loaded: STMicroelectronics:HAL Drivers:0.0.0:STMicroelectronics:Device:STMicro_Driver:XSPI:HAL::0.0.1:HAL_XSPI
2026-07-25 13:40:55,691 [WARN] ModelIntegratedComponent:182 - Modes not found for component STMicroelectronics:USB_DEVICE:1.0.0:STMicroelectronics:USB::USB Device:Audio HS::1.0:USB_DEVICE_1_0_RESTRICTED_HS
2026-07-25 13:40:55,691 [WARN] ModelIntegratedComponent:188 - Modes not found for component STMicroelectronics:USB_DEVICE:1.0.0:STMicroelectronics:USB::USB Device:Audio HS::1.0:USB_DEVICE_1_0_RESTRICTED_HS
2026-07-25 13:40:55,691 [WARN] ModelIntegratedComponent:182 - Modes not found for component STMicroelectronics:USB_DEVICE:1.0.0:STMicroelectronics:USB::USB Device:CDC HS::1.0:USB_DEVICE_1_0_RESTRICTED_HS
2026-07-25 13:40:55,691 [WARN] ModelIntegratedComponent:188 - Modes not found for component STMicroelectronics:USB_DEVICE:1.0.0:STMicroelectronics:USB::USB Device:CDC HS::1.0:USB_DEVICE_1_0_RESTRICTED_HS
2026-07-25 13:40:55,691 [WARN] ModelIntegratedComponent:182 - Modes not found for component STMicroelectronics:USB_DEVICE:1.0.0:STMicroelectronics:USB::USB Device:DFU HS::1.0:USB_DEVICE_1_0_RESTRICTED_HS
2026-07-25 13:40:55,691 [WARN] ModelIntegratedComponent:188 - Modes not found for component STMicroelectronics:USB_DEVICE:1.0.0:STMicroelectronics:USB::USB Device:DFU HS::1.0:USB_DEVICE_1_0_RESTRICTED_HS
2026-07-25 13:40:55,691 [WARN] ModelIntegratedComponent:182 - Modes not found for component STMicroelectronics:USB_DEVICE:1.0.0:STMicroelectronics:USB::USB Device:HID HS::1.0:USB_DEVICE_1_0_RESTRICTED_HS
2026-07-25 13:40:55,691 [WARN] ModelIntegratedComponent:188 - Modes not found for component STMicroelectronics:USB_DEVICE:1.0.0:STMicroelectronics:USB::USB Device:HID HS::1.0:USB_DEVICE_1_0_RESTRICTED_HS
2026-07-25 13:40:55,691 [WARN] ModelIntegratedComponent:182 - Modes not found for component STMicroelectronics:USB_DEVICE:1.0.0:STMicroelectronics:USB::USB Device:Custom HID HS::1.0:USB_DEVICE_1_0_RESTRICTED_HS
2026-07-25 13:40:55,691 [WARN] ModelIntegratedComponent:188 - Modes not found for component STMicroelectronics:USB_DEVICE:1.0.0:STMicroelectronics:USB::USB Device:Custom HID HS::1.0:USB_DEVICE_1_0_RESTRICTED_HS
2026-07-25 13:40:55,691 [WARN] ModelIntegratedComponent:182 - Modes not found for component STMicroelectronics:USB_DEVICE:1.0.0:STMicroelectronics:USB::USB Device:MSC HS::1.0:USB_DEVICE_1_0_RESTRICTED_HS
2026-07-25 13:40:55,691 [WARN] ModelIntegratedComponent:188 - Modes not found for component STMicroelectronics:USB_DEVICE:1.0.0:STMicroelectronics:USB::USB Device:MSC HS::1.0:USB_DEVICE_1_0_RESTRICTED_HS
2026-07-25 13:40:55,775 [WARN] ModelIntegratedComponent:182 - Modes not found for component STMicroelectronics:USB_HOST:1.0.0:STMicroelectronics:USB::USB Host:Audio HS::1.0:USB_HOST_1_0_RESTRICTED_HS
2026-07-25 13:40:55,775 [WARN] ModelIntegratedComponent:188 - Modes not found for component STMicroelectronics:USB_HOST:1.0.0:STMicroelectronics:USB::USB Host:Audio HS::1.0:USB_HOST_1_0_RESTRICTED_HS
2026-07-25 13:40:55,775 [WARN] ModelIntegratedComponent:182 - Modes not found for component STMicroelectronics:USB_HOST:1.0.0:STMicroelectronics:USB::USB Host:CDC HS::1.0:USB_HOST_1_0_RESTRICTED_HS
2026-07-25 13:40:55,775 [WARN] ModelIntegratedComponent:188 - Modes not found for component STMicroelectronics:USB_HOST:1.0.0:STMicroelectronics:USB::USB Host:CDC HS::1.0:USB_HOST_1_0_RESTRICTED_HS
2026-07-25 13:40:55,775 [WARN] ModelIntegratedComponent:182 - Modes not found for component STMicroelectronics:USB_HOST:1.0.0:STMicroelectronics:USB::USB Host:MSC HS::1.0:USB_HOST_1_0_RESTRICTED_HS
2026-07-25 13:40:55,775 [WARN] ModelIntegratedComponent:188 - Modes not found for component STMicroelectronics:USB_HOST:1.0.0:STMicroelectronics:USB::USB Host:MSC HS::1.0:USB_HOST_1_0_RESTRICTED_HS
2026-07-25 13:40:55,775 [WARN] ModelIntegratedComponent:182 - Modes not found for component STMicroelectronics:USB_HOST:1.0.0:STMicroelectronics:USB::USB Host:HID HS::1.0:USB_HOST_1_0_RESTRICTED_HS
2026-07-25 13:40:55,775 [WARN] ModelIntegratedComponent:188 - Modes not found for component STMicroelectronics:USB_HOST:1.0.0:STMicroelectronics:USB::USB Host:HID HS::1.0:USB_HOST_1_0_RESTRICTED_HS
2026-07-25 13:40:55,775 [WARN] ModelIntegratedComponent:182 - Modes not found for component STMicroelectronics:USB_HOST:1.0.0:STMicroelectronics:USB::USB Host:MTP HS::1.0:USB_HOST_1_0_RESTRICTED_HS
2026-07-25 13:40:55,775 [WARN] ModelIntegratedComponent:188 - Modes not found for component STMicroelectronics:USB_HOST:1.0.0:STMicroelectronics:USB::USB Host:MTP HS::1.0:USB_HOST_1_0_RESTRICTED_HS
2026-07-25 13:40:55,978 [INFO] ThirdPartyModel:298 - Start build external matchings
2026-07-25 13:41:00,232 [INFO] ThirdPartyModel:316 - End build external matchings
2026-07-25 13:41:00,332 [INFO] ImportTextPane:218 - (OptionalMessage_ERROR) IP (DMA) : Parameter (Instance) has Id (SPI2_TX) currently not set
2026-07-25 13:41:00,332 [INFO] ImportTextPane:218 - (OptionalMessage_ERROR) IP (DMA) : Parameter (Channel) has Id (SPI2_TX) currently not set
2026-07-25 13:41:00,332 [INFO] ImportTextPane:218 - (OptionalMessage_ERROR) IP (DMA) : Parameter (Direction) has Id (SPI2_TX) currently not set
2026-07-25 13:41:00,332 [INFO] ImportTextPane:218 - (OptionalMessage_ERROR) IP (DMA) : Parameter (PeriphInc) has Id (SPI2_TX) currently not set
2026-07-25 13:41:00,332 [INFO] ImportTextPane:218 - (OptionalMessage_ERROR) IP (DMA) : Parameter (MemInc) has Id (SPI2_TX) currently not set
2026-07-25 13:41:00,332 [INFO] ImportTextPane:218 - (OptionalMessage_ERROR) IP (DMA) : Parameter (PeriphDataAlignment) has Id (SPI2_TX) currently not set
2026-07-25 13:41:00,333 [INFO] ImportTextPane:218 - (OptionalMessage_ERROR) IP (DMA) : Parameter (MemDataAlignment) has Id (SPI2_TX) currently not set
2026-07-25 13:41:00,333 [INFO] ImportTextPane:218 - (OptionalMessage_ERROR) IP (DMA) : Parameter (Mode) has Id (SPI2_TX) currently not set
2026-07-25 13:41:00,333 [INFO] ImportTextPane:218 - (OptionalMessage_ERROR) IP (DMA) : Parameter (Priority) has Id (SPI2_TX) currently not set
2026-07-25 13:41:00,333 [INFO] ImportTextPane:218 - (OptionalMessage_ERROR) IP (DMA) : Parameter (FIFOMode) has Id (SPI2_TX) currently not set
2026-07-25 13:41:00,333 [INFO] ImportTextPane:218 - (OptionalMessage_ERROR) IP (DMA) : Parameter (Instance) has Id (ADC1) currently not set
2026-07-25 13:41:00,333 [INFO] ImportTextPane:218 - (OptionalMessage_ERROR) IP (DMA) : Parameter (Channel) has Id (ADC1) currently not set
2026-07-25 13:41:00,333 [INFO] ImportTextPane:218 - (OptionalMessage_ERROR) IP (DMA) : Parameter (Direction) has Id (ADC1) currently not set
2026-07-25 13:41:00,333 [INFO] ImportTextPane:218 - (OptionalMessage_ERROR) IP (DMA) : Parameter (PeriphInc) has Id (ADC1) currently not set
2026-07-25 13:41:00,333 [INFO] ImportTextPane:218 - (OptionalMessage_ERROR) IP (DMA) : Parameter (MemInc) has Id (ADC1) currently not set
2026-07-25 13:41:00,333 [INFO] ImportTextPane:218 - (OptionalMessage_ERROR) IP (DMA) : Parameter (PeriphDataAlignment) has Id (ADC1) currently not set
2026-07-25 13:41:00,333 [INFO] ImportTextPane:218 - (OptionalMessage_ERROR) IP (DMA) : Parameter (MemDataAlignment) has Id (ADC1) currently not set
2026-07-25 13:41:00,333 [INFO] ImportTextPane:218 - (OptionalMessage_ERROR) IP (DMA) : Parameter (Mode) has Id (ADC1) currently not set
2026-07-25 13:41:00,333 [INFO] ImportTextPane:218 - (OptionalMessage_ERROR) IP (DMA) : Parameter (Priority) has Id (ADC1) currently not set
2026-07-25 13:41:00,333 [INFO] ImportTextPane:218 - (OptionalMessage_ERROR) IP (DMA) : Parameter (FIFOMode) has Id (ADC1) currently not set
2026-07-25 13:41:00,335 [INFO] ImportTextPane:218 - (OptionalMessage_ERROR) IP (RCC) : Parameter (RTCHSEDivFreq_Value) has invalid value (12500000)
2026-07-25 13:41:00,343 [WARN] IP:2250 - DEVICE_SERIAL0_HID_FS not found: check if there is a RefParameter without a condition.
2026-07-25 13:41:00,343 [WARN] IP:2250 - DEVICE_SERIAL1_HID_FS not found: check if there is a RefParameter without a condition.
2026-07-25 13:41:00,343 [WARN] IP:2250 - DEVICE_SERIAL2_HID_FS not found: check if there is a RefParameter without a condition.
2026-07-25 13:41:00,544 [INFO] UtilMem:75 - End LoadConfig() Used Memory: 378019000 Bytes (658505728)
2026-07-25 13:41:00,579 [WARN] ThirdParty:833 - waiting for thirdparty lock release [change project]
2026-07-25 13:41:00,580 [INFO] ThirdParty:835 - entering critical section [change project]
2026-07-25 13:41:00,580 [INFO] ThirdParty:1030 - CMSIS Pack Vendor :STMicroelectronics X-CUBE-AZRTOS-H7 3.5.0
2026-07-25 13:41:00,580 [INFO] ThirdParty:1030 - CMSIS Pack Vendor :STMicroelectronics X-CUBE-PM33A1 1.0.0
2026-07-25 13:41:00,580 [INFO] ThirdParty:1030 - CMSIS Pack Vendor :STMicroelectronics USBPD 4.1
2026-07-25 13:41:00,580 [INFO] ThirdParty:1030 - CMSIS Pack Vendor :STMicroelectronics X-CUBE-GNSS1 6.0.0
2026-07-25 13:41:00,580 [INFO] ThirdParty:1030 - CMSIS Pack Vendor :STMicroelectronics USB_HOST 2.0.0
2026-07-25 13:41:00,580 [INFO] ThirdParty:1030 - CMSIS Pack Vendor :STMicroelectronics FP-SNS-MOTENVWB1 1.4.0
2026-07-25 13:41:00,580 [INFO] ThirdParty:1030 - CMSIS Pack Vendor :STMicroelectronics FP-ATR-ASTRA1 2.0.3
2026-07-25 13:41:00,580 [INFO] ThirdParty:1030 - CMSIS Pack Vendor :STMicroelectronics X-CUBE-AZRTOS-F4 1.1.0
2026-07-25 13:41:00,580 [INFO] ThirdParty:1030 - CMSIS Pack Vendor :STMicroelectronics LIBJPEG 8.0.0
2026-07-25 13:41:00,580 [INFO] ThirdParty:1030 - CMSIS Pack Vendor :STMicroelectronics FP-ATR-ASTRA1 2.0.2
2026-07-25 13:41:00,580 [INFO] ThirdParty:1030 - CMSIS Pack Vendor :STMicroelectronics FP-ATR-ASTRA1 2.0.1
2026-07-25 13:41:00,580 [INFO] ThirdParty:1030 - CMSIS Pack Vendor :Avnet-IotConnect X-CUBE-IoTC-DA16k-PMOD 1.0.0
2026-07-25 13:41:00,580 [INFO] ThirdParty:1030 - CMSIS Pack Vendor :STMicroelectronics X-CUBE-SMBUS 2.1.0
2026-07-25 13:41:00,580 [INFO] ThirdParty:1030 - CMSIS Pack Vendor :STMicroelectronics X-CUBE-WB05N 1.1.0
2026-07-25 13:41:00,580 [INFO] ThirdParty:1030 - CMSIS Pack Vendor :STMicroelectronics X-CUBE-ISPU 2.1.0
2026-07-25 13:41:00,580 [INFO] ThirdParty:1030 - CMSIS Pack Vendor :STMicroelectronics eDS-WB_DPC_TT-BIDIR 2.1.1
2026-07-25 13:41:00,580 [INFO] ThirdParty:1030 - CMSIS Pack Vendor :STMicroelectronics X-CUBE-FREERTOS 1.2.0
2026-07-25 13:41:00,580 [INFO] ThirdParty:1030 - CMSIS Pack Vendor :STMicroelectronics X-CUBE-ST60 1.0.0
2026-07-25 13:41:00,580 [INFO] ThirdParty:1030 - CMSIS Pack Vendor :STMicroelectronics X-CUBE-NFC12 1.0.0
2026-07-25 13:41:00,581 [INFO] ThirdParty:1030 - CMSIS Pack Vendor :STMicroelectronics X-CUBE-BLEMGR 1.2.0
2026-07-25 13:41:00,581 [INFO] ThirdParty:1030 - CMSIS Pack Vendor :STMicroelectronics X-CUBE-TOUCHGFX 4.23.2
2026-07-25 13:41:00,581 [INFO] ThirdParty:1030 - CMSIS Pack Vendor :STMicroelectronics X-CUBE-AZRTOS-F7 1.1.0
2026-07-25 13:41:00,581 [INFO] ThirdParty:1030 - CMSIS Pack Vendor :STMicroelectronics X-CUBE-AZRTOS-L5 2.0.0
2026-07-25 13:41:00,581 [INFO] ThirdParty:1030 - CMSIS Pack Vendor :STMicroelectronics USB_DEVICE 2.0.0
2026-07-25 13:41:00,581 [INFO] ThirdParty:1030 - CMSIS Pack Vendor :STMicroelectronics X-CUBE-NFC6 3.1.0
2026-07-25 13:41:00,581 [INFO] ThirdParty:1030 - CMSIS Pack Vendor :STMicroelectronics X-CUBE-BLE1 6.2.3
2026-07-25 13:41:00,581 [INFO] ThirdParty:1030 - CMSIS Pack Vendor :STMicroelectronics X-CUBE-MEMS1 11.0.0
2026-07-25 13:41:00,581 [INFO] ThirdParty:1030 - CMSIS Pack Vendor :STMicroelectronics X-CUBE-BLE1 6.2.4
2026-07-25 13:41:00,581 [INFO] ThirdParty:1030 - CMSIS Pack Vendor :STMicroelectronics X-CUBE-ALGOBUILD 1.5.0
2026-07-25 13:41:00,581 [INFO] ThirdParty:1030 - CMSIS Pack Vendor :STMicroelectronics FreeRTOS 0.0.1
2026-07-25 13:41:00,581 [INFO] ThirdParty:1030 - CMSIS Pack Vendor :STMicroelectronics X-CUBE-AZRTOS-H7RS 1.3.0
2026-07-25 13:41:00,581 [INFO] ThirdParty:1030 - CMSIS Pack Vendor :STMicroelectronics X-CUBE-BLEMGR 2.0.0
2026-07-25 13:41:00,581 [INFO] ThirdParty:1030 - CMSIS Pack Vendor :STMicroelectronics X-CUBE-DPower 1.2.0
2026-07-25 13:41:00,581 [INFO] ThirdParty:1030 - CMSIS Pack Vendor :STMicroelectronics eDS-WB_DPC_VIENNA 1.2.0
2026-07-25 13:41:00,581 [INFO] ThirdParty:1030 - CMSIS Pack Vendor :STMicroelectronics FP-SNS-FLIGHT1 5.0.2
2026-07-25 13:41:00,581 [INFO] ThirdParty:1030 - CMSIS Pack Vendor :STMicroelectronics eDS-WB_DPC_3PH2L-BIDIR 1.1.1
2026-07-25 13:41:00,581 [INFO] ThirdParty:1030 - CMSIS Pack Vendor :STMicroelectronics X-CUBE-NFC4 2.0.4
2026-07-25 13:41:00,581 [INFO] ThirdParty:1030 - CMSIS Pack Vendor :STMicroelectronics X-CUBE-AI 9.0.0
2026-07-25 13:41:00,581 [INFO] ThirdParty:1030 - CMSIS Pack Vendor :STMicroelectronics X-CUBE-AZRTOS-H7 3.1.0
2026-07-25 13:41:00,581 [INFO] ThirdParty:1030 - CMSIS Pack Vendor :STMicroelectronics PDM2PCM 3.3.0
2026-07-25 13:41:00,581 [INFO] ThirdParty:1030 - CMSIS Pack Vendor :STMicroelectronics X-CUBE-TOF1 3.1.0
2026-07-25 13:41:00,581 [INFO] ThirdParty:1030 - CMSIS Pack Vendor :STMicroelectronics X-CUBE-AZRTOS-H7 3.4.0
2026-07-25 13:41:00,581 [INFO] ThirdParty:1030 - CMSIS Pack Vendor :STMicroelectronics X-CUBE-DISPLAY 3.0.0
2026-07-25 13:41:00,581 [INFO] ThirdParty:1030 - CMSIS Pack Vendor :STMicroelectronics X-CUBE-GNSS1 7.1.1
2026-07-25 13:41:00,581 [INFO] ThirdParty:1030 - CMSIS Pack Vendor :STMicroelectronics X-CUBE-BLE1 7.0.0
2026-07-25 13:41:00,582 [INFO] ThirdParty:1030 - CMSIS Pack Vendor :STMicroelectronics X-CUBE-NFC10 1.0.0
2026-07-25 13:41:00,582 [INFO] ThirdParty:1030 - CMSIS Pack Vendor :wolfSSL I-CUBE-wolfSSL 5.5.1
2026-07-25 13:41:00,582 [INFO] ThirdParty:1030 - CMSIS Pack Vendor :STMicroelectronics X-CUBE-BLEMGR 4.0.0
2026-07-25 13:41:00,582 [INFO] ThirdParty:1030 - CMSIS Pack Vendor :STMicroelectronics X-CUBE-FREERTOS 1.3.1
2026-07-25 13:41:00,582 [INFO] ThirdParty:1030 - CMSIS Pack Vendor :STMicroelectronics HAL Drivers 0.0.0
2026-07-25 13:41:00,582 [INFO] ThirdParty:1030 - CMSIS Pack Vendor :STMicroelectronics X-CUBE-ST60 1.1.0
2026-07-25 13:41:00,582 [INFO] ThirdParty:1030 - CMSIS Pack Vendor :STMicroelectronics X-CUBE-FREERTOS 1.3.0
2026-07-25 13:41:00,582 [INFO] ThirdParty:1030 - CMSIS Pack Vendor :STMicroelectronics X-CUBE-NFC7 1.0.1
2026-07-25 13:41:00,582 [INFO] ThirdParty:1030 - CMSIS Pack Vendor :STMicroelectronics MBEDTLS 2.14.1
2026-07-25 13:41:00,582 [INFO] ThirdParty:1030 - CMSIS Pack Vendor :STMicroelectronics X-CUBE-GNSS1 7.1.0
2026-07-25 13:41:00,582 [INFO] ThirdParty:1030 - CMSIS Pack Vendor :STMicroelectronics X-CUBE-NFC7 1.0.0
2026-07-25 13:41:00,582 [INFO] ThirdParty:1030 - CMSIS Pack Vendor :STMicroelectronics X-CUBE-TOUCHGFX 4.26.0
2026-07-25 13:41:00,582 [INFO] ThirdParty:1030 - CMSIS Pack Vendor :STMicroelectronics X-CUBE-MEMS1 9.3.0
2026-07-25 13:41:00,582 [INFO] ThirdParty:1030 - CMSIS Pack Vendor :STMicroelectronics X-CUBE-TOUCHGFX 4.26.1
2026-07-25 13:41:00,582 [INFO] ThirdParty:1030 - CMSIS Pack Vendor :STMicroelectronics X-CUBE-EEPRMA1 4.1.0
2026-07-25 13:41:00,582 [INFO] ThirdParty:1030 - CMSIS Pack Vendor :STMicroelectronics X-CUBE-AI 7.2.0
2026-07-25 13:41:00,582 [INFO] ThirdParty:1030 - CMSIS Pack Vendor :STMicroelectronics X-CUBE-BLEMGR 3.1.0
2026-07-25 13:41:00,582 [INFO] ThirdParty:1030 - CMSIS Pack Vendor :STMicroelectronics X-CUBE-AI 10.0.0
2026-07-25 13:41:00,582 [INFO] ThirdParty:1030 - CMSIS Pack Vendor :STMicroelectronics FP-SNS-STAIOTCFT 1.0.0
2026-07-25 13:41:00,582 [INFO] ThirdParty:1030 - CMSIS Pack Vendor :STMicroelectronics FP-SNS-SMARTAG2 1.2.0
2026-07-25 13:41:00,582 [INFO] ThirdParty:1030 - CMSIS Pack Vendor :STMicroelectronics FP-SNS-FLIGHT1 5.1.0
2026-07-25 13:41:00,582 [INFO] ThirdParty:1030 - CMSIS Pack Vendor :STMicroelectronics X-CUBE-MEMS1 11.1.0
2026-07-25 13:41:00,582 [INFO] ThirdParty:1030 - CMSIS Pack Vendor :STMicroelectronics X-CUBE-AZRTOS-WL 2.0.0
2026-07-25 13:41:00,582 [INFO] ThirdParty:1030 - CMSIS Pack Vendor :STMicroelectronics X-CUBE-DPower 1.3.0
2026-07-25 13:41:00,582 [INFO] ThirdParty:1030 - CMSIS Pack Vendor :STMicroelectronics FP-SNS-MOTENV1 5.0.0
2026-07-25 13:41:00,582 [INFO] ThirdParty:1030 - CMSIS Pack Vendor :STMicroelectronics USB_DEVICE 1.0.0
2026-07-25 13:41:00,582 [INFO] ThirdParty:1030 - CMSIS Pack Vendor :STMicroelectronics X-CUBE-AZRTOS-H7RS 1.2.0
2026-07-25 13:41:00,582 [INFO] ThirdParty:1030 - CMSIS Pack Vendor :wolfSSL I-CUBE-wolfMQTT 1.19.0
2026-07-25 13:41:00,583 [INFO] ThirdParty:1030 - CMSIS Pack Vendor :STMicroelectronics X-CUBE-AZRTOS-L4 2.0.0
2026-07-25 13:41:00,583 [INFO] ThirdParty:1030 - CMSIS Pack Vendor :STMicroelectronics ThreadX 0.0.2
2026-07-25 13:41:00,583 [INFO] ThirdParty:1030 - CMSIS Pack Vendor :WES I-CUBE-Cesium 1.3.0
2026-07-25 13:41:00,583 [INFO] ThirdParty:1030 - CMSIS Pack Vendor :STMicroelectronics lwIP 2.1.2
2026-07-25 13:41:00,583 [INFO] ThirdParty:1030 - CMSIS Pack Vendor :STMicroelectronics X-CUBE-SFXS2LP1 4.0.0
2026-07-25 13:41:00,583 [INFO] ThirdParty:1030 - CMSIS Pack Vendor :STMicroelectronics X-CUBE-BLE2 3.3.0
2026-07-25 13:41:00,583 [INFO] ThirdParty:1030 - CMSIS Pack Vendor :Avnet-IOTCONNECT X-CUBE-iotc-st67-sdk 1.0.0
2026-07-25 13:41:00,583 [INFO] ThirdParty:1030 - CMSIS Pack Vendor :STMicroelectronics X-CUBE-DISPLAY 2.2.0
2026-07-25 13:41:00,583 [INFO] ThirdParty:1030 - CMSIS Pack Vendor :STMicroelectronics X-CUBE-TOF1 3.2.0
2026-07-25 13:41:00,583 [INFO] ThirdParty:1030 - CMSIS Pack Vendor :STMicroelectronics PDM2PCM 3.2.0
2026-07-25 13:41:00,583 [INFO] ThirdParty:1030 - CMSIS Pack Vendor :STMicroelectronics X-CUBE-ISPU 1.0.0
2026-07-25 13:41:00,583 [INFO] ThirdParty:1030 - CMSIS Pack Vendor :STMicroelectronics X-CUBE-WB05N 2.1.0
2026-07-25 13:41:00,583 [INFO] ThirdParty:1030 - CMSIS Pack Vendor :STMicroelectronics X-CUBE-ISPU 1.1.0
2026-07-25 13:41:00,583 [INFO] ThirdParty:1030 - CMSIS Pack Vendor :STMicroelectronics X-CUBE-AZRTOS-H7 3.3.0
2026-07-25 13:41:00,583 [INFO] ThirdParty:1030 - CMSIS Pack Vendor :RoweBots I-CUBE-UNISONRTOS 5.5.0-4
2026-07-25 13:41:00,583 [INFO] ThirdParty:1030 - CMSIS Pack Vendor :STMicroelectronics X-CUBE-NFC9 1.0.0
2026-07-25 13:41:00,583 [INFO] ThirdParty:1030 - CMSIS Pack Vendor :STMicroelectronics X-CUBE-AZRTOS-H7 2.1.0
2026-07-25 13:41:00,583 [INFO] ThirdParty:1030 - CMSIS Pack Vendor :STMicroelectronics X-CUBE-BLE1 7.1.0
2026-07-25 13:41:00,583 [INFO] ThirdParty:1030 - CMSIS Pack Vendor :STMicroelectronics USB_DEVICE 3.0.0
2026-07-25 13:41:00,583 [INFO] ThirdParty:1030 - CMSIS Pack Vendor :STMicroelectronics X-CUBE-TCPP 4.1.0
2026-07-25 13:41:00,583 [INFO] ThirdParty:1030 - CMSIS Pack Vendor :STMicroelectronics X-CUBE-EEPRMA1 5.2.0
2026-07-25 13:41:00,583 [INFO] ThirdParty:1030 - CMSIS Pack Vendor :STMicroelectronics X-CUBE-BLEMGR 4.1.0
2026-07-25 13:41:00,583 [INFO] ThirdParty:1030 - CMSIS Pack Vendor :STMicroelectronics X-CUBE-AI 8.0.0
2026-07-25 13:41:00,583 [INFO] ThirdParty:1030 - CMSIS Pack Vendor :STMicroelectronics X-CUBE-IPS 3.0.0
2026-07-25 13:41:00,583 [INFO] ThirdParty:1030 - CMSIS Pack Vendor :STMicroelectronics X-CUBE-AZRTOS-WB 2.0.0
2026-07-25 13:41:00,583 [INFO] ThirdParty:1030 - CMSIS Pack Vendor :STMicroelectronics X-CUBE-FREERTOS 1.0.1
2026-07-25 13:41:00,583 [INFO] ThirdParty:1030 - CMSIS Pack Vendor :STMicroelectronics X-CUBE-GNSS1 7.0.0
2026-07-25 13:41:00,583 [INFO] ThirdParty:1030 - CMSIS Pack Vendor :STMicroelectronics X-CUBE-GNSS1 7.0.1
2026-07-25 13:41:00,584 [INFO] ThirdParty:1030 - CMSIS Pack Vendor :STMicroelectronics X-CUBE-TOUCHGFX 4.21.3
2026-07-25 13:41:00,584 [INFO] ThirdParty:1030 - CMSIS Pack Vendor :STMicroelectronics X-CUBE-TOUCHGFX 4.25.0
2026-07-25 13:41:00,584 [INFO] ThirdParty:1030 - CMSIS Pack Vendor :STMicroelectronics X-CUBE-AI 7.3.0
2026-07-25 13:41:00,584 [INFO] ThirdParty:1030 - CMSIS Pack Vendor :STMicroelectronics X-CUBE-AI 10.1.0
2026-07-25 13:41:00,584 [INFO] ThirdParty:1030 - CMSIS Pack Vendor :STMicroelectronics FP-SNS-STBOX1 2.0.0
2026-07-25 13:41:00,584 [INFO] ThirdParty:1030 - CMSIS Pack Vendor :STMicroelectronics X-CUBE-MEMS1 12.0.0
2026-07-25 13:41:00,584 [INFO] ThirdParty:1030 - CMSIS Pack Vendor :STMicroelectronics X-CUBE-ALGOBUILD 1.3.0
2026-07-25 13:41:00,584 [INFO] ThirdParty:1030 - CMSIS Pack Vendor :STMicroelectronics X-CUBE-STSE01 2.0.0
2026-07-25 13:41:00,584 [INFO] ThirdParty:1030 - CMSIS Pack Vendor :STMicroelectronics X-CUBE-AZRTOS-L5 1.1.0
2026-07-25 13:41:00,584 [INFO] ThirdParty:1030 - CMSIS Pack Vendor :STMicroelectronics X-CUBE-MEMS1 11.2.0
2026-07-25 13:41:00,584 [INFO] ThirdParty:1030 - CMSIS Pack Vendor :STMicroelectronics X-CUBE-AZRTOS-G0 1.1.0
2026-07-25 13:41:00,584 [INFO] ThirdParty:1030 - CMSIS Pack Vendor :STMicroelectronics X-CUBE-SAFEA1 1.2.2
2026-07-25 13:41:00,584 [INFO] ThirdParty:1030 - CMSIS Pack Vendor :STMicroelectronics X-CUBE-NFC4 3.0.0
2026-07-25 13:41:00,584 [INFO] ThirdParty:1030 - CMSIS Pack Vendor :STMicroelectronics X-CUBE-SUBG2 5.0.0
2026-07-25 13:41:00,584 [INFO] ThirdParty:1030 - CMSIS Pack Vendor :STMicroelectronics X-CUBE-AZRTOS-H7RS 1.1.0
2026-07-25 13:41:00,584 [INFO] ThirdParty:1030 - CMSIS Pack Vendor :STMicroelectronics STM32_WPAN 1.0.0
2026-07-25 13:41:00,584 [INFO] ThirdParty:1030 - CMSIS Pack Vendor :SEGGER I-CUBE-embOS 1.2.1
2026-07-25 13:41:00,584 [INFO] ThirdParty:1030 - CMSIS Pack Vendor :wolfSSL I-CUBE-wolfMQTT 1.18.0
2026-07-25 13:41:00,584 [INFO] ThirdParty:1030 - CMSIS Pack Vendor :EmbeddedOffice I-CUBE-FS-RTOS 1.0.1
2026-07-25 13:41:00,584 [INFO] ThirdParty:1030 - CMSIS Pack Vendor :STMicroelectronics lwIP 2.0.3
2026-07-25 13:41:00,584 [INFO] ThirdParty:1030 - CMSIS Pack Vendor :Cesanta I-CUBE-Mongoose 7.13.0
2026-07-25 13:41:00,585 [INFO] ThirdParty:1030 - CMSIS Pack Vendor :STMicroelectronics USB_HOST 1.0.0
2026-07-25 13:41:00,585 [INFO] ThirdParty:1030 - CMSIS Pack Vendor :STMicroelectronics X-CUBE-AZRTOS-G4 2.0.0
2026-07-25 13:41:00,585 [INFO] ThirdParty:1030 - CMSIS Pack Vendor :STMicroelectronics X-CUBE-WB05N 2.0.0
2026-07-25 13:41:00,585 [INFO] ThirdParty:1030 - CMSIS Pack Vendor :STMicroelectronics PDM2PCM 3.1.0
2026-07-25 13:41:00,585 [INFO] ThirdParty:1030 - CMSIS Pack Vendor :STMicroelectronics X-CUBE-TOF1 3.3.0
2026-07-25 13:41:00,585 [INFO] ThirdParty:1030 - CMSIS Pack Vendor :STMicroelectronics FP-ATR-ASTRA1 1.1.1
2026-07-25 13:41:00,585 [INFO] ThirdParty:1030 - CMSIS Pack Vendor :STMicroelectronics X-CUBE-NFC7 2.0.0
2026-07-25 13:41:00,585 [INFO] ThirdParty:1030 - CMSIS Pack Vendor :STMicroelectronics X-CUBE-TCPP 4.2.0
2026-07-25 13:41:00,585 [INFO] ThirdParty:1030 - CMSIS Pack Vendor :RealThread X-CUBE-RT-Thread_Nano 4.1.1
2026-07-25 13:41:00,585 [INFO] ThirdParty:1030 - CMSIS Pack Vendor :STMicroelectronics FP-ATR-SIGFOX1 3.2.0
2026-07-25 13:41:00,585 [INFO] ThirdParty:1030 - CMSIS Pack Vendor :STMicroelectronics X-CUBE-AZRTOS-G4 1.0.0
2026-07-25 13:41:00,585 [INFO] ThirdParty:1030 - CMSIS Pack Vendor :STMicroelectronics X-CUBE-AZRTOS-L4 1.0.0
2026-07-25 13:41:00,585 [INFO] ThirdParty:1030 - CMSIS Pack Vendor :quantropi X-CUBE-qispace-sdk-base 1.9.3
2026-07-25 13:41:00,585 [INFO] ThirdParty:1030 - CMSIS Pack Vendor :STMicroelectronics X-CUBE-ISPU 2.0.0
2026-07-25 13:41:00,585 [INFO] ThirdParty:1030 - CMSIS Pack Vendor :STMicroelectronics X-CUBE-EEPRMA1 5.1.0
2026-07-25 13:41:00,585 [INFO] ThirdParty:1030 - CMSIS Pack Vendor :STMicroelectronics MBEDTLS 2.16.2
2026-07-25 13:41:00,585 [INFO] ThirdParty:1030 - CMSIS Pack Vendor :STMicroelectronics X-CUBE-IPS 3.1.0
2026-07-25 13:41:00,585 [INFO] ThirdParty:1030 - CMSIS Pack Vendor :STMicroelectronics X-CUBE-ALS 1.0.2
2026-07-25 13:41:00,585 [INFO] ThirdParty:1030 - CMSIS Pack Vendor :emotas I-CUBE-CANOPEN 1.1.2
2026-07-25 13:41:00,585 [INFO] ThirdParty:1030 - CMSIS Pack Vendor :STMicroelectronics X-CUBE-TOUCHGFX 4.20.0
2026-07-25 13:41:00,585 [INFO] ThirdParty:1030 - CMSIS Pack Vendor :STMicroelectronics X-CUBE-MEMS1 10.0.0
2026-07-25 13:41:00,585 [INFO] ThirdParty:1030 - CMSIS Pack Vendor :ITTIA_DB I-CUBE-ITTIADB 8.9.0
2026-07-25 13:41:00,585 [INFO] ThirdParty:1030 - CMSIS Pack Vendor :STMicroelectronics X-CUBE-TOUCHGFX 4.24.2
2026-07-25 13:41:00,585 [INFO] ThirdParty:1030 - CMSIS Pack Vendor :STMicroelectronics X-CUBE-AZRTOS-WL 1.0.0
2026-07-25 13:41:00,586 [INFO] ThirdParty:1030 - CMSIS Pack Vendor :STMicroelectronics X-CUBE-TOUCHGFX 4.24.1
2026-07-25 13:41:00,586 [INFO] ThirdParty:1030 - CMSIS Pack Vendor :STMicroelectronics X-CUBE-STSE01 1.0.0
2026-07-25 13:41:00,586 [INFO] ThirdParty:1030 - CMSIS Pack Vendor :wolfSSL I-CUBE-wolfTPM 3.4.0
2026-07-25 13:41:00,586 [INFO] ThirdParty:1030 - CMSIS Pack Vendor :portGmbH I-Cube-SoM-uGOAL 1.1.0
2026-07-25 13:41:00,586 [INFO] ThirdParty:1030 - CMSIS Pack Vendor :STMicroelectronics X-CUBE-ALS 1.0.1
2026-07-25 13:41:00,586 [INFO] ThirdParty:1030 - CMSIS Pack Vendor :STMicroelectronics X-CUBE-NFC6 3.2.0
2026-07-25 13:41:00,586 [INFO] ThirdParty:1030 - CMSIS Pack Vendor :STMicroelectronics X-CUBE-MEMS1 9.5.0
2026-07-25 13:41:00,586 [INFO] ThirdParty:1030 - CMSIS Pack Vendor :STMicroelectronics X-CUBE-ST67W61 1.0.0
2026-07-25 13:41:00,586 [INFO] ThirdParty:1030 - CMSIS Pack Vendor :STMicroelectronics X-CUBE-AI 10.2.1
2026-07-25 13:41:00,586 [INFO] ThirdParty:1030 - CMSIS Pack Vendor :STMicroelectronics X-CUBE-AI 10.2.0
2026-07-25 13:41:00,586 [INFO] ThirdParty:1030 - CMSIS Pack Vendor :STMicroelectronics ThreadX 1.0.0
2026-07-25 13:41:00,586 [INFO] ThirdParty:1030 - CMSIS Pack Vendor :STMicroelectronics X-CUBE-MEMS1 12.1.0
2026-07-25 13:41:00,586 [INFO] ThirdParty:1030 - CMSIS Pack Vendor :STMicroelectronics X-CUBE-AZRTOS-WB 1.1.0
2026-07-25 13:41:00,586 [INFO] ThirdParty:1030 - CMSIS Pack Vendor :SEGGER I-CUBE-embOS 1.3.1
2026-07-25 13:41:00,586 [INFO] ThirdParty:1030 - CMSIS Pack Vendor :STMicroelectronics X-CUBE-ALGOBUILD 1.4.0
2026-07-25 13:41:00,586 [INFO] ThirdParty:1030 - CMSIS Pack Vendor :STMicroelectronics X-CUBE-MEMS1 11.3.0
2026-07-25 13:41:00,586 [INFO] ThirdParty:1030 - CMSIS Pack Vendor :STMicroelectronics X-CUBE-AZRTOS-L5 1.0.0
2026-07-25 13:41:00,586 [INFO] ThirdParty:1030 - CMSIS Pack Vendor :STMicroelectronics X-CUBE-EEPRMA1 3.1.1
2026-07-25 13:41:00,586 [INFO] ThirdParty:1030 - CMSIS Pack Vendor :STMicroelectronics X-CUBE-AZRTOS-H7RS 1.0.0
2026-07-25 13:41:00,586 [INFO] ThirdParty:1030 - CMSIS Pack Vendor :STMicroelectronics FP-ATR-ASTRA1 2.0.0
2026-07-25 13:41:00,586 [INFO] ThirdParty:1030 - CMSIS Pack Vendor :STMicroelectronics X-CUBE-TOF1 3.4.2
2026-07-25 13:41:00,586 [INFO] ThirdParty:1030 - CMSIS Pack Vendor :STMicroelectronics X-CUBE-TOF1 3.4.3
2026-07-25 13:41:00,586 [INFO] ThirdParty:1030 - CMSIS Pack Vendor :STMicroelectronics X-CUBE-AI 9.1.0
2026-07-25 13:41:00,586 [INFO] ThirdParty:1030 - CMSIS Pack Vendor :STMicroelectronics X-CUBE-TOF1 3.4.1
2026-07-25 13:41:00,586 [INFO] ThirdParty:1030 - CMSIS Pack Vendor :STMicroelectronics X-CUBE-AZRTOS-H7 3.2.0
2026-07-25 13:41:00,586 [INFO] ThirdParty:1030 - CMSIS Pack Vendor :STMicroelectronics X-CUBE-NFC13 1.0.0
2026-07-25 13:41:00,587 [INFO] ThirdParty:1030 - CMSIS Pack Vendor :Infineon AIROC-Wi-Fi-Bluetooth-STM32 1.6.0
2026-07-25 13:41:00,587 [INFO] ThirdParty:1030 - CMSIS Pack Vendor :wolfSSL I-CUBE-wolfSSH 1.4.17
2026-07-25 13:41:00,587 [INFO] ThirdParty:841 - exiting critical section [change project]
2026-07-25 13:41:00,787 [INFO] PinOutPanel:1589 - setPackage(No Configuration,No Configuration)
2026-07-25 13:41:00,788 [INFO] PinOutPanel:1589 - setPackage(STM32F411CEUx,UFQFPN48)
2026-07-25 13:41:00,969 [INFO] UtilMem:75 - Before build in PCC Used Memory: 490362608 Bytes (658505728)
2026-07-25 13:41:01,181 [INFO] UtilMem:75 - After build in PCC Used Memory: 534402832 Bytes (658505728)
2026-07-25 13:41:01,195 [INFO] ApiDbMcu:508 - Load IP Config File for USB_DEVICE
2026-07-25 13:41:01,213 [INFO] IPUIPlugin:80 - create IPUIPlugin
2026-07-25 13:41:01,213 [INFO] IPUIPlugin:80 - create IPUIPlugin
2026-07-25 13:41:01,213 [INFO] IPUIPlugin:80 - create IPUIPlugin
2026-07-25 13:41:01,213 [INFO] IPUIPlugin:80 - create IPUIPlugin
2026-07-25 13:41:01,213 [INFO] IPUIPlugin:80 - create IPUIPlugin
2026-07-25 13:41:01,213 [INFO] IPUIPlugin:80 - create IPUIPlugin
2026-07-25 13:41:01,214 [INFO] IPUIPlugin:80 - create IPUIPlugin
2026-07-25 13:41:01,214 [INFO] IPUIPlugin:80 - create IPUIPlugin
2026-07-25 13:41:01,214 [INFO] IPUIPlugin:80 - create IPUIPlugin
2026-07-25 13:41:01,214 [INFO] IPUIPlugin:80 - create IPUIPlugin
2026-07-25 13:41:01,214 [INFO] IPUIPlugin:80 - create IPUIPlugin
2026-07-25 13:41:01,215 [INFO] IPUIPlugin:80 - create IPUIPlugin
2026-07-25 13:41:01,215 [INFO] IPUIPlugin:80 - create IPUIPlugin
2026-07-25 13:41:01,215 [INFO] IPUIPlugin:80 - create IPUIPlugin
2026-07-25 13:41:01,215 [INFO] IPUIPlugin:80 - create IPUIPlugin
2026-07-25 13:41:01,215 [INFO] IPUIPlugin:80 - create IPUIPlugin
2026-07-25 13:41:01,215 [INFO] IPUIPlugin:80 - create IPUIPlugin
2026-07-25 13:41:01,215 [INFO] IPUIPlugin:80 - create IPUIPlugin
2026-07-25 13:41:01,216 [INFO] IPUIPlugin:80 - create IPUIPlugin
2026-07-25 13:41:01,216 [INFO] IPUIPlugin:80 - create IPUIPlugin
2026-07-25 13:41:01,216 [INFO] IPUIPlugin:80 - create IPUIPlugin
2026-07-25 13:41:01,216 [INFO] IPUIPlugin:80 - create IPUIPlugin
2026-07-25 13:41:01,216 [INFO] IPUIPlugin:80 - create IPUIPlugin
2026-07-25 13:41:01,216 [INFO] IPUIPlugin:80 - create IPUIPlugin
2026-07-25 13:41:01,216 [INFO] IPUIPlugin:80 - create IPUIPlugin
2026-07-25 13:41:01,216 [INFO] IPUIPlugin:80 - create IPUIPlugin
2026-07-25 13:41:01,217 [INFO] IPUIPlugin:80 - create IPUIPlugin
2026-07-25 13:41:01,217 [INFO] IPUIPlugin:80 - create IPUIPlugin
2026-07-25 13:41:01,217 [INFO] IPUIPlugin:80 - create IPUIPlugin
2026-07-25 13:41:01,217 [INFO] IPUIPlugin:80 - create IPUIPlugin
2026-07-25 13:41:01,217 [INFO] IPUIPlugin:80 - create IPUIPlugin
2026-07-25 13:41:01,217 [INFO] IPUIPlugin:80 - create IPUIPlugin
2026-07-25 13:41:01,218 [INFO] IPUIPlugin:80 - create IPUIPlugin
2026-07-25 13:41:01,218 [INFO] IPUIPlugin:80 - create IPUIPlugin
2026-07-25 13:41:01,218 [INFO] IPUIPlugin:80 - create IPUIPlugin
2026-07-25 13:41:01,218 [INFO] IPUIPlugin:80 - create IPUIPlugin
2026-07-25 13:41:01,218 [INFO] IPUIPlugin:80 - create IPUIPlugin
2026-07-25 13:41:01,218 [INFO] IPUIPlugin:80 - create IPUIPlugin
2026-07-25 13:41:01,219 [INFO] IPUIPlugin:80 - create IPUIPlugin
2026-07-25 13:41:01,219 [INFO] IPUIPlugin:80 - create IPUIPlugin
2026-07-25 13:41:01,219 [INFO] IPUIPlugin:80 - create IPUIPlugin
2026-07-25 13:41:01,219 [INFO] IPUIPlugin:80 - create IPUIPlugin
2026-07-25 13:41:01,219 [INFO] IPUIPlugin:80 - create IPUIPlugin
2026-07-25 13:41:01,223 [INFO] ApiDbMcu:508 - Load IP Config File for PDM2PCM
2026-07-25 13:41:01,225 [INFO] I2sManager:658 - 1.1875E8
2026-07-25 13:41:01,225 [INFO] I2sManager:195 - I2S Clock Value : 1.1875E8
2026-07-25 13:41:01,225 [INFO] I2sManager:553 - AudioClock : 15995Divider : 116Odd : 0
2026-07-25 13:41:01,299 [INFO] CADModel:165 - CPN selected for project levelSTM32F411CEU6
2026-07-25 13:41:01,299 [INFO] CADModel:114 - Register for checkConnection events
2026-07-25 13:41:01,357 [INFO] OpenFileManager:385 - Restore cursor
2026-07-25 13:41:01,552 [WARN] IP:2250 - DEVICE_SERIAL0_HID_FS not found: check if there is a RefParameter without a condition.
2026-07-25 13:41:01,552 [WARN] IP:2250 - DEVICE_SERIAL1_HID_FS not found: check if there is a RefParameter without a condition.
2026-07-25 13:41:01,552 [WARN] IP:2250 - DEVICE_SERIAL2_HID_FS not found: check if there is a RefParameter without a condition.
2026-07-25 13:41:01,553 [WARN] IP:2250 - DEVICE_SERIAL0_HID_FS not found: check if there is a RefParameter without a condition.
2026-07-25 13:41:01,553 [WARN] IP:2250 - DEVICE_SERIAL1_HID_FS not found: check if there is a RefParameter without a condition.
2026-07-25 13:41:01,553 [WARN] IP:2250 - DEVICE_SERIAL2_HID_FS not found: check if there is a RefParameter without a condition.
2026-07-25 13:41:07,980 [INFO] ADCParametersView:116 -                Rank 1 : false
2026-07-25 13:41:07,980 [INFO] ADCParametersView:116 -                Rank 1 : false
2026-07-25 13:41:07,980 [INFO] ADCParametersView:116 -                Rank 2 : false
2026-07-25 13:41:07,981 [INFO] ADCParametersView:116 -                Rank 1 : false
2026-07-25 13:41:07,981 [INFO] ADCParametersView:116 -                Rank 2 : false
2026-07-25 13:41:07,981 [INFO] ADCParametersView:116 -                Rank 3 : false
2026-07-25 13:41:07,982 [INFO] ADCParametersView:116 -                Rank 1 : false
2026-07-25 13:41:07,982 [INFO] ADCParametersView:116 -                Rank 2 : false
2026-07-25 13:41:07,982 [INFO] ADCParametersView:116 -                Rank 3 : false
2026-07-25 13:41:07,982 [INFO] ADCParametersView:116 -                Rank 4 : false
2026-07-25 13:41:08,078 [INFO] ADCParametersView:116 -                Rank 1 : false
2026-07-25 13:41:08,078 [INFO] ADCParametersView:116 -                Rank 2 : false
2026-07-25 13:41:08,079 [INFO] ADCParametersView:116 -                Rank 3 : false
2026-07-25 13:41:08,079 [INFO] ADCParametersView:116 -                Rank 4 : false
2026-07-25 13:41:08,079 [INFO] ADCParametersView:116 -                Rank 1 : false
2026-07-25 13:41:08,079 [INFO] ADCParametersView:116 -                Rank 2 : false
2026-07-25 13:41:08,079 [INFO] ADCParametersView:116 -                Rank 3 : false
2026-07-25 13:41:08,079 [INFO] ADCParametersView:116 -                Rank 4 : false
2026-07-25 13:41:08,079 [INFO] ADCParametersView:116 -                Rank 1 : false
2026-07-25 13:41:08,079 [INFO] ADCParametersView:116 -                Rank 2 : false
2026-07-25 13:41:08,079 [INFO] ADCParametersView:116 -                Rank 3 : false
2026-07-25 13:41:08,079 [INFO] ADCParametersView:116 -                Rank 4 : false
2026-07-25 13:41:08,079 [INFO] ADCParametersView:116 -                Rank 1 : false
2026-07-25 13:41:08,079 [INFO] ADCParametersView:116 -                Rank 2 : false
2026-07-25 13:41:08,079 [INFO] ADCParametersView:116 -                Rank 3 : false
2026-07-25 13:41:08,080 [INFO] ADCParametersView:116 -                Rank 4 : false
2026-07-25 13:41:08,080 [INFO] ADCParametersView:116 -                Rank 1 : false
2026-07-25 13:41:08,080 [INFO] ADCParametersView:116 -                Rank 2 : false
2026-07-25 13:41:08,080 [INFO] ADCParametersView:116 -                Rank 3 : false
2026-07-25 13:41:08,080 [INFO] ADCParametersView:116 -                Rank 4 : false
2026-07-25 13:41:08,080 [INFO] ADCParametersView:116 -                Rank 1 : false
2026-07-25 13:41:08,080 [INFO] ADCParametersView:116 -                Rank 2 : false
2026-07-25 13:41:08,080 [INFO] ADCParametersView:116 -                Rank 3 : false
2026-07-25 13:41:08,080 [INFO] ADCParametersView:116 -                Rank 4 : false
2026-07-25 13:41:08,080 [INFO] ADCParametersView:116 -                Rank 1 : false
2026-07-25 13:41:08,080 [INFO] ADCParametersView:116 -                Rank 2 : false
2026-07-25 13:41:08,080 [INFO] ADCParametersView:116 -                Rank 3 : false
2026-07-25 13:41:08,080 [INFO] ADCParametersView:116 -                Rank 4 : false
2026-07-25 13:41:08,080 [INFO] ADCParametersView:116 -                Rank 1 : false
2026-07-25 13:41:08,080 [INFO] ADCParametersView:116 -                Rank 2 : false
2026-07-25 13:41:08,080 [INFO] ADCParametersView:116 -                Rank 3 : false
2026-07-25 13:41:08,080 [INFO] ADCParametersView:116 -                Rank 4 : false
2026-07-25 13:41:08,080 [INFO] ADCParametersView:116 -                Rank 1 : false
2026-07-25 13:41:08,080 [INFO] ADCParametersView:116 -                Rank 2 : false
2026-07-25 13:41:08,080 [INFO] ADCParametersView:116 -                Rank 3 : false
2026-07-25 13:41:08,080 [INFO] ADCParametersView:116 -                Rank 4 : false
2026-07-25 13:41:08,082 [INFO] ADCParametersView:116 -                Rank 1 : false
2026-07-25 13:41:08,082 [INFO] ADCParametersView:116 -                Rank 2 : false
2026-07-25 13:41:08,082 [INFO] ADCParametersView:116 -                Rank 3 : false
2026-07-25 13:41:08,082 [INFO] ADCParametersView:116 -                Rank 4 : false
2026-07-25 13:41:08,082 [INFO] ADCParametersView:116 -                Rank 1 : false
2026-07-25 13:41:08,082 [INFO] ADCParametersView:116 -                Rank 2 : false
2026-07-25 13:41:08,082 [INFO] ADCParametersView:116 -                Rank 3 : false
2026-07-25 13:41:08,082 [INFO] ADCParametersView:116 -                Rank 4 : false
2026-07-25 13:41:08,082 [INFO] ADCParametersView:116 -                Rank 1 : false
2026-07-25 13:41:08,082 [INFO] ADCParametersView:116 -                Rank 2 : false
2026-07-25 13:41:08,082 [INFO] ADCParametersView:116 -                Rank 3 : false
2026-07-25 13:41:08,082 [INFO] ADCParametersView:116 -                Rank 4 : false
2026-07-25 13:41:08,082 [INFO] ADCParametersView:116 -                Rank 1 : false
2026-07-25 13:41:08,082 [INFO] ADCParametersView:116 -                Rank 2 : false
2026-07-25 13:41:08,082 [INFO] ADCParametersView:116 -                Rank 3 : false
2026-07-25 13:41:08,082 [INFO] ADCParametersView:116 -                Rank 4 : false
2026-07-25 13:41:08,082 [INFO] ADCParametersView:116 -                Rank 1 : false
2026-07-25 13:41:08,082 [INFO] ADCParametersView:116 -                Rank 2 : false
2026-07-25 13:41:08,082 [INFO] ADCParametersView:116 -                Rank 3 : false
2026-07-25 13:41:08,082 [INFO] ADCParametersView:116 -                Rank 4 : false
2026-07-25 13:41:08,083 [INFO] ADCParametersView:116 -                Rank 2 : false
2026-07-25 13:41:08,083 [INFO] ADCParametersView:116 -                Rank 3 : false
2026-07-25 13:41:08,083 [INFO] ADCParametersView:116 -                Rank 4 : false
2026-07-25 13:41:08,083 [INFO] ADCParametersView:116 -                Rank 3 : false
2026-07-25 13:41:08,083 [INFO] ADCParametersView:116 -                Rank 4 : false
2026-07-25 13:41:08,083 [INFO] ADCParametersView:116 -                Rank 4 : false
2026-07-25 13:41:08,102 [INFO] ADCParametersView:116 -                Rank 1 : false
2026-07-25 13:41:08,103 [INFO] ADCParametersView:116 -                Rank 1 : false
2026-07-25 13:41:08,103 [INFO] ADCParametersView:116 -                Rank 2 : false
2026-07-25 13:41:08,103 [INFO] ADCParametersView:116 -                Rank 1 : false
2026-07-25 13:41:08,103 [INFO] ADCParametersView:116 -                Rank 2 : false
2026-07-25 13:41:08,103 [INFO] ADCParametersView:116 -                Rank 3 : false
2026-07-25 13:41:08,103 [INFO] ADCParametersView:116 -                Rank 1 : false
2026-07-25 13:41:08,103 [INFO] ADCParametersView:116 -                Rank 2 : false
2026-07-25 13:41:08,103 [INFO] ADCParametersView:116 -                Rank 3 : false
2026-07-25 13:41:08,104 [INFO] ADCParametersView:116 -                Rank 4 : false
2026-07-25 13:41:14,479 [INFO] ADCParametersView:116 -                Rank 1 : false
2026-07-25 13:41:14,480 [INFO] ADCParametersView:116 -                Rank 2 : false
2026-07-25 13:41:14,480 [INFO] ADCParametersView:116 -                Rank 3 : false
2026-07-25 13:41:14,480 [INFO] ADCParametersView:116 -                Rank 4 : true
2026-07-25 13:49:32,709 [INFO] MainUpdater:2872 - connection check result : 22
2026-07-25 13:49:32,712 [INFO] MainUpdater:2872 - connection check result : 22
2026-07-25 13:49:35,241 [INFO] MainUpdater:2872 - connection check result : 22
2026-07-25 13:49:35,924 [INFO] I2sManager:658 - 1.1875E8
2026-07-25 13:49:35,924 [INFO] I2sManager:195 - I2S Clock Value : 1.1875E8
2026-07-25 13:49:35,924 [INFO] I2sManager:553 - AudioClock : 15995Divider : 116Odd : 0
2026-07-25 13:49:35,925 [INFO] MicroXplorer:468 - Change Database Path : 
2026-07-25 13:49:35,925 [INFO] MicroXplorer:498 - Change Database Version : DB.6.0.141
2026-07-25 13:49:35,944 [ERROR] ProjectManagerView:395 - 
java.lang.NullPointerException: Cannot invoke "javax.swing.JTextField.getText()" because the return value of "java.util.List.get(int)" is null
	at com.st.microxplorer.plugins.projectmanager.gui.ProjectChoiceTab$9.caretUpdate(ProjectChoiceTab.java:2678) ~[filemanager.jar:?]
	at javax.swing.text.JTextComponent.fireCaretUpdate(JTextComponent.java:408) ~[?:?]
	at javax.swing.text.JTextComponent$MutableCaretEvent.fire(JTextComponent.java:4484) ~[?:?]
	at javax.swing.text.JTextComponent$MutableCaretEvent.stateChanged(JTextComponent.java:4506) ~[?:?]
	at javax.swing.text.DefaultCaret.fireStateChanged(DefaultCaret.java:857) ~[?:?]
	at javax.swing.text.DefaultCaret.changeCaretPosition(DefaultCaret.java:1343) ~[?:?]
	at javax.swing.text.DefaultCaret.handleSetDot(DefaultCaret.java:1242) ~[?:?]
	at javax.swing.text.DefaultCaret.setDot(DefaultCaret.java:1223) ~[?:?]
	at javax.swing.text.DefaultCaret$Handler.insertUpdate(DefaultCaret.java:1819) ~[?:?]
	at javax.swing.text.AbstractDocument.fireInsertUpdate(AbstractDocument.java:227) ~[?:?]
	at javax.swing.text.AbstractDocument.handleInsertString(AbstractDocument.java:781) ~[?:?]
	at javax.swing.text.AbstractDocument.insertString(AbstractDocument.java:740) ~[?:?]
	at javax.swing.text.PlainDocument.insertString(PlainDocument.java:131) ~[?:?]
	at javax.swing.text.AbstractDocument.replace(AbstractDocument.java:699) ~[?:?]
	at javax.swing.text.JTextComponent.setText(JTextComponent.java:1725) ~[?:?]
	at com.st.microxplorer.plugins.projectmanager.gui.ProjectChoiceTab.createHeapStackFields(ProjectChoiceTab.java:979) ~[filemanager.jar:?]
	at com.st.microxplorer.plugins.projectmanager.gui.ProjectChoiceTab.buildLinkSettingsPanel(ProjectChoiceTab.java:3766) ~[filemanager.jar:?]
	at com.st.microxplorer.plugins.projectmanager.gui.ProjectChoiceTab.defineWindowsFields(ProjectChoiceTab.java:1962) ~[filemanager.jar:?]
	at com.st.microxplorer.plugins.projectmanager.gui.ProjectChoiceTab.updateSettings(ProjectChoiceTab.java:555) ~[filemanager.jar:?]
	at com.st.microxplorer.plugins.projectmanager.gui.ProjectSettingsPanel.UpdateDialog(ProjectSettingsPanel.java:245) ~[filemanager.jar:?]
	at com.st.microxplorer.plugins.projectmanager.ProjectManagerView.propertyChange(ProjectManagerView.java:392) ~[filemanager.jar:?]
	at java.beans.PropertyChangeSupport.fire(PropertyChangeSupport.java:343) ~[?:?]
	at java.beans.PropertyChangeSupport.firePropertyChange(PropertyChangeSupport.java:335) ~[?:?]
	at java.beans.PropertyChangeSupport.firePropertyChange(PropertyChangeSupport.java:268) ~[?:?]
	at com.st.microxplorer.util.MXPropertyChangeSupport.firePropertyChange(MXPropertyChangeSupport.java:54) ~[STM32CubeMX.jar:?]
	at com.st.microxplorer.mxsystem.MxSystem.closeConfig(MxSystem.java:899) ~[STM32CubeMX.jar:?]
	at com.st.microxplorer.maingui.MainPanel.closeConfig(MainPanel.java:789) ~[STM32CubeMX.jar:?]
	at com.st.microxplorer.plugins.filemanager.engine.OpenFileManager.loadConfigurationFile(OpenFileManager.java:287) ~[filemanager.jar:?]
	at com.st.microxplorer.plugins.filemanager.engine.MainFileManager.userLoadConfig(MainFileManager.java:341) ~[filemanager.jar:?]
	at com.st.microxplorer.plugins.filemanager.engine.MainFileManager.userLoadConfig(MainFileManager.java:319) ~[filemanager.jar:?]
	at com.st.microxplorer.plugins.filemanager.FileManagerView.getSpecificTask(FileManagerView.java:246) ~[filemanager.jar:?]
	at com.st.stm32cube.common.mx.editor.CubeMxEditor.getMxTabbedPaneInstance(CubeMxEditor.java:1198) ~[com.st.stm32cube.common.mx_6.14.1.202504091515/:?]
	at com.st.stm32cube.common.mx.editor.CubeMxEditor$12$1.createSwingComponent(CubeMxEditor.java:1068) ~[com.st.stm32cube.common.mx_6.14.1.202504091515/:?]
	at com.st.stm32cube.common.mx.oss.core.awtswtbridge.EmbeddedSwingComposite.doComponentCreation(EmbeddedSwingComposite.java:492) ~[com.st.stm32cube.common.mx.oss_6.14.1.202504091515/:?]
	at com.st.stm32cube.common.mx.oss.core.awtswtbridge.EmbeddedSwingComposite$4.run(EmbeddedSwingComposite.java:291) ~[com.st.stm32cube.common.mx.oss_6.14.1.202504091515/:?]
	at com.st.stm32cube.common.mx.oss.core.awtswtbridge.AwtEnvironment$2.run(AwtEnvironment.java:166) ~[com.st.stm32cube.common.mx.oss_6.14.1.202504091515/:?]
	at java.awt.event.InvocationEvent.dispatch(InvocationEvent.java:318) ~[?:?]
	at java.awt.EventQueue.dispatchEventImpl(EventQueue.java:773) ~[?:?]
	at java.awt.EventQueue$4.run(EventQueue.java:720) ~[?:?]
	at java.awt.EventQueue$4.run(EventQueue.java:714) ~[?:?]
	at java.security.AccessController.doPrivileged(AccessController.java:400) ~[?:?]
	at java.security.ProtectionDomain$JavaSecurityAccessImpl.doIntersectionPrivilege(ProtectionDomain.java:87) ~[?:?]
	at java.awt.EventQueue.dispatchEvent(EventQueue.java:742) ~[?:?]
	at java.awt.EventDispatchThread.pumpOneEventForFilters(EventDispatchThread.java:203) ~[?:?]
	at java.awt.EventDispatchThread.pumpEventsForFilter(EventDispatchThread.java:124) ~[?:?]
	at java.awt.EventDispatchThread.pumpEventsForHierarchy(EventDispatchThread.java:113) ~[?:?]
	at java.awt.EventDispatchThread.pumpEvents(EventDispatchThread.java:109) ~[?:?]
	at java.awt.EventDispatchThread.pumpEvents(EventDispatchThread.java:101) ~[?:?]
	at java.awt.EventDispatchThread.run(EventDispatchThread.java:90) ~[?:?]
2026-07-25 13:49:35,945 [WARN] ThirdParty:871 - waiting for thirdparty lock release [close project]
2026-07-25 13:49:35,945 [INFO] ThirdParty:873 - entering critical section [close project]
2026-07-25 13:49:35,946 [INFO] ThirdParty:883 - exiting critical section [close project]
2026-07-25 13:49:35,947 [INFO] PinOutPanel:1589 - setPackage(No Configuration,No Configuration)
2026-07-25 13:49:35,952 [WARN] IpParametersView:155 - Warning: This peripheral hasn't parameters
2026-07-25 13:49:35,956 [WARN] MainPanel:289 - <html><b><center>Warning: This peripheral has no parameters to be configured<br></b></html>
2026-07-25 13:49:35,959 [INFO] UtilMem:75 - Begin LoadConfig() Used Memory: 361263032 Bytes (685768704)
2026-07-25 13:49:35,960 [INFO] MicroXplorer:468 - Change Database Path : 
2026-07-25 13:49:35,960 [INFO] MicroXplorer:498 - Change Database Version : DB.6.0.141
2026-07-25 13:49:35,960 [INFO] OpenFileManager:354 - Change cursor
2026-07-25 13:49:35,975 [INFO] Mcu:2011 - Initializing MCU STM32F411C(C-E)Ux STM32F411CEUx STM32F411CEU6
2026-07-25 13:49:36,798 [INFO] Context:756 - Trying to add GPIOservice into a context  which must be forbidden
2026-07-25 13:49:37,142 [INFO] ImportTextPane:218 - (OptionalMessage_ERROR) Pin27 (VP_RIF_VS_RIF1) cannot be retrieved for this MCU
2026-07-25 13:49:37,271 [INFO] RtosManager:558 - Registered RTOS mode: class=CMSIS, group=RTOS, mode=CMSIS_V1, owner=FREERTOS
2026-07-25 13:49:37,271 [INFO] RtosManager:558 - Registered RTOS mode: class=CMSIS, group=RTOS2, mode=CMSIS_V2, owner=FREERTOS
2026-07-25 13:49:37,271 [INFO] RtosManager:558 - Registered RTOS mode: class=RTOS, group=Core, mode=CMSIS_V1, owner=FREERTOS
2026-07-25 13:49:37,271 [INFO] RtosManager:558 - Registered RTOS mode: class=RTOS, group=Core, mode=CMSIS_V2, owner=FREERTOS
2026-07-25 13:49:37,271 [WARN] ModelIntegratedComponent:184 - Missing modes for component STMicroelectronics:FreeRTOS:0.0.1:STMicroelectronics:RTOS:FreeRTOS:Core:::10.2.0:
2026-07-25 13:49:37,278 [WARN] ModelIntegratedComponent:63 - No mode defined for component null
2026-07-25 13:49:37,278 [WARN] ModelIntegratedComponent:63 - No mode defined for component null
2026-07-25 13:49:37,278 [WARN] ModelIntegratedComponent:63 - No mode defined for component null
2026-07-25 13:49:37,278 [WARN] ModelIntegratedComponent:63 - No mode defined for component null
2026-07-25 13:49:37,278 [WARN] ModelIntegratedComponent:63 - No mode defined for component null
2026-07-25 13:49:37,278 [WARN] ModelIntegratedComponent:63 - No mode defined for component null
2026-07-25 13:49:37,278 [WARN] ModelIntegratedComponent:63 - No mode defined for component null
2026-07-25 13:49:37,278 [WARN] ModelIntegratedComponent:63 - No mode defined for component null
2026-07-25 13:49:37,278 [WARN] ModelIntegratedComponent:63 - No mode defined for component null
2026-07-25 13:49:37,278 [WARN] ModelIntegratedComponent:63 - No mode defined for component null
2026-07-25 13:49:37,278 [WARN] ModelIntegratedComponent:63 - No mode defined for component null
2026-07-25 13:49:37,278 [WARN] ModelIntegratedComponent:63 - No mode defined for component null
2026-07-25 13:49:37,278 [WARN] ModelIntegratedComponent:63 - No mode defined for component null
2026-07-25 13:49:37,278 [WARN] ModelIntegratedComponent:63 - No mode defined for component null
2026-07-25 13:49:37,278 [WARN] ModelIntegratedComponent:63 - No mode defined for component null
2026-07-25 13:49:37,278 [WARN] ModelIntegratedComponent:63 - No mode defined for component null
2026-07-25 13:49:37,278 [WARN] ModelIntegratedComponent:63 - No mode defined for component null
2026-07-25 13:49:37,278 [WARN] ModelIntegratedComponent:63 - No mode defined for component null
2026-07-25 13:49:37,278 [WARN] ModelIntegratedComponent:63 - No mode defined for component null
2026-07-25 13:49:37,278 [WARN] ModelIntegratedComponent:63 - No mode defined for component null
2026-07-25 13:49:37,278 [WARN] ModelIntegratedComponent:63 - No mode defined for component null
2026-07-25 13:49:37,278 [WARN] ModelIntegratedComponent:63 - No mode defined for component null
2026-07-25 13:49:37,278 [WARN] ModelIntegratedComponent:63 - No mode defined for component null
2026-07-25 13:49:37,278 [WARN] ModelIntegratedComponent:63 - No mode defined for component null
2026-07-25 13:49:37,278 [WARN] ModelIntegratedComponent:63 - No mode defined for component null
2026-07-25 13:49:37,278 [WARN] ModelIntegratedComponent:63 - No mode defined for component null
2026-07-25 13:49:37,278 [WARN] ModelIntegratedComponent:63 - No mode defined for component null
2026-07-25 13:49:37,278 [WARN] ModelIntegratedComponent:63 - No mode defined for component null
2026-07-25 13:49:37,278 [WARN] ModelIntegratedComponent:63 - No mode defined for component null
2026-07-25 13:49:37,279 [WARN] ModelIntegratedComponent:63 - No mode defined for component null
2026-07-25 13:49:37,279 [WARN] ModelIntegratedComponent:63 - No mode defined for component null
2026-07-25 13:49:37,279 [WARN] ModelIntegratedComponent:63 - No mode defined for component null
2026-07-25 13:49:37,279 [WARN] ModelIntegratedComponent:63 - No mode defined for component null
2026-07-25 13:49:37,279 [WARN] ModelIntegratedComponent:63 - No mode defined for component null
2026-07-25 13:49:37,279 [WARN] ModelIntegratedComponent:63 - No mode defined for component null
2026-07-25 13:49:37,279 [WARN] ModelPack:524 - Component already loaded: STMicroelectronics:HAL Drivers:0.0.0:STMicroelectronics:Device:STMicro_Driver:XSPI:HAL::0.0.1:HAL_XSPI
2026-07-25 13:49:37,363 [WARN] ModelIntegratedComponent:182 - Modes not found for component STMicroelectronics:USB_DEVICE:1.0.0:STMicroelectronics:USB::USB Device:Audio HS::1.0:USB_DEVICE_1_0_RESTRICTED_HS
2026-07-25 13:49:37,363 [WARN] ModelIntegratedComponent:188 - Modes not found for component STMicroelectronics:USB_DEVICE:1.0.0:STMicroelectronics:USB::USB Device:Audio HS::1.0:USB_DEVICE_1_0_RESTRICTED_HS
2026-07-25 13:49:37,363 [WARN] ModelIntegratedComponent:182 - Modes not found for component STMicroelectronics:USB_DEVICE:1.0.0:STMicroelectronics:USB::USB Device:CDC HS::1.0:USB_DEVICE_1_0_RESTRICTED_HS
2026-07-25 13:49:37,363 [WARN] ModelIntegratedComponent:188 - Modes not found for component STMicroelectronics:USB_DEVICE:1.0.0:STMicroelectronics:USB::USB Device:CDC HS::1.0:USB_DEVICE_1_0_RESTRICTED_HS
2026-07-25 13:49:37,363 [WARN] ModelIntegratedComponent:182 - Modes not found for component STMicroelectronics:USB_DEVICE:1.0.0:STMicroelectronics:USB::USB Device:DFU HS::1.0:USB_DEVICE_1_0_RESTRICTED_HS
2026-07-25 13:49:37,363 [WARN] ModelIntegratedComponent:188 - Modes not found for component STMicroelectronics:USB_DEVICE:1.0.0:STMicroelectronics:USB::USB Device:DFU HS::1.0:USB_DEVICE_1_0_RESTRICTED_HS
2026-07-25 13:49:37,363 [WARN] ModelIntegratedComponent:182 - Modes not found for component STMicroelectronics:USB_DEVICE:1.0.0:STMicroelectronics:USB::USB Device:HID HS::1.0:USB_DEVICE_1_0_RESTRICTED_HS
2026-07-25 13:49:37,363 [WARN] ModelIntegratedComponent:188 - Modes not found for component STMicroelectronics:USB_DEVICE:1.0.0:STMicroelectronics:USB::USB Device:HID HS::1.0:USB_DEVICE_1_0_RESTRICTED_HS
2026-07-25 13:49:37,363 [WARN] ModelIntegratedComponent:182 - Modes not found for component STMicroelectronics:USB_DEVICE:1.0.0:STMicroelectronics:USB::USB Device:Custom HID HS::1.0:USB_DEVICE_1_0_RESTRICTED_HS
2026-07-25 13:49:37,363 [WARN] ModelIntegratedComponent:188 - Modes not found for component STMicroelectronics:USB_DEVICE:1.0.0:STMicroelectronics:USB::USB Device:Custom HID HS::1.0:USB_DEVICE_1_0_RESTRICTED_HS
2026-07-25 13:49:37,363 [WARN] ModelIntegratedComponent:182 - Modes not found for component STMicroelectronics:USB_DEVICE:1.0.0:STMicroelectronics:USB::USB Device:MSC HS::1.0:USB_DEVICE_1_0_RESTRICTED_HS
2026-07-25 13:49:37,363 [WARN] ModelIntegratedComponent:188 - Modes not found for component STMicroelectronics:USB_DEVICE:1.0.0:STMicroelectronics:USB::USB Device:MSC HS::1.0:USB_DEVICE_1_0_RESTRICTED_HS
2026-07-25 13:49:37,445 [WARN] ModelIntegratedComponent:182 - Modes not found for component STMicroelectronics:USB_HOST:1.0.0:STMicroelectronics:USB::USB Host:Audio HS::1.0:USB_HOST_1_0_RESTRICTED_HS
2026-07-25 13:49:37,445 [WARN] ModelIntegratedComponent:188 - Modes not found for component STMicroelectronics:USB_HOST:1.0.0:STMicroelectronics:USB::USB Host:Audio HS::1.0:USB_HOST_1_0_RESTRICTED_HS
2026-07-25 13:49:37,445 [WARN] ModelIntegratedComponent:182 - Modes not found for component STMicroelectronics:USB_HOST:1.0.0:STMicroelectronics:USB::USB Host:CDC HS::1.0:USB_HOST_1_0_RESTRICTED_HS
2026-07-25 13:49:37,445 [WARN] ModelIntegratedComponent:188 - Modes not found for component STMicroelectronics:USB_HOST:1.0.0:STMicroelectronics:USB::USB Host:CDC HS::1.0:USB_HOST_1_0_RESTRICTED_HS
2026-07-25 13:49:37,445 [WARN] ModelIntegratedComponent:182 - Modes not found for component STMicroelectronics:USB_HOST:1.0.0:STMicroelectronics:USB::USB Host:MSC HS::1.0:USB_HOST_1_0_RESTRICTED_HS
2026-07-25 13:49:37,445 [WARN] ModelIntegratedComponent:188 - Modes not found for component STMicroelectronics:USB_HOST:1.0.0:STMicroelectronics:USB::USB Host:MSC HS::1.0:USB_HOST_1_0_RESTRICTED_HS
2026-07-25 13:49:37,445 [WARN] ModelIntegratedComponent:182 - Modes not found for component STMicroelectronics:USB_HOST:1.0.0:STMicroelectronics:USB::USB Host:HID HS::1.0:USB_HOST_1_0_RESTRICTED_HS
2026-07-25 13:49:37,445 [WARN] ModelIntegratedComponent:188 - Modes not found for component STMicroelectronics:USB_HOST:1.0.0:STMicroelectronics:USB::USB Host:HID HS::1.0:USB_HOST_1_0_RESTRICTED_HS
2026-07-25 13:49:37,445 [WARN] ModelIntegratedComponent:182 - Modes not found for component STMicroelectronics:USB_HOST:1.0.0:STMicroelectronics:USB::USB Host:MTP HS::1.0:USB_HOST_1_0_RESTRICTED_HS
2026-07-25 13:49:37,445 [WARN] ModelIntegratedComponent:188 - Modes not found for component STMicroelectronics:USB_HOST:1.0.0:STMicroelectronics:USB::USB Host:MTP HS::1.0:USB_HOST_1_0_RESTRICTED_HS
2026-07-25 13:49:37,659 [INFO] ThirdPartyModel:298 - Start build external matchings
2026-07-25 13:49:41,955 [INFO] ThirdPartyModel:316 - End build external matchings
2026-07-25 13:49:42,042 [INFO] ImportTextPane:218 - (OptionalMessage_ERROR) IP (DMA) : Parameter (Instance) has Id (SPI2_TX) currently not set
2026-07-25 13:49:42,042 [INFO] ImportTextPane:218 - (OptionalMessage_ERROR) IP (DMA) : Parameter (Channel) has Id (SPI2_TX) currently not set
2026-07-25 13:49:42,042 [INFO] ImportTextPane:218 - (OptionalMessage_ERROR) IP (DMA) : Parameter (Direction) has Id (SPI2_TX) currently not set
2026-07-25 13:49:42,042 [INFO] ImportTextPane:218 - (OptionalMessage_ERROR) IP (DMA) : Parameter (PeriphInc) has Id (SPI2_TX) currently not set
2026-07-25 13:49:42,042 [INFO] ImportTextPane:218 - (OptionalMessage_ERROR) IP (DMA) : Parameter (MemInc) has Id (SPI2_TX) currently not set
2026-07-25 13:49:42,042 [INFO] ImportTextPane:218 - (OptionalMessage_ERROR) IP (DMA) : Parameter (PeriphDataAlignment) has Id (SPI2_TX) currently not set
2026-07-25 13:49:42,043 [INFO] ImportTextPane:218 - (OptionalMessage_ERROR) IP (DMA) : Parameter (MemDataAlignment) has Id (SPI2_TX) currently not set
2026-07-25 13:49:42,043 [INFO] ImportTextPane:218 - (OptionalMessage_ERROR) IP (DMA) : Parameter (Mode) has Id (SPI2_TX) currently not set
2026-07-25 13:49:42,043 [INFO] ImportTextPane:218 - (OptionalMessage_ERROR) IP (DMA) : Parameter (Priority) has Id (SPI2_TX) currently not set
2026-07-25 13:49:42,043 [INFO] ImportTextPane:218 - (OptionalMessage_ERROR) IP (DMA) : Parameter (FIFOMode) has Id (SPI2_TX) currently not set
2026-07-25 13:49:42,043 [INFO] ImportTextPane:218 - (OptionalMessage_ERROR) IP (DMA) : Parameter (Instance) has Id (ADC1) currently not set
2026-07-25 13:49:42,043 [INFO] ImportTextPane:218 - (OptionalMessage_ERROR) IP (DMA) : Parameter (Channel) has Id (ADC1) currently not set
2026-07-25 13:49:42,043 [INFO] ImportTextPane:218 - (OptionalMessage_ERROR) IP (DMA) : Parameter (Direction) has Id (ADC1) currently not set
2026-07-25 13:49:42,043 [INFO] ImportTextPane:218 - (OptionalMessage_ERROR) IP (DMA) : Parameter (PeriphInc) has Id (ADC1) currently not set
2026-07-25 13:49:42,043 [INFO] ImportTextPane:218 - (OptionalMessage_ERROR) IP (DMA) : Parameter (MemInc) has Id (ADC1) currently not set
2026-07-25 13:49:42,043 [INFO] ImportTextPane:218 - (OptionalMessage_ERROR) IP (DMA) : Parameter (PeriphDataAlignment) has Id (ADC1) currently not set
2026-07-25 13:49:42,043 [INFO] ImportTextPane:218 - (OptionalMessage_ERROR) IP (DMA) : Parameter (MemDataAlignment) has Id (ADC1) currently not set
2026-07-25 13:49:42,043 [INFO] ImportTextPane:218 - (OptionalMessage_ERROR) IP (DMA) : Parameter (Mode) has Id (ADC1) currently not set
2026-07-25 13:49:42,043 [INFO] ImportTextPane:218 - (OptionalMessage_ERROR) IP (DMA) : Parameter (Priority) has Id (ADC1) currently not set
2026-07-25 13:49:42,043 [INFO] ImportTextPane:218 - (OptionalMessage_ERROR) IP (DMA) : Parameter (FIFOMode) has Id (ADC1) currently not set
2026-07-25 13:49:42,044 [INFO] ImportTextPane:218 - (OptionalMessage_ERROR) IP (RCC) : Parameter (RTCHSEDivFreq_Value) has invalid value (12500000)
2026-07-25 13:49:42,049 [WARN] IP:2250 - DEVICE_SERIAL0_HID_FS not found: check if there is a RefParameter without a condition.
2026-07-25 13:49:42,050 [WARN] IP:2250 - DEVICE_SERIAL1_HID_FS not found: check if there is a RefParameter without a condition.
2026-07-25 13:49:42,050 [WARN] IP:2250 - DEVICE_SERIAL2_HID_FS not found: check if there is a RefParameter without a condition.
2026-07-25 13:49:42,190 [INFO] UtilMem:75 - End LoadConfig() Used Memory: 529265720 Bytes (685768704)
2026-07-25 13:49:42,229 [WARN] ThirdParty:833 - waiting for thirdparty lock release [change project]
2026-07-25 13:49:42,231 [INFO] ThirdParty:835 - entering critical section [change project]
2026-07-25 13:49:42,231 [INFO] ThirdParty:1030 - CMSIS Pack Vendor :STMicroelectronics X-CUBE-AZRTOS-H7 3.5.0
2026-07-25 13:49:42,231 [INFO] ThirdParty:1030 - CMSIS Pack Vendor :STMicroelectronics X-CUBE-PM33A1 1.0.0
2026-07-25 13:49:42,231 [INFO] ThirdParty:1030 - CMSIS Pack Vendor :STMicroelectronics USBPD 4.1
2026-07-25 13:49:42,231 [INFO] ThirdParty:1030 - CMSIS Pack Vendor :STMicroelectronics X-CUBE-GNSS1 6.0.0
2026-07-25 13:49:42,231 [INFO] ThirdParty:1030 - CMSIS Pack Vendor :STMicroelectronics USB_HOST 2.0.0
2026-07-25 13:49:42,231 [INFO] ThirdParty:1030 - CMSIS Pack Vendor :STMicroelectronics FP-SNS-MOTENVWB1 1.4.0
2026-07-25 13:49:42,231 [INFO] ThirdParty:1030 - CMSIS Pack Vendor :STMicroelectronics FP-ATR-ASTRA1 2.0.3
2026-07-25 13:49:42,231 [INFO] ThirdParty:1030 - CMSIS Pack Vendor :STMicroelectronics X-CUBE-AZRTOS-F4 1.1.0
2026-07-25 13:49:42,231 [INFO] ThirdParty:1030 - CMSIS Pack Vendor :STMicroelectronics LIBJPEG 8.0.0
2026-07-25 13:49:42,231 [INFO] ThirdParty:1030 - CMSIS Pack Vendor :STMicroelectronics FP-ATR-ASTRA1 2.0.2
2026-07-25 13:49:42,231 [INFO] ThirdParty:1030 - CMSIS Pack Vendor :STMicroelectronics FP-ATR-ASTRA1 2.0.1
2026-07-25 13:49:42,231 [INFO] ThirdParty:1030 - CMSIS Pack Vendor :Avnet-IotConnect X-CUBE-IoTC-DA16k-PMOD 1.0.0
2026-07-25 13:49:42,231 [INFO] ThirdParty:1030 - CMSIS Pack Vendor :STMicroelectronics X-CUBE-SMBUS 2.1.0
2026-07-25 13:49:42,231 [INFO] ThirdParty:1030 - CMSIS Pack Vendor :STMicroelectronics X-CUBE-WB05N 1.1.0
2026-07-25 13:49:42,231 [INFO] ThirdParty:1030 - CMSIS Pack Vendor :STMicroelectronics X-CUBE-ISPU 2.1.0
2026-07-25 13:49:42,231 [INFO] ThirdParty:1030 - CMSIS Pack Vendor :STMicroelectronics eDS-WB_DPC_TT-BIDIR 2.1.1
2026-07-25 13:49:42,231 [INFO] ThirdParty:1030 - CMSIS Pack Vendor :STMicroelectronics X-CUBE-FREERTOS 1.2.0
2026-07-25 13:49:42,231 [INFO] ThirdParty:1030 - CMSIS Pack Vendor :STMicroelectronics X-CUBE-ST60 1.0.0
2026-07-25 13:49:42,231 [INFO] ThirdParty:1030 - CMSIS Pack Vendor :STMicroelectronics X-CUBE-NFC12 1.0.0
2026-07-25 13:49:42,231 [INFO] ThirdParty:1030 - CMSIS Pack Vendor :STMicroelectronics X-CUBE-BLEMGR 1.2.0
2026-07-25 13:49:42,231 [INFO] ThirdParty:1030 - CMSIS Pack Vendor :STMicroelectronics X-CUBE-TOUCHGFX 4.23.2
2026-07-25 13:49:42,231 [INFO] ThirdParty:1030 - CMSIS Pack Vendor :STMicroelectronics X-CUBE-AZRTOS-F7 1.1.0
2026-07-25 13:49:42,231 [INFO] ThirdParty:1030 - CMSIS Pack Vendor :STMicroelectronics X-CUBE-AZRTOS-L5 2.0.0
2026-07-25 13:49:42,231 [INFO] ThirdParty:1030 - CMSIS Pack Vendor :STMicroelectronics USB_DEVICE 2.0.0
2026-07-25 13:49:42,231 [INFO] ThirdParty:1030 - CMSIS Pack Vendor :STMicroelectronics X-CUBE-NFC6 3.1.0
2026-07-25 13:49:42,231 [INFO] ThirdParty:1030 - CMSIS Pack Vendor :STMicroelectronics X-CUBE-BLE1 6.2.3
2026-07-25 13:49:42,231 [INFO] ThirdParty:1030 - CMSIS Pack Vendor :STMicroelectronics X-CUBE-MEMS1 11.0.0
2026-07-25 13:49:42,231 [INFO] ThirdParty:1030 - CMSIS Pack Vendor :STMicroelectronics X-CUBE-BLE1 6.2.4
2026-07-25 13:49:42,231 [INFO] ThirdParty:1030 - CMSIS Pack Vendor :STMicroelectronics X-CUBE-ALGOBUILD 1.5.0
2026-07-25 13:49:42,231 [INFO] ThirdParty:1030 - CMSIS Pack Vendor :STMicroelectronics FreeRTOS 0.0.1
2026-07-25 13:49:42,231 [INFO] ThirdParty:1030 - CMSIS Pack Vendor :STMicroelectronics X-CUBE-AZRTOS-H7RS 1.3.0
2026-07-25 13:49:42,231 [INFO] ThirdParty:1030 - CMSIS Pack Vendor :STMicroelectronics X-CUBE-BLEMGR 2.0.0
2026-07-25 13:49:42,231 [INFO] ThirdParty:1030 - CMSIS Pack Vendor :STMicroelectronics X-CUBE-DPower 1.2.0
2026-07-25 13:49:42,231 [INFO] ThirdParty:1030 - CMSIS Pack Vendor :STMicroelectronics eDS-WB_DPC_VIENNA 1.2.0
2026-07-25 13:49:42,231 [INFO] ThirdParty:1030 - CMSIS Pack Vendor :STMicroelectronics FP-SNS-FLIGHT1 5.0.2
2026-07-25 13:49:42,231 [INFO] ThirdParty:1030 - CMSIS Pack Vendor :STMicroelectronics eDS-WB_DPC_3PH2L-BIDIR 1.1.1
2026-07-25 13:49:42,231 [INFO] ThirdParty:1030 - CMSIS Pack Vendor :STMicroelectronics X-CUBE-NFC4 2.0.4
2026-07-25 13:49:42,231 [INFO] ThirdParty:1030 - CMSIS Pack Vendor :STMicroelectronics X-CUBE-AI 9.0.0
2026-07-25 13:49:42,231 [INFO] ThirdParty:1030 - CMSIS Pack Vendor :STMicroelectronics X-CUBE-AZRTOS-H7 3.1.0
2026-07-25 13:49:42,231 [INFO] ThirdParty:1030 - CMSIS Pack Vendor :STMicroelectronics PDM2PCM 3.3.0
2026-07-25 13:49:42,231 [INFO] ThirdParty:1030 - CMSIS Pack Vendor :STMicroelectronics X-CUBE-TOF1 3.1.0
2026-07-25 13:49:42,232 [INFO] ThirdParty:1030 - CMSIS Pack Vendor :STMicroelectronics X-CUBE-AZRTOS-H7 3.4.0
2026-07-25 13:49:42,232 [INFO] ThirdParty:1030 - CMSIS Pack Vendor :STMicroelectronics X-CUBE-DISPLAY 3.0.0
2026-07-25 13:49:42,232 [INFO] ThirdParty:1030 - CMSIS Pack Vendor :STMicroelectronics X-CUBE-GNSS1 7.1.1
2026-07-25 13:49:42,232 [INFO] ThirdParty:1030 - CMSIS Pack Vendor :STMicroelectronics X-CUBE-BLE1 7.0.0
2026-07-25 13:49:42,232 [INFO] ThirdParty:1030 - CMSIS Pack Vendor :STMicroelectronics X-CUBE-NFC10 1.0.0
2026-07-25 13:49:42,232 [INFO] ThirdParty:1030 - CMSIS Pack Vendor :wolfSSL I-CUBE-wolfSSL 5.5.1
2026-07-25 13:49:42,232 [INFO] ThirdParty:1030 - CMSIS Pack Vendor :STMicroelectronics X-CUBE-BLEMGR 4.0.0
2026-07-25 13:49:42,232 [INFO] ThirdParty:1030 - CMSIS Pack Vendor :STMicroelectronics X-CUBE-FREERTOS 1.3.1
2026-07-25 13:49:42,232 [INFO] ThirdParty:1030 - CMSIS Pack Vendor :STMicroelectronics HAL Drivers 0.0.0
2026-07-25 13:49:42,232 [INFO] ThirdParty:1030 - CMSIS Pack Vendor :STMicroelectronics X-CUBE-ST60 1.1.0
2026-07-25 13:49:42,232 [INFO] ThirdParty:1030 - CMSIS Pack Vendor :STMicroelectronics X-CUBE-FREERTOS 1.3.0
2026-07-25 13:49:42,232 [INFO] ThirdParty:1030 - CMSIS Pack Vendor :STMicroelectronics X-CUBE-NFC7 1.0.1
2026-07-25 13:49:42,232 [INFO] ThirdParty:1030 - CMSIS Pack Vendor :STMicroelectronics MBEDTLS 2.14.1
2026-07-25 13:49:42,232 [INFO] ThirdParty:1030 - CMSIS Pack Vendor :STMicroelectronics X-CUBE-GNSS1 7.1.0
2026-07-25 13:49:42,232 [INFO] ThirdParty:1030 - CMSIS Pack Vendor :STMicroelectronics X-CUBE-NFC7 1.0.0
2026-07-25 13:49:42,232 [INFO] ThirdParty:1030 - CMSIS Pack Vendor :STMicroelectronics X-CUBE-TOUCHGFX 4.26.0
2026-07-25 13:49:42,232 [INFO] ThirdParty:1030 - CMSIS Pack Vendor :STMicroelectronics X-CUBE-MEMS1 9.3.0
2026-07-25 13:49:42,232 [INFO] ThirdParty:1030 - CMSIS Pack Vendor :STMicroelectronics X-CUBE-TOUCHGFX 4.26.1
2026-07-25 13:49:42,232 [INFO] ThirdParty:1030 - CMSIS Pack Vendor :STMicroelectronics X-CUBE-EEPRMA1 4.1.0
2026-07-25 13:49:42,232 [INFO] ThirdParty:1030 - CMSIS Pack Vendor :STMicroelectronics X-CUBE-AI 7.2.0
2026-07-25 13:49:42,232 [INFO] ThirdParty:1030 - CMSIS Pack Vendor :STMicroelectronics X-CUBE-BLEMGR 3.1.0
2026-07-25 13:49:42,232 [INFO] ThirdParty:1030 - CMSIS Pack Vendor :STMicroelectronics X-CUBE-AI 10.0.0
2026-07-25 13:49:42,232 [INFO] ThirdParty:1030 - CMSIS Pack Vendor :STMicroelectronics FP-SNS-STAIOTCFT 1.0.0
2026-07-25 13:49:42,232 [INFO] ThirdParty:1030 - CMSIS Pack Vendor :STMicroelectronics FP-SNS-SMARTAG2 1.2.0
2026-07-25 13:49:42,232 [INFO] ThirdParty:1030 - CMSIS Pack Vendor :STMicroelectronics FP-SNS-FLIGHT1 5.1.0
2026-07-25 13:49:42,232 [INFO] ThirdParty:1030 - CMSIS Pack Vendor :STMicroelectronics X-CUBE-MEMS1 11.1.0
2026-07-25 13:49:42,232 [INFO] ThirdParty:1030 - CMSIS Pack Vendor :STMicroelectronics X-CUBE-AZRTOS-WL 2.0.0
2026-07-25 13:49:42,232 [INFO] ThirdParty:1030 - CMSIS Pack Vendor :STMicroelectronics X-CUBE-DPower 1.3.0
2026-07-25 13:49:42,232 [INFO] ThirdParty:1030 - CMSIS Pack Vendor :STMicroelectronics FP-SNS-MOTENV1 5.0.0
2026-07-25 13:49:42,232 [INFO] ThirdParty:1030 - CMSIS Pack Vendor :STMicroelectronics USB_DEVICE 1.0.0
2026-07-25 13:49:42,232 [INFO] ThirdParty:1030 - CMSIS Pack Vendor :STMicroelectronics X-CUBE-AZRTOS-H7RS 1.2.0
2026-07-25 13:49:42,232 [INFO] ThirdParty:1030 - CMSIS Pack Vendor :wolfSSL I-CUBE-wolfMQTT 1.19.0
2026-07-25 13:49:42,232 [INFO] ThirdParty:1030 - CMSIS Pack Vendor :STMicroelectronics X-CUBE-AZRTOS-L4 2.0.0
2026-07-25 13:49:42,232 [INFO] ThirdParty:1030 - CMSIS Pack Vendor :STMicroelectronics ThreadX 0.0.2
2026-07-25 13:49:42,232 [INFO] ThirdParty:1030 - CMSIS Pack Vendor :WES I-CUBE-Cesium 1.3.0
2026-07-25 13:49:42,232 [INFO] ThirdParty:1030 - CMSIS Pack Vendor :STMicroelectronics lwIP 2.1.2
2026-07-25 13:49:42,232 [INFO] ThirdParty:1030 - CMSIS Pack Vendor :STMicroelectronics X-CUBE-SFXS2LP1 4.0.0
2026-07-25 13:49:42,233 [INFO] ThirdParty:1030 - CMSIS Pack Vendor :STMicroelectronics X-CUBE-BLE2 3.3.0
2026-07-25 13:49:42,233 [INFO] ThirdParty:1030 - CMSIS Pack Vendor :Avnet-IOTCONNECT X-CUBE-iotc-st67-sdk 1.0.0
2026-07-25 13:49:42,233 [INFO] ThirdParty:1030 - CMSIS Pack Vendor :STMicroelectronics X-CUBE-DISPLAY 2.2.0
2026-07-25 13:49:42,233 [INFO] ThirdParty:1030 - CMSIS Pack Vendor :STMicroelectronics X-CUBE-TOF1 3.2.0
2026-07-25 13:49:42,233 [INFO] ThirdParty:1030 - CMSIS Pack Vendor :STMicroelectronics PDM2PCM 3.2.0
2026-07-25 13:49:42,233 [INFO] ThirdParty:1030 - CMSIS Pack Vendor :STMicroelectronics X-CUBE-ISPU 1.0.0
2026-07-25 13:49:42,233 [INFO] ThirdParty:1030 - CMSIS Pack Vendor :STMicroelectronics X-CUBE-WB05N 2.1.0
2026-07-25 13:49:42,233 [INFO] ThirdParty:1030 - CMSIS Pack Vendor :STMicroelectronics X-CUBE-ISPU 1.1.0
2026-07-25 13:49:42,233 [INFO] ThirdParty:1030 - CMSIS Pack Vendor :STMicroelectronics X-CUBE-AZRTOS-H7 3.3.0
2026-07-25 13:49:42,233 [INFO] ThirdParty:1030 - CMSIS Pack Vendor :RoweBots I-CUBE-UNISONRTOS 5.5.0-4
2026-07-25 13:49:42,233 [INFO] ThirdParty:1030 - CMSIS Pack Vendor :STMicroelectronics X-CUBE-NFC9 1.0.0
2026-07-25 13:49:42,233 [INFO] ThirdParty:1030 - CMSIS Pack Vendor :STMicroelectronics X-CUBE-AZRTOS-H7 2.1.0
2026-07-25 13:49:42,233 [INFO] ThirdParty:1030 - CMSIS Pack Vendor :STMicroelectronics X-CUBE-BLE1 7.1.0
2026-07-25 13:49:42,233 [INFO] ThirdParty:1030 - CMSIS Pack Vendor :STMicroelectronics USB_DEVICE 3.0.0
2026-07-25 13:49:42,233 [INFO] ThirdParty:1030 - CMSIS Pack Vendor :STMicroelectronics X-CUBE-TCPP 4.1.0
2026-07-25 13:49:42,233 [INFO] ThirdParty:1030 - CMSIS Pack Vendor :STMicroelectronics X-CUBE-EEPRMA1 5.2.0
2026-07-25 13:49:42,233 [INFO] ThirdParty:1030 - CMSIS Pack Vendor :STMicroelectronics X-CUBE-BLEMGR 4.1.0
2026-07-25 13:49:42,233 [INFO] ThirdParty:1030 - CMSIS Pack Vendor :STMicroelectronics X-CUBE-AI 8.0.0
2026-07-25 13:49:42,233 [INFO] ThirdParty:1030 - CMSIS Pack Vendor :STMicroelectronics X-CUBE-IPS 3.0.0
2026-07-25 13:49:42,233 [INFO] ThirdParty:1030 - CMSIS Pack Vendor :STMicroelectronics X-CUBE-AZRTOS-WB 2.0.0
2026-07-25 13:49:42,233 [INFO] ThirdParty:1030 - CMSIS Pack Vendor :STMicroelectronics X-CUBE-FREERTOS 1.0.1
2026-07-25 13:49:42,233 [INFO] ThirdParty:1030 - CMSIS Pack Vendor :STMicroelectronics X-CUBE-GNSS1 7.0.0
2026-07-25 13:49:42,233 [INFO] ThirdParty:1030 - CMSIS Pack Vendor :STMicroelectronics X-CUBE-GNSS1 7.0.1
2026-07-25 13:49:42,233 [INFO] ThirdParty:1030 - CMSIS Pack Vendor :STMicroelectronics X-CUBE-TOUCHGFX 4.21.3
2026-07-25 13:49:42,233 [INFO] ThirdParty:1030 - CMSIS Pack Vendor :STMicroelectronics X-CUBE-TOUCHGFX 4.25.0
2026-07-25 13:49:42,233 [INFO] ThirdParty:1030 - CMSIS Pack Vendor :STMicroelectronics X-CUBE-AI 7.3.0
2026-07-25 13:49:42,233 [INFO] ThirdParty:1030 - CMSIS Pack Vendor :STMicroelectronics X-CUBE-AI 10.1.0
2026-07-25 13:49:42,233 [INFO] ThirdParty:1030 - CMSIS Pack Vendor :STMicroelectronics FP-SNS-STBOX1 2.0.0
2026-07-25 13:49:42,233 [INFO] ThirdParty:1030 - CMSIS Pack Vendor :STMicroelectronics X-CUBE-MEMS1 12.0.0
2026-07-25 13:49:42,233 [INFO] ThirdParty:1030 - CMSIS Pack Vendor :STMicroelectronics X-CUBE-ALGOBUILD 1.3.0
2026-07-25 13:49:42,233 [INFO] ThirdParty:1030 - CMSIS Pack Vendor :STMicroelectronics X-CUBE-STSE01 2.0.0
2026-07-25 13:49:42,233 [INFO] ThirdParty:1030 - CMSIS Pack Vendor :STMicroelectronics X-CUBE-AZRTOS-L5 1.1.0
2026-07-25 13:49:42,233 [INFO] ThirdParty:1030 - CMSIS Pack Vendor :STMicroelectronics X-CUBE-MEMS1 11.2.0
2026-07-25 13:49:42,233 [INFO] ThirdParty:1030 - CMSIS Pack Vendor :STMicroelectronics X-CUBE-AZRTOS-G0 1.1.0
2026-07-25 13:49:42,233 [INFO] ThirdParty:1030 - CMSIS Pack Vendor :STMicroelectronics X-CUBE-SAFEA1 1.2.2
2026-07-25 13:49:42,233 [INFO] ThirdParty:1030 - CMSIS Pack Vendor :STMicroelectronics X-CUBE-NFC4 3.0.0
2026-07-25 13:49:42,233 [INFO] ThirdParty:1030 - CMSIS Pack Vendor :STMicroelectronics X-CUBE-SUBG2 5.0.0
2026-07-25 13:49:42,233 [INFO] ThirdParty:1030 - CMSIS Pack Vendor :STMicroelectronics X-CUBE-AZRTOS-H7RS 1.1.0
2026-07-25 13:49:42,233 [INFO] ThirdParty:1030 - CMSIS Pack Vendor :STMicroelectronics STM32_WPAN 1.0.0
2026-07-25 13:49:42,233 [INFO] ThirdParty:1030 - CMSIS Pack Vendor :SEGGER I-CUBE-embOS 1.2.1
2026-07-25 13:49:42,233 [INFO] ThirdParty:1030 - CMSIS Pack Vendor :wolfSSL I-CUBE-wolfMQTT 1.18.0
2026-07-25 13:49:42,233 [INFO] ThirdParty:1030 - CMSIS Pack Vendor :EmbeddedOffice I-CUBE-FS-RTOS 1.0.1
2026-07-25 13:49:42,233 [INFO] ThirdParty:1030 - CMSIS Pack Vendor :STMicroelectronics lwIP 2.0.3
2026-07-25 13:49:42,233 [INFO] ThirdParty:1030 - CMSIS Pack Vendor :Cesanta I-CUBE-Mongoose 7.13.0
2026-07-25 13:49:42,233 [INFO] ThirdParty:1030 - CMSIS Pack Vendor :STMicroelectronics USB_HOST 1.0.0
2026-07-25 13:49:42,233 [INFO] ThirdParty:1030 - CMSIS Pack Vendor :STMicroelectronics X-CUBE-AZRTOS-G4 2.0.0
2026-07-25 13:49:42,233 [INFO] ThirdParty:1030 - CMSIS Pack Vendor :STMicroelectronics X-CUBE-WB05N 2.0.0
2026-07-25 13:49:42,233 [INFO] ThirdParty:1030 - CMSIS Pack Vendor :STMicroelectronics PDM2PCM 3.1.0
2026-07-25 13:49:42,233 [INFO] ThirdParty:1030 - CMSIS Pack Vendor :STMicroelectronics X-CUBE-TOF1 3.3.0
2026-07-25 13:49:42,233 [INFO] ThirdParty:1030 - CMSIS Pack Vendor :STMicroelectronics FP-ATR-ASTRA1 1.1.1
2026-07-25 13:49:42,234 [INFO] ThirdParty:1030 - CMSIS Pack Vendor :STMicroelectronics X-CUBE-NFC7 2.0.0
2026-07-25 13:49:42,234 [INFO] ThirdParty:1030 - CMSIS Pack Vendor :STMicroelectronics X-CUBE-TCPP 4.2.0
2026-07-25 13:49:42,234 [INFO] ThirdParty:1030 - CMSIS Pack Vendor :RealThread X-CUBE-RT-Thread_Nano 4.1.1
2026-07-25 13:49:42,234 [INFO] ThirdParty:1030 - CMSIS Pack Vendor :STMicroelectronics FP-ATR-SIGFOX1 3.2.0
2026-07-25 13:49:42,234 [INFO] ThirdParty:1030 - CMSIS Pack Vendor :STMicroelectronics X-CUBE-AZRTOS-G4 1.0.0
2026-07-25 13:49:42,234 [INFO] ThirdParty:1030 - CMSIS Pack Vendor :STMicroelectronics X-CUBE-AZRTOS-L4 1.0.0
2026-07-25 13:49:42,234 [INFO] ThirdParty:1030 - CMSIS Pack Vendor :quantropi X-CUBE-qispace-sdk-base 1.9.3
2026-07-25 13:49:42,234 [INFO] ThirdParty:1030 - CMSIS Pack Vendor :STMicroelectronics X-CUBE-ISPU 2.0.0
2026-07-25 13:49:42,234 [INFO] ThirdParty:1030 - CMSIS Pack Vendor :STMicroelectronics X-CUBE-EEPRMA1 5.1.0
2026-07-25 13:49:42,234 [INFO] ThirdParty:1030 - CMSIS Pack Vendor :STMicroelectronics MBEDTLS 2.16.2
2026-07-25 13:49:42,234 [INFO] ThirdParty:1030 - CMSIS Pack Vendor :STMicroelectronics X-CUBE-IPS 3.1.0
2026-07-25 13:49:42,234 [INFO] ThirdParty:1030 - CMSIS Pack Vendor :STMicroelectronics X-CUBE-ALS 1.0.2
2026-07-25 13:49:42,234 [INFO] ThirdParty:1030 - CMSIS Pack Vendor :emotas I-CUBE-CANOPEN 1.1.2
2026-07-25 13:49:42,234 [INFO] ThirdParty:1030 - CMSIS Pack Vendor :STMicroelectronics X-CUBE-TOUCHGFX 4.20.0
2026-07-25 13:49:42,234 [INFO] ThirdParty:1030 - CMSIS Pack Vendor :STMicroelectronics X-CUBE-MEMS1 10.0.0
2026-07-25 13:49:42,234 [INFO] ThirdParty:1030 - CMSIS Pack Vendor :ITTIA_DB I-CUBE-ITTIADB 8.9.0
2026-07-25 13:49:42,234 [INFO] ThirdParty:1030 - CMSIS Pack Vendor :STMicroelectronics X-CUBE-TOUCHGFX 4.24.2
2026-07-25 13:49:42,234 [INFO] ThirdParty:1030 - CMSIS Pack Vendor :STMicroelectronics X-CUBE-AZRTOS-WL 1.0.0
2026-07-25 13:49:42,234 [INFO] ThirdParty:1030 - CMSIS Pack Vendor :STMicroelectronics X-CUBE-TOUCHGFX 4.24.1
2026-07-25 13:49:42,234 [INFO] ThirdParty:1030 - CMSIS Pack Vendor :STMicroelectronics X-CUBE-STSE01 1.0.0
2026-07-25 13:49:42,234 [INFO] ThirdParty:1030 - CMSIS Pack Vendor :wolfSSL I-CUBE-wolfTPM 3.4.0
2026-07-25 13:49:42,234 [INFO] ThirdParty:1030 - CMSIS Pack Vendor :portGmbH I-Cube-SoM-uGOAL 1.1.0
2026-07-25 13:49:42,234 [INFO] ThirdParty:1030 - CMSIS Pack Vendor :STMicroelectronics X-CUBE-ALS 1.0.1
2026-07-25 13:49:42,234 [INFO] ThirdParty:1030 - CMSIS Pack Vendor :STMicroelectronics X-CUBE-NFC6 3.2.0
2026-07-25 13:49:42,234 [INFO] ThirdParty:1030 - CMSIS Pack Vendor :STMicroelectronics X-CUBE-MEMS1 9.5.0
2026-07-25 13:49:42,234 [INFO] ThirdParty:1030 - CMSIS Pack Vendor :STMicroelectronics X-CUBE-ST67W61 1.0.0
2026-07-25 13:49:42,234 [INFO] ThirdParty:1030 - CMSIS Pack Vendor :STMicroelectronics X-CUBE-AI 10.2.1
2026-07-25 13:49:42,234 [INFO] ThirdParty:1030 - CMSIS Pack Vendor :STMicroelectronics X-CUBE-AI 10.2.0
2026-07-25 13:49:42,234 [INFO] ThirdParty:1030 - CMSIS Pack Vendor :STMicroelectronics ThreadX 1.0.0
2026-07-25 13:49:42,234 [INFO] ThirdParty:1030 - CMSIS Pack Vendor :STMicroelectronics X-CUBE-MEMS1 12.1.0
2026-07-25 13:49:42,234 [INFO] ThirdParty:1030 - CMSIS Pack Vendor :STMicroelectronics X-CUBE-AZRTOS-WB 1.1.0
2026-07-25 13:49:42,234 [INFO] ThirdParty:1030 - CMSIS Pack Vendor :SEGGER I-CUBE-embOS 1.3.1
2026-07-25 13:49:42,234 [INFO] ThirdParty:1030 - CMSIS Pack Vendor :STMicroelectronics X-CUBE-ALGOBUILD 1.4.0
2026-07-25 13:49:42,234 [INFO] ThirdParty:1030 - CMSIS Pack Vendor :STMicroelectronics X-CUBE-MEMS1 11.3.0
2026-07-25 13:49:42,234 [INFO] ThirdParty:1030 - CMSIS Pack Vendor :STMicroelectronics X-CUBE-AZRTOS-L5 1.0.0
2026-07-25 13:49:42,234 [INFO] ThirdParty:1030 - CMSIS Pack Vendor :STMicroelectronics X-CUBE-EEPRMA1 3.1.1
2026-07-25 13:49:42,234 [INFO] ThirdParty:1030 - CMSIS Pack Vendor :STMicroelectronics X-CUBE-AZRTOS-H7RS 1.0.0
2026-07-25 13:49:42,234 [INFO] ThirdParty:1030 - CMSIS Pack Vendor :STMicroelectronics FP-ATR-ASTRA1 2.0.0
2026-07-25 13:49:42,234 [INFO] ThirdParty:1030 - CMSIS Pack Vendor :STMicroelectronics X-CUBE-TOF1 3.4.2
2026-07-25 13:49:42,234 [INFO] ThirdParty:1030 - CMSIS Pack Vendor :STMicroelectronics X-CUBE-TOF1 3.4.3
2026-07-25 13:49:42,234 [INFO] ThirdParty:1030 - CMSIS Pack Vendor :STMicroelectronics X-CUBE-AI 9.1.0
2026-07-25 13:49:42,234 [INFO] ThirdParty:1030 - CMSIS Pack Vendor :STMicroelectronics X-CUBE-TOF1 3.4.1
2026-07-25 13:49:42,234 [INFO] ThirdParty:1030 - CMSIS Pack Vendor :STMicroelectronics X-CUBE-AZRTOS-H7 3.2.0
2026-07-25 13:49:42,234 [INFO] ThirdParty:1030 - CMSIS Pack Vendor :STMicroelectronics X-CUBE-NFC13 1.0.0
2026-07-25 13:49:42,234 [INFO] ThirdParty:1030 - CMSIS Pack Vendor :Infineon AIROC-Wi-Fi-Bluetooth-STM32 1.6.0
2026-07-25 13:49:42,235 [INFO] ThirdParty:1030 - CMSIS Pack Vendor :wolfSSL I-CUBE-wolfSSH 1.4.17
2026-07-25 13:49:42,235 [INFO] ThirdParty:841 - exiting critical section [change project]
2026-07-25 13:49:42,361 [INFO] PinOutPanel:1589 - setPackage(No Configuration,No Configuration)
2026-07-25 13:49:42,362 [INFO] PinOutPanel:1589 - setPackage(STM32F411CEUx,UFQFPN48)
2026-07-25 13:49:42,579 [INFO] UtilMem:75 - Before build in PCC Used Memory: 357502144 Bytes (709885952)
2026-07-25 13:49:42,845 [INFO] UtilMem:75 - After build in PCC Used Memory: 403123408 Bytes (709885952)
2026-07-25 13:49:42,856 [INFO] ApiDbMcu:508 - Load IP Config File for USB_DEVICE
2026-07-25 13:49:42,872 [INFO] IPUIPlugin:80 - create IPUIPlugin
2026-07-25 13:49:42,873 [INFO] IPUIPlugin:80 - create IPUIPlugin
2026-07-25 13:49:42,873 [INFO] IPUIPlugin:80 - create IPUIPlugin
2026-07-25 13:49:42,873 [INFO] IPUIPlugin:80 - create IPUIPlugin
2026-07-25 13:49:42,873 [INFO] IPUIPlugin:80 - create IPUIPlugin
2026-07-25 13:49:42,873 [INFO] IPUIPlugin:80 - create IPUIPlugin
2026-07-25 13:49:42,873 [INFO] IPUIPlugin:80 - create IPUIPlugin
2026-07-25 13:49:42,873 [INFO] IPUIPlugin:80 - create IPUIPlugin
2026-07-25 13:49:42,873 [INFO] IPUIPlugin:80 - create IPUIPlugin
2026-07-25 13:49:42,873 [INFO] IPUIPlugin:80 - create IPUIPlugin
2026-07-25 13:49:42,873 [INFO] IPUIPlugin:80 - create IPUIPlugin
2026-07-25 13:49:42,873 [INFO] IPUIPlugin:80 - create IPUIPlugin
2026-07-25 13:49:42,873 [INFO] IPUIPlugin:80 - create IPUIPlugin
2026-07-25 13:49:42,873 [INFO] IPUIPlugin:80 - create IPUIPlugin
2026-07-25 13:49:42,873 [INFO] IPUIPlugin:80 - create IPUIPlugin
2026-07-25 13:49:42,874 [INFO] IPUIPlugin:80 - create IPUIPlugin
2026-07-25 13:49:42,874 [INFO] IPUIPlugin:80 - create IPUIPlugin
2026-07-25 13:49:42,874 [INFO] IPUIPlugin:80 - create IPUIPlugin
2026-07-25 13:49:42,874 [INFO] IPUIPlugin:80 - create IPUIPlugin
2026-07-25 13:49:42,874 [INFO] IPUIPlugin:80 - create IPUIPlugin
2026-07-25 13:49:42,874 [INFO] IPUIPlugin:80 - create IPUIPlugin
2026-07-25 13:49:42,874 [INFO] IPUIPlugin:80 - create IPUIPlugin
2026-07-25 13:49:42,874 [INFO] IPUIPlugin:80 - create IPUIPlugin
2026-07-25 13:49:42,874 [INFO] IPUIPlugin:80 - create IPUIPlugin
2026-07-25 13:49:42,875 [INFO] IPUIPlugin:80 - create IPUIPlugin
2026-07-25 13:49:42,875 [INFO] IPUIPlugin:80 - create IPUIPlugin
2026-07-25 13:49:42,875 [INFO] IPUIPlugin:80 - create IPUIPlugin
2026-07-25 13:49:42,875 [INFO] IPUIPlugin:80 - create IPUIPlugin
2026-07-25 13:49:42,875 [INFO] IPUIPlugin:80 - create IPUIPlugin
2026-07-25 13:49:42,875 [INFO] IPUIPlugin:80 - create IPUIPlugin
2026-07-25 13:49:42,875 [INFO] IPUIPlugin:80 - create IPUIPlugin
2026-07-25 13:49:42,875 [INFO] IPUIPlugin:80 - create IPUIPlugin
2026-07-25 13:49:42,876 [INFO] IPUIPlugin:80 - create IPUIPlugin
2026-07-25 13:49:42,876 [INFO] IPUIPlugin:80 - create IPUIPlugin
2026-07-25 13:49:42,876 [INFO] IPUIPlugin:80 - create IPUIPlugin
2026-07-25 13:49:42,876 [INFO] IPUIPlugin:80 - create IPUIPlugin
2026-07-25 13:49:42,876 [INFO] IPUIPlugin:80 - create IPUIPlugin
2026-07-25 13:49:42,876 [INFO] IPUIPlugin:80 - create IPUIPlugin
2026-07-25 13:49:42,876 [INFO] IPUIPlugin:80 - create IPUIPlugin
2026-07-25 13:49:42,877 [INFO] IPUIPlugin:80 - create IPUIPlugin
2026-07-25 13:49:42,877 [INFO] IPUIPlugin:80 - create IPUIPlugin
2026-07-25 13:49:42,877 [INFO] IPUIPlugin:80 - create IPUIPlugin
2026-07-25 13:49:42,877 [INFO] IPUIPlugin:80 - create IPUIPlugin
2026-07-25 13:49:42,880 [INFO] ApiDbMcu:508 - Load IP Config File for PDM2PCM
2026-07-25 13:49:42,881 [INFO] I2sManager:658 - 1.1875E8
2026-07-25 13:49:42,881 [INFO] I2sManager:195 - I2S Clock Value : 1.1875E8
2026-07-25 13:49:42,881 [INFO] I2sManager:553 - AudioClock : 15995Divider : 116Odd : 0
2026-07-25 13:49:42,954 [INFO] CADModel:165 - CPN selected for project levelSTM32F411CEU6
2026-07-25 13:49:42,954 [INFO] CADModel:114 - Register for checkConnection events
2026-07-25 13:49:43,017 [INFO] OpenFileManager:385 - Restore cursor
2026-07-25 13:49:43,195 [WARN] IP:2250 - DEVICE_SERIAL0_HID_FS not found: check if there is a RefParameter without a condition.
2026-07-25 13:49:43,195 [WARN] IP:2250 - DEVICE_SERIAL1_HID_FS not found: check if there is a RefParameter without a condition.
2026-07-25 13:49:43,195 [WARN] IP:2250 - DEVICE_SERIAL2_HID_FS not found: check if there is a RefParameter without a condition.
2026-07-25 13:49:43,195 [WARN] IP:2250 - DEVICE_SERIAL0_HID_FS not found: check if there is a RefParameter without a condition.
2026-07-25 13:49:43,195 [WARN] IP:2250 - DEVICE_SERIAL1_HID_FS not found: check if there is a RefParameter without a condition.
2026-07-25 13:49:43,195 [WARN] IP:2250 - DEVICE_SERIAL2_HID_FS not found: check if there is a RefParameter without a condition.
2026-07-25 13:49:45,751 [INFO] ADCParametersView:116 -                Rank 1 : false
2026-07-25 13:49:45,752 [INFO] ADCParametersView:116 -                Rank 1 : false
2026-07-25 13:49:45,752 [INFO] ADCParametersView:116 -                Rank 2 : false
2026-07-25 13:49:45,752 [INFO] ADCParametersView:116 -                Rank 1 : false
2026-07-25 13:49:45,752 [INFO] ADCParametersView:116 -                Rank 2 : false
2026-07-25 13:49:45,752 [INFO] ADCParametersView:116 -                Rank 3 : false
2026-07-25 13:49:45,752 [INFO] ADCParametersView:116 -                Rank 1 : false
2026-07-25 13:49:45,752 [INFO] ADCParametersView:116 -                Rank 2 : false
2026-07-25 13:49:45,752 [INFO] ADCParametersView:116 -                Rank 3 : false
2026-07-25 13:49:45,752 [INFO] ADCParametersView:116 -                Rank 4 : false
2026-07-25 13:49:45,796 [INFO] ADCParametersView:116 -                Rank 1 : false
2026-07-25 13:49:45,796 [INFO] ADCParametersView:116 -                Rank 2 : false
2026-07-25 13:49:45,796 [INFO] ADCParametersView:116 -                Rank 3 : false
2026-07-25 13:49:45,796 [INFO] ADCParametersView:116 -                Rank 4 : false
2026-07-25 13:49:45,796 [INFO] ADCParametersView:116 -                Rank 1 : false
2026-07-25 13:49:45,796 [INFO] ADCParametersView:116 -                Rank 2 : false
2026-07-25 13:49:45,796 [INFO] ADCParametersView:116 -                Rank 3 : false
2026-07-25 13:49:45,797 [INFO] ADCParametersView:116 -                Rank 4 : false
2026-07-25 13:49:45,797 [INFO] ADCParametersView:116 -                Rank 1 : false
2026-07-25 13:49:45,797 [INFO] ADCParametersView:116 -                Rank 2 : false
2026-07-25 13:49:45,797 [INFO] ADCParametersView:116 -                Rank 3 : false
2026-07-25 13:49:45,797 [INFO] ADCParametersView:116 -                Rank 4 : false
2026-07-25 13:49:45,797 [INFO] ADCParametersView:116 -                Rank 1 : false
2026-07-25 13:49:45,797 [INFO] ADCParametersView:116 -                Rank 2 : false
2026-07-25 13:49:45,797 [INFO] ADCParametersView:116 -                Rank 3 : false
2026-07-25 13:49:45,797 [INFO] ADCParametersView:116 -                Rank 4 : false
2026-07-25 13:49:45,797 [INFO] ADCParametersView:116 -                Rank 1 : false
2026-07-25 13:49:45,797 [INFO] ADCParametersView:116 -                Rank 2 : false
2026-07-25 13:49:45,797 [INFO] ADCParametersView:116 -                Rank 3 : false
2026-07-25 13:49:45,797 [INFO] ADCParametersView:116 -                Rank 4 : false
2026-07-25 13:49:45,797 [INFO] ADCParametersView:116 -                Rank 1 : false
2026-07-25 13:49:45,797 [INFO] ADCParametersView:116 -                Rank 2 : false
2026-07-25 13:49:45,797 [INFO] ADCParametersView:116 -                Rank 3 : false
2026-07-25 13:49:45,797 [INFO] ADCParametersView:116 -                Rank 4 : false
2026-07-25 13:49:45,797 [INFO] ADCParametersView:116 -                Rank 1 : false
2026-07-25 13:49:45,797 [INFO] ADCParametersView:116 -                Rank 2 : false
2026-07-25 13:49:45,797 [INFO] ADCParametersView:116 -                Rank 3 : false
2026-07-25 13:49:45,797 [INFO] ADCParametersView:116 -                Rank 4 : false
2026-07-25 13:49:45,798 [INFO] ADCParametersView:116 -                Rank 1 : false
2026-07-25 13:49:45,798 [INFO] ADCParametersView:116 -                Rank 2 : false
2026-07-25 13:49:45,798 [INFO] ADCParametersView:116 -                Rank 3 : false
2026-07-25 13:49:45,798 [INFO] ADCParametersView:116 -                Rank 4 : false
2026-07-25 13:49:45,798 [INFO] ADCParametersView:116 -                Rank 1 : false
2026-07-25 13:49:45,798 [INFO] ADCParametersView:116 -                Rank 2 : false
2026-07-25 13:49:45,798 [INFO] ADCParametersView:116 -                Rank 3 : false
2026-07-25 13:49:45,798 [INFO] ADCParametersView:116 -                Rank 4 : false
2026-07-25 13:49:45,798 [INFO] ADCParametersView:116 -                Rank 1 : false
2026-07-25 13:49:45,798 [INFO] ADCParametersView:116 -                Rank 2 : false
2026-07-25 13:49:45,798 [INFO] ADCParametersView:116 -                Rank 3 : false
2026-07-25 13:49:45,798 [INFO] ADCParametersView:116 -                Rank 4 : false
2026-07-25 13:49:45,798 [INFO] ADCParametersView:116 -                Rank 1 : false
2026-07-25 13:49:45,798 [INFO] ADCParametersView:116 -                Rank 2 : false
2026-07-25 13:49:45,798 [INFO] ADCParametersView:116 -                Rank 3 : false
2026-07-25 13:49:45,798 [INFO] ADCParametersView:116 -                Rank 4 : false
2026-07-25 13:49:45,798 [INFO] ADCParametersView:116 -                Rank 1 : false
2026-07-25 13:49:45,798 [INFO] ADCParametersView:116 -                Rank 2 : false
2026-07-25 13:49:45,798 [INFO] ADCParametersView:116 -                Rank 3 : false
2026-07-25 13:49:45,798 [INFO] ADCParametersView:116 -                Rank 4 : false
2026-07-25 13:49:45,798 [INFO] ADCParametersView:116 -                Rank 1 : false
2026-07-25 13:49:45,798 [INFO] ADCParametersView:116 -                Rank 2 : false
2026-07-25 13:49:45,799 [INFO] ADCParametersView:116 -                Rank 3 : false
2026-07-25 13:49:45,799 [INFO] ADCParametersView:116 -                Rank 4 : false
2026-07-25 13:49:45,799 [INFO] ADCParametersView:116 -                Rank 1 : false
2026-07-25 13:49:45,799 [INFO] ADCParametersView:116 -                Rank 2 : false
2026-07-25 13:49:45,799 [INFO] ADCParametersView:116 -                Rank 3 : false
2026-07-25 13:49:45,799 [INFO] ADCParametersView:116 -                Rank 4 : false
2026-07-25 13:49:45,799 [INFO] ADCParametersView:116 -                Rank 2 : false
2026-07-25 13:49:45,799 [INFO] ADCParametersView:116 -                Rank 3 : false
2026-07-25 13:49:45,799 [INFO] ADCParametersView:116 -                Rank 4 : false
2026-07-25 13:49:45,799 [INFO] ADCParametersView:116 -                Rank 3 : false
2026-07-25 13:49:45,799 [INFO] ADCParametersView:116 -                Rank 4 : false
2026-07-25 13:49:45,799 [INFO] ADCParametersView:116 -                Rank 4 : false
2026-07-25 13:49:45,835 [INFO] ADCParametersView:116 -                Rank 1 : false
2026-07-25 13:49:45,835 [INFO] ADCParametersView:116 -                Rank 1 : false
2026-07-25 13:49:45,835 [INFO] ADCParametersView:116 -                Rank 2 : false
2026-07-25 13:49:45,836 [INFO] ADCParametersView:116 -                Rank 1 : false
2026-07-25 13:49:45,836 [INFO] ADCParametersView:116 -                Rank 2 : false
2026-07-25 13:49:45,836 [INFO] ADCParametersView:116 -                Rank 3 : false
2026-07-25 13:49:45,836 [INFO] ADCParametersView:116 -                Rank 1 : false
2026-07-25 13:49:45,836 [INFO] ADCParametersView:116 -                Rank 2 : false
2026-07-25 13:49:45,836 [INFO] ADCParametersView:116 -                Rank 3 : false
2026-07-25 13:49:45,836 [INFO] ADCParametersView:116 -                Rank 4 : false
2026-07-25 13:49:50,677 [INFO] SpinnerEditorADC:65 - is string kkkk
2026-07-25 13:50:03,259 [INFO] NvicIntPanel:101 - NVIC parent = com.st.microxplorer.plugins.ip.nvic.MultiNvicIntPanel[,0,0,0x0,invalid,layout=javax.swing.BoxLayout,alignmentX=0.0,alignmentY=0.0,border=,flags=9,maximumSize=,minimumSize=,preferredSize=]
2026-07-25 13:50:03,295 [INFO] ADCParametersView:116 -                Rank 1 : false
2026-07-25 13:50:03,295 [INFO] ADCParametersView:116 -                Rank 2 : false
2026-07-25 13:50:03,295 [INFO] ADCParametersView:116 -                Rank 3 : false
2026-07-25 13:50:03,295 [INFO] ADCParametersView:116 -                Rank 4 : false
2026-07-25 13:50:03,298 [INFO] ADCParametersView:116 -                Rank 1 : false
2026-07-25 13:50:03,298 [INFO] ADCParametersView:116 -                Rank 2 : false
2026-07-25 13:50:03,298 [INFO] ADCParametersView:116 -                Rank 3 : false
2026-07-25 13:50:03,298 [INFO] ADCParametersView:116 -                Rank 4 : false
2026-07-25 13:50:03,298 [INFO] ADCParametersView:116 -                Rank 1 : false
2026-07-25 13:50:03,298 [INFO] ADCParametersView:116 -                Rank 2 : false
2026-07-25 13:50:03,298 [INFO] ADCParametersView:116 -                Rank 3 : false
2026-07-25 13:50:03,298 [INFO] ADCParametersView:116 -                Rank 4 : false
2026-07-25 13:50:03,298 [INFO] ADCParametersView:116 -                Rank 1 : false
2026-07-25 13:50:03,298 [INFO] ADCParametersView:116 -                Rank 2 : false
2026-07-25 13:50:03,298 [INFO] ADCParametersView:116 -                Rank 3 : false
2026-07-25 13:50:03,298 [INFO] ADCParametersView:116 -                Rank 4 : false
2026-07-25 13:50:03,298 [INFO] ADCParametersView:116 -                Rank 1 : false
2026-07-25 13:50:03,298 [INFO] ADCParametersView:116 -                Rank 2 : false
2026-07-25 13:50:03,298 [INFO] ADCParametersView:116 -                Rank 3 : false
2026-07-25 13:50:03,298 [INFO] ADCParametersView:116 -                Rank 4 : false
2026-07-25 13:50:03,298 [INFO] ADCParametersView:116 -                Rank 1 : false
2026-07-25 13:50:03,298 [INFO] ADCParametersView:116 -                Rank 2 : false
2026-07-25 13:50:03,298 [INFO] ADCParametersView:116 -                Rank 3 : false
2026-07-25 13:50:03,298 [INFO] ADCParametersView:116 -                Rank 4 : false
2026-07-25 13:50:03,299 [INFO] ADCParametersView:116 -                Rank 1 : false
2026-07-25 13:50:03,299 [INFO] ADCParametersView:116 -                Rank 2 : false
2026-07-25 13:50:03,299 [INFO] ADCParametersView:116 -                Rank 3 : false
2026-07-25 13:50:03,299 [INFO] ADCParametersView:116 -                Rank 4 : false
2026-07-25 13:50:03,299 [INFO] ADCParametersView:116 -                Rank 1 : false
2026-07-25 13:50:03,299 [INFO] ADCParametersView:116 -                Rank 2 : false
2026-07-25 13:50:03,299 [INFO] ADCParametersView:116 -                Rank 3 : false
2026-07-25 13:50:03,299 [INFO] ADCParametersView:116 -                Rank 4 : false
2026-07-25 13:50:03,299 [INFO] ADCParametersView:116 -                Rank 1 : false
2026-07-25 13:50:03,299 [INFO] ADCParametersView:116 -                Rank 2 : false
2026-07-25 13:50:03,299 [INFO] ADCParametersView:116 -                Rank 3 : false
2026-07-25 13:50:03,299 [INFO] ADCParametersView:116 -                Rank 4 : false
2026-07-25 13:50:03,299 [INFO] ADCParametersView:116 -                Rank 1 : false
2026-07-25 13:50:03,299 [INFO] ADCParametersView:116 -                Rank 2 : false
2026-07-25 13:50:03,299 [INFO] ADCParametersView:116 -                Rank 3 : false
2026-07-25 13:50:03,299 [INFO] ADCParametersView:116 -                Rank 4 : false
2026-07-25 13:50:03,299 [INFO] ADCParametersView:116 -                Rank 1 : false
2026-07-25 13:50:03,299 [INFO] ADCParametersView:116 -                Rank 2 : false
2026-07-25 13:50:03,299 [INFO] ADCParametersView:116 -                Rank 3 : false
2026-07-25 13:50:03,299 [INFO] ADCParametersView:116 -                Rank 4 : false
2026-07-25 13:50:03,299 [INFO] ADCParametersView:116 -                Rank 1 : false
2026-07-25 13:50:03,299 [INFO] ADCParametersView:116 -                Rank 2 : false
2026-07-25 13:50:03,299 [INFO] ADCParametersView:116 -                Rank 3 : false
2026-07-25 13:50:03,299 [INFO] ADCParametersView:116 -                Rank 4 : false
2026-07-25 13:50:03,300 [INFO] ADCParametersView:116 -                Rank 1 : false
2026-07-25 13:50:03,300 [INFO] ADCParametersView:116 -                Rank 2 : false
2026-07-25 13:50:03,300 [INFO] ADCParametersView:116 -                Rank 3 : false
2026-07-25 13:50:03,300 [INFO] ADCParametersView:116 -                Rank 4 : false
2026-07-25 13:50:03,300 [INFO] ADCParametersView:116 -                Rank 1 : false
2026-07-25 13:50:03,300 [INFO] ADCParametersView:116 -                Rank 2 : false
2026-07-25 13:50:03,300 [INFO] ADCParametersView:116 -                Rank 3 : false
2026-07-25 13:50:03,300 [INFO] ADCParametersView:116 -                Rank 4 : false
2026-07-25 13:50:03,300 [INFO] ADCParametersView:116 -                Rank 2 : false
2026-07-25 13:50:03,300 [INFO] ADCParametersView:116 -                Rank 3 : false
2026-07-25 13:50:03,300 [INFO] ADCParametersView:116 -                Rank 4 : false
2026-07-25 13:50:03,300 [INFO] ADCParametersView:116 -                Rank 3 : false
2026-07-25 13:50:03,300 [INFO] ADCParametersView:116 -                Rank 4 : false
2026-07-25 13:50:03,300 [INFO] ADCParametersView:116 -                Rank 4 : false
2026-07-25 13:50:03,317 [INFO] ADCParametersView:116 -                Rank 1 : false
2026-07-25 13:50:03,317 [INFO] ADCParametersView:116 -                Rank 1 : false
2026-07-25 13:50:03,317 [INFO] ADCParametersView:116 -                Rank 2 : false
2026-07-25 13:50:03,318 [INFO] ADCParametersView:116 -                Rank 1 : false
2026-07-25 13:50:03,318 [INFO] ADCParametersView:116 -                Rank 2 : false
2026-07-25 13:50:03,318 [INFO] ADCParametersView:116 -                Rank 3 : false
2026-07-25 13:50:05,664 [INFO] UtilMem:75 - End SaveConfig() Used Memory: 427572560 Bytes (709885952)
2026-07-25 13:50:06,765 [INFO] UtilMem:75 - End SaveConfig() Used Memory: 445920592 Bytes (709885952)
2026-07-25 13:50:08,012 [INFO] UtilMem:75 - End SaveConfig() Used Memory: 525612368 Bytes (709885952)
2026-07-25 13:50:08,440 [INFO] BlockDiagram:2775 - set Specific Code input for plugin: USB_OTG_FS
2026-07-25 13:50:08,441 [INFO] BlockDiagram:2775 - set Specific Code input for plugin: NVIC
2026-07-25 13:50:08,441 [INFO] BlockDiagram:2775 - set Specific Code input for plugin: DMA
2026-07-25 13:50:08,441 [INFO] BlockDiagram:2775 - set Specific Code input for plugin: TIM1_8
2026-07-25 13:50:08,441 [INFO] BlockDiagram:2775 - set Specific Code input for plugin: TIM1_8
2026-07-25 13:50:08,441 [INFO] BlockDiagram:2775 - set Specific Code input for plugin: TIM1_8
2026-07-25 13:50:08,441 [INFO] BlockDiagram:2775 - set Specific Code input for plugin: USB_DEVICE
2026-07-25 13:50:08,441 [INFO] BlockDiagram:2775 - set Specific Code input for plugin: I2S
2026-07-25 13:50:08,441 [INFO] BlockDiagram:2775 - set Specific Code input for plugin: SYS
2026-07-25 13:50:08,441 [INFO] BlockDiagram:2775 - set Specific Code input for plugin: GPIO
2026-07-25 13:50:08,441 [INFO] BlockDiagram:2775 - set Specific Code input for plugin: ADC
2026-07-25 13:50:08,441 [INFO] BlockDiagram:2775 - set Specific Code input for plugin: RCC
2026-07-25 13:50:08,442 [INFO] CodeGenerator:882 - code generatio: config db path: C:\ST\STM32CubeIDE_1.10.1\STM32CubeIDE\plugins\com.st.stm32cube.common.mx_6.14.1.202504091515\\db\
2026-07-25 13:50:08,471 [WARN] IP:2250 - DEVICE_SERIAL0_HID_FS not found: check if there is a RefParameter without a condition.
2026-07-25 13:50:08,471 [WARN] IP:2250 - DEVICE_SERIAL1_HID_FS not found: check if there is a RefParameter without a condition.
2026-07-25 13:50:08,471 [WARN] IP:2250 - DEVICE_SERIAL2_HID_FS not found: check if there is a RefParameter without a condition.
2026-07-25 13:50:08,542 [INFO] CodeEngine:263 - oldGeneratedFile, D:\Projects\Ventures\Mruda\01_Technical\MCU_Software\MCU_3.1.0\Mruda_midi_3.0.2\MXTmpFiles\license.tmp_save
2026-07-25 13:50:08,833 [INFO] CodeEngine:287 - Generated code: D:\Projects\Ventures\Mruda\01_Technical\MCU_Software\MCU_3.1.0\Mruda_midi_3.0.2\MXTmpFiles\license.tmp
2026-07-25 13:50:08,900 [INFO] CodeEngine:263 - oldGeneratedFile, D:\Projects\Ventures\Mruda\01_Technical\MCU_Software\MCU_3.1.0\Mruda_midi_3.0.2\MXTmpFiles\gpio.tmp_save
2026-07-25 13:50:09,048 [INFO] CodeEngine:287 - Generated code: D:\Projects\Ventures\Mruda\01_Technical\MCU_Software\MCU_3.1.0\Mruda_midi_3.0.2\MXTmpFiles\gpio.tmp
2026-07-25 13:50:09,098 [WARN] IPConfigManager:3217 - Warning: the RefConfig PWREx_EnableUSBVoltageDetector is not available in your config.xml file
2026-07-25 13:50:09,110 [INFO] CodeEngine:263 - oldGeneratedFile, D:\Projects\Ventures\Mruda\01_Technical\MCU_Software\MCU_3.1.0\Mruda_midi_3.0.2\MXTmpFiles\usb_otg_fs_vars.tmp_save
2026-07-25 13:50:09,202 [INFO] CodeEngine:287 - Generated code: D:\Projects\Ventures\Mruda\01_Technical\MCU_Software\MCU_3.1.0\Mruda_midi_3.0.2\MXTmpFiles\usb_otg_fs_vars.tmp
2026-07-25 13:50:09,207 [INFO] CodeEngine:263 - oldGeneratedFile, D:\Projects\Ventures\Mruda\01_Technical\MCU_Software\MCU_3.1.0\Mruda_midi_3.0.2\MXTmpFiles\usb_otg_fs_inc.tmp_save
2026-07-25 13:50:09,274 [INFO] CodeEngine:287 - Generated code: D:\Projects\Ventures\Mruda\01_Technical\MCU_Software\MCU_3.1.0\Mruda_midi_3.0.2\MXTmpFiles\usb_otg_fs_inc.tmp
2026-07-25 13:50:09,278 [INFO] CodeEngine:263 - oldGeneratedFile, D:\Projects\Ventures\Mruda\01_Technical\MCU_Software\MCU_3.1.0\Mruda_midi_3.0.2\MXTmpFiles\usb_otg_fs_HalInit.tmp_save
2026-07-25 13:50:09,374 [INFO] CodeEngine:287 - Generated code: D:\Projects\Ventures\Mruda\01_Technical\MCU_Software\MCU_3.1.0\Mruda_midi_3.0.2\MXTmpFiles\usb_otg_fs_HalInit.tmp
2026-07-25 13:50:09,380 [INFO] CodeEngine:263 - oldGeneratedFile, D:\Projects\Ventures\Mruda\01_Technical\MCU_Software\MCU_3.1.0\Mruda_midi_3.0.2\MXTmpFiles\usb_otg_fs_Msp.tmp_save
2026-07-25 13:50:09,471 [INFO] CodeEngine:287 - Generated code: D:\Projects\Ventures\Mruda\01_Technical\MCU_Software\MCU_3.1.0\Mruda_midi_3.0.2\MXTmpFiles\usb_otg_fs_Msp.tmp
2026-07-25 13:50:09,779 [INFO] Middleware:1452 - No code input for Bsp Dependency
2026-07-25 13:50:09,809 [INFO] CodeEngine:263 - oldGeneratedFile, D:\Projects\Ventures\Mruda\01_Technical\MCU_Software\MCU_3.1.0\Mruda_midi_3.0.2\MXTmpFiles\dma.tmp_save
2026-07-25 13:50:09,892 [INFO] CodeEngine:287 - Generated code: D:\Projects\Ventures\Mruda\01_Technical\MCU_Software\MCU_3.1.0\Mruda_midi_3.0.2\MXTmpFiles\dma.tmp
2026-07-25 13:50:09,897 [INFO] CodeEngine:263 - oldGeneratedFile, D:\Projects\Ventures\Mruda\01_Technical\MCU_Software\MCU_3.1.0\Mruda_midi_3.0.2\MXTmpFiles\dma_GV.tmp_save
2026-07-25 13:50:09,953 [INFO] CodeEngine:287 - Generated code: D:\Projects\Ventures\Mruda\01_Technical\MCU_Software\MCU_3.1.0\Mruda_midi_3.0.2\MXTmpFiles\dma_GV.tmp
2026-07-25 13:50:09,992 [INFO] Middleware:1452 - No code input for Bsp Dependency
2026-07-25 13:50:10,015 [INFO] CodeEngine:263 - oldGeneratedFile, D:\Projects\Ventures\Mruda\01_Technical\MCU_Software\MCU_3.1.0\Mruda_midi_3.0.2\USB_DEVICE\App\usb_device.c_save
2026-07-25 13:50:10,097 [INFO] CodeEngine:287 - Generated code: D:\Projects\Ventures\Mruda\01_Technical\MCU_Software\MCU_3.1.0\Mruda_midi_3.0.2\USB_DEVICE\App\usb_device.c
2026-07-25 13:50:10,114 [INFO] CodeEngine:263 - oldGeneratedFile, D:\Projects\Ventures\Mruda\01_Technical\MCU_Software\MCU_3.1.0\Mruda_midi_3.0.2\USB_DEVICE\App\usb_device.h_save
2026-07-25 13:50:10,178 [INFO] CodeEngine:287 - Generated code: D:\Projects\Ventures\Mruda\01_Technical\MCU_Software\MCU_3.1.0\Mruda_midi_3.0.2\USB_DEVICE\App\usb_device.h
2026-07-25 13:50:10,193 [INFO] CodeEngine:263 - oldGeneratedFile, D:\Projects\Ventures\Mruda\01_Technical\MCU_Software\MCU_3.1.0\Mruda_midi_3.0.2\USB_DEVICE\Target\usbd_conf.h_save
2026-07-25 13:50:10,264 [INFO] CodeEngine:287 - Generated code: D:\Projects\Ventures\Mruda\01_Technical\MCU_Software\MCU_3.1.0\Mruda_midi_3.0.2\USB_DEVICE\Target\usbd_conf.h
2026-07-25 13:50:10,280 [INFO] CodeEngine:263 - oldGeneratedFile, D:\Projects\Ventures\Mruda\01_Technical\MCU_Software\MCU_3.1.0\Mruda_midi_3.0.2\USB_DEVICE\Target\usbd_conf.c_save
2026-07-25 13:50:10,389 [INFO] CodeEngine:287 - Generated code: D:\Projects\Ventures\Mruda\01_Technical\MCU_Software\MCU_3.1.0\Mruda_midi_3.0.2\USB_DEVICE\Target\usbd_conf.c
2026-07-25 13:50:10,407 [INFO] CodeEngine:263 - oldGeneratedFile, D:\Projects\Ventures\Mruda\01_Technical\MCU_Software\MCU_3.1.0\Mruda_midi_3.0.2\USB_DEVICE\App\usbd_desc.h_save
2026-07-25 13:50:10,473 [INFO] CodeEngine:287 - Generated code: D:\Projects\Ventures\Mruda\01_Technical\MCU_Software\MCU_3.1.0\Mruda_midi_3.0.2\USB_DEVICE\App\usbd_desc.h
2026-07-25 13:50:10,489 [INFO] CodeEngine:263 - oldGeneratedFile, D:\Projects\Ventures\Mruda\01_Technical\MCU_Software\MCU_3.1.0\Mruda_midi_3.0.2\USB_DEVICE\App\usbd_desc.c_save
2026-07-25 13:50:10,584 [INFO] CodeEngine:287 - Generated code: D:\Projects\Ventures\Mruda\01_Technical\MCU_Software\MCU_3.1.0\Mruda_midi_3.0.2\USB_DEVICE\App\usbd_desc.c
2026-07-25 13:50:10,610 [INFO] CodeEngine:263 - oldGeneratedFile, D:\Projects\Ventures\Mruda\01_Technical\MCU_Software\MCU_3.1.0\Mruda_midi_3.0.2\Core\Src\stm32f4xx_it.c_save
2026-07-25 13:50:10,711 [INFO] CodeEngine:287 - Generated code: D:\Projects\Ventures\Mruda\01_Technical\MCU_Software\MCU_3.1.0\Mruda_midi_3.0.2\Core\Src\stm32f4xx_it.c
2026-07-25 13:50:10,718 [INFO] CodeEngine:263 - oldGeneratedFile, D:\Projects\Ventures\Mruda\01_Technical\MCU_Software\MCU_3.1.0\Mruda_midi_3.0.2\Core\Inc\stm32f4xx_it.h_save
2026-07-25 13:50:10,779 [INFO] CodeEngine:287 - Generated code: D:\Projects\Ventures\Mruda\01_Technical\MCU_Software\MCU_3.1.0\Mruda_midi_3.0.2\Core\Inc\stm32f4xx_it.h
2026-07-25 13:50:10,809 [INFO] CodeEngine:263 - oldGeneratedFile, D:\Projects\Ventures\Mruda\01_Technical\MCU_Software\MCU_3.1.0\Mruda_midi_3.0.2\Core\Src\stm32f4xx_hal_msp.c_save
2026-07-25 13:50:10,939 [INFO] CodeEngine:287 - Generated code: D:\Projects\Ventures\Mruda\01_Technical\MCU_Software\MCU_3.1.0\Mruda_midi_3.0.2\Core\Src\stm32f4xx_hal_msp.c
2026-07-25 13:50:10,945 [INFO] CodeEngine:263 - oldGeneratedFile, D:\Projects\Ventures\Mruda\01_Technical\MCU_Software\MCU_3.1.0\Mruda_midi_3.0.2\MXTmpFiles\system.tmp_save
2026-07-25 13:50:11,009 [INFO] CodeEngine:287 - Generated code: D:\Projects\Ventures\Mruda\01_Technical\MCU_Software\MCU_3.1.0\Mruda_midi_3.0.2\MXTmpFiles\system.tmp
2026-07-25 13:50:11,031 [INFO] CodeEngine:319 - oldGeneratedFile, D:\Projects\Ventures\Mruda\01_Technical\MCU_Software\MCU_3.1.0\Mruda_midi_3.0.2\Core\Inc\stm32f4xx_hal_conf.h_save
2026-07-25 13:50:11,125 [INFO] CodeEngine:343 - Generated code: D:\Projects\Ventures\Mruda\01_Technical\MCU_Software\MCU_3.1.0\Mruda_midi_3.0.2\Core\Inc\stm32f4xx_hal_conf.h
2026-07-25 13:50:11,161 [INFO] ApiDbMcu:508 - Load IP Config File for ADC1
2026-07-25 13:50:11,163 [INFO] ApiDbMcu:508 - Load IP Config File for I2S2
2026-07-25 13:50:11,172 [INFO] ApiDbMcu:508 - Load IP Config File for TIM2
2026-07-25 13:50:11,181 [INFO] ApiDbMcu:508 - Load IP Config File for TIM3
2026-07-25 13:50:11,189 [INFO] ApiDbMcu:508 - Load IP Config File for TIM4
2026-07-25 13:50:11,192 [INFO] ApiDbMcu:508 - Load IP Config File for RCC
2026-07-25 13:50:11,196 [WARN] IPConfigManager:3790 - IP not found : TIM
2026-07-25 13:50:11,197 [WARN] CodeGenerator:4198 - IP not found : null
2026-07-25 13:50:11,217 [INFO] CodeEngine:263 - oldGeneratedFile, D:\Projects\Ventures\Mruda\01_Technical\MCU_Software\MCU_3.1.0\Mruda_midi_3.0.2\Core\Inc\main.h_save
2026-07-25 13:50:11,308 [INFO] CodeEngine:287 - Generated code: D:\Projects\Ventures\Mruda\01_Technical\MCU_Software\MCU_3.1.0\Mruda_midi_3.0.2\Core\Inc\main.h
2026-07-25 13:50:11,325 [INFO] CodeEngine:263 - oldGeneratedFile, D:\Projects\Ventures\Mruda\01_Technical\MCU_Software\MCU_3.1.0\Mruda_midi_3.0.2\Core\Src\main.c_save
2026-07-25 13:50:11,500 [INFO] CodeEngine:287 - Generated code: D:\Projects\Ventures\Mruda\01_Technical\MCU_Software\MCU_3.1.0\Mruda_midi_3.0.2\Core\Src\main.c
2026-07-25 13:50:11,946 [INFO] ProjectBuilder:3324 - Time for Copy HAL[1] : 234mS.
2026-07-25 13:50:11,957 [INFO] ProjectBuilder:4912 - Project Generator version: 4.6.0.1-B1
2026-07-25 13:50:12,043 [INFO] ConfigFileManager:1590 - The Die is : DIE431
2026-07-25 13:50:12,047 [INFO] ApiDbMcu:508 - Load IP Config File for FATFS
2026-07-25 13:50:12,051 [INFO] ApiDbMcu:508 - Load IP Config File for FREERTOS
2026-07-25 13:50:12,053 [INFO] ApiDbMcu:508 - Load IP Config File for LIBJPEG
2026-07-25 13:50:12,059 [INFO] ApiDbMcu:508 - Load IP Config File for MBEDTLS
2026-07-25 13:50:12,062 [INFO] ApiDbMcu:508 - Load IP Config File for USB_HOST
2026-07-25 13:50:12,397 [INFO] LogOutputStream:77 - [STDOUT_REDIRECT] 
2026-07-25 13:50:13,464 [INFO] ProjectBuilder:5191 - Time for Generating toolchain IDE Files: 1505mS.
2026-07-25 13:50:13,465 [INFO] ProjectBuilder:3181 - Time for Copy CMSIS : 0mS.
2026-07-25 13:50:13,470 [INFO] ProjectBuilder:3181 - Time for Copy CMSIS : 0mS.
