2026-05-20 13:16:41,714 [INFO] Activator:176 - 


2026-05-20 13:16:41,716 [INFO] Activator:177 - !SESSION log4j initialized
2026-05-20 13:16:51,332 [INFO] LogOutputStream:77 - [STDOUT_REDIRECT] 
2026-05-20 13:16:57,592 [INFO] ApplicationProperties:184 - Using Application install path: C:\ST\STM32CubeIDE_1.10.1\STM32CubeIDE\plugins\com.st.stm32cube.common.mx_6.14.1.202504091515
2026-05-20 13:16:57,613 [INFO] DbMcusXml:78 - Set database path to: C:\ST\STM32CubeIDE_1.10.1\STM32CubeIDE\plugins\com.st.stm32cube.common.mx_6.14.1.202504091515\\db\/mcu/
2026-05-20 13:16:57,614 [INFO] ApiDb:274 - Set plugin database path to: C:\ST\STM32CubeIDE_1.10.1\STM32CubeIDE\plugins\com.st.stm32cube.common.mx_6.14.1.202504091515\\db\/plugins/boardmanager/
2026-05-20 13:16:57,657 [WARN] ApiDb:259 - Overriding images path with different value:  => C:\ST\STM32CubeIDE_1.10.1\STM32CubeIDE\plugins\com.st.stm32cube.common.mx_6.14.1.202504091515\\db\/plugins/mcufinder/images/
2026-05-20 13:16:57,677 [INFO] ApiDb:250 - Set database path to: C:\Users\abhil\.stmcufinder\plugins\mcufinder//mcu/
2026-05-20 13:16:57,678 [INFO] DbMcusAds:125 - Set database path to: C:\Users\abhil\.stmcufinder\plugins\mcufinder//mcu/
2026-05-20 13:16:57,682 [INFO] CrossReferenceDbSqlite:203 - Set database path to: C:\Users\abhil\.stmcufinder\plugins\mcufinder//mcu/cs/
2026-05-20 13:16:57,821 [INFO] RulesReader:64 - Compatibility file has been processed (302 Rules)
2026-05-20 13:16:57,913 [INFO] DbMcusXml:78 - Set database path to: C:\ST\STM32CubeIDE_1.10.1\STM32CubeIDE\plugins\com.st.stm32cube.common.mx_6.14.1.202504091515\\db\/mcu/
2026-05-20 13:16:57,913 [INFO] ApiDb:274 - Set plugin database path to: C:\ST\STM32CubeIDE_1.10.1\STM32CubeIDE\plugins\com.st.stm32cube.common.mx_6.14.1.202504091515\\db\/plugins/boardmanager/
2026-05-20 13:16:57,914 [INFO] ApiDb:261 - Set plugin images path to: C:\ST\STM32CubeIDE_1.10.1\STM32CubeIDE\plugins\com.st.stm32cube.common.mx_6.14.1.202504091515\\db\/plugins/mcufinder/images/
2026-05-20 13:16:57,914 [WARN] DbFile:41 - Overriding database path with different value: C:\Users\abhil\.stmcufinder\plugins\mcufinder/ => C:\Users\abhil\.stmcufinder\plugins\mcufinder
2026-05-20 13:16:57,914 [INFO] ApiDb:250 - Set database path to: C:\Users\abhil\.stmcufinder\plugins\mcufinder//mcu/
2026-05-20 13:16:57,914 [WARN] DbFile:41 - Overriding database path with different value: C:\Users\abhil\.stmcufinder\plugins\mcufinder/ => C:\Users\abhil\.stmcufinder\plugins\mcufinder
2026-05-20 13:16:57,914 [INFO] DbMcusAds:125 - Set database path to: C:\Users\abhil\.stmcufinder\plugins\mcufinder//mcu/
2026-05-20 13:16:57,914 [WARN] DbFile:41 - Overriding database path with different value: C:\Users\abhil\.stmcufinder\plugins\mcufinder/ => C:\Users\abhil\.stmcufinder\plugins\mcufinder
2026-05-20 13:16:57,914 [WARN] DbFile:41 - Overriding database path with different value: C:\Users\abhil\.stmcufinder\plugins\mcufinder/ => C:\Users\abhil\.stmcufinder\plugins\mcufinder
2026-05-20 13:16:57,914 [INFO] CrossReferenceDbSqlite:203 - Set database path to: C:\Users\abhil\.stmcufinder\plugins\mcufinder//mcu/cs/
2026-05-20 13:16:58,012 [INFO] MainPanel:272 - HeapMemory: 268435456
2026-05-20 13:16:58,134 [INFO] DbMcusXml:78 - Set database path to: C:\ST\STM32CubeIDE_1.10.1\STM32CubeIDE\plugins\com.st.stm32cube.common.mx_6.14.1.202504091515\\db\/mcu/
2026-05-20 13:16:58,134 [INFO] ApiDb:274 - Set plugin database path to: C:\ST\STM32CubeIDE_1.10.1\STM32CubeIDE\plugins\com.st.stm32cube.common.mx_6.14.1.202504091515\\db\/plugins/boardmanager/
2026-05-20 13:16:58,134 [INFO] ApiDb:261 - Set plugin images path to: C:\ST\STM32CubeIDE_1.10.1\STM32CubeIDE\plugins\com.st.stm32cube.common.mx_6.14.1.202504091515\\db\/plugins/mcufinder/images/
2026-05-20 13:16:58,136 [WARN] DbFile:41 - Overriding database path with different value: C:\Users\abhil\.stmcufinder\plugins\mcufinder/ => C:\Users\abhil\.stmcufinder\plugins\mcufinder
2026-05-20 13:16:58,136 [INFO] ApiDb:250 - Set database path to: C:\Users\abhil\.stmcufinder\plugins\mcufinder//mcu/
2026-05-20 13:16:58,136 [WARN] DbFile:41 - Overriding database path with different value: C:\Users\abhil\.stmcufinder\plugins\mcufinder/ => C:\Users\abhil\.stmcufinder\plugins\mcufinder
2026-05-20 13:16:58,136 [INFO] DbMcusAds:125 - Set database path to: C:\Users\abhil\.stmcufinder\plugins\mcufinder//mcu/
2026-05-20 13:16:58,136 [WARN] DbFile:41 - Overriding database path with different value: C:\Users\abhil\.stmcufinder\plugins\mcufinder/ => C:\Users\abhil\.stmcufinder\plugins\mcufinder
2026-05-20 13:16:58,136 [WARN] DbFile:41 - Overriding database path with different value: C:\Users\abhil\.stmcufinder\plugins\mcufinder/ => C:\Users\abhil\.stmcufinder\plugins\mcufinder
2026-05-20 13:16:58,136 [INFO] CrossReferenceDbSqlite:203 - Set database path to: C:\Users\abhil\.stmcufinder\plugins\mcufinder//mcu/cs/
2026-05-20 13:16:58,157 [INFO] ApplicationProperties:184 - Using Application install path: C:\ST\STM32CubeIDE_1.10.1\STM32CubeIDE\plugins\com.st.stm32cube.common.mx_6.14.1.202504091515
2026-05-20 13:16:58,159 [INFO] PluginManage:196 - Search for loadable plugins [exclusion list=, ]
2026-05-20 13:16:58,161 [INFO] PluginManage:310 - Check plugin analytics
2026-05-20 13:17:07,856 [INFO] AnalyticsPlugin:253 - Accepted Software Licenses: 
2026-05-20 13:17:07,856 [INFO] AnalyticsPlugin:255 - Accepted CMSIS Pack Licenses: 
2026-05-20 13:17:07,856 [INFO] AnalyticsPlugin:257 - Accepted Firmware Licenses: FW.F4.1.27.0,FW.H7.1.10.0,FW.H7.1.12.0,FW.F4.1.28.0
2026-05-20 13:17:07,861 [INFO] PluginManage:359 - Loaded plugin analytics (category:tool,tabindex:-1)
2026-05-20 13:17:07,861 [INFO] PluginManage:310 - Check plugin cadmodel
2026-05-20 13:17:07,882 [INFO] CADModel:105 - Init CAD model plugin
2026-05-20 13:17:07,882 [INFO] PluginManage:359 - Loaded plugin cadmodel (category:power,tabindex:5)
2026-05-20 13:17:07,882 [INFO] PluginManage:310 - Check plugin clock
2026-05-20 13:17:07,910 [INFO] PluginManage:359 - Loaded plugin clock (category:base,tabindex:2)
2026-05-20 13:17:07,910 [INFO] PluginManage:310 - Check plugin ddr
2026-05-20 13:17:07,910 [INFO] PluginManage:359 - Loaded plugin ddr (category:tool,tabindex:6)
2026-05-20 13:17:07,910 [INFO] PluginManage:310 - Check plugin filemanager
2026-05-20 13:17:08,113 [INFO] PluginManage:359 - Loaded plugin filemanager (category:base,tabindex:10)
2026-05-20 13:17:08,113 [INFO] PluginManage:310 - Check plugin ipmanager
2026-05-20 13:17:08,122 [INFO] PluginManage:359 - Loaded plugin ipmanager (category:base,tabindex:5)
2026-05-20 13:17:08,122 [INFO] PluginManage:310 - Check plugin lpbam
2026-05-20 13:17:08,135 [INFO] PluginManage:359 - Loaded plugin lpbam (category:base,tabindex:0)
2026-05-20 13:17:08,135 [INFO] PluginManage:310 - Check plugin memorymap
2026-05-20 13:17:08,160 [INFO] PluginManage:359 - Loaded plugin memorymap (category:base,tabindex:4)
2026-05-20 13:17:08,160 [INFO] PluginManage:310 - Check plugin pinoutandconfiguration
2026-05-20 13:17:08,181 [INFO] PluginManage:359 - Loaded plugin pinoutandconfiguration (category:base,tabindex:1)
2026-05-20 13:17:08,181 [INFO] PluginManage:310 - Check plugin pinoutconfig
2026-05-20 13:17:08,298 [WARN] SupportedApi:132 - Cannot load RTOS API schema: s4s-elt-must-match.1: The content of 'definitions' must match (annotation?, (simpleType | complexType)?, (unique | key | keyref)*)). A problem was found starting at: attribute.
2026-05-20 13:17:08,451 [INFO] PluginManage:359 - Loaded plugin pinoutconfig (category:base,tabindex:0)
2026-05-20 13:17:08,451 [INFO] PluginManage:310 - Check plugin power
2026-05-20 13:17:08,473 [INFO] PluginManage:359 - Loaded plugin power (category:power,tabindex:4)
2026-05-20 13:17:08,473 [INFO] PluginManage:310 - Check plugin projectmanager
2026-05-20 13:17:08,489 [INFO] PluginManage:359 - Loaded plugin projectmanager (category:projectmanager,tabindex:4)
2026-05-20 13:17:08,489 [INFO] PluginManage:310 - Check plugin rif
2026-05-20 13:17:08,508 [INFO] PluginManage:359 - Loaded plugin rif (category:base,tabindex:3)
2026-05-20 13:17:08,508 [INFO] PluginManage:310 - Check plugin thirdparty
2026-05-20 13:17:08,854 [INFO] PluginManage:359 - Loaded plugin thirdparty (category:base,tabindex:-1)
2026-05-20 13:17:08,854 [WARN] IntegrityCheckThread:84 - waiting for thirdparty lock release [integrity check]
2026-05-20 13:17:08,854 [INFO] PluginManage:310 - Check plugin tools
2026-05-20 13:17:08,854 [INFO] IntegrityCheckThread:86 - entering critical section [integrity check]
2026-05-20 13:17:08,854 [INFO] ThirdPartyUpdaterWithRetryManager:70 - Updater plugin not ready yet. [1/15]
2026-05-20 13:17:08,905 [INFO] PluginManage:359 - Loaded plugin tools (category:base,tabindex:7)
2026-05-20 13:17:08,905 [INFO] PluginManage:310 - Check plugin tutovideos
2026-05-20 13:17:09,124 [INFO] PluginManage:359 - Loaded plugin tutovideos (category:base,tabindex:-1)
2026-05-20 13:17:09,124 [INFO] PluginManage:310 - Check plugin updater
2026-05-20 13:17:09,146 [INFO] PluginManage:359 - Loaded plugin updater (category:base,tabindex:12)
2026-05-20 13:17:09,146 [INFO] PluginManage:310 - Check plugin userauth
2026-05-20 13:17:09,151 [INFO] UserAuth:118 - Init User Auth plugin
2026-05-20 13:17:09,151 [INFO] PluginManage:359 - Loaded plugin userauth (category:base,tabindex:14)
2026-05-20 13:17:09,151 [INFO] PluginManage:283 - PluginManage : Loaded plugins [18]
2026-05-20 13:17:09,403 [INFO] PinOutPanel:1589 - setPackage(No Configuration,No Configuration)
2026-05-20 13:17:09,513 [INFO] CADModel:165 - CPN selected for project level
2026-05-20 13:17:09,513 [INFO] CADModel:114 - Register for checkConnection events
2026-05-20 13:17:09,548 [INFO] IPUIPlugin:80 - create IPUIPlugin
2026-05-20 13:17:09,548 [INFO] PluginManager:220 - loadIPPluginJar : add adc
2026-05-20 13:17:09,599 [INFO] IPUIPlugin:80 - create IPUIPlugin
2026-05-20 13:17:09,601 [INFO] PluginManager:220 - loadIPPluginJar : add aes
2026-05-20 13:17:09,657 [INFO] IPUIPlugin:80 - create IPUIPlugin
2026-05-20 13:17:09,657 [INFO] PluginManager:220 - loadIPPluginJar : add can
2026-05-20 13:17:09,690 [INFO] IPUIPlugin:80 - create IPUIPlugin
2026-05-20 13:17:09,690 [INFO] PluginManager:220 - loadIPPluginJar : add comp
2026-05-20 13:17:09,737 [INFO] IPUIPlugin:80 - create IPUIPlugin
2026-05-20 13:17:09,737 [INFO] PluginManager:220 - loadIPPluginJar : add cryp
2026-05-20 13:17:09,752 [INFO] IPUIPlugin:80 - create IPUIPlugin
2026-05-20 13:17:09,752 [INFO] PluginManager:220 - loadIPPluginJar : add ddr_ctrl_phy
2026-05-20 13:17:09,794 [INFO] IPUIPlugin:80 - create IPUIPlugin
2026-05-20 13:17:09,794 [INFO] PluginManager:220 - loadIPPluginJar : add dfsdm
2026-05-20 13:17:09,804 [INFO] IPUIPlugin:80 - create IPUIPlugin
2026-05-20 13:17:09,804 [INFO] PluginManager:220 - loadIPPluginJar : add dma
2026-05-20 13:17:09,857 [INFO] IPUIPlugin:80 - create IPUIPlugin
2026-05-20 13:17:09,857 [INFO] PluginManager:220 - loadIPPluginJar : add dma3
2026-05-20 13:17:09,923 [INFO] IPUIPlugin:80 - create IPUIPlugin
2026-05-20 13:17:09,923 [INFO] PluginManager:220 - loadIPPluginJar : add extmemmanager
2026-05-20 13:17:09,950 [INFO] IPUIPlugin:80 - create IPUIPlugin
2026-05-20 13:17:09,950 [INFO] PluginManager:220 - loadIPPluginJar : add fatfs
2026-05-20 13:17:10,003 [INFO] IPUIPlugin:80 - create IPUIPlugin
2026-05-20 13:17:10,003 [INFO] PluginManager:220 - loadIPPluginJar : add fmc
2026-05-20 13:17:10,024 [INFO] IPUIPlugin:80 - create IPUIPlugin
2026-05-20 13:17:10,024 [INFO] PluginManager:220 - loadIPPluginJar : add freertos
2026-05-20 13:17:10,054 [INFO] IPUIPlugin:80 - create IPUIPlugin
2026-05-20 13:17:10,054 [INFO] PluginManager:220 - loadIPPluginJar : add genericplugin
2026-05-20 13:17:10,182 [INFO] IPUIPlugin:80 - create IPUIPlugin
2026-05-20 13:17:10,182 [INFO] PluginManager:220 - loadIPPluginJar : add gfxmmu
2026-05-20 13:17:10,344 [INFO] IPUIPlugin:80 - create IPUIPlugin
2026-05-20 13:17:10,344 [INFO] PluginManager:220 - loadIPPluginJar : add gic
2026-05-20 13:17:10,369 [INFO] IPUIPlugin:80 - create IPUIPlugin
2026-05-20 13:17:10,369 [INFO] PluginManager:220 - loadIPPluginJar : add gpio
2026-05-20 13:17:10,490 [INFO] IPUIPlugin:80 - create IPUIPlugin
2026-05-20 13:17:10,490 [INFO] PluginManager:220 - loadIPPluginJar : add gtzc
2026-05-20 13:17:10,535 [INFO] IPUIPlugin:80 - create IPUIPlugin
2026-05-20 13:17:10,535 [INFO] PluginManager:220 - loadIPPluginJar : add hash
2026-05-20 13:17:10,606 [INFO] IPUIPlugin:80 - create IPUIPlugin
2026-05-20 13:17:10,606 [INFO] PluginManager:220 - loadIPPluginJar : add i2c
2026-05-20 13:17:10,646 [INFO] IPUIPlugin:80 - create IPUIPlugin
2026-05-20 13:17:10,646 [INFO] PluginManager:220 - loadIPPluginJar : add i2s
2026-05-20 13:17:10,711 [INFO] IPUIPlugin:80 - create IPUIPlugin
2026-05-20 13:17:10,711 [INFO] PluginManager:220 - loadIPPluginJar : add i3c
2026-05-20 13:17:10,845 [INFO] IPUIPlugin:80 - create IPUIPlugin
2026-05-20 13:17:10,845 [INFO] PluginManager:220 - loadIPPluginJar : add ipddr
2026-05-20 13:17:10,963 [INFO] IPUIPlugin:80 - create IPUIPlugin
2026-05-20 13:17:10,966 [INFO] PluginManager:220 - loadIPPluginJar : add linkedlist
2026-05-20 13:17:11,002 [INFO] IPUIPlugin:80 - create IPUIPlugin
2026-05-20 13:17:11,002 [INFO] PluginManager:220 - loadIPPluginJar : add lorawan
2026-05-20 13:17:11,047 [INFO] IPUIPlugin:80 - create IPUIPlugin
2026-05-20 13:17:11,047 [INFO] PluginManager:220 - loadIPPluginJar : add ltdc
2026-05-20 13:17:11,063 [INFO] IPUIPlugin:80 - create IPUIPlugin
2026-05-20 13:17:11,063 [INFO] PluginManager:220 - loadIPPluginJar : add mdma
2026-05-20 13:17:11,079 [INFO] IPUIPlugin:80 - create IPUIPlugin
2026-05-20 13:17:11,079 [INFO] PluginManager:220 - loadIPPluginJar : add nvic
2026-05-20 13:17:11,129 [INFO] IPUIPlugin:80 - create IPUIPlugin
2026-05-20 13:17:11,129 [INFO] PluginManager:220 - loadIPPluginJar : add opamp
2026-05-20 13:17:11,210 [INFO] IPUIPlugin:80 - create IPUIPlugin
2026-05-20 13:17:11,210 [INFO] PluginManager:220 - loadIPPluginJar : add openamp
2026-05-20 13:17:11,272 [INFO] IPUIPlugin:80 - create IPUIPlugin
2026-05-20 13:17:11,272 [INFO] PluginManager:220 - loadIPPluginJar : add pdm2pcm
2026-05-20 13:17:11,282 [INFO] IPUIPlugin:80 - create IPUIPlugin
2026-05-20 13:17:11,282 [INFO] PluginManager:220 - loadIPPluginJar : add plateformsettings
2026-05-20 13:17:11,311 [INFO] IPUIPlugin:80 - create IPUIPlugin
2026-05-20 13:17:11,311 [INFO] PluginManager:220 - loadIPPluginJar : add quadspi
2026-05-20 13:17:11,353 [INFO] IPUIPlugin:80 - create IPUIPlugin
2026-05-20 13:17:11,353 [INFO] PluginManager:220 - loadIPPluginJar : add radio
2026-05-20 13:17:11,366 [INFO] IPUIPlugin:80 - create IPUIPlugin
2026-05-20 13:17:11,366 [INFO] PluginManager:220 - loadIPPluginJar : add resmgrutility
2026-05-20 13:17:11,429 [INFO] IPUIPlugin:80 - create IPUIPlugin
2026-05-20 13:17:11,429 [INFO] PluginManager:220 - loadIPPluginJar : add sai
2026-05-20 13:17:11,480 [INFO] IPUIPlugin:80 - create IPUIPlugin
2026-05-20 13:17:11,480 [INFO] PluginManager:220 - loadIPPluginJar : add spi
2026-05-20 13:17:11,583 [INFO] IPUIPlugin:80 - create IPUIPlugin
2026-05-20 13:17:11,585 [INFO] PluginManager:220 - loadIPPluginJar : add stm32_wpan
2026-05-20 13:17:11,614 [INFO] IPUIPlugin:80 - create IPUIPlugin
2026-05-20 13:17:11,614 [INFO] PluginManager:220 - loadIPPluginJar : add tim
2026-05-20 13:17:11,691 [INFO] IPUIPlugin:80 - create IPUIPlugin
2026-05-20 13:17:11,691 [INFO] PluginManager:220 - loadIPPluginJar : add touchsensing
2026-05-20 13:17:11,707 [INFO] IPUIPlugin:80 - create IPUIPlugin
2026-05-20 13:17:11,707 [INFO] PluginManager:220 - loadIPPluginJar : add tracer_emb
2026-05-20 13:17:11,751 [INFO] IPUIPlugin:80 - create IPUIPlugin
2026-05-20 13:17:11,751 [INFO] PluginManager:220 - loadIPPluginJar : add ts
2026-05-20 13:17:11,778 [INFO] IPUIPlugin:80 - create IPUIPlugin
2026-05-20 13:17:11,778 [INFO] PluginManager:220 - loadIPPluginJar : add tsc
2026-05-20 13:17:11,807 [INFO] IPUIPlugin:80 - create IPUIPlugin
2026-05-20 13:17:11,807 [INFO] PluginManager:220 - loadIPPluginJar : add ucpd
2026-05-20 13:17:11,861 [INFO] ThirdPartyUpdaterWithRetryManager:70 - Updater plugin not ready yet. [2/15]
2026-05-20 13:17:11,861 [INFO] IPUIPlugin:80 - create IPUIPlugin
2026-05-20 13:17:11,861 [INFO] PluginManager:220 - loadIPPluginJar : add usart
2026-05-20 13:17:11,921 [INFO] IPUIPlugin:80 - create IPUIPlugin
2026-05-20 13:17:11,921 [INFO] PluginManager:220 - loadIPPluginJar : add usbx
2026-05-20 13:17:12,067 [FATAL] Updater:351 - Updater called before beeing initialized
2026-05-20 13:17:12,096 [INFO] RulesReader:64 - Compatibility file has been processed (302 Rules)
2026-05-20 13:17:12,106 [INFO] RulesReader:64 - Compatibility file has been processed (302 Rules)
2026-05-20 13:17:12,120 [INFO] CADModel:165 - CPN selected for project level
2026-05-20 13:17:12,120 [INFO] CADModel:114 - Register for checkConnection events
2026-05-20 13:17:12,121 [FATAL] Updater:351 - Updater called before beeing initialized
2026-05-20 13:17:12,121 [ERROR] CADModel:125 - Updater not yet initialized, retry later 
2026-05-20 13:17:12,280 [FATAL] Updater:351 - Updater called before beeing initialized
2026-05-20 13:17:12,280 [INFO] CADModel:165 - CPN selected for project level
2026-05-20 13:17:12,280 [INFO] CADModel:114 - Register for checkConnection events
2026-05-20 13:17:12,280 [FATAL] Updater:351 - Updater called before beeing initialized
2026-05-20 13:17:12,280 [ERROR] CADModel:125 - Updater not yet initialized, retry later 
2026-05-20 13:17:12,280 [FATAL] Updater:351 - Updater called before beeing initialized
2026-05-20 13:17:12,447 [FATAL] Updater:351 - Updater called before beeing initialized
2026-05-20 13:17:12,460 [INFO] DbMcusAds:53 - JSON generation date=Thu Mar 05 17:32:53 EAT 2026 (1772721173050)
2026-05-20 13:17:12,460 [FATAL] Updater:351 - Updater called before beeing initialized
2026-05-20 13:17:12,494 [WARN] DetailPanel:346 - Failed to get advertising image, set to default
2026-05-20 13:17:12,747 [FATAL] Updater:351 - Updater called before beeing initialized
2026-05-20 13:17:12,748 [FATAL] Updater:351 - Updater called before beeing initialized
2026-05-20 13:17:12,748 [FATAL] Updater:351 - Updater called before beeing initialized
2026-05-20 13:17:12,748 [WARN] DetailPanel:346 - Failed to get advertising image, set to default
2026-05-20 13:17:12,748 [FATAL] Updater:351 - Updater called before beeing initialized
2026-05-20 13:17:12,812 [ERROR] Updater:1198 - MainUpdater not yet initialized. External WinMGr cannot be set.
2026-05-20 13:17:12,840 [INFO] Updater:1134 - Updater Version found : 6.14.1
2026-05-20 13:17:12,860 [INFO] ApplicationProperties:184 - Using Application install path: C:\ST\STM32CubeIDE_1.10.1\STM32CubeIDE\plugins\com.st.stm32cube.common.mx_6.14.1.202504091515
2026-05-20 13:17:13,802 [INFO] MainUpdater:2872 - connection check result : 10
2026-05-20 13:17:13,802 [INFO] MainUpdater:3566 - Updater definition file requires update
2026-05-20 13:17:13,804 [INFO] MainUpdater:289 - Updater Check For Update Now.
2026-05-20 13:17:13,804 [INFO] MicroXplorer:498 - Change Database Version : DB.6.0.141
2026-05-20 13:17:13,823 [INFO] McuFinderGlobals:63 - Set McuFinder mode to 2 (CubeIDE integrated)
2026-05-20 13:17:13,830 [INFO] UserAuth:484 - Internet connection configuration mode: 1
2026-05-20 13:17:13,860 [INFO] JxBrowserEngine:152 - Initiate JxBrowser Engine with user profile folder
2026-05-20 13:17:13,876 [INFO] ServerAccessManage:473 - Download File updaters.zip
2026-05-20 13:17:13,987 [INFO] FileExtend:242 - Unzip File : updaters.zip
2026-05-20 13:17:13,987 [INFO] FileExtend:257 - Standard Zip Deflate
2026-05-20 13:17:14,877 [WARN] MainUpdater:1193 - Updater busy. Cannot search thirdparties
2026-05-20 13:17:14,877 [INFO] ThirdPartyUpdaterWithRetryManager:96 - Updater plugin is busy. [1/15]
2026-05-20 13:17:15,203 [INFO] ServerAccessManage:473 - Download File PacksControlFlags.xml
2026-05-20 13:17:15,283 [INFO] ServerAccessManage:473 - Download File cubemx.pidx
2026-05-20 13:17:15,439 [INFO] WebApp:169 - Instantiating new browser for Auth
2026-05-20 13:17:15,455 [INFO] LoadServerUpdatesThread:375 - End of LoadServerUpdate Thread
2026-05-20 13:17:15,693 [INFO] CheckServerUpdateThread:120 - End of CheckServer Thread
2026-05-20 13:17:15,720 [INFO] MainUpdater:2872 - connection check result : 10
2026-05-20 13:17:15,730 [INFO] MainUpdater:2872 - connection check result : 10
2026-05-20 13:17:15,952 [INFO] MicroXplorer:468 - Change Database Path : 
2026-05-20 13:17:15,953 [INFO] MicroXplorer:498 - Change Database Version : DB.6.0.141
2026-05-20 13:17:15,964 [WARN] ThirdParty:871 - waiting for thirdparty lock release [close project]
2026-05-20 13:17:16,344 [INFO] WebApp:463 - Apply proxy settings
2026-05-20 13:17:16,344 [INFO] WebApp:548 - Chromium requires no authentication
2026-05-20 13:17:16,360 [INFO] WebApp:491 - Direct internet connection detected
2026-05-20 13:17:16,394 [INFO] WebApp:894 - Register for checkConnection events
2026-05-20 13:17:16,394 [INFO] WebApp:463 - Apply proxy settings
2026-05-20 13:17:16,394 [INFO] WebApp:548 - Chromium requires no authentication
2026-05-20 13:17:16,395 [INFO] WebApp:491 - Direct internet connection detected
2026-05-20 13:17:16,645 [INFO] WebApp:225 - Starting web application
2026-05-20 13:17:16,645 [INFO] WebApp:593 - Web application path used C:\ST\STM32CubeIDE_1.10.1\STM32CubeIDE\plugins\com.st.stm32cube.common.mx_6.14.1.202504091515\db\plugins\mcufinder\reactClient1\index.html
2026-05-20 13:17:16,800 [INFO] UserAuth:484 - Internet connection configuration mode: 1
2026-05-20 13:17:16,931 [INFO] WebApp:191 - Connection restablished
2026-05-20 13:17:18,386 [WARN] PackLoader:240 - Cannot read IP mode file for STMicroelectronics.X-CUBE-AZRTOS-H7.3.5.0
2026-05-20 13:17:18,411 [WARN] PackLoader:240 - Cannot read IP mode file for STMicroelectronics.FP-SNS-MOTENVWB1.1.4.0
2026-05-20 13:17:18,428 [WARN] PackLoader:240 - Cannot read IP mode file for STMicroelectronics.FP-ATR-ASTRA1.2.0.2
2026-05-20 13:17:18,444 [WARN] PackLoader:240 - Cannot read IP mode file for STMicroelectronics.FP-ATR-ASTRA1.2.0.1
2026-05-20 13:17:18,460 [WARN] PackLoader:240 - Cannot read IP mode file for STMicroelectronics.X-CUBE-SMBUS.2.1.0
2026-05-20 13:17:18,480 [WARN] PackLoader:240 - Cannot read IP mode file for STMicroelectronics.X-CUBE-WB05N.1.1.0
2026-05-20 13:17:18,497 [WARN] PackLoader:240 - Cannot read IP mode file for STMicroelectronics.X-CUBE-ST60.1.0.0
2026-05-20 13:17:18,514 [WARN] PackLoader:240 - Cannot read IP mode file for STMicroelectronics.X-CUBE-TOUCHGFX.4.23.2
2026-05-20 13:17:18,549 [WARN] PackLoader:240 - Cannot read IP mode file for STMicroelectronics.X-CUBE-AZRTOS-F7.1.1.0
2026-05-20 13:17:18,568 [WARN] PackLoader:240 - Cannot read IP mode file for STMicroelectronics.X-CUBE-BLE1.6.2.3
2026-05-20 13:17:18,635 [WARN] PackLoader:240 - Cannot read IP mode file for STMicroelectronics.X-CUBE-MEMS1.11.0.0
2026-05-20 13:17:18,783 [WARN] PackLoader:240 - Cannot read IP mode file for STMicroelectronics.X-CUBE-BLE1.6.2.4
2026-05-20 13:17:18,800 [ERROR] Engine:466 - C:\Users\abhil\.stm32cubemx\thirdparties\pdsc\STMicroelectronics.FP-SNS-MOTENV1.5.1.0.pdsc: PDSC version is not supported
2026-05-20 13:17:18,820 [WARN] PackLoader:240 - Cannot read IP mode file for STMicroelectronics.FP-SNS-FLIGHT1.5.0.2
2026-05-20 13:17:18,841 [WARN] PackLoader:240 - Cannot read IP mode file for STMicroelectronics.X-CUBE-TOF1.3.1.0
2026-05-20 13:17:18,878 [WARN] PackLoader:240 - Cannot read IP mode file for STMicroelectronics.X-CUBE-AZRTOS-H7.3.4.0
2026-05-20 13:17:18,902 [WARN] PackLoader:240 - Cannot read IP mode file for STMicroelectronics.X-CUBE-DISPLAY.3.0.0
2026-05-20 13:17:18,924 [WARN] PackLoader:240 - Cannot read IP mode file for STMicroelectronics.X-CUBE-GNSS1.7.1.1
2026-05-20 13:17:18,937 [ERROR] Engine:466 - C:\Users\abhil\.stm32cubemx\thirdparties\pdsc\STMicroelectronics.FP-SNS-MOTENVWB1.1.5.0.pdsc: PDSC version is not supported
2026-05-20 13:17:18,955 [WARN] PackLoader:240 - Cannot read IP mode file for STMicroelectronics.X-CUBE-BLE1.7.0.0
2026-05-20 13:17:18,972 [WARN] PackLoader:240 - Cannot read IP mode file for STMicroelectronics.X-CUBE-NFC10.1.0.0
2026-05-20 13:17:18,997 [WARN] PackLoader:240 - Cannot read IP mode file for STMicroelectronics.X-CUBE-BLEMGR.4.0.0
2026-05-20 13:17:19,017 [WARN] PackLoader:240 - Cannot read IP mode file for STMicroelectronics.X-CUBE-ST60.1.1.0
2026-05-20 13:17:19,035 [WARN] PackLoader:240 - Cannot read IP mode file for STMicroelectronics.X-CUBE-GNSS1.7.1.0
2026-05-20 13:17:19,098 [WARN] PackLoader:240 - Cannot read IP mode file for STMicroelectronics.X-CUBE-MEMS1.9.3.0
2026-05-20 13:17:19,194 [WARN] PackLoader:240 - Cannot read IP mode file for STMicroelectronics.X-CUBE-AI.7.2.0
2026-05-20 13:17:19,213 [WARN] PackLoader:240 - Cannot read IP mode file for STMicroelectronics.X-CUBE-BLEMGR.3.1.0
2026-05-20 13:17:19,231 [WARN] PackLoader:240 - Cannot read IP mode file for STMicroelectronics.X-CUBE-AI.10.0.0
2026-05-20 13:17:19,249 [ERROR] Engine:466 - C:\Users\abhil\.stm32cubemx\thirdparties\pdsc\STMicroelectronics.FP-SNS-STBOX1.2.1.0.pdsc: PDSC version is not supported
2026-05-20 13:17:19,268 [WARN] PackLoader:240 - Cannot read IP mode file for STMicroelectronics.FP-SNS-SMARTAG2.1.2.0
2026-05-20 13:17:19,286 [WARN] PackLoader:240 - Cannot read IP mode file for STMicroelectronics.FP-SNS-FLIGHT1.5.1.0
2026-05-20 13:17:19,347 [WARN] PackLoader:240 - Cannot read IP mode file for STMicroelectronics.X-CUBE-MEMS1.11.1.0
2026-05-20 13:17:19,447 [INFO] LogOutputStream:77 - [STDOUT_REDIRECT] 1 : Invalid condition id : UX_CORESTACK_Condition cause : null
2026-05-20 13:17:19,449 [INFO] LogOutputStream:77 - [STDOUT_REDIRECT] 1 : Invalid condition id : UX_CORESTACK_Condition cause : null
2026-05-20 13:17:19,450 [INFO] LogOutputStream:77 - [STDOUT_REDIRECT] 1 : Invalid condition id : UX_CORESTACK_Condition cause : null
2026-05-20 13:17:19,451 [INFO] LogOutputStream:77 - [STDOUT_REDIRECT] 1 : Invalid condition id : UX_CORESTACK_Condition cause : null
2026-05-20 13:17:19,453 [INFO] LogOutputStream:77 - [STDOUT_REDIRECT] 1 : Invalid condition id : UX_CORESTACK_Condition cause : null
2026-05-20 13:17:19,455 [WARN] PackLoader:240 - Cannot read IP mode file for STMicroelectronics.X-CUBE-AZRTOS-WL.2.0.0
2026-05-20 13:17:19,475 [WARN] PackLoader:240 - Cannot read IP mode file for STMicroelectronics.FP-SNS-MOTENV1.5.0.0
2026-05-20 13:17:19,506 [WARN] PackLoader:240 - Cannot read IP mode file for STMicroelectronics.X-CUBE-AZRTOS-H7RS.1.2.0
2026-05-20 13:17:19,527 [WARN] PackLoader:240 - Cannot read IP mode file for wolfSSL.I-CUBE-wolfMQTT.1.19.0
2026-05-20 13:17:19,546 [WARN] PackLoader:240 - Cannot read IP mode file for WES.I-CUBE-Cesium.1.3.0
2026-05-20 13:17:19,562 [WARN] PackLoader:240 - Cannot read IP mode file for STMicroelectronics.X-CUBE-BLE2.3.3.0
2026-05-20 13:17:19,617 [WARN] PackLoader:240 - Cannot read IP mode file for STMicroelectronics.X-CUBE-DISPLAY.2.2.0
2026-05-20 13:17:19,643 [WARN] PackLoader:240 - Cannot read IP mode file for STMicroelectronics.X-CUBE-TOF1.3.2.0
2026-05-20 13:17:19,664 [WARN] PackLoader:240 - Cannot read IP mode file for STMicroelectronics.X-CUBE-ISPU.1.0.0
2026-05-20 13:17:19,685 [WARN] PackLoader:240 - Cannot read IP mode file for STMicroelectronics.X-CUBE-NFC9.1.0.0
2026-05-20 13:17:19,717 [WARN] PackLoader:240 - Cannot read IP mode file for STMicroelectronics.X-CUBE-AZRTOS-H7.2.1.0
2026-05-20 13:17:19,735 [WARN] PackLoader:240 - Cannot read IP mode file for STMicroelectronics.X-CUBE-BLE1.7.1.0
2026-05-20 13:17:19,755 [WARN] PackLoader:240 - Cannot read IP mode file for STMicroelectronics.X-CUBE-TCPP.4.1.0
2026-05-20 13:17:19,771 [ERROR] Engine:466 - C:\Users\abhil\.stm32cubemx\thirdparties\pdsc\STMicroelectronics.X-CUBE-FREERTOS.1.4.0.pdsc: PDSC version is not supported
2026-05-20 13:17:19,790 [WARN] PackLoader:240 - Cannot read IP mode file for STMicroelectronics.X-CUBE-EEPRMA1.5.2.0
2026-05-20 13:17:19,807 [WARN] PackLoader:240 - Cannot read IP mode file for STMicroelectronics.X-CUBE-TOUCHGFX.4.21.3
2026-05-20 13:17:19,827 [WARN] PackLoader:240 - Cannot read IP mode file for STMicroelectronics.X-CUBE-AI.7.3.0
2026-05-20 13:17:19,845 [ERROR] Engine:466 - C:\Users\abhil\.stm32cubemx\thirdparties\pdsc\STMicroelectronics.X-CUBE-ST67W61.1.1.0.pdsc: PDSC version is not supported
2026-05-20 13:17:19,865 [WARN] PackLoader:240 - Cannot read IP mode file for STMicroelectronics.X-CUBE-AI.10.1.0
2026-05-20 13:17:19,880 [ERROR] Engine:466 - C:\Users\abhil\.stm32cubemx\thirdparties\pdsc\STMicroelectronics.FP-SNS-STAIOTCFT.1.1.0.pdsc: PDSC version is not supported
2026-05-20 13:17:19,937 [WARN] PackLoader:240 - Cannot read IP mode file for STMicroelectronics.X-CUBE-MEMS1.12.0.0
2026-05-20 13:17:20,021 [WARN] PackLoader:240 - Cannot read IP mode file for STMicroelectronics.X-CUBE-ALGOBUILD.1.3.0
2026-05-20 13:17:20,075 [WARN] PackLoader:240 - Cannot read IP mode file for STMicroelectronics.X-CUBE-MEMS1.11.2.0
2026-05-20 13:17:20,179 [WARN] PackLoader:240 - Cannot read IP mode file for STMicroelectronics.X-CUBE-AZRTOS-G0.1.1.0
2026-05-20 13:17:20,201 [WARN] PackLoader:240 - Cannot read IP mode file for STMicroelectronics.X-CUBE-SAFEA1.1.2.2
2026-05-20 13:17:20,217 [WARN] PackLoader:240 - Cannot read IP mode file for STMicroelectronics.X-CUBE-NFC4.3.0.0
2026-05-20 13:17:20,257 [WARN] PackLoader:240 - Cannot read IP mode file for SEGGER.I-CUBE-embOS.1.2.1
2026-05-20 13:17:20,290 [WARN] PackLoader:240 - Cannot read IP mode file for wolfSSL.I-CUBE-wolfMQTT.1.18.0
2026-05-20 13:17:20,310 [WARN] PackLoader:240 - Cannot read IP mode file for EmbeddedOffice.I-CUBE-FS-RTOS.1.0.1
2026-05-20 13:17:20,329 [WARN] PackLoader:240 - Cannot read IP mode file for STMicroelectronics.X-CUBE-WB05N.2.0.0
2026-05-20 13:17:20,345 [WARN] PackLoader:240 - Cannot read IP mode file for STMicroelectronics.X-CUBE-TCPP.4.2.0
2026-05-20 13:17:20,361 [WARN] PackLoader:240 - Cannot read IP mode file for RealThread.X-CUBE-RT-Thread_Nano.4.1.1
2026-05-20 13:17:20,379 [WARN] PackLoader:240 - Cannot read IP mode file for STMicroelectronics.FP-ATR-SIGFOX1.3.2.0
2026-05-20 13:17:20,395 [WARN] ConditionMgr:438 - getConditionDescription Invalid condition id : Cortex-A Device cause : null
2026-05-20 13:17:20,417 [WARN] ConditionMgr:1044 - genDependencies : Invalid condition id : Cortex-A Device cause : null
2026-05-20 13:17:20,417 [WARN] ConditionMgr:1044 - genDependencies : Invalid condition id : Cortex-A Device cause : null
2026-05-20 13:17:20,417 [WARN] ConditionMgr:1044 - genDependencies : Invalid condition id : Cortex-A Device cause : null
2026-05-20 13:17:20,433 [WARN] PackLoader:240 - Cannot read IP mode file for STMicroelectronics.X-CUBE-EEPRMA1.5.1.0
2026-05-20 13:17:20,447 [ERROR] Engine:466 - C:\Users\abhil\.stm32cubemx\thirdparties\pdsc\STMicroelectronics.X-CUBE-FREERTOS.1.5.0.pdsc: PDSC version is not supported
2026-05-20 13:17:20,464 [WARN] PackLoader:240 - Cannot read IP mode file for emotas.I-CUBE-CANOPEN.1.1.2
2026-05-20 13:17:20,481 [WARN] PackLoader:240 - Cannot read IP mode file for STMicroelectronics.X-CUBE-TOUCHGFX.4.20.0
2026-05-20 13:17:20,499 [WARN] PackLoader:240 - Cannot read IP mode file for ITTIA_DB.I-CUBE-ITTIADB.8.9.0
2026-05-20 13:17:20,515 [WARN] PackLoader:240 - Cannot read IP mode file for STMicroelectronics.X-CUBE-NFC6.3.2.0
2026-05-20 13:17:20,561 [WARN] PackLoader:240 - Cannot read IP mode file for STMicroelectronics.X-CUBE-MEMS1.9.5.0
2026-05-20 13:17:20,661 [WARN] PackLoader:240 - Cannot read IP mode file for STMicroelectronics.X-CUBE-ST67W61.1.0.0
2026-05-20 13:17:20,693 [WARN] PackLoader:240 - Cannot read IP mode file for STMicroelectronics.X-CUBE-AI.10.2.0
2026-05-20 13:17:20,748 [WARN] PackLoader:240 - Cannot read IP mode file for STMicroelectronics.X-CUBE-MEMS1.12.1.0
2026-05-20 13:17:20,819 [WARN] PackLoader:240 - Cannot read IP mode file for SEGGER.I-CUBE-embOS.1.3.1
2026-05-20 13:17:20,854 [WARN] PackLoader:240 - Cannot read IP mode file for STMicroelectronics.X-CUBE-ALGOBUILD.1.4.0
2026-05-20 13:17:20,895 [WARN] PackLoader:240 - Cannot read IP mode file for STMicroelectronics.X-CUBE-MEMS1.11.3.0
2026-05-20 13:17:20,972 [WARN] PackLoader:240 - Cannot read IP mode file for STMicroelectronics.X-CUBE-AI.9.1.0
2026-05-20 13:17:20,987 [WARN] PackLoader:240 - Cannot read IP mode file for STMicroelectronics.X-CUBE-PM33A1.1.0.0
2026-05-20 13:17:21,002 [WARN] PackLoader:240 - Cannot read IP mode file for STMicroelectronics.X-CUBE-GNSS1.6.0.0
2026-05-20 13:17:21,030 [WARN] PackLoader:240 - Cannot read IP mode file for STMicroelectronics.X-CUBE-AZRTOS-F4.1.1.0
2026-05-20 13:17:21,046 [WARN] PackLoader:240 - Cannot read IP mode file for Avnet-IotConnect.X-CUBE-IoTC-DA16k-PMOD.1.0.0
2026-05-20 13:17:21,061 [WARN] PackLoader:240 - Cannot read IP mode file for STMicroelectronics.X-CUBE-ISPU.2.1.0
2026-05-20 13:17:21,079 [ERROR] Engine:466 - C:\Users\abhil\.stm32cubemx\thirdparties\pdsc\STMicroelectronics.X-CUBE-IPS.3.2.0.pdsc: PDSC version is not supported
2026-05-20 13:17:21,093 [WARN] PackLoader:240 - Cannot read IP mode file for STMicroelectronics.eDS-WB_DPC_TT-BIDIR.2.1.1
2026-05-20 13:17:21,111 [WARN] PackLoader:240 - Cannot read IP mode file for STMicroelectronics.X-CUBE-FREERTOS.1.2.0
2026-05-20 13:17:21,129 [WARN] PackLoader:240 - Cannot read IP mode file for STMicroelectronics.X-CUBE-NFC12.1.0.0
2026-05-20 13:17:21,145 [WARN] PackLoader:240 - Cannot read IP mode file for STMicroelectronics.X-CUBE-BLEMGR.1.2.0
2026-05-20 13:17:21,172 [WARN] PackLoader:240 - Cannot read IP mode file for STMicroelectronics.X-CUBE-AZRTOS-L5.2.0.0
2026-05-20 13:17:21,189 [WARN] PackLoader:240 - Cannot read IP mode file for STMicroelectronics.X-CUBE-NFC6.3.1.0
2026-05-20 13:17:21,205 [WARN] PackLoader:240 - Cannot read IP mode file for STMicroelectronics.X-CUBE-BLEMGR.2.0.0
2026-05-20 13:17:21,222 [WARN] PackLoader:240 - Cannot read IP mode file for STMicroelectronics.X-CUBE-DPower.1.2.0
2026-05-20 13:17:21,237 [WARN] PackLoader:240 - Cannot read IP mode file for STMicroelectronics.eDS-WB_DPC_VIENNA.1.2.0
2026-05-20 13:17:21,249 [WARN] PackLoader:240 - Cannot read IP mode file for STMicroelectronics.eDS-WB_DPC_3PH2L-BIDIR.1.1.1
2026-05-20 13:17:21,262 [WARN] PackLoader:240 - Cannot read IP mode file for STMicroelectronics.X-CUBE-NFC4.2.0.4
2026-05-20 13:17:21,274 [WARN] PackLoader:240 - Cannot read IP mode file for STMicroelectronics.X-CUBE-AI.9.0.0
2026-05-20 13:17:21,301 [WARN] ConditionMgr:438 - getConditionDescription Invalid condition id : UX DEVICE CLASS RTOS Condition cause : null
2026-05-20 13:17:21,301 [WARN] ConditionMgr:438 - getConditionDescription Invalid condition id : UX DEVICE CLASS RTOS Condition cause : null
2026-05-20 13:17:21,310 [WARN] PackLoader:240 - Cannot read IP mode file for STMicroelectronics.X-CUBE-AZRTOS-H7.3.1.0
2026-05-20 13:17:21,311 [WARN] ConditionMgr:1044 - genDependencies : Invalid condition id : UX DEVICE CLASS RTOS Condition cause : null
2026-05-20 13:17:21,311 [WARN] ConditionMgr:1044 - genDependencies : Invalid condition id : UX DEVICE CLASS RTOS Condition cause : null
2026-05-20 13:17:21,312 [WARN] ConditionMgr:1044 - genDependencies : Invalid condition id : UX DEVICE CLASS RTOS Condition cause : null
2026-05-20 13:17:21,312 [WARN] ConditionMgr:1044 - genDependencies : Invalid condition id : UX DEVICE CLASS RTOS Condition cause : null
2026-05-20 13:17:21,312 [WARN] ConditionMgr:1044 - genDependencies : Invalid condition id : UX DEVICE CLASS RTOS Condition cause : null
2026-05-20 13:17:21,327 [ERROR] Engine:466 - C:\Users\abhil\.stm32cubemx\thirdparties\pdsc\STMicroelectronics.X-CUBE-ST67W61.1.3.0.pdsc: PDSC version is not supported
2026-05-20 13:17:21,339 [WARN] PackLoader:240 - Cannot read IP mode file for wolfSSL.I-CUBE-wolfSSL.5.5.1
2026-05-20 13:17:21,351 [WARN] PackLoader:240 - Cannot read IP mode file for STMicroelectronics.X-CUBE-FREERTOS.1.3.1
2026-05-20 13:17:21,363 [WARN] PackLoader:240 - Cannot read IP mode file for STMicroelectronics.X-CUBE-FREERTOS.1.3.0
2026-05-20 13:17:21,378 [WARN] PackLoader:240 - Cannot read IP mode file for STMicroelectronics.X-CUBE-NFC7.1.0.1
2026-05-20 13:17:21,389 [WARN] PackLoader:240 - Cannot read IP mode file for STMicroelectronics.X-CUBE-NFC7.1.0.0
2026-05-20 13:17:21,401 [WARN] PackLoader:240 - Cannot read IP mode file for STMicroelectronics.X-CUBE-TOUCHGFX.4.26.0
2026-05-20 13:17:21,415 [WARN] PackLoader:240 - Cannot read IP mode file for STMicroelectronics.X-CUBE-TOUCHGFX.4.26.1
2026-05-20 13:17:21,429 [WARN] PackLoader:240 - Cannot read IP mode file for STMicroelectronics.X-CUBE-EEPRMA1.4.1.0
2026-05-20 13:17:21,443 [WARN] PackLoader:240 - Cannot read IP mode file for STMicroelectronics.FP-SNS-STAIOTCFT.1.0.0
2026-05-20 13:17:21,457 [WARN] PackLoader:240 - Cannot read IP mode file for STMicroelectronics.X-CUBE-DPower.1.3.0
2026-05-20 13:17:21,482 [WARN] ConditionMgr:438 - getConditionDescription Invalid condition id : LAN8742 Phy interface Condition cause : null
2026-05-20 13:17:21,483 [WARN] PackLoader:240 - Cannot read IP mode file for STMicroelectronics.X-CUBE-AZRTOS-L4.2.0.0
2026-05-20 13:17:21,483 [WARN] ConditionMgr:1044 - genDependencies : Invalid condition id : LAN8742 Phy interface Condition cause : null
2026-05-20 13:17:21,483 [WARN] ConditionMgr:1044 - genDependencies : Invalid condition id : LAN8742 Phy interface Condition cause : null
2026-05-20 13:17:21,484 [WARN] ConditionMgr:1044 - genDependencies : Invalid condition id : LAN8742 Phy interface Condition cause : null
2026-05-20 13:17:21,499 [WARN] PackLoader:240 - Cannot read IP mode file for STMicroelectronics.X-CUBE-SFXS2LP1.4.0.0
2026-05-20 13:17:21,513 [WARN] PackLoader:240 - Cannot read IP mode file for STMicroelectronics.X-CUBE-WB05N.2.1.0
2026-05-20 13:17:21,528 [ERROR] Engine:466 - C:\Users\abhil\.stm32cubemx\thirdparties\pdsc\STMicroelectronics.X-CUBE-ST67W61.1.2.0.pdsc: PDSC version is not supported
2026-05-20 13:17:21,541 [WARN] PackLoader:240 - Cannot read IP mode file for STMicroelectronics.X-CUBE-ISPU.1.1.0
2026-05-20 13:17:21,565 [WARN] PackLoader:240 - Cannot read IP mode file for STMicroelectronics.X-CUBE-AZRTOS-H7.3.3.0
2026-05-20 13:17:21,581 [WARN] PackLoader:240 - Cannot read IP mode file for RoweBots.I-CUBE-UNISONRTOS.5.5.0-4
2026-05-20 13:17:21,599 [WARN] PackLoader:240 - Cannot read IP mode file for STMicroelectronics.X-CUBE-BLEMGR.4.1.0
2026-05-20 13:17:21,613 [WARN] PackLoader:240 - Cannot read IP mode file for STMicroelectronics.X-CUBE-AI.8.0.0
2026-05-20 13:17:21,630 [WARN] PackLoader:240 - Cannot read IP mode file for STMicroelectronics.X-CUBE-IPS.3.0.0
2026-05-20 13:17:21,654 [WARN] ConditionMgr:438 - getConditionDescription Invalid condition id : UX DEVICE CLASS RTOS Condition cause : null
2026-05-20 13:17:21,655 [WARN] ConditionMgr:438 - getConditionDescription Invalid condition id : UX DEVICE CLASS RTOS Condition cause : null
2026-05-20 13:17:21,655 [WARN] PackLoader:240 - Cannot read IP mode file for STMicroelectronics.X-CUBE-AZRTOS-WB.2.0.0
2026-05-20 13:17:21,656 [WARN] ConditionMgr:1044 - genDependencies : Invalid condition id : UX DEVICE CLASS RTOS Condition cause : null
2026-05-20 13:17:21,656 [WARN] ConditionMgr:1044 - genDependencies : Invalid condition id : UX DEVICE CLASS RTOS Condition cause : null
2026-05-20 13:17:21,656 [WARN] ConditionMgr:1044 - genDependencies : Invalid condition id : UX DEVICE CLASS RTOS Condition cause : null
2026-05-20 13:17:21,656 [WARN] ConditionMgr:1044 - genDependencies : Invalid condition id : UX DEVICE CLASS RTOS Condition cause : null
2026-05-20 13:17:21,656 [WARN] ConditionMgr:1044 - genDependencies : Invalid condition id : UX DEVICE CLASS RTOS Condition cause : null
2026-05-20 13:17:21,671 [WARN] PackLoader:240 - Cannot read IP mode file for STMicroelectronics.X-CUBE-FREERTOS.1.0.1
2026-05-20 13:17:21,683 [WARN] PackLoader:240 - Cannot read IP mode file for STMicroelectronics.X-CUBE-GNSS1.7.0.0
2026-05-20 13:17:21,698 [WARN] PackLoader:240 - Cannot read IP mode file for STMicroelectronics.X-CUBE-GNSS1.7.0.1
2026-05-20 13:17:21,710 [WARN] PackLoader:240 - Cannot read IP mode file for STMicroelectronics.X-CUBE-TOUCHGFX.4.25.0
2026-05-20 13:17:21,724 [WARN] PackLoader:240 - Cannot read IP mode file for STMicroelectronics.FP-SNS-STBOX1.2.0.0
2026-05-20 13:17:21,741 [WARN] PackLoader:240 - Cannot read IP mode file for STMicroelectronics.X-CUBE-STSE01.2.0.0
2026-05-20 13:17:21,766 [WARN] PackLoader:240 - Cannot read IP mode file for STMicroelectronics.X-CUBE-AZRTOS-L5.1.1.0
2026-05-20 13:17:21,785 [WARN] PackLoader:240 - Cannot read IP mode file for STMicroelectronics.X-CUBE-SUBG2.5.0.0
2026-05-20 13:17:21,814 [WARN] PackLoader:240 - Cannot read IP mode file for STMicroelectronics.X-CUBE-AZRTOS-H7RS.1.1.0
2026-05-20 13:17:21,828 [WARN] PackLoader:240 - Cannot read IP mode file for Cesanta.I-CUBE-Mongoose.7.13.0
2026-05-20 13:17:21,851 [WARN] PackLoader:240 - Cannot read IP mode file for STMicroelectronics.X-CUBE-AZRTOS-G4.2.0.0
2026-05-20 13:17:21,872 [WARN] PackLoader:240 - Cannot read IP mode file for STMicroelectronics.X-CUBE-TOF1.3.3.0
2026-05-20 13:17:21,891 [WARN] PackLoader:240 - Cannot read IP mode file for STMicroelectronics.FP-ATR-ASTRA1.1.1.1
2026-05-20 13:17:21,905 [WARN] PackLoader:240 - Cannot read IP mode file for STMicroelectronics.X-CUBE-NFC7.2.0.0
2026-05-20 13:17:21,926 [WARN] PackLoader:240 - Cannot read IP mode file for STMicroelectronics.X-CUBE-AZRTOS-G4.1.0.0
2026-05-20 13:17:21,950 [WARN] PackLoader:240 - Cannot read IP mode file for STMicroelectronics.X-CUBE-AZRTOS-L4.1.0.0
2026-05-20 13:17:21,966 [WARN] PackLoader:240 - Cannot read IP mode file for STMicroelectronics.X-CUBE-ISPU.2.0.0
2026-05-20 13:17:21,983 [WARN] PackLoader:240 - Cannot read IP mode file for STMicroelectronics.X-CUBE-IPS.3.1.0
2026-05-20 13:17:22,000 [WARN] PackLoader:240 - Cannot read IP mode file for STMicroelectronics.X-CUBE-ALS.1.0.2
2026-05-20 13:17:22,037 [WARN] PackLoader:240 - Cannot read IP mode file for STMicroelectronics.X-CUBE-MEMS1.10.0.0
2026-05-20 13:17:22,103 [WARN] PackLoader:240 - Cannot read IP mode file for STMicroelectronics.X-CUBE-TOUCHGFX.4.24.2
2026-05-20 13:17:22,121 [WARN] PackLoader:240 - Cannot read IP mode file for STMicroelectronics.X-CUBE-AZRTOS-WL.1.0.0
2026-05-20 13:17:22,134 [WARN] PackLoader:240 - Cannot read IP mode file for STMicroelectronics.X-CUBE-TOUCHGFX.4.24.1
2026-05-20 13:17:22,148 [WARN] PackLoader:240 - Cannot read IP mode file for STMicroelectronics.X-CUBE-STSE01.1.0.0
2026-05-20 13:17:22,163 [WARN] PackLoader:240 - Cannot read IP mode file for wolfSSL.I-CUBE-wolfTPM.3.4.0
2026-05-20 13:17:22,178 [WARN] PackLoader:240 - Cannot read IP mode file for portGmbH.I-Cube-SoM-uGOAL.1.1.0
2026-05-20 13:17:22,190 [WARN] PackLoader:240 - Cannot read IP mode file for STMicroelectronics.X-CUBE-ALS.1.0.1
2026-05-20 13:17:22,212 [WARN] PackLoader:240 - Cannot read IP mode file for STMicroelectronics.X-CUBE-AZRTOS-WB.1.1.0
2026-05-20 13:17:22,234 [WARN] PackLoader:240 - Cannot read IP mode file for STMicroelectronics.X-CUBE-AZRTOS-L5.1.0.0
2026-05-20 13:17:22,248 [WARN] PackLoader:240 - Cannot read IP mode file for STMicroelectronics.X-CUBE-EEPRMA1.3.1.1
2026-05-20 13:17:22,272 [WARN] PackLoader:240 - Cannot read IP mode file for STMicroelectronics.X-CUBE-AZRTOS-H7RS.1.0.0
2026-05-20 13:17:22,285 [WARN] PackLoader:240 - Cannot read IP mode file for STMicroelectronics.FP-ATR-ASTRA1.2.0.0
2026-05-20 13:17:22,303 [WARN] PackLoader:240 - Cannot read IP mode file for STMicroelectronics.X-CUBE-TOF1.3.4.2
2026-05-20 13:17:22,335 [WARN] PackLoader:240 - Cannot read IP mode file for STMicroelectronics.X-CUBE-TOF1.3.4.3
2026-05-20 13:17:22,357 [WARN] PackLoader:240 - Cannot read IP mode file for STMicroelectronics.X-CUBE-TOF1.3.4.1
2026-05-20 13:17:22,387 [WARN] PackLoader:240 - Cannot read IP mode file for STMicroelectronics.X-CUBE-AZRTOS-H7.3.2.0
2026-05-20 13:17:22,412 [WARN] PackLoader:240 - Cannot read IP mode file for Infineon.AIROC-Wi-Fi-Bluetooth-STM32.1.6.0
2026-05-20 13:17:22,426 [WARN] PackLoader:240 - Cannot read IP mode file for wolfSSL.I-CUBE-wolfSSH.1.4.17
2026-05-20 13:17:22,428 [INFO] ThirdParty:978 - Integrity check success = true
2026-05-20 13:17:22,428 [INFO] IntegrityCheckThread:100 - exiting critical section [integrity check]
2026-05-20 13:17:22,428 [INFO] IntegrityCheckThread:103 - End integrity checks thread
2026-05-20 13:17:22,428 [INFO] ThirdParty:873 - entering critical section [close project]
2026-05-20 13:17:22,429 [INFO] ThirdParty:883 - exiting critical section [close project]
2026-05-20 13:17:22,432 [INFO] PinOutPanel:1589 - setPackage(No Configuration,No Configuration)
2026-05-20 13:17:22,436 [INFO] UtilMem:75 - Begin LoadConfig() Used Memory: 201378856 Bytes (466616320)
2026-05-20 13:17:22,438 [INFO] MicroXplorer:468 - Change Database Path : 
2026-05-20 13:17:22,438 [INFO] MicroXplorer:498 - Change Database Version : DB.6.0.141
2026-05-20 13:17:22,438 [INFO] OpenFileManager:354 - Change cursor
2026-05-20 13:17:22,469 [INFO] Mcu:2011 - Initializing MCU STM32F411C(C-E)Ux STM32F411CEUx STM32F411CEU6
2026-05-20 13:17:23,881 [INFO] Context:756 - Trying to add GPIOservice into a context  which must be forbidden
2026-05-20 13:17:24,324 [INFO] ImportTextPane:218 - (OptionalMessage_ERROR) Pin26 (VP_RIF_VS_RIF1) cannot be retrieved for this MCU
2026-05-20 13:17:24,536 [INFO] RtosManager:558 - Registered RTOS mode: class=CMSIS, group=RTOS, mode=CMSIS_V1, owner=FREERTOS
2026-05-20 13:17:24,536 [INFO] RtosManager:558 - Registered RTOS mode: class=CMSIS, group=RTOS2, mode=CMSIS_V2, owner=FREERTOS
2026-05-20 13:17:24,536 [INFO] RtosManager:558 - Registered RTOS mode: class=RTOS, group=Core, mode=CMSIS_V1, owner=FREERTOS
2026-05-20 13:17:24,536 [INFO] RtosManager:558 - Registered RTOS mode: class=RTOS, group=Core, mode=CMSIS_V2, owner=FREERTOS
2026-05-20 13:17:24,536 [WARN] ModelIntegratedComponent:184 - Missing modes for component STMicroelectronics:FreeRTOS:0.0.1:STMicroelectronics:RTOS:FreeRTOS:Core:::10.2.0:
2026-05-20 13:17:24,549 [WARN] ModelIntegratedComponent:63 - No mode defined for component null
2026-05-20 13:17:24,549 [WARN] ModelIntegratedComponent:63 - No mode defined for component null
2026-05-20 13:17:24,549 [WARN] ModelIntegratedComponent:63 - No mode defined for component null
2026-05-20 13:17:24,549 [WARN] ModelIntegratedComponent:63 - No mode defined for component null
2026-05-20 13:17:24,549 [WARN] ModelIntegratedComponent:63 - No mode defined for component null
2026-05-20 13:17:24,549 [WARN] ModelIntegratedComponent:63 - No mode defined for component null
2026-05-20 13:17:24,549 [WARN] ModelIntegratedComponent:63 - No mode defined for component null
2026-05-20 13:17:24,549 [WARN] ModelIntegratedComponent:63 - No mode defined for component null
2026-05-20 13:17:24,549 [WARN] ModelIntegratedComponent:63 - No mode defined for component null
2026-05-20 13:17:24,549 [WARN] ModelIntegratedComponent:63 - No mode defined for component null
2026-05-20 13:17:24,549 [WARN] ModelIntegratedComponent:63 - No mode defined for component null
2026-05-20 13:17:24,549 [WARN] ModelIntegratedComponent:63 - No mode defined for component null
2026-05-20 13:17:24,549 [WARN] ModelIntegratedComponent:63 - No mode defined for component null
2026-05-20 13:17:24,549 [WARN] ModelIntegratedComponent:63 - No mode defined for component null
2026-05-20 13:17:24,550 [WARN] ModelIntegratedComponent:63 - No mode defined for component null
2026-05-20 13:17:24,550 [WARN] ModelIntegratedComponent:63 - No mode defined for component null
2026-05-20 13:17:24,550 [WARN] ModelIntegratedComponent:63 - No mode defined for component null
2026-05-20 13:17:24,550 [WARN] ModelIntegratedComponent:63 - No mode defined for component null
2026-05-20 13:17:24,550 [WARN] ModelIntegratedComponent:63 - No mode defined for component null
2026-05-20 13:17:24,550 [WARN] ModelIntegratedComponent:63 - No mode defined for component null
2026-05-20 13:17:24,550 [WARN] ModelIntegratedComponent:63 - No mode defined for component null
2026-05-20 13:17:24,550 [WARN] ModelIntegratedComponent:63 - No mode defined for component null
2026-05-20 13:17:24,550 [WARN] ModelIntegratedComponent:63 - No mode defined for component null
2026-05-20 13:17:24,550 [WARN] ModelIntegratedComponent:63 - No mode defined for component null
2026-05-20 13:17:24,550 [WARN] ModelIntegratedComponent:63 - No mode defined for component null
2026-05-20 13:17:24,550 [WARN] ModelIntegratedComponent:63 - No mode defined for component null
2026-05-20 13:17:24,550 [WARN] ModelIntegratedComponent:63 - No mode defined for component null
2026-05-20 13:17:24,550 [WARN] ModelIntegratedComponent:63 - No mode defined for component null
2026-05-20 13:17:24,550 [WARN] ModelIntegratedComponent:63 - No mode defined for component null
2026-05-20 13:17:24,550 [WARN] ModelIntegratedComponent:63 - No mode defined for component null
2026-05-20 13:17:24,550 [WARN] ModelIntegratedComponent:63 - No mode defined for component null
2026-05-20 13:17:24,550 [WARN] ModelIntegratedComponent:63 - No mode defined for component null
2026-05-20 13:17:24,550 [WARN] ModelIntegratedComponent:63 - No mode defined for component null
2026-05-20 13:17:24,550 [WARN] ModelIntegratedComponent:63 - No mode defined for component null
2026-05-20 13:17:24,551 [WARN] ModelIntegratedComponent:63 - No mode defined for component null
2026-05-20 13:17:24,551 [WARN] ModelPack:524 - Component already loaded: STMicroelectronics:HAL Drivers:0.0.0:STMicroelectronics:Device:STMicro_Driver:XSPI:HAL::0.0.1:HAL_XSPI
2026-05-20 13:17:24,673 [WARN] ModelIntegratedComponent:182 - Modes not found for component STMicroelectronics:USB_DEVICE:1.0.0:STMicroelectronics:USB::USB Device:Audio HS::1.0:USB_DEVICE_1_0_RESTRICTED_HS
2026-05-20 13:17:24,673 [WARN] ModelIntegratedComponent:188 - Modes not found for component STMicroelectronics:USB_DEVICE:1.0.0:STMicroelectronics:USB::USB Device:Audio HS::1.0:USB_DEVICE_1_0_RESTRICTED_HS
2026-05-20 13:17:24,673 [WARN] ModelIntegratedComponent:182 - Modes not found for component STMicroelectronics:USB_DEVICE:1.0.0:STMicroelectronics:USB::USB Device:CDC HS::1.0:USB_DEVICE_1_0_RESTRICTED_HS
2026-05-20 13:17:24,673 [WARN] ModelIntegratedComponent:188 - Modes not found for component STMicroelectronics:USB_DEVICE:1.0.0:STMicroelectronics:USB::USB Device:CDC HS::1.0:USB_DEVICE_1_0_RESTRICTED_HS
2026-05-20 13:17:24,673 [WARN] ModelIntegratedComponent:182 - Modes not found for component STMicroelectronics:USB_DEVICE:1.0.0:STMicroelectronics:USB::USB Device:DFU HS::1.0:USB_DEVICE_1_0_RESTRICTED_HS
2026-05-20 13:17:24,673 [WARN] ModelIntegratedComponent:188 - Modes not found for component STMicroelectronics:USB_DEVICE:1.0.0:STMicroelectronics:USB::USB Device:DFU HS::1.0:USB_DEVICE_1_0_RESTRICTED_HS
2026-05-20 13:17:24,673 [WARN] ModelIntegratedComponent:182 - Modes not found for component STMicroelectronics:USB_DEVICE:1.0.0:STMicroelectronics:USB::USB Device:HID HS::1.0:USB_DEVICE_1_0_RESTRICTED_HS
2026-05-20 13:17:24,673 [WARN] ModelIntegratedComponent:188 - Modes not found for component STMicroelectronics:USB_DEVICE:1.0.0:STMicroelectronics:USB::USB Device:HID HS::1.0:USB_DEVICE_1_0_RESTRICTED_HS
2026-05-20 13:17:24,673 [WARN] ModelIntegratedComponent:182 - Modes not found for component STMicroelectronics:USB_DEVICE:1.0.0:STMicroelectronics:USB::USB Device:Custom HID HS::1.0:USB_DEVICE_1_0_RESTRICTED_HS
2026-05-20 13:17:24,673 [WARN] ModelIntegratedComponent:188 - Modes not found for component STMicroelectronics:USB_DEVICE:1.0.0:STMicroelectronics:USB::USB Device:Custom HID HS::1.0:USB_DEVICE_1_0_RESTRICTED_HS
2026-05-20 13:17:24,673 [WARN] ModelIntegratedComponent:182 - Modes not found for component STMicroelectronics:USB_DEVICE:1.0.0:STMicroelectronics:USB::USB Device:MSC HS::1.0:USB_DEVICE_1_0_RESTRICTED_HS
2026-05-20 13:17:24,673 [WARN] ModelIntegratedComponent:188 - Modes not found for component STMicroelectronics:USB_DEVICE:1.0.0:STMicroelectronics:USB::USB Device:MSC HS::1.0:USB_DEVICE_1_0_RESTRICTED_HS
2026-05-20 13:17:24,807 [WARN] ModelIntegratedComponent:182 - Modes not found for component STMicroelectronics:USB_HOST:1.0.0:STMicroelectronics:USB::USB Host:Audio HS::1.0:USB_HOST_1_0_RESTRICTED_HS
2026-05-20 13:17:24,807 [WARN] ModelIntegratedComponent:188 - Modes not found for component STMicroelectronics:USB_HOST:1.0.0:STMicroelectronics:USB::USB Host:Audio HS::1.0:USB_HOST_1_0_RESTRICTED_HS
2026-05-20 13:17:24,807 [WARN] ModelIntegratedComponent:182 - Modes not found for component STMicroelectronics:USB_HOST:1.0.0:STMicroelectronics:USB::USB Host:CDC HS::1.0:USB_HOST_1_0_RESTRICTED_HS
2026-05-20 13:17:24,807 [WARN] ModelIntegratedComponent:188 - Modes not found for component STMicroelectronics:USB_HOST:1.0.0:STMicroelectronics:USB::USB Host:CDC HS::1.0:USB_HOST_1_0_RESTRICTED_HS
2026-05-20 13:17:24,807 [WARN] ModelIntegratedComponent:182 - Modes not found for component STMicroelectronics:USB_HOST:1.0.0:STMicroelectronics:USB::USB Host:MSC HS::1.0:USB_HOST_1_0_RESTRICTED_HS
2026-05-20 13:17:24,807 [WARN] ModelIntegratedComponent:188 - Modes not found for component STMicroelectronics:USB_HOST:1.0.0:STMicroelectronics:USB::USB Host:MSC HS::1.0:USB_HOST_1_0_RESTRICTED_HS
2026-05-20 13:17:24,807 [WARN] ModelIntegratedComponent:182 - Modes not found for component STMicroelectronics:USB_HOST:1.0.0:STMicroelectronics:USB::USB Host:HID HS::1.0:USB_HOST_1_0_RESTRICTED_HS
2026-05-20 13:17:24,808 [WARN] ModelIntegratedComponent:188 - Modes not found for component STMicroelectronics:USB_HOST:1.0.0:STMicroelectronics:USB::USB Host:HID HS::1.0:USB_HOST_1_0_RESTRICTED_HS
2026-05-20 13:17:24,808 [WARN] ModelIntegratedComponent:182 - Modes not found for component STMicroelectronics:USB_HOST:1.0.0:STMicroelectronics:USB::USB Host:MTP HS::1.0:USB_HOST_1_0_RESTRICTED_HS
2026-05-20 13:17:24,808 [WARN] ModelIntegratedComponent:188 - Modes not found for component STMicroelectronics:USB_HOST:1.0.0:STMicroelectronics:USB::USB Host:MTP HS::1.0:USB_HOST_1_0_RESTRICTED_HS
2026-05-20 13:17:25,138 [INFO] ThirdPartyModel:298 - Start build external matchings
2026-05-20 13:17:30,700 [INFO] ThirdPartyModel:316 - End build external matchings
2026-05-20 13:17:30,835 [INFO] ImportTextPane:218 - (OptionalMessage_ERROR) IP (DMA) : Parameter (Instance) has Id (SPI2_TX) currently not set
2026-05-20 13:17:30,835 [INFO] ImportTextPane:218 - (OptionalMessage_ERROR) IP (DMA) : Parameter (Channel) has Id (SPI2_TX) currently not set
2026-05-20 13:17:30,836 [INFO] ImportTextPane:218 - (OptionalMessage_ERROR) IP (DMA) : Parameter (Direction) has Id (SPI2_TX) currently not set
2026-05-20 13:17:30,836 [INFO] ImportTextPane:218 - (OptionalMessage_ERROR) IP (DMA) : Parameter (PeriphInc) has Id (SPI2_TX) currently not set
2026-05-20 13:17:30,836 [INFO] ImportTextPane:218 - (OptionalMessage_ERROR) IP (DMA) : Parameter (MemInc) has Id (SPI2_TX) currently not set
2026-05-20 13:17:30,836 [INFO] ImportTextPane:218 - (OptionalMessage_ERROR) IP (DMA) : Parameter (PeriphDataAlignment) has Id (SPI2_TX) currently not set
2026-05-20 13:17:30,837 [INFO] ImportTextPane:218 - (OptionalMessage_ERROR) IP (DMA) : Parameter (MemDataAlignment) has Id (SPI2_TX) currently not set
2026-05-20 13:17:30,837 [INFO] ImportTextPane:218 - (OptionalMessage_ERROR) IP (DMA) : Parameter (Mode) has Id (SPI2_TX) currently not set
2026-05-20 13:17:30,837 [INFO] ImportTextPane:218 - (OptionalMessage_ERROR) IP (DMA) : Parameter (Priority) has Id (SPI2_TX) currently not set
2026-05-20 13:17:30,837 [INFO] ImportTextPane:218 - (OptionalMessage_ERROR) IP (DMA) : Parameter (FIFOMode) has Id (SPI2_TX) currently not set
2026-05-20 13:17:30,837 [INFO] ImportTextPane:218 - (OptionalMessage_ERROR) IP (DMA) : Parameter (Instance) has Id (ADC1) currently not set
2026-05-20 13:17:30,837 [INFO] ImportTextPane:218 - (OptionalMessage_ERROR) IP (DMA) : Parameter (Channel) has Id (ADC1) currently not set
2026-05-20 13:17:30,837 [INFO] ImportTextPane:218 - (OptionalMessage_ERROR) IP (DMA) : Parameter (Direction) has Id (ADC1) currently not set
2026-05-20 13:17:30,837 [INFO] ImportTextPane:218 - (OptionalMessage_ERROR) IP (DMA) : Parameter (PeriphInc) has Id (ADC1) currently not set
2026-05-20 13:17:30,837 [INFO] ImportTextPane:218 - (OptionalMessage_ERROR) IP (DMA) : Parameter (MemInc) has Id (ADC1) currently not set
2026-05-20 13:17:30,837 [INFO] ImportTextPane:218 - (OptionalMessage_ERROR) IP (DMA) : Parameter (PeriphDataAlignment) has Id (ADC1) currently not set
2026-05-20 13:17:30,837 [INFO] ImportTextPane:218 - (OptionalMessage_ERROR) IP (DMA) : Parameter (MemDataAlignment) has Id (ADC1) currently not set
2026-05-20 13:17:30,837 [INFO] ImportTextPane:218 - (OptionalMessage_ERROR) IP (DMA) : Parameter (Mode) has Id (ADC1) currently not set
2026-05-20 13:17:30,838 [INFO] ImportTextPane:218 - (OptionalMessage_ERROR) IP (DMA) : Parameter (Priority) has Id (ADC1) currently not set
2026-05-20 13:17:30,838 [INFO] ImportTextPane:218 - (OptionalMessage_ERROR) IP (DMA) : Parameter (FIFOMode) has Id (ADC1) currently not set
2026-05-20 13:17:30,842 [INFO] ImportTextPane:218 - (OptionalMessage_ERROR) IP (RCC) : Parameter (RTCHSEDivFreq_Value) has invalid value (12500000)
2026-05-20 13:17:30,867 [WARN] IP:2250 - DEVICE_SERIAL0_HID_FS not found: check if there is a RefParameter without a condition.
2026-05-20 13:17:30,867 [WARN] IP:2250 - DEVICE_SERIAL1_HID_FS not found: check if there is a RefParameter without a condition.
2026-05-20 13:17:30,868 [WARN] IP:2250 - DEVICE_SERIAL2_HID_FS not found: check if there is a RefParameter without a condition.
2026-05-20 13:17:31,287 [INFO] ApiDb:581 - Connected to CubeFinder SQLite database (C:\Users\abhil\.stmcufinder\plugins\mcufinder\mcu\cube-finder-db.db)
2026-05-20 13:17:31,391 [INFO] ApiDb:668 - CubeFinder database Data Model version=2.1
2026-05-20 13:17:31,391 [INFO] ApiDb:669 - CubeFinder database Configuration version=3.0.42
2026-05-20 13:17:31,391 [INFO] ApiDb:670 - CubeFinder database generation date=2026-02-13 (1770995876)
2026-05-20 13:17:31,392 [INFO] ApiDb:671 - CubeFinder database FW Pack versions=[FP-ATR-ASTRA1_V2.0.0, FP-SNS-FLIGHT1_V5.1.0, FP-SNS-MOTENV1_V5.1.0, FP-SNS-MOTENVWB1_V1.4.0, FP-SNS-SMARTAG2_V1.2.0, FP-SNS-STBOX1_V2.1.0, STM32Cube_FW_C0_V1.4.0, STM32Cube_FW_F4_V1.28.3, STM32Cube_FW_F7_V1.17.4, STM32Cube_FW_G0_V1.6.2, STM32Cube_FW_G4_V1.6.1, STM32Cube_FW_H5_V1.6.0, STM32Cube_FW_H7RS_V1.3.0, STM32Cube_FW_H7_V1.13.0, STM32Cube_FW_L0_V1.12.2, STM32Cube_FW_L4_V1.18.2, STM32Cube_FW_L5_V1.6.0, STM32Cube_FW_N6_V1.3.0, STM32Cube_FW_U0_V1.3.0, STM32Cube_FW_U3_V1.3.0, STM32Cube_FW_U5_V1.8.0, STM32Cube_FW_WB0_V1.4.0, STM32Cube_FW_WBA_V1.9.0, STM32Cube_FW_WB_V1.24.0, STM32Cube_FW_WL3_V1.4.0, STM32Cube_FW_WL_V1.5.0, X-CUBE-ALGOBUILD_V1.4.0, X-CUBE-ALS_V1.0.2, X-CUBE-AZRTOS-F4_V1.1.0, X-CUBE-AZRTOS-F7_V1.1.0, X-CUBE-AZRTOS-G0_V1.1.0, X-CUBE-AZRTOS-G4_V2.0.0, X-CUBE-AZRTOS-H7RS_V1.1.0, X-CUBE-AZRTOS-H7_V3.4.0, X-CUBE-AZRTOS-L4_V2.0.0, X-CUBE-AZRTOS-L5_V2.0.0, X-CUBE-AZRTOS-WB_V2.0.0, X-CUBE-AZRTOS-WL_V2.0.0, X-CUBE-BLE1_V7.1.0, X-CUBE-BLE2_V3.3.0, X-CUBE-BLEMGR_V4.1.0, X-CUBE-EEPRMA1_V5.2.0, X-CUBE-FREERTOS_V1.3.1, X-CUBE-GNSS1_V6.0.0, X-CUBE-MEMS1_V12.0.0, X-CUBE-NFC4_V3.0.0, X-CUBE-NFC7_V2.0.0, X-CUBE-SFXS2LP1_V4.0.0, X-CUBE-ST67W61_V1.1.0, X-CUBE-SUBG2_V5.0.0, X-CUBE-TOF1_V3.4.3]
2026-05-20 13:17:31,522 [INFO] DbBoardsSqlite:226 - include board P-NUCLEO-WB55-NUCLEO as a kit item of type 'Nucleo-64'
2026-05-20 13:17:31,523 [INFO] DbBoardsSqlite:226 - include board P-NUCLEO-WB55-USBDONGLE as a kit item of type 'Nucleo USB Dongle'
2026-05-20 13:17:31,524 [INFO] DbBoardsSqlite:226 - include board STEVAL-IDP005V1 as a kit item of type 'Evaluation Board'
2026-05-20 13:17:31,524 [INFO] DbBoardsSqlite:226 - include board STEVAL-IDP005V2 as a kit item of type 'Evaluation Board'
2026-05-20 13:17:31,888 [INFO] ApiDb:240 - Found 895 in-development CPN: [B-G473E-ZEST1S, B-WB1M-WPAN1, B-WBA5M-WPAN, B-WL5M-SUBG1, NUCLEO-C031C6, NUCLEO-C051C8, NUCLEO-C071RB, NUCLEO-C092RC, NUCLEO-H503RB, NUCLEO-H533RE, NUCLEO-H563ZI, NUCLEO-H7S3L8, NUCLEO-N657X0-Q, NUCLEO-U031R8, NUCLEO-U083RC, NUCLEO-U385RG-Q, NUCLEO-U545RE-Q, NUCLEO-U5A5ZJ-Q, NUCLEO-WB05KZ, NUCLEO-WB07CC, NUCLEO-WB09KE, NUCLEO-WBA52CG, NUCLEO-WBA55CG, NUCLEO-WBA65RI, NUCLEO-WL33CC1, NUCLEO-WL33CC2, STEVAL-PROTEUS1, STEVAL-SMARTAG2, STEVAL-STWINBX1, STM320518-EVAL, STM32C0116-DK, STM32C011D6Y3TR, STM32C011D6Y6TR, STM32C011F4P3, STM32C011F4P6, STM32C011F4U3, STM32C011F4U6TR, STM32C011F6P3, STM32C011F6P6, STM32C011F6U3, STM32C011F6U6TR, STM32C011J4M3, STM32C011J4M6, STM32C011J6M3, STM32C011J6M6, STM32C0316-DK, STM32C031C4T3, STM32C031C4T6, STM32C031C4U3, STM32C031C4U6, STM32C031C6T3, STM32C031C6T6, STM32C031C6U3, STM32C031C6U6, STM32C031F4P3, STM32C031F4P6, STM32C031F6P3, STM32C031F6P6, STM32C031G4U3, STM32C031G4U6, STM32C031G6U3, STM32C031G6U6, STM32C031K4T3, STM32C031K4T6, STM32C031K4U3, STM32C031K4U6, STM32C031K6T3, STM32C031K6T6, STM32C031K6U3, STM32C031K6U6, STM32C051C6T6, STM32C051C6U6, STM32C051C8T6, STM32C051C8U6, STM32C051D8Y6TR, STM32C051F6P6, STM32C051F8P6, STM32C051G6U6, STM32C051G8U6, STM32C051K6T6, STM32C051K6U6, STM32C051K8T6, STM32C071C8T6, STM32C071C8T6N, STM32C071C8U6, STM32C071C8U6N, STM32C071CBT6, STM32C071CBT6N, STM32C071CBU6, STM32C071CBU6N, STM32C071F8P6, STM32C071F8P6N, STM32C071FBP6, STM32C071FBP6N, STM32C071FBY6TR, STM32C071G8U6, STM32C071G8U6N, STM32C071GBU6, STM32C071GBU6N, STM32C071K8T6, STM32C071K8T6N, STM32C071K8U6, STM32C071K8U6N, STM32C071KBT6, STM32C071KBT6N, STM32C071KBU6, STM32C071KBU6N, STM32C071R8T6, STM32C071R8T6N, STM32C071RBI6N, STM32C071RBT6, STM32C071RBT6N, STM32C091CBT6, STM32C091CBU6, STM32C091CCT6, STM32C091CCU6, STM32C091ECY6TR, STM32C091FBP6, STM32C091FCP6, STM32C091GBU6, STM32C091GCU6, STM32C091KBT6, STM32C091KBU6, STM32C091KCT6, STM32C091KCU6, STM32C091RBT6, STM32C091RCI6, STM32C091RCT6, STM32C092CBT6, STM32C092CBU6, STM32C092CCT6, STM32C092CCU6, STM32C092ECY6TR, STM32C092FBP6, STM32C092FCP6, STM32C092GBU6, STM32C092GCU6, STM32C092KBT6, STM32C092KBU6, STM32C092KCT6, STM32C092KCU6, STM32C092RBT6, STM32C092RCI6, STM32C092RCT6, STM32G071K8TXN, STM32G071K8UXN, STM32G081GBU6N, STM32G081KBT6N, STM32G081KBUXN, STM32G0B1CCT6N, STM32G0B1KCT6, STM32G0B1NEY6TR, STM32G0B1RCT6N, STM32G0C1CCT6, STM32G0C1CCT6N, STM32G0C1CCU6N, STM32G0C1CET6N, STM32G0C1CEU6N, STM32G0C1KCT6, STM32G0C1NEY6TR, STM32G0C1RCI6N, STM32G0C1RCT6N, STM32G0C1REI6N, STM32G0C1RET6N, STM32G0C1VCI6, STM32G0C1VEI6, STM32G411C6T3, STM32G411C6T6, STM32G411C6U3, STM32G411C6U6, STM32G411C8T3, STM32G411C8T6, STM32G411C8U3, STM32G411C8U6, STM32G411CBT3, STM32G411CBT6, STM32G411CBU3, STM32G411CBU6, STM32G411CCT3, STM32G411CCT6, STM32G411CCU3, STM32G411CCU6, STM32G411K6T3, STM32G411K6T6, STM32G411K6U3, STM32G411K6U6, STM32G411K8T3, STM32G411K8T6, STM32G411K8U3, STM32G411K8U6, STM32G411KBT3, STM32G411KBT6, STM32G411KBU3, STM32G411KBU6, STM32G411M6T3, STM32G411M6T6, STM32G411M8T3, STM32G411M8T6, STM32G411MBT3, STM32G411MBT6, STM32G411MCT3, STM32G411MCT6, STM32G411R6T3, STM32G411R6T6, STM32G411R8T3, STM32G411R8T6, STM32G411RBT3, STM32G411RBT6, STM32G411RCT3, STM32G411RCT6, STM32G414CBT3, STM32G414CBT6, STM32G414CBU3, STM32G414CBU6, STM32G414CCT3, STM32G414CCT6, STM32G414CCU3, STM32G414CCU6, STM32G414MBT3, STM32G414MBT6, STM32G414MCT3, STM32G414MCT6, STM32G414RBT3, STM32G414RBT6, STM32G414RCT3, STM32G414RCT6, STM32G414VBT3, STM32G414VBT6, STM32G414VCT3, STM32G414VCT6, STM32G431CBT3Z, STM32G431RBT3Z, STM32G471CCT6, STM32G471CCU6, STM32G471CET3, STM32G471CET6, STM32G471CEU3, STM32G471CEU6, STM32G471MCT6, STM32G471MET3, STM32G471MET6, STM32G471MEY6TR, STM32G471QCT6, STM32G471QET3, STM32G471RCT6, STM32G471RET3, STM32G471RET6, STM32G471VCH6, STM32G471VCI6, STM32G471VCT6, STM32G471VEH3, STM32G471VEH6, STM32G471VEI3, STM32G471VEI6, STM32G471VET3, STM32G471VET6, STM32G473QET3Z, STM32G473RET3Z, STM32G474CCT6, STM32G491RET3Z, STM32H503CBT6, STM32H503CBU6, STM32H503EBY6TR, STM32H503KBU6, STM32H503RBT6, STM32H523CCT6, STM32H523CCU6, STM32H523CET6, STM32H523CEU6, STM32H523HEY6TR, STM32H523RCT6, STM32H523RET6, STM32H523VCI6, STM32H523VCT6, STM32H523VEI6, STM32H523VET6, STM32H523ZCJ6, STM32H523ZCT6, STM32H523ZEJ6, STM32H523ZET6, STM32H533CET6, STM32H533CEU6, STM32H533HEY6TR, STM32H533RET6, STM32H533VEI6, STM32H533VET6, STM32H533ZEJ6, STM32H533ZET6, STM32H562AGI6, STM32H562AII6, STM32H562IGK6, STM32H562IGT6, STM32H562IIK6, STM32H562IIT6, STM32H562RGT6, STM32H562RGV6, STM32H562RIT6, STM32H562RIV6, STM32H562VGT6, STM32H562VIT6, STM32H562ZGT6, STM32H562ZIT6, STM32H563AGI6, STM32H563AII3Q, STM32H563AII6, STM32H563IGK6, STM32H563IGT6, STM32H563IIK3Q, STM32H563IIK6, STM32H563IIT3Q, STM32H563IIT6, STM32H563MIY3QTR, STM32H563RGT6, STM32H563RGV6, STM32H563RIT6, STM32H563RIV6, STM32H563VGT6, STM32H563VIT3Q, STM32H563VIT6, STM32H563ZGT6, STM32H563ZIT3Q, STM32H563ZIT6, STM32H573AII3Q, STM32H573AII6, STM32H573I-DK, STM32H573IIK3Q, STM32H573IIK6, STM32H573IIT3Q, STM32H573IIT6, STM32H573MIY3QTR, STM32H573RIT6, STM32H573RIV6, STM32H573VIT3Q, STM32H573VIT6, STM32H573ZIT3Q, STM32H573ZIT6, STM32H7R3A8I6, STM32H7R3I8K6, STM32H7R3I8T6, STM32H7R3L8H6, STM32H7R3L8H6H, STM32H7R3R8V6, STM32H7R3V8H6, STM32H7R3V8T6, STM32H7R3V8Y6TR, STM32H7R3Z8J6, STM32H7R3Z8T6, STM32H7R7A8I6, STM32H7R7I8K6, STM32H7R7I8T6, STM32H7R7L8H6, STM32H7R7L8H6H, STM32H7R7Z8J6, STM32H7S3A8I6, STM32H7S3I8K6, STM32H7S3I8T6, STM32H7S3L8H6, STM32H7S3L8H6H, STM32H7S3R8V6, STM32H7S3V8H6, STM32H7S3V8T6, STM32H7S3V8Y6TR, STM32H7S3Z8J6, STM32H7S3Z8T6, STM32H7S78-DK, STM32H7S7A8I6, STM32H7S7I8K6, STM32H7S7I8T6, STM32H7S7L8H6, STM32H7S7L8H6H, STM32H7S7Z8J6, STM32L4R5QGI6STR, STM32MP131AAE3, STM32MP131AAF3, STM32MP131AAG3, STM32MP131CAE3, STM32MP131CAF3, STM32MP131CAG3, STM32MP131DAE7, STM32MP131DAF7, STM32MP131DAG7, STM32MP131FAE7, STM32MP131FAF7, STM32MP131FAG7, STM32MP133AAE3, STM32MP133AAF3, STM32MP133AAG3, STM32MP133CAE3, STM32MP133CAF3, STM32MP133CAG3, STM32MP133DAE7, STM32MP133DAF7, STM32MP133DAG7, STM32MP133FAE7, STM32MP133FAF7, STM32MP133FAG7, STM32MP135AAE3, STM32MP135AAF3, STM32MP135AAG3, STM32MP135CAE3, STM32MP135CAF3, STM32MP135CAG3, STM32MP135DAE7, STM32MP135DAF7, STM32MP135DAG7, STM32MP135F-DK, STM32MP135FAE7, STM32MP135FAF7, STM32MP135FAF7T, STM32MP135FAF7U, STM32MP135FAG7, STM32MP231AAJ3, STM32MP231AAK3, STM32MP231AAL3, STM32MP231CAJ3, STM32MP231CAK3, STM32MP231CAL3, STM32MP231DAJ3, STM32MP231DAK3, STM32MP231DAL3, STM32MP231FAJ3, STM32MP231FAK3, STM32MP231FAL3, STM32MP233AAJ3, STM32MP233AAK3, STM32MP233AAL3, STM32MP233CAJ3, STM32MP233CAK3, STM32MP233CAL3, STM32MP233DAJ3, STM32MP233DAK3, STM32MP233DAL3, STM32MP233FAJ3, STM32MP233FAK3, STM32MP233FAL3, STM32MP235AAJ3, STM32MP235AAK3, STM32MP235AAL3, STM32MP235CAJ3, STM32MP235CAK3, STM32MP235CAL3, STM32MP235DAJ3, STM32MP235DAK3, STM32MP235DAL3, STM32MP235FAJ3, STM32MP235FAK3, STM32MP235FAL3, STM32MP251AAI3, STM32MP251AAJ3, STM32MP251AAK3, STM32MP251AAL3, STM32MP251CAI3, STM32MP251CAJ3, STM32MP251CAK3, STM32MP251CAL3, STM32MP251DAI3, STM32MP251DAJ3, STM32MP251DAK3, STM32MP251DAL3, STM32MP251FAI3, STM32MP251FAJ3, STM32MP251FAK3, STM32MP251FAL3, STM32MP253AAI3, STM32MP253AAJ3, STM32MP253AAK3, STM32MP253AAL3, STM32MP253CAI3, STM32MP253CAJ3, STM32MP253CAK3, STM32MP253CAL3, STM32MP253DAI3, STM32MP253DAJ3, STM32MP253DAK3, STM32MP253DAL3, STM32MP253FAI3, STM32MP253FAJ3, STM32MP253FAK3, STM32MP253FAL3, STM32MP255AAI3, STM32MP255AAJ3, STM32MP255AAK3, STM32MP255AAL3, STM32MP255CAI3, STM32MP255CAJ3, STM32MP255CAK3, STM32MP255CAL3, STM32MP255DAI3, STM32MP255DAJ3, STM32MP255DAK3, STM32MP255DAL3, STM32MP255FAI3, STM32MP255FAJ3, STM32MP255FAK3, STM32MP255FAL3, STM32MP257AAI3, STM32MP257AAJ3, STM32MP257AAK3, STM32MP257AAL3, STM32MP257CAI3, STM32MP257CAJ3, STM32MP257CAK3, STM32MP257CAL3, STM32MP257DAI3, STM32MP257DAJ3, STM32MP257DAK3, STM32MP257DAL3, STM32MP257F-DK, STM32MP257F-EV1, STM32MP257FAI3, STM32MP257FAJ3, STM32MP257FAK3, STM32MP257FAL3, STM32N645A0H3Q, STM32N645B0H3Q, STM32N645I0H3Q, STM32N645L0H3Q, STM32N645X0H3Q, STM32N645Z0H3Q, STM32N647A0H3Q, STM32N647B0H3Q, STM32N647I0H3Q, STM32N647L0H3Q, STM32N647X0H3Q, STM32N647Z0H3Q, STM32N655A0H3Q, STM32N655B0H3Q, STM32N655I0H3Q, STM32N655L0H3Q, STM32N655X0H3Q, STM32N655Z0H3Q, STM32N6570-DK, STM32N657A0H3Q, STM32N657B0H3Q, STM32N657I0H3Q, STM32N657L0H3Q, STM32N657X0H3Q, STM32N657Z0H3Q, STM32U031C6T6, STM32U031C6U6, STM32U031C8T6, STM32U031C8U6, STM32U031F4P6, STM32U031F6P6, STM32U031F8P6, STM32U031G6Y6TR, STM32U031G8Y6TR, STM32U031K4U6, STM32U031K6U6, STM32U031K8U6, STM32U031R6I6, STM32U031R6T6, STM32U031R8I6, STM32U031R8T6, STM32U073C8T6, STM32U073C8U6, STM32U073CBT6, STM32U073CBU6, STM32U073CCT6, STM32U073CCU6, STM32U073H8Y6TR, STM32U073HBY6TR, STM32U073HCY6TR, STM32U073K8U6, STM32U073KBU6, STM32U073KCU6, STM32U073M8I6, STM32U073M8T6, STM32U073MBI6, STM32U073MBT6, STM32U073MCI6, STM32U073MCT6, STM32U073R8I6, STM32U073R8T6, STM32U073RBI6, STM32U073RBT6, STM32U073RCI6, STM32U073RCT6, STM32U083C-DK, STM32U083CCT6, STM32U083CCU6, STM32U083HCY6TR, STM32U083KCU6, STM32U083MCI6, STM32U083MCT6, STM32U083RCI6, STM32U083RCT6, STM32U375CET6, STM32U375CET6Q, STM32U375CEU6, STM32U375CEU6Q, STM32U375CEY6QTR, STM32U375CGT6, STM32U375CGT6Q, STM32U375CGU6, STM32U375CGU6Q, STM32U375CGY6QTR, STM32U375KEU6, STM32U375KGU6, STM32U375REI6, STM32U375REI6Q, STM32U375RET6, STM32U375RET6Q, STM32U375REY6GTR, STM32U375REY6QTR, STM32U375RGI6, STM32U375RGI6Q, STM32U375RGT6, STM32U375RGT6Q, STM32U375RGY6GTR, STM32U375RGY6QTR, STM32U375VEI6, STM32U375VEI6Q, STM32U375VET6, STM32U375VET6Q, STM32U375VGI6, STM32U375VGI6Q, STM32U375VGT6, STM32U375VGT6Q, STM32U385CGT6, STM32U385CGT6Q, STM32U385CGU6, STM32U385CGU6Q, STM32U385CGY6QTR, STM32U385KGU6, STM32U385RGI6, STM32U385RGI6Q, STM32U385RGT6, STM32U385RGT6Q, STM32U385RGY6GTR, STM32U385RGY6QTR, STM32U385VGI6, STM32U385VGI6Q, STM32U385VGT6, STM32U385VGT6Q, STM32U535CBT6, STM32U535CBT6Q, STM32U535CBU6, STM32U535CBU6Q, STM32U535CCT6, STM32U535CCT6Q, STM32U535CCU6, STM32U535CCU6Q, STM32U535CET6, STM32U535CET6Q, STM32U535CEU6, STM32U535CEU6Q, STM32U535JEY6QTR, STM32U535NCY6QTR, STM32U535NEY6QTR, STM32U535RBI6, STM32U535RBI6Q, STM32U535RBT6, STM32U535RBT6Q, STM32U535RCI6, STM32U535RCI6Q, STM32U535RCT6, STM32U535RCT6Q, STM32U535REI6, STM32U535REI6Q, STM32U535RET6, STM32U535RET6Q, STM32U535VCI6, STM32U535VCI6Q, STM32U535VCT6, STM32U535VCT6Q, STM32U535VEI6, STM32U535VEI6Q, STM32U535VET6, STM32U535VET6Q, STM32U545CET6, STM32U545CET6Q, STM32U545CEU6, STM32U545CEU6Q, STM32U545JEY6QTR, STM32U545NEY6QTR, STM32U545REI6, STM32U545REI6Q, STM32U545RET6, STM32U545RET6Q, STM32U545VEI6, STM32U545VEI6Q, STM32U545VET6, STM32U545VET6Q, STM32U595AIH6, STM32U595AIH6Q, STM32U595AJH6, STM32U595AJH6Q, STM32U595QII6, STM32U595QII6Q, STM32U595QJI6, STM32U595QJI6Q, STM32U595RIT6, STM32U595RIT6Q, STM32U595RJT6, STM32U595RJT6Q, STM32U595VIT6, STM32U595VIT6Q, STM32U595VJT6, STM32U595VJT6Q, STM32U595ZIT6, STM32U595ZIT6Q, STM32U595ZIY6QTR, STM32U595ZJT6, STM32U595ZJT6Q, STM32U595ZJY6QTR, STM32U599BJY6QTR, STM32U599NIH6Q, STM32U599NJH6Q, STM32U599VIT6Q, STM32U599VJT6, STM32U599VJT6Q, STM32U599ZIT6Q, STM32U599ZIY6QTR, STM32U599ZJT6Q, STM32U599ZJY6QTR, STM32U5A5AJH6, STM32U5A5AJH6Q, STM32U5A5QII3Q , STM32U5A5QJI6, STM32U5A5QJI6Q, STM32U5A5RJT6, STM32U5A5RJT6Q, STM32U5A5VJT6, STM32U5A5VJT6Q, STM32U5A5ZJT6, STM32U5A5ZJT6Q, STM32U5A5ZJY6QTR, STM32U5A9BJY6QTR, STM32U5A9J-DK, STM32U5A9NJH6Q, STM32U5A9VJT6Q, STM32U5A9ZJT6Q, STM32U5A9ZJY6QTR, STM32U5F7VIT6, STM32U5F7VIT6Q, STM32U5F7VJT6, STM32U5F7VJT6Q, STM32U5F9BJY6QTR, STM32U5F9NJH6Q, STM32U5F9VIT6Q, STM32U5F9VJT6Q, STM32U5F9ZIJ6QTR, STM32U5F9ZIT6Q, STM32U5F9ZJJ6QTR, STM32U5F9ZJT6Q, STM32U5G7VJT6, STM32U5G7VJT6Q, STM32U5G9BJY6QTR, STM32U5G9J-DK1, STM32U5G9J-DK2, STM32U5G9NJH6Q, STM32U5G9VJT6Q, STM32U5G9ZJJ6QTR, STM32U5G9ZJT6Q, STM32WB05KZV6TR, STM32WB05KZV7TR, STM32WB05TZF6TR, STM32WB05TZF7TR, STM32WB06CCF6TR, STM32WB06CCF7TR, STM32WB06CCV6TR, STM32WB06CCV7TR, STM32WB06KCV6TR, STM32WB06KCV7TR, STM32WB07CCF6TR, STM32WB07CCF7TR, STM32WB07CCV6TR, STM32WB07CCV7TR, STM32WB07KCV6TR, STM32WB07KCV7TR, STM32WB09KEV6TR, STM32WB09KEV7TR, STM32WB09TEF6TR, STM32WB09TEF7TR, STM32WB1MMCH6, STM32WBA50KGU6, STM32WBA50KGU6TR, STM32WBA52CEU6, STM32WBA52CEU6TR, STM32WBA52CEU7, STM32WBA52CEU7TR, STM32WBA52CGU6, STM32WBA52CGU6TR, STM32WBA52CGU6U, STM32WBA52CGU7, STM32WBA52CGU7TR, STM32WBA52KEU6, STM32WBA52KEU6TR, STM32WBA52KGU6, STM32WBA52KGU6TR, STM32WBA54CEU6, STM32WBA54CEU6TR, STM32WBA54CEU7, STM32WBA54CEU7TR, STM32WBA54CGU6, STM32WBA54CGU6TR, STM32WBA54CGU7, STM32WBA54CGU7TR, STM32WBA54KEU6, STM32WBA54KEU6TR, STM32WBA54KEU7, STM32WBA54KEU7TR, STM32WBA54KGU6, STM32WBA54KGU6TR, STM32WBA54KGU7, STM32WBA54KGU7TR, STM32WBA55CEU6, STM32WBA55CEU6TR, STM32WBA55CEU7, STM32WBA55CEU7TR, STM32WBA55CGU6, STM32WBA55CGU6TR, STM32WBA55CGU6U, STM32WBA55CGU7, STM32WBA55CGU7TR, STM32WBA55G-DK1, STM32WBA55HEF6, STM32WBA55HEF7, STM32WBA55HGF6, STM32WBA55HGF7, STM32WBA55UEI6, STM32WBA55UEI6TR, STM32WBA55UEI7, STM32WBA55UEI7TR, STM32WBA55UGI6, STM32WBA55UGI6TR, STM32WBA55UGI7, STM32WBA55UGI7TR, STM32WBA5MJGH6TR, STM32WBA62CGU6, STM32WBA62CIU6, STM32WBA62MGF6, STM32WBA62MIF6, STM32WBA62PGI6, STM32WBA62PII6, STM32WBA63CGU6, STM32WBA63CGU7, STM32WBA63CIU6, STM32WBA63CIU7, STM32WBA64CGU6, STM32WBA64CGU7, STM32WBA64CIU6, STM32WBA64CIU7, STM32WBA65CGU6, STM32WBA65CGU7, STM32WBA65CIU6, STM32WBA65CIU7, STM32WBA65I-DK1, STM32WBA65MGF6, STM32WBA65MGF7, STM32WBA65MIF6, STM32WBA65MIF7, STM32WBA65PGI6, STM32WBA65PGI7, STM32WBA65PII6, STM32WBA65PII7, STM32WBA65RGV6, STM32WBA65RGV7, STM32WBA65RIV6, STM32WBA65RIV7, STM32WL30K8V6, STM32WL30KBV6, STM32WL31C8V6, STM32WL31CBV6, STM32WL31K8V6, STM32WL31KBV6, STM32WL33C8V6, STM32WL33C8V6TR, STM32WL33C8V7, STM32WL33C8V7TR, STM32WL33CBV6, STM32WL33CBV6TR, STM32WL33CBV7, STM32WL33CBV7TR, STM32WL33CCV6, STM32WL33CCV6TR, STM32WL33CCV7, STM32WL33CCV7A, STM32WL33CCV7ATR, STM32WL33CCV7TR, STM32WL33K8V6, STM32WL33K8V6TR, STM32WL33K8V7, STM32WL33K8V7TR, STM32WL33KBV6, STM32WL33KBV6TR, STM32WL33KBV7, STM32WL33KBV7TR, STM32WL33KCV6, STM32WL33KCV6TR, STM32WL33KCV7, STM32WL33KCV7TR, STM32WL5MOCH6, STM32WL5MOCH6TR]
2026-05-20 13:17:31,902 [INFO] ApiDb:668 - CubeFinder database Data Model version=2.1
2026-05-20 13:17:31,902 [INFO] ApiDb:669 - CubeFinder database Configuration version=3.0.42
2026-05-20 13:17:31,902 [INFO] ApiDb:670 - CubeFinder database generation date=2026-02-13 (1770995876)
2026-05-20 13:17:31,902 [INFO] ApiDb:671 - CubeFinder database FW Pack versions=[FP-ATR-ASTRA1_V2.0.0, FP-SNS-FLIGHT1_V5.1.0, FP-SNS-MOTENV1_V5.1.0, FP-SNS-MOTENVWB1_V1.4.0, FP-SNS-SMARTAG2_V1.2.0, FP-SNS-STBOX1_V2.1.0, STM32Cube_FW_C0_V1.4.0, STM32Cube_FW_F4_V1.28.3, STM32Cube_FW_F7_V1.17.4, STM32Cube_FW_G0_V1.6.2, STM32Cube_FW_G4_V1.6.1, STM32Cube_FW_H5_V1.6.0, STM32Cube_FW_H7RS_V1.3.0, STM32Cube_FW_H7_V1.13.0, STM32Cube_FW_L0_V1.12.2, STM32Cube_FW_L4_V1.18.2, STM32Cube_FW_L5_V1.6.0, STM32Cube_FW_N6_V1.3.0, STM32Cube_FW_U0_V1.3.0, STM32Cube_FW_U3_V1.3.0, STM32Cube_FW_U5_V1.8.0, STM32Cube_FW_WB0_V1.4.0, STM32Cube_FW_WBA_V1.9.0, STM32Cube_FW_WB_V1.24.0, STM32Cube_FW_WL3_V1.4.0, STM32Cube_FW_WL_V1.5.0, X-CUBE-ALGOBUILD_V1.4.0, X-CUBE-ALS_V1.0.2, X-CUBE-AZRTOS-F4_V1.1.0, X-CUBE-AZRTOS-F7_V1.1.0, X-CUBE-AZRTOS-G0_V1.1.0, X-CUBE-AZRTOS-G4_V2.0.0, X-CUBE-AZRTOS-H7RS_V1.1.0, X-CUBE-AZRTOS-H7_V3.4.0, X-CUBE-AZRTOS-L4_V2.0.0, X-CUBE-AZRTOS-L5_V2.0.0, X-CUBE-AZRTOS-WB_V2.0.0, X-CUBE-AZRTOS-WL_V2.0.0, X-CUBE-BLE1_V7.1.0, X-CUBE-BLE2_V3.3.0, X-CUBE-BLEMGR_V4.1.0, X-CUBE-EEPRMA1_V5.2.0, X-CUBE-FREERTOS_V1.3.1, X-CUBE-GNSS1_V6.0.0, X-CUBE-MEMS1_V12.0.0, X-CUBE-NFC4_V3.0.0, X-CUBE-NFC7_V2.0.0, X-CUBE-SFXS2LP1_V4.0.0, X-CUBE-ST67W61_V1.1.0, X-CUBE-SUBG2_V5.0.0, X-CUBE-TOF1_V3.4.3]
2026-05-20 13:17:34,514 [INFO] ApiDb:240 - Found 895 in-development CPN: [B-G473E-ZEST1S, B-WB1M-WPAN1, B-WBA5M-WPAN, B-WL5M-SUBG1, NUCLEO-C031C6, NUCLEO-C051C8, NUCLEO-C071RB, NUCLEO-C092RC, NUCLEO-H503RB, NUCLEO-H533RE, NUCLEO-H563ZI, NUCLEO-H7S3L8, NUCLEO-N657X0-Q, NUCLEO-U031R8, NUCLEO-U083RC, NUCLEO-U385RG-Q, NUCLEO-U545RE-Q, NUCLEO-U5A5ZJ-Q, NUCLEO-WB05KZ, NUCLEO-WB07CC, NUCLEO-WB09KE, NUCLEO-WBA52CG, NUCLEO-WBA55CG, NUCLEO-WBA65RI, NUCLEO-WL33CC1, NUCLEO-WL33CC2, STEVAL-PROTEUS1, STEVAL-SMARTAG2, STEVAL-STWINBX1, STM320518-EVAL, STM32C0116-DK, STM32C011D6Y3TR, STM32C011D6Y6TR, STM32C011F4P3, STM32C011F4P6, STM32C011F4U3, STM32C011F4U6TR, STM32C011F6P3, STM32C011F6P6, STM32C011F6U3, STM32C011F6U6TR, STM32C011J4M3, STM32C011J4M6, STM32C011J6M3, STM32C011J6M6, STM32C0316-DK, STM32C031C4T3, STM32C031C4T6, STM32C031C4U3, STM32C031C4U6, STM32C031C6T3, STM32C031C6T6, STM32C031C6U3, STM32C031C6U6, STM32C031F4P3, STM32C031F4P6, STM32C031F6P3, STM32C031F6P6, STM32C031G4U3, STM32C031G4U6, STM32C031G6U3, STM32C031G6U6, STM32C031K4T3, STM32C031K4T6, STM32C031K4U3, STM32C031K4U6, STM32C031K6T3, STM32C031K6T6, STM32C031K6U3, STM32C031K6U6, STM32C051C6T6, STM32C051C6U6, STM32C051C8T6, STM32C051C8U6, STM32C051D8Y6TR, STM32C051F6P6, STM32C051F8P6, STM32C051G6U6, STM32C051G8U6, STM32C051K6T6, STM32C051K6U6, STM32C051K8T6, STM32C071C8T6, STM32C071C8T6N, STM32C071C8U6, STM32C071C8U6N, STM32C071CBT6, STM32C071CBT6N, STM32C071CBU6, STM32C071CBU6N, STM32C071F8P6, STM32C071F8P6N, STM32C071FBP6, STM32C071FBP6N, STM32C071FBY6TR, STM32C071G8U6, STM32C071G8U6N, STM32C071GBU6, STM32C071GBU6N, STM32C071K8T6, STM32C071K8T6N, STM32C071K8U6, STM32C071K8U6N, STM32C071KBT6, STM32C071KBT6N, STM32C071KBU6, STM32C071KBU6N, STM32C071R8T6, STM32C071R8T6N, STM32C071RBI6N, STM32C071RBT6, STM32C071RBT6N, STM32C091CBT6, STM32C091CBU6, STM32C091CCT6, STM32C091CCU6, STM32C091ECY6TR, STM32C091FBP6, STM32C091FCP6, STM32C091GBU6, STM32C091GCU6, STM32C091KBT6, STM32C091KBU6, STM32C091KCT6, STM32C091KCU6, STM32C091RBT6, STM32C091RCI6, STM32C091RCT6, STM32C092CBT6, STM32C092CBU6, STM32C092CCT6, STM32C092CCU6, STM32C092ECY6TR, STM32C092FBP6, STM32C092FCP6, STM32C092GBU6, STM32C092GCU6, STM32C092KBT6, STM32C092KBU6, STM32C092KCT6, STM32C092KCU6, STM32C092RBT6, STM32C092RCI6, STM32C092RCT6, STM32G071K8TXN, STM32G071K8UXN, STM32G081GBU6N, STM32G081KBT6N, STM32G081KBUXN, STM32G0B1CCT6N, STM32G0B1KCT6, STM32G0B1NEY6TR, STM32G0B1RCT6N, STM32G0C1CCT6, STM32G0C1CCT6N, STM32G0C1CCU6N, STM32G0C1CET6N, STM32G0C1CEU6N, STM32G0C1KCT6, STM32G0C1NEY6TR, STM32G0C1RCI6N, STM32G0C1RCT6N, STM32G0C1REI6N, STM32G0C1RET6N, STM32G0C1VCI6, STM32G0C1VEI6, STM32G411C6T3, STM32G411C6T6, STM32G411C6U3, STM32G411C6U6, STM32G411C8T3, STM32G411C8T6, STM32G411C8U3, STM32G411C8U6, STM32G411CBT3, STM32G411CBT6, STM32G411CBU3, STM32G411CBU6, STM32G411CCT3, STM32G411CCT6, STM32G411CCU3, STM32G411CCU6, STM32G411K6T3, STM32G411K6T6, STM32G411K6U3, STM32G411K6U6, STM32G411K8T3, STM32G411K8T6, STM32G411K8U3, STM32G411K8U6, STM32G411KBT3, STM32G411KBT6, STM32G411KBU3, STM32G411KBU6, STM32G411M6T3, STM32G411M6T6, STM32G411M8T3, STM32G411M8T6, STM32G411MBT3, STM32G411MBT6, STM32G411MCT3, STM32G411MCT6, STM32G411R6T3, STM32G411R6T6, STM32G411R8T3, STM32G411R8T6, STM32G411RBT3, STM32G411RBT6, STM32G411RCT3, STM32G411RCT6, STM32G414CBT3, STM32G414CBT6, STM32G414CBU3, STM32G414CBU6, STM32G414CCT3, STM32G414CCT6, STM32G414CCU3, STM32G414CCU6, STM32G414MBT3, STM32G414MBT6, STM32G414MCT3, STM32G414MCT6, STM32G414RBT3, STM32G414RBT6, STM32G414RCT3, STM32G414RCT6, STM32G414VBT3, STM32G414VBT6, STM32G414VCT3, STM32G414VCT6, STM32G431CBT3Z, STM32G431RBT3Z, STM32G471CCT6, STM32G471CCU6, STM32G471CET3, STM32G471CET6, STM32G471CEU3, STM32G471CEU6, STM32G471MCT6, STM32G471MET3, STM32G471MET6, STM32G471MEY6TR, STM32G471QCT6, STM32G471QET3, STM32G471RCT6, STM32G471RET3, STM32G471RET6, STM32G471VCH6, STM32G471VCI6, STM32G471VCT6, STM32G471VEH3, STM32G471VEH6, STM32G471VEI3, STM32G471VEI6, STM32G471VET3, STM32G471VET6, STM32G473QET3Z, STM32G473RET3Z, STM32G474CCT6, STM32G491RET3Z, STM32H503CBT6, STM32H503CBU6, STM32H503EBY6TR, STM32H503KBU6, STM32H503RBT6, STM32H523CCT6, STM32H523CCU6, STM32H523CET6, STM32H523CEU6, STM32H523HEY6TR, STM32H523RCT6, STM32H523RET6, STM32H523VCI6, STM32H523VCT6, STM32H523VEI6, STM32H523VET6, STM32H523ZCJ6, STM32H523ZCT6, STM32H523ZEJ6, STM32H523ZET6, STM32H533CET6, STM32H533CEU6, STM32H533HEY6TR, STM32H533RET6, STM32H533VEI6, STM32H533VET6, STM32H533ZEJ6, STM32H533ZET6, STM32H562AGI6, STM32H562AII6, STM32H562IGK6, STM32H562IGT6, STM32H562IIK6, STM32H562IIT6, STM32H562RGT6, STM32H562RGV6, STM32H562RIT6, STM32H562RIV6, STM32H562VGT6, STM32H562VIT6, STM32H562ZGT6, STM32H562ZIT6, STM32H563AGI6, STM32H563AII3Q, STM32H563AII6, STM32H563IGK6, STM32H563IGT6, STM32H563IIK3Q, STM32H563IIK6, STM32H563IIT3Q, STM32H563IIT6, STM32H563MIY3QTR, STM32H563RGT6, STM32H563RGV6, STM32H563RIT6, STM32H563RIV6, STM32H563VGT6, STM32H563VIT3Q, STM32H563VIT6, STM32H563ZGT6, STM32H563ZIT3Q, STM32H563ZIT6, STM32H573AII3Q, STM32H573AII6, STM32H573I-DK, STM32H573IIK3Q, STM32H573IIK6, STM32H573IIT3Q, STM32H573IIT6, STM32H573MIY3QTR, STM32H573RIT6, STM32H573RIV6, STM32H573VIT3Q, STM32H573VIT6, STM32H573ZIT3Q, STM32H573ZIT6, STM32H7R3A8I6, STM32H7R3I8K6, STM32H7R3I8T6, STM32H7R3L8H6, STM32H7R3L8H6H, STM32H7R3R8V6, STM32H7R3V8H6, STM32H7R3V8T6, STM32H7R3V8Y6TR, STM32H7R3Z8J6, STM32H7R3Z8T6, STM32H7R7A8I6, STM32H7R7I8K6, STM32H7R7I8T6, STM32H7R7L8H6, STM32H7R7L8H6H, STM32H7R7Z8J6, STM32H7S3A8I6, STM32H7S3I8K6, STM32H7S3I8T6, STM32H7S3L8H6, STM32H7S3L8H6H, STM32H7S3R8V6, STM32H7S3V8H6, STM32H7S3V8T6, STM32H7S3V8Y6TR, STM32H7S3Z8J6, STM32H7S3Z8T6, STM32H7S78-DK, STM32H7S7A8I6, STM32H7S7I8K6, STM32H7S7I8T6, STM32H7S7L8H6, STM32H7S7L8H6H, STM32H7S7Z8J6, STM32L4R5QGI6STR, STM32MP131AAE3, STM32MP131AAF3, STM32MP131AAG3, STM32MP131CAE3, STM32MP131CAF3, STM32MP131CAG3, STM32MP131DAE7, STM32MP131DAF7, STM32MP131DAG7, STM32MP131FAE7, STM32MP131FAF7, STM32MP131FAG7, STM32MP133AAE3, STM32MP133AAF3, STM32MP133AAG3, STM32MP133CAE3, STM32MP133CAF3, STM32MP133CAG3, STM32MP133DAE7, STM32MP133DAF7, STM32MP133DAG7, STM32MP133FAE7, STM32MP133FAF7, STM32MP133FAG7, STM32MP135AAE3, STM32MP135AAF3, STM32MP135AAG3, STM32MP135CAE3, STM32MP135CAF3, STM32MP135CAG3, STM32MP135DAE7, STM32MP135DAF7, STM32MP135DAG7, STM32MP135F-DK, STM32MP135FAE7, STM32MP135FAF7, STM32MP135FAF7T, STM32MP135FAF7U, STM32MP135FAG7, STM32MP231AAJ3, STM32MP231AAK3, STM32MP231AAL3, STM32MP231CAJ3, STM32MP231CAK3, STM32MP231CAL3, STM32MP231DAJ3, STM32MP231DAK3, STM32MP231DAL3, STM32MP231FAJ3, STM32MP231FAK3, STM32MP231FAL3, STM32MP233AAJ3, STM32MP233AAK3, STM32MP233AAL3, STM32MP233CAJ3, STM32MP233CAK3, STM32MP233CAL3, STM32MP233DAJ3, STM32MP233DAK3, STM32MP233DAL3, STM32MP233FAJ3, STM32MP233FAK3, STM32MP233FAL3, STM32MP235AAJ3, STM32MP235AAK3, STM32MP235AAL3, STM32MP235CAJ3, STM32MP235CAK3, STM32MP235CAL3, STM32MP235DAJ3, STM32MP235DAK3, STM32MP235DAL3, STM32MP235FAJ3, STM32MP235FAK3, STM32MP235FAL3, STM32MP251AAI3, STM32MP251AAJ3, STM32MP251AAK3, STM32MP251AAL3, STM32MP251CAI3, STM32MP251CAJ3, STM32MP251CAK3, STM32MP251CAL3, STM32MP251DAI3, STM32MP251DAJ3, STM32MP251DAK3, STM32MP251DAL3, STM32MP251FAI3, STM32MP251FAJ3, STM32MP251FAK3, STM32MP251FAL3, STM32MP253AAI3, STM32MP253AAJ3, STM32MP253AAK3, STM32MP253AAL3, STM32MP253CAI3, STM32MP253CAJ3, STM32MP253CAK3, STM32MP253CAL3, STM32MP253DAI3, STM32MP253DAJ3, STM32MP253DAK3, STM32MP253DAL3, STM32MP253FAI3, STM32MP253FAJ3, STM32MP253FAK3, STM32MP253FAL3, STM32MP255AAI3, STM32MP255AAJ3, STM32MP255AAK3, STM32MP255AAL3, STM32MP255CAI3, STM32MP255CAJ3, STM32MP255CAK3, STM32MP255CAL3, STM32MP255DAI3, STM32MP255DAJ3, STM32MP255DAK3, STM32MP255DAL3, STM32MP255FAI3, STM32MP255FAJ3, STM32MP255FAK3, STM32MP255FAL3, STM32MP257AAI3, STM32MP257AAJ3, STM32MP257AAK3, STM32MP257AAL3, STM32MP257CAI3, STM32MP257CAJ3, STM32MP257CAK3, STM32MP257CAL3, STM32MP257DAI3, STM32MP257DAJ3, STM32MP257DAK3, STM32MP257DAL3, STM32MP257F-DK, STM32MP257F-EV1, STM32MP257FAI3, STM32MP257FAJ3, STM32MP257FAK3, STM32MP257FAL3, STM32N645A0H3Q, STM32N645B0H3Q, STM32N645I0H3Q, STM32N645L0H3Q, STM32N645X0H3Q, STM32N645Z0H3Q, STM32N647A0H3Q, STM32N647B0H3Q, STM32N647I0H3Q, STM32N647L0H3Q, STM32N647X0H3Q, STM32N647Z0H3Q, STM32N655A0H3Q, STM32N655B0H3Q, STM32N655I0H3Q, STM32N655L0H3Q, STM32N655X0H3Q, STM32N655Z0H3Q, STM32N6570-DK, STM32N657A0H3Q, STM32N657B0H3Q, STM32N657I0H3Q, STM32N657L0H3Q, STM32N657X0H3Q, STM32N657Z0H3Q, STM32U031C6T6, STM32U031C6U6, STM32U031C8T6, STM32U031C8U6, STM32U031F4P6, STM32U031F6P6, STM32U031F8P6, STM32U031G6Y6TR, STM32U031G8Y6TR, STM32U031K4U6, STM32U031K6U6, STM32U031K8U6, STM32U031R6I6, STM32U031R6T6, STM32U031R8I6, STM32U031R8T6, STM32U073C8T6, STM32U073C8U6, STM32U073CBT6, STM32U073CBU6, STM32U073CCT6, STM32U073CCU6, STM32U073H8Y6TR, STM32U073HBY6TR, STM32U073HCY6TR, STM32U073K8U6, STM32U073KBU6, STM32U073KCU6, STM32U073M8I6, STM32U073M8T6, STM32U073MBI6, STM32U073MBT6, STM32U073MCI6, STM32U073MCT6, STM32U073R8I6, STM32U073R8T6, STM32U073RBI6, STM32U073RBT6, STM32U073RCI6, STM32U073RCT6, STM32U083C-DK, STM32U083CCT6, STM32U083CCU6, STM32U083HCY6TR, STM32U083KCU6, STM32U083MCI6, STM32U083MCT6, STM32U083RCI6, STM32U083RCT6, STM32U375CET6, STM32U375CET6Q, STM32U375CEU6, STM32U375CEU6Q, STM32U375CEY6QTR, STM32U375CGT6, STM32U375CGT6Q, STM32U375CGU6, STM32U375CGU6Q, STM32U375CGY6QTR, STM32U375KEU6, STM32U375KGU6, STM32U375REI6, STM32U375REI6Q, STM32U375RET6, STM32U375RET6Q, STM32U375REY6GTR, STM32U375REY6QTR, STM32U375RGI6, STM32U375RGI6Q, STM32U375RGT6, STM32U375RGT6Q, STM32U375RGY6GTR, STM32U375RGY6QTR, STM32U375VEI6, STM32U375VEI6Q, STM32U375VET6, STM32U375VET6Q, STM32U375VGI6, STM32U375VGI6Q, STM32U375VGT6, STM32U375VGT6Q, STM32U385CGT6, STM32U385CGT6Q, STM32U385CGU6, STM32U385CGU6Q, STM32U385CGY6QTR, STM32U385KGU6, STM32U385RGI6, STM32U385RGI6Q, STM32U385RGT6, STM32U385RGT6Q, STM32U385RGY6GTR, STM32U385RGY6QTR, STM32U385VGI6, STM32U385VGI6Q, STM32U385VGT6, STM32U385VGT6Q, STM32U535CBT6, STM32U535CBT6Q, STM32U535CBU6, STM32U535CBU6Q, STM32U535CCT6, STM32U535CCT6Q, STM32U535CCU6, STM32U535CCU6Q, STM32U535CET6, STM32U535CET6Q, STM32U535CEU6, STM32U535CEU6Q, STM32U535JEY6QTR, STM32U535NCY6QTR, STM32U535NEY6QTR, STM32U535RBI6, STM32U535RBI6Q, STM32U535RBT6, STM32U535RBT6Q, STM32U535RCI6, STM32U535RCI6Q, STM32U535RCT6, STM32U535RCT6Q, STM32U535REI6, STM32U535REI6Q, STM32U535RET6, STM32U535RET6Q, STM32U535VCI6, STM32U535VCI6Q, STM32U535VCT6, STM32U535VCT6Q, STM32U535VEI6, STM32U535VEI6Q, STM32U535VET6, STM32U535VET6Q, STM32U545CET6, STM32U545CET6Q, STM32U545CEU6, STM32U545CEU6Q, STM32U545JEY6QTR, STM32U545NEY6QTR, STM32U545REI6, STM32U545REI6Q, STM32U545RET6, STM32U545RET6Q, STM32U545VEI6, STM32U545VEI6Q, STM32U545VET6, STM32U545VET6Q, STM32U595AIH6, STM32U595AIH6Q, STM32U595AJH6, STM32U595AJH6Q, STM32U595QII6, STM32U595QII6Q, STM32U595QJI6, STM32U595QJI6Q, STM32U595RIT6, STM32U595RIT6Q, STM32U595RJT6, STM32U595RJT6Q, STM32U595VIT6, STM32U595VIT6Q, STM32U595VJT6, STM32U595VJT6Q, STM32U595ZIT6, STM32U595ZIT6Q, STM32U595ZIY6QTR, STM32U595ZJT6, STM32U595ZJT6Q, STM32U595ZJY6QTR, STM32U599BJY6QTR, STM32U599NIH6Q, STM32U599NJH6Q, STM32U599VIT6Q, STM32U599VJT6, STM32U599VJT6Q, STM32U599ZIT6Q, STM32U599ZIY6QTR, STM32U599ZJT6Q, STM32U599ZJY6QTR, STM32U5A5AJH6, STM32U5A5AJH6Q, STM32U5A5QII3Q , STM32U5A5QJI6, STM32U5A5QJI6Q, STM32U5A5RJT6, STM32U5A5RJT6Q, STM32U5A5VJT6, STM32U5A5VJT6Q, STM32U5A5ZJT6, STM32U5A5ZJT6Q, STM32U5A5ZJY6QTR, STM32U5A9BJY6QTR, STM32U5A9J-DK, STM32U5A9NJH6Q, STM32U5A9VJT6Q, STM32U5A9ZJT6Q, STM32U5A9ZJY6QTR, STM32U5F7VIT6, STM32U5F7VIT6Q, STM32U5F7VJT6, STM32U5F7VJT6Q, STM32U5F9BJY6QTR, STM32U5F9NJH6Q, STM32U5F9VIT6Q, STM32U5F9VJT6Q, STM32U5F9ZIJ6QTR, STM32U5F9ZIT6Q, STM32U5F9ZJJ6QTR, STM32U5F9ZJT6Q, STM32U5G7VJT6, STM32U5G7VJT6Q, STM32U5G9BJY6QTR, STM32U5G9J-DK1, STM32U5G9J-DK2, STM32U5G9NJH6Q, STM32U5G9VJT6Q, STM32U5G9ZJJ6QTR, STM32U5G9ZJT6Q, STM32WB05KZV6TR, STM32WB05KZV7TR, STM32WB05TZF6TR, STM32WB05TZF7TR, STM32WB06CCF6TR, STM32WB06CCF7TR, STM32WB06CCV6TR, STM32WB06CCV7TR, STM32WB06KCV6TR, STM32WB06KCV7TR, STM32WB07CCF6TR, STM32WB07CCF7TR, STM32WB07CCV6TR, STM32WB07CCV7TR, STM32WB07KCV6TR, STM32WB07KCV7TR, STM32WB09KEV6TR, STM32WB09KEV7TR, STM32WB09TEF6TR, STM32WB09TEF7TR, STM32WB1MMCH6, STM32WBA50KGU6, STM32WBA50KGU6TR, STM32WBA52CEU6, STM32WBA52CEU6TR, STM32WBA52CEU7, STM32WBA52CEU7TR, STM32WBA52CGU6, STM32WBA52CGU6TR, STM32WBA52CGU6U, STM32WBA52CGU7, STM32WBA52CGU7TR, STM32WBA52KEU6, STM32WBA52KEU6TR, STM32WBA52KGU6, STM32WBA52KGU6TR, STM32WBA54CEU6, STM32WBA54CEU6TR, STM32WBA54CEU7, STM32WBA54CEU7TR, STM32WBA54CGU6, STM32WBA54CGU6TR, STM32WBA54CGU7, STM32WBA54CGU7TR, STM32WBA54KEU6, STM32WBA54KEU6TR, STM32WBA54KEU7, STM32WBA54KEU7TR, STM32WBA54KGU6, STM32WBA54KGU6TR, STM32WBA54KGU7, STM32WBA54KGU7TR, STM32WBA55CEU6, STM32WBA55CEU6TR, STM32WBA55CEU7, STM32WBA55CEU7TR, STM32WBA55CGU6, STM32WBA55CGU6TR, STM32WBA55CGU6U, STM32WBA55CGU7, STM32WBA55CGU7TR, STM32WBA55G-DK1, STM32WBA55HEF6, STM32WBA55HEF7, STM32WBA55HGF6, STM32WBA55HGF7, STM32WBA55UEI6, STM32WBA55UEI6TR, STM32WBA55UEI7, STM32WBA55UEI7TR, STM32WBA55UGI6, STM32WBA55UGI6TR, STM32WBA55UGI7, STM32WBA55UGI7TR, STM32WBA5MJGH6TR, STM32WBA62CGU6, STM32WBA62CIU6, STM32WBA62MGF6, STM32WBA62MIF6, STM32WBA62PGI6, STM32WBA62PII6, STM32WBA63CGU6, STM32WBA63CGU7, STM32WBA63CIU6, STM32WBA63CIU7, STM32WBA64CGU6, STM32WBA64CGU7, STM32WBA64CIU6, STM32WBA64CIU7, STM32WBA65CGU6, STM32WBA65CGU7, STM32WBA65CIU6, STM32WBA65CIU7, STM32WBA65I-DK1, STM32WBA65MGF6, STM32WBA65MGF7, STM32WBA65MIF6, STM32WBA65MIF7, STM32WBA65PGI6, STM32WBA65PGI7, STM32WBA65PII6, STM32WBA65PII7, STM32WBA65RGV6, STM32WBA65RGV7, STM32WBA65RIV6, STM32WBA65RIV7, STM32WL30K8V6, STM32WL30KBV6, STM32WL31C8V6, STM32WL31CBV6, STM32WL31K8V6, STM32WL31KBV6, STM32WL33C8V6, STM32WL33C8V6TR, STM32WL33C8V7, STM32WL33C8V7TR, STM32WL33CBV6, STM32WL33CBV6TR, STM32WL33CBV7, STM32WL33CBV7TR, STM32WL33CCV6, STM32WL33CCV6TR, STM32WL33CCV7, STM32WL33CCV7A, STM32WL33CCV7ATR, STM32WL33CCV7TR, STM32WL33K8V6, STM32WL33K8V6TR, STM32WL33K8V7, STM32WL33K8V7TR, STM32WL33KBV6, STM32WL33KBV6TR, STM32WL33KBV7, STM32WL33KBV7TR, STM32WL33KCV6, STM32WL33KCV6TR, STM32WL33KCV7, STM32WL33KCV7TR, STM32WL5MOCH6, STM32WL5MOCH6TR]
2026-05-20 13:17:34,522 [INFO] DbMcus:218 - Found 4918 MCUs, 4918 are supported
2026-05-20 13:17:34,522 [INFO] ApiDb:423 - Load user favorites file C:\Users\abhil/.stm32cubeide/favorites.mcus.txt: 0 item(s)
2026-05-20 13:17:34,523 [INFO] ApiDb:427 - User favorites MCUs=[]
2026-05-20 13:17:34,523 [INFO] DbMcus:224 - Set 0 / 0 favorites MCUs
2026-05-20 13:17:35,472 [INFO] BoardInfo:889 - No configuration file found for board P-NUCLEO-WB55
2026-05-20 13:17:35,474 [INFO] DbBoards:161 - Kit is not supported: P-NUCLEO-WB55
2026-05-20 13:17:35,485 [INFO] BoardInfo:889 - No configuration file found for board STEVAL-BFA001V1B
2026-05-20 13:17:35,487 [INFO] DbBoards:161 - Kit is not supported: STEVAL-BFA001V1B
2026-05-20 13:17:35,488 [INFO] BoardInfo:889 - No configuration file found for board STEVAL-BFA001V2B
2026-05-20 13:17:35,490 [INFO] DbBoards:161 - Kit is not supported: STEVAL-BFA001V2B
2026-05-20 13:17:35,791 [INFO] BoardInfo:889 - No configuration file found for board STM32MP215F-DK
2026-05-20 13:17:35,793 [INFO] DbBoards:161 - Board is not supported: STM32MP215F-DK
2026-05-20 13:17:35,825 [INFO] DbBoards:168 - Found 212 boards, 208 are supported
2026-05-20 13:17:35,826 [INFO] DbBoards:169 - Found 212 boards, 43 of them is supported for  Bsp
2026-05-20 13:17:35,832 [INFO] ApiDb:423 - Load user favorites file C:\Users\abhil/.stm32cubeide/favorites.boards.txt: 0 item(s)
2026-05-20 13:17:35,833 [INFO] ApiDb:427 - User favorites Boards=[]
2026-05-20 13:17:35,833 [INFO] DbBoards:198 - Set 0 / 0 favorites Boards
2026-05-20 13:17:35,873 [INFO] UtilMem:75 - End LoadConfig() Used Memory: 278220104 Bytes (501219328)
2026-05-20 13:17:36,042 [WARN] ThirdParty:833 - waiting for thirdparty lock release [change project]
2026-05-20 13:17:36,042 [INFO] ThirdParty:835 - entering critical section [change project]
2026-05-20 13:17:36,042 [INFO] ThirdParty:1030 - CMSIS Pack Vendor :STMicroelectronics X-CUBE-AZRTOS-H7 3.5.0
2026-05-20 13:17:36,042 [INFO] ThirdParty:1030 - CMSIS Pack Vendor :STMicroelectronics X-CUBE-PM33A1 1.0.0
2026-05-20 13:17:36,042 [INFO] ThirdParty:1030 - CMSIS Pack Vendor :STMicroelectronics USBPD 4.1
2026-05-20 13:17:36,042 [INFO] ThirdParty:1030 - CMSIS Pack Vendor :STMicroelectronics X-CUBE-GNSS1 6.0.0
2026-05-20 13:17:36,042 [INFO] ThirdParty:1030 - CMSIS Pack Vendor :STMicroelectronics USB_HOST 2.0.0
2026-05-20 13:17:36,044 [INFO] ThirdParty:1030 - CMSIS Pack Vendor :STMicroelectronics FP-SNS-MOTENVWB1 1.4.0
2026-05-20 13:17:36,044 [INFO] ThirdParty:1030 - CMSIS Pack Vendor :STMicroelectronics X-CUBE-AZRTOS-F4 1.1.0
2026-05-20 13:17:36,044 [INFO] ThirdParty:1030 - CMSIS Pack Vendor :STMicroelectronics LIBJPEG 8.0.0
2026-05-20 13:17:36,044 [INFO] ThirdParty:1030 - CMSIS Pack Vendor :STMicroelectronics FP-ATR-ASTRA1 2.0.2
2026-05-20 13:17:36,044 [INFO] ThirdParty:1030 - CMSIS Pack Vendor :STMicroelectronics FP-ATR-ASTRA1 2.0.1
2026-05-20 13:17:36,044 [INFO] ThirdParty:1030 - CMSIS Pack Vendor :Avnet-IotConnect X-CUBE-IoTC-DA16k-PMOD 1.0.0
2026-05-20 13:17:36,044 [INFO] ThirdParty:1030 - CMSIS Pack Vendor :STMicroelectronics X-CUBE-SMBUS 2.1.0
2026-05-20 13:17:36,044 [INFO] ThirdParty:1030 - CMSIS Pack Vendor :STMicroelectronics X-CUBE-WB05N 1.1.0
2026-05-20 13:17:36,044 [INFO] ThirdParty:1030 - CMSIS Pack Vendor :STMicroelectronics X-CUBE-ISPU 2.1.0
2026-05-20 13:17:36,044 [INFO] ThirdParty:1030 - CMSIS Pack Vendor :STMicroelectronics eDS-WB_DPC_TT-BIDIR 2.1.1
2026-05-20 13:17:36,044 [INFO] ThirdParty:1030 - CMSIS Pack Vendor :STMicroelectronics X-CUBE-FREERTOS 1.2.0
2026-05-20 13:17:36,044 [INFO] ThirdParty:1030 - CMSIS Pack Vendor :STMicroelectronics X-CUBE-ST60 1.0.0
2026-05-20 13:17:36,044 [INFO] ThirdParty:1030 - CMSIS Pack Vendor :STMicroelectronics X-CUBE-NFC12 1.0.0
2026-05-20 13:17:36,044 [INFO] ThirdParty:1030 - CMSIS Pack Vendor :STMicroelectronics X-CUBE-BLEMGR 1.2.0
2026-05-20 13:17:36,044 [INFO] ThirdParty:1030 - CMSIS Pack Vendor :STMicroelectronics X-CUBE-TOUCHGFX 4.23.2
2026-05-20 13:17:36,044 [INFO] ThirdParty:1030 - CMSIS Pack Vendor :STMicroelectronics X-CUBE-AZRTOS-F7 1.1.0
2026-05-20 13:17:36,044 [INFO] ThirdParty:1030 - CMSIS Pack Vendor :STMicroelectronics X-CUBE-AZRTOS-L5 2.0.0
2026-05-20 13:17:36,045 [INFO] ThirdParty:1030 - CMSIS Pack Vendor :STMicroelectronics USB_DEVICE 2.0.0
2026-05-20 13:17:36,045 [INFO] ThirdParty:1030 - CMSIS Pack Vendor :STMicroelectronics X-CUBE-NFC6 3.1.0
2026-05-20 13:17:36,045 [INFO] ThirdParty:1030 - CMSIS Pack Vendor :STMicroelectronics X-CUBE-BLE1 6.2.3
2026-05-20 13:17:36,045 [INFO] ThirdParty:1030 - CMSIS Pack Vendor :STMicroelectronics X-CUBE-MEMS1 11.0.0
2026-05-20 13:17:36,045 [INFO] ThirdParty:1030 - CMSIS Pack Vendor :STMicroelectronics X-CUBE-BLE1 6.2.4
2026-05-20 13:17:36,045 [INFO] ThirdParty:1030 - CMSIS Pack Vendor :STMicroelectronics FreeRTOS 0.0.1
2026-05-20 13:17:36,045 [INFO] ThirdParty:1030 - CMSIS Pack Vendor :STMicroelectronics X-CUBE-BLEMGR 2.0.0
2026-05-20 13:17:36,045 [INFO] ThirdParty:1030 - CMSIS Pack Vendor :STMicroelectronics X-CUBE-DPower 1.2.0
2026-05-20 13:17:36,045 [INFO] ThirdParty:1030 - CMSIS Pack Vendor :STMicroelectronics eDS-WB_DPC_VIENNA 1.2.0
2026-05-20 13:17:36,045 [INFO] ThirdParty:1030 - CMSIS Pack Vendor :STMicroelectronics FP-SNS-FLIGHT1 5.0.2
2026-05-20 13:17:36,045 [INFO] ThirdParty:1030 - CMSIS Pack Vendor :STMicroelectronics eDS-WB_DPC_3PH2L-BIDIR 1.1.1
2026-05-20 13:17:36,045 [INFO] ThirdParty:1030 - CMSIS Pack Vendor :STMicroelectronics X-CUBE-NFC4 2.0.4
2026-05-20 13:17:36,045 [INFO] ThirdParty:1030 - CMSIS Pack Vendor :STMicroelectronics X-CUBE-AI 9.0.0
2026-05-20 13:17:36,045 [INFO] ThirdParty:1030 - CMSIS Pack Vendor :STMicroelectronics X-CUBE-AZRTOS-H7 3.1.0
2026-05-20 13:17:36,045 [INFO] ThirdParty:1030 - CMSIS Pack Vendor :STMicroelectronics PDM2PCM 3.3.0
2026-05-20 13:17:36,045 [INFO] ThirdParty:1030 - CMSIS Pack Vendor :STMicroelectronics X-CUBE-TOF1 3.1.0
2026-05-20 13:17:36,045 [INFO] ThirdParty:1030 - CMSIS Pack Vendor :STMicroelectronics X-CUBE-AZRTOS-H7 3.4.0
2026-05-20 13:17:36,045 [INFO] ThirdParty:1030 - CMSIS Pack Vendor :STMicroelectronics X-CUBE-DISPLAY 3.0.0
2026-05-20 13:17:36,045 [INFO] ThirdParty:1030 - CMSIS Pack Vendor :STMicroelectronics X-CUBE-GNSS1 7.1.1
2026-05-20 13:17:36,045 [INFO] ThirdParty:1030 - CMSIS Pack Vendor :STMicroelectronics X-CUBE-BLE1 7.0.0
2026-05-20 13:17:36,045 [INFO] ThirdParty:1030 - CMSIS Pack Vendor :STMicroelectronics X-CUBE-NFC10 1.0.0
2026-05-20 13:17:36,045 [INFO] ThirdParty:1030 - CMSIS Pack Vendor :wolfSSL I-CUBE-wolfSSL 5.5.1
2026-05-20 13:17:36,045 [INFO] ThirdParty:1030 - CMSIS Pack Vendor :STMicroelectronics X-CUBE-BLEMGR 4.0.0
2026-05-20 13:17:36,045 [INFO] ThirdParty:1030 - CMSIS Pack Vendor :STMicroelectronics X-CUBE-FREERTOS 1.3.1
2026-05-20 13:17:36,045 [INFO] ThirdParty:1030 - CMSIS Pack Vendor :STMicroelectronics HAL Drivers 0.0.0
2026-05-20 13:17:36,045 [INFO] ThirdParty:1030 - CMSIS Pack Vendor :STMicroelectronics X-CUBE-ST60 1.1.0
2026-05-20 13:17:36,045 [INFO] ThirdParty:1030 - CMSIS Pack Vendor :STMicroelectronics X-CUBE-FREERTOS 1.3.0
2026-05-20 13:17:36,045 [INFO] ThirdParty:1030 - CMSIS Pack Vendor :STMicroelectronics X-CUBE-NFC7 1.0.1
2026-05-20 13:17:36,045 [INFO] ThirdParty:1030 - CMSIS Pack Vendor :STMicroelectronics MBEDTLS 2.14.1
2026-05-20 13:17:36,046 [INFO] ThirdParty:1030 - CMSIS Pack Vendor :STMicroelectronics X-CUBE-GNSS1 7.1.0
2026-05-20 13:17:36,046 [INFO] ThirdParty:1030 - CMSIS Pack Vendor :STMicroelectronics X-CUBE-NFC7 1.0.0
2026-05-20 13:17:36,046 [INFO] ThirdParty:1030 - CMSIS Pack Vendor :STMicroelectronics X-CUBE-TOUCHGFX 4.26.0
2026-05-20 13:17:36,046 [INFO] ThirdParty:1030 - CMSIS Pack Vendor :STMicroelectronics X-CUBE-MEMS1 9.3.0
2026-05-20 13:17:36,046 [INFO] ThirdParty:1030 - CMSIS Pack Vendor :STMicroelectronics X-CUBE-TOUCHGFX 4.26.1
2026-05-20 13:17:36,046 [INFO] ThirdParty:1030 - CMSIS Pack Vendor :STMicroelectronics X-CUBE-EEPRMA1 4.1.0
2026-05-20 13:17:36,046 [INFO] ThirdParty:1030 - CMSIS Pack Vendor :STMicroelectronics X-CUBE-AI 7.2.0
2026-05-20 13:17:36,046 [INFO] ThirdParty:1030 - CMSIS Pack Vendor :STMicroelectronics X-CUBE-BLEMGR 3.1.0
2026-05-20 13:17:36,046 [INFO] ThirdParty:1030 - CMSIS Pack Vendor :STMicroelectronics X-CUBE-AI 10.0.0
2026-05-20 13:17:36,046 [INFO] ThirdParty:1030 - CMSIS Pack Vendor :STMicroelectronics FP-SNS-STAIOTCFT 1.0.0
2026-05-20 13:17:36,046 [INFO] ThirdParty:1030 - CMSIS Pack Vendor :STMicroelectronics FP-SNS-SMARTAG2 1.2.0
2026-05-20 13:17:36,046 [INFO] ThirdParty:1030 - CMSIS Pack Vendor :STMicroelectronics FP-SNS-FLIGHT1 5.1.0
2026-05-20 13:17:36,046 [INFO] ThirdParty:1030 - CMSIS Pack Vendor :STMicroelectronics X-CUBE-MEMS1 11.1.0
2026-05-20 13:17:36,046 [INFO] ThirdParty:1030 - CMSIS Pack Vendor :STMicroelectronics X-CUBE-AZRTOS-WL 2.0.0
2026-05-20 13:17:36,046 [INFO] ThirdParty:1030 - CMSIS Pack Vendor :STMicroelectronics X-CUBE-DPower 1.3.0
2026-05-20 13:17:36,046 [INFO] ThirdParty:1030 - CMSIS Pack Vendor :STMicroelectronics FP-SNS-MOTENV1 5.0.0
2026-05-20 13:17:36,046 [INFO] ThirdParty:1030 - CMSIS Pack Vendor :STMicroelectronics USB_DEVICE 1.0.0
2026-05-20 13:17:36,046 [INFO] ThirdParty:1030 - CMSIS Pack Vendor :STMicroelectronics X-CUBE-AZRTOS-H7RS 1.2.0
2026-05-20 13:17:36,046 [INFO] ThirdParty:1030 - CMSIS Pack Vendor :wolfSSL I-CUBE-wolfMQTT 1.19.0
2026-05-20 13:17:36,046 [INFO] ThirdParty:1030 - CMSIS Pack Vendor :STMicroelectronics X-CUBE-AZRTOS-L4 2.0.0
2026-05-20 13:17:36,046 [INFO] ThirdParty:1030 - CMSIS Pack Vendor :STMicroelectronics ThreadX 0.0.2
2026-05-20 13:17:36,046 [INFO] ThirdParty:1030 - CMSIS Pack Vendor :WES I-CUBE-Cesium 1.3.0
2026-05-20 13:17:36,046 [INFO] ThirdParty:1030 - CMSIS Pack Vendor :STMicroelectronics lwIP 2.1.2
2026-05-20 13:17:36,046 [INFO] ThirdParty:1030 - CMSIS Pack Vendor :STMicroelectronics X-CUBE-SFXS2LP1 4.0.0
2026-05-20 13:17:36,047 [INFO] ThirdParty:1030 - CMSIS Pack Vendor :STMicroelectronics X-CUBE-BLE2 3.3.0
2026-05-20 13:17:36,047 [INFO] ThirdParty:1030 - CMSIS Pack Vendor :Avnet-IOTCONNECT X-CUBE-iotc-st67-sdk 1.0.0
2026-05-20 13:17:36,047 [INFO] ThirdParty:1030 - CMSIS Pack Vendor :STMicroelectronics X-CUBE-DISPLAY 2.2.0
2026-05-20 13:17:36,047 [INFO] ThirdParty:1030 - CMSIS Pack Vendor :STMicroelectronics X-CUBE-TOF1 3.2.0
2026-05-20 13:17:36,047 [INFO] ThirdParty:1030 - CMSIS Pack Vendor :STMicroelectronics PDM2PCM 3.2.0
2026-05-20 13:17:36,047 [INFO] ThirdParty:1030 - CMSIS Pack Vendor :STMicroelectronics X-CUBE-ISPU 1.0.0
2026-05-20 13:17:36,047 [INFO] ThirdParty:1030 - CMSIS Pack Vendor :STMicroelectronics X-CUBE-WB05N 2.1.0
2026-05-20 13:17:36,047 [INFO] ThirdParty:1030 - CMSIS Pack Vendor :STMicroelectronics X-CUBE-ISPU 1.1.0
2026-05-20 13:17:36,047 [INFO] ThirdParty:1030 - CMSIS Pack Vendor :STMicroelectronics X-CUBE-AZRTOS-H7 3.3.0
2026-05-20 13:17:36,047 [INFO] ThirdParty:1030 - CMSIS Pack Vendor :RoweBots I-CUBE-UNISONRTOS 5.5.0-4
2026-05-20 13:17:36,047 [INFO] ThirdParty:1030 - CMSIS Pack Vendor :STMicroelectronics X-CUBE-NFC9 1.0.0
2026-05-20 13:17:36,047 [INFO] ThirdParty:1030 - CMSIS Pack Vendor :STMicroelectronics X-CUBE-AZRTOS-H7 2.1.0
2026-05-20 13:17:36,047 [INFO] ThirdParty:1030 - CMSIS Pack Vendor :STMicroelectronics X-CUBE-BLE1 7.1.0
2026-05-20 13:17:36,047 [INFO] ThirdParty:1030 - CMSIS Pack Vendor :STMicroelectronics USB_DEVICE 3.0.0
2026-05-20 13:17:36,047 [INFO] ThirdParty:1030 - CMSIS Pack Vendor :STMicroelectronics X-CUBE-TCPP 4.1.0
2026-05-20 13:17:36,047 [INFO] ThirdParty:1030 - CMSIS Pack Vendor :STMicroelectronics X-CUBE-EEPRMA1 5.2.0
2026-05-20 13:17:36,047 [INFO] ThirdParty:1030 - CMSIS Pack Vendor :STMicroelectronics X-CUBE-BLEMGR 4.1.0
2026-05-20 13:17:36,047 [INFO] ThirdParty:1030 - CMSIS Pack Vendor :STMicroelectronics X-CUBE-AI 8.0.0
2026-05-20 13:17:36,047 [INFO] ThirdParty:1030 - CMSIS Pack Vendor :STMicroelectronics X-CUBE-IPS 3.0.0
2026-05-20 13:17:36,047 [INFO] ThirdParty:1030 - CMSIS Pack Vendor :STMicroelectronics X-CUBE-AZRTOS-WB 2.0.0
2026-05-20 13:17:36,047 [INFO] ThirdParty:1030 - CMSIS Pack Vendor :STMicroelectronics X-CUBE-FREERTOS 1.0.1
2026-05-20 13:17:36,047 [INFO] ThirdParty:1030 - CMSIS Pack Vendor :STMicroelectronics X-CUBE-GNSS1 7.0.0
2026-05-20 13:17:36,047 [INFO] ThirdParty:1030 - CMSIS Pack Vendor :STMicroelectronics X-CUBE-GNSS1 7.0.1
2026-05-20 13:17:36,047 [INFO] ThirdParty:1030 - CMSIS Pack Vendor :STMicroelectronics X-CUBE-TOUCHGFX 4.21.3
2026-05-20 13:17:36,048 [INFO] ThirdParty:1030 - CMSIS Pack Vendor :STMicroelectronics X-CUBE-TOUCHGFX 4.25.0
2026-05-20 13:17:36,048 [INFO] ThirdParty:1030 - CMSIS Pack Vendor :STMicroelectronics X-CUBE-AI 7.3.0
2026-05-20 13:17:36,048 [INFO] ThirdParty:1030 - CMSIS Pack Vendor :STMicroelectronics X-CUBE-AI 10.1.0
2026-05-20 13:17:36,048 [INFO] ThirdParty:1030 - CMSIS Pack Vendor :STMicroelectronics FP-SNS-STBOX1 2.0.0
2026-05-20 13:17:36,048 [INFO] ThirdParty:1030 - CMSIS Pack Vendor :STMicroelectronics X-CUBE-MEMS1 12.0.0
2026-05-20 13:17:36,048 [INFO] ThirdParty:1030 - CMSIS Pack Vendor :STMicroelectronics X-CUBE-ALGOBUILD 1.3.0
2026-05-20 13:17:36,048 [INFO] ThirdParty:1030 - CMSIS Pack Vendor :STMicroelectronics X-CUBE-STSE01 2.0.0
2026-05-20 13:17:36,048 [INFO] ThirdParty:1030 - CMSIS Pack Vendor :STMicroelectronics X-CUBE-AZRTOS-L5 1.1.0
2026-05-20 13:17:36,048 [INFO] ThirdParty:1030 - CMSIS Pack Vendor :STMicroelectronics X-CUBE-MEMS1 11.2.0
2026-05-20 13:17:36,048 [INFO] ThirdParty:1030 - CMSIS Pack Vendor :STMicroelectronics X-CUBE-AZRTOS-G0 1.1.0
2026-05-20 13:17:36,048 [INFO] ThirdParty:1030 - CMSIS Pack Vendor :STMicroelectronics X-CUBE-SAFEA1 1.2.2
2026-05-20 13:17:36,048 [INFO] ThirdParty:1030 - CMSIS Pack Vendor :STMicroelectronics X-CUBE-NFC4 3.0.0
2026-05-20 13:17:36,048 [INFO] ThirdParty:1030 - CMSIS Pack Vendor :STMicroelectronics X-CUBE-SUBG2 5.0.0
2026-05-20 13:17:36,048 [INFO] ThirdParty:1030 - CMSIS Pack Vendor :STMicroelectronics X-CUBE-AZRTOS-H7RS 1.1.0
2026-05-20 13:17:36,048 [INFO] ThirdParty:1030 - CMSIS Pack Vendor :STMicroelectronics STM32_WPAN 1.0.0
2026-05-20 13:17:36,048 [INFO] ThirdParty:1030 - CMSIS Pack Vendor :SEGGER I-CUBE-embOS 1.2.1
2026-05-20 13:17:36,048 [INFO] ThirdParty:1030 - CMSIS Pack Vendor :wolfSSL I-CUBE-wolfMQTT 1.18.0
2026-05-20 13:17:36,048 [INFO] ThirdParty:1030 - CMSIS Pack Vendor :EmbeddedOffice I-CUBE-FS-RTOS 1.0.1
2026-05-20 13:17:36,048 [INFO] ThirdParty:1030 - CMSIS Pack Vendor :STMicroelectronics lwIP 2.0.3
2026-05-20 13:17:36,048 [INFO] ThirdParty:1030 - CMSIS Pack Vendor :Cesanta I-CUBE-Mongoose 7.13.0
2026-05-20 13:17:36,048 [INFO] ThirdParty:1030 - CMSIS Pack Vendor :STMicroelectronics USB_HOST 1.0.0
2026-05-20 13:17:36,048 [INFO] ThirdParty:1030 - CMSIS Pack Vendor :STMicroelectronics X-CUBE-AZRTOS-G4 2.0.0
2026-05-20 13:17:36,048 [INFO] ThirdParty:1030 - CMSIS Pack Vendor :STMicroelectronics X-CUBE-WB05N 2.0.0
2026-05-20 13:17:36,048 [INFO] ThirdParty:1030 - CMSIS Pack Vendor :STMicroelectronics PDM2PCM 3.1.0
2026-05-20 13:17:36,049 [INFO] ThirdParty:1030 - CMSIS Pack Vendor :STMicroelectronics X-CUBE-TOF1 3.3.0
2026-05-20 13:17:36,049 [INFO] ThirdParty:1030 - CMSIS Pack Vendor :STMicroelectronics FP-ATR-ASTRA1 1.1.1
2026-05-20 13:17:36,049 [INFO] ThirdParty:1030 - CMSIS Pack Vendor :STMicroelectronics X-CUBE-NFC7 2.0.0
2026-05-20 13:17:36,049 [INFO] ThirdParty:1030 - CMSIS Pack Vendor :STMicroelectronics X-CUBE-TCPP 4.2.0
2026-05-20 13:17:36,049 [INFO] ThirdParty:1030 - CMSIS Pack Vendor :RealThread X-CUBE-RT-Thread_Nano 4.1.1
2026-05-20 13:17:36,049 [INFO] ThirdParty:1030 - CMSIS Pack Vendor :STMicroelectronics FP-ATR-SIGFOX1 3.2.0
2026-05-20 13:17:36,049 [INFO] ThirdParty:1030 - CMSIS Pack Vendor :STMicroelectronics X-CUBE-AZRTOS-G4 1.0.0
2026-05-20 13:17:36,049 [INFO] ThirdParty:1030 - CMSIS Pack Vendor :STMicroelectronics X-CUBE-AZRTOS-L4 1.0.0
2026-05-20 13:17:36,049 [INFO] ThirdParty:1030 - CMSIS Pack Vendor :quantropi X-CUBE-qispace-sdk-base 1.9.3
2026-05-20 13:17:36,049 [INFO] ThirdParty:1030 - CMSIS Pack Vendor :STMicroelectronics X-CUBE-ISPU 2.0.0
2026-05-20 13:17:36,049 [INFO] ThirdParty:1030 - CMSIS Pack Vendor :STMicroelectronics X-CUBE-EEPRMA1 5.1.0
2026-05-20 13:17:36,049 [INFO] ThirdParty:1030 - CMSIS Pack Vendor :STMicroelectronics MBEDTLS 2.16.2
2026-05-20 13:17:36,049 [INFO] ThirdParty:1030 - CMSIS Pack Vendor :STMicroelectronics X-CUBE-IPS 3.1.0
2026-05-20 13:17:36,049 [INFO] ThirdParty:1030 - CMSIS Pack Vendor :STMicroelectronics X-CUBE-ALS 1.0.2
2026-05-20 13:17:36,049 [INFO] ThirdParty:1030 - CMSIS Pack Vendor :emotas I-CUBE-CANOPEN 1.1.2
2026-05-20 13:17:36,049 [INFO] ThirdParty:1030 - CMSIS Pack Vendor :STMicroelectronics X-CUBE-TOUCHGFX 4.20.0
2026-05-20 13:17:36,049 [INFO] ThirdParty:1030 - CMSIS Pack Vendor :STMicroelectronics X-CUBE-MEMS1 10.0.0
2026-05-20 13:17:36,049 [INFO] ThirdParty:1030 - CMSIS Pack Vendor :ITTIA_DB I-CUBE-ITTIADB 8.9.0
2026-05-20 13:17:36,049 [INFO] ThirdParty:1030 - CMSIS Pack Vendor :STMicroelectronics X-CUBE-TOUCHGFX 4.24.2
2026-05-20 13:17:36,049 [INFO] ThirdParty:1030 - CMSIS Pack Vendor :STMicroelectronics X-CUBE-AZRTOS-WL 1.0.0
2026-05-20 13:17:36,049 [INFO] ThirdParty:1030 - CMSIS Pack Vendor :STMicroelectronics X-CUBE-TOUCHGFX 4.24.1
2026-05-20 13:17:36,049 [INFO] ThirdParty:1030 - CMSIS Pack Vendor :STMicroelectronics X-CUBE-STSE01 1.0.0
2026-05-20 13:17:36,049 [INFO] ThirdParty:1030 - CMSIS Pack Vendor :wolfSSL I-CUBE-wolfTPM 3.4.0
2026-05-20 13:17:36,049 [INFO] ThirdParty:1030 - CMSIS Pack Vendor :portGmbH I-Cube-SoM-uGOAL 1.1.0
2026-05-20 13:17:36,049 [INFO] ThirdParty:1030 - CMSIS Pack Vendor :STMicroelectronics X-CUBE-ALS 1.0.1
2026-05-20 13:17:36,050 [INFO] ThirdParty:1030 - CMSIS Pack Vendor :STMicroelectronics X-CUBE-NFC6 3.2.0
2026-05-20 13:17:36,050 [INFO] ThirdParty:1030 - CMSIS Pack Vendor :STMicroelectronics X-CUBE-MEMS1 9.5.0
2026-05-20 13:17:36,050 [INFO] ThirdParty:1030 - CMSIS Pack Vendor :STMicroelectronics X-CUBE-ST67W61 1.0.0
2026-05-20 13:17:36,050 [INFO] ThirdParty:1030 - CMSIS Pack Vendor :STMicroelectronics X-CUBE-AI 10.2.0
2026-05-20 13:17:36,050 [INFO] ThirdParty:1030 - CMSIS Pack Vendor :STMicroelectronics ThreadX 1.0.0
2026-05-20 13:17:36,050 [INFO] ThirdParty:1030 - CMSIS Pack Vendor :STMicroelectronics X-CUBE-MEMS1 12.1.0
2026-05-20 13:17:36,050 [INFO] ThirdParty:1030 - CMSIS Pack Vendor :STMicroelectronics X-CUBE-AZRTOS-WB 1.1.0
2026-05-20 13:17:36,050 [INFO] ThirdParty:1030 - CMSIS Pack Vendor :SEGGER I-CUBE-embOS 1.3.1
2026-05-20 13:17:36,050 [INFO] ThirdParty:1030 - CMSIS Pack Vendor :STMicroelectronics X-CUBE-ALGOBUILD 1.4.0
2026-05-20 13:17:36,050 [INFO] ThirdParty:1030 - CMSIS Pack Vendor :STMicroelectronics X-CUBE-MEMS1 11.3.0
2026-05-20 13:17:36,050 [INFO] ThirdParty:1030 - CMSIS Pack Vendor :STMicroelectronics X-CUBE-AZRTOS-L5 1.0.0
2026-05-20 13:17:36,050 [INFO] ThirdParty:1030 - CMSIS Pack Vendor :STMicroelectronics X-CUBE-EEPRMA1 3.1.1
2026-05-20 13:17:36,050 [INFO] ThirdParty:1030 - CMSIS Pack Vendor :STMicroelectronics X-CUBE-AZRTOS-H7RS 1.0.0
2026-05-20 13:17:36,050 [INFO] ThirdParty:1030 - CMSIS Pack Vendor :STMicroelectronics FP-ATR-ASTRA1 2.0.0
2026-05-20 13:17:36,050 [INFO] ThirdParty:1030 - CMSIS Pack Vendor :STMicroelectronics X-CUBE-TOF1 3.4.2
2026-05-20 13:17:36,050 [INFO] ThirdParty:1030 - CMSIS Pack Vendor :STMicroelectronics X-CUBE-TOF1 3.4.3
2026-05-20 13:17:36,050 [INFO] ThirdParty:1030 - CMSIS Pack Vendor :STMicroelectronics X-CUBE-AI 9.1.0
2026-05-20 13:17:36,050 [INFO] ThirdParty:1030 - CMSIS Pack Vendor :STMicroelectronics X-CUBE-TOF1 3.4.1
2026-05-20 13:17:36,050 [INFO] ThirdParty:1030 - CMSIS Pack Vendor :STMicroelectronics X-CUBE-AZRTOS-H7 3.2.0
2026-05-20 13:17:36,050 [INFO] ThirdParty:1030 - CMSIS Pack Vendor :Infineon AIROC-Wi-Fi-Bluetooth-STM32 1.6.0
2026-05-20 13:17:36,050 [INFO] ThirdParty:1030 - CMSIS Pack Vendor :wolfSSL I-CUBE-wolfSSH 1.4.17
2026-05-20 13:17:36,050 [INFO] ThirdParty:841 - exiting critical section [change project]
2026-05-20 13:17:36,534 [INFO] PinOutPanel:1589 - setPackage(No Configuration,No Configuration)
2026-05-20 13:17:36,536 [INFO] PinOutPanel:1589 - setPackage(STM32F411CEUx,UFQFPN48)
2026-05-20 13:17:37,110 [INFO] UtilMem:75 - Before build in PCC Used Memory: 331405488 Bytes (526385152)
2026-05-20 13:17:38,106 [INFO] UtilMem:75 - After build in PCC Used Memory: 450549008 Bytes (526385152)
2026-05-20 13:17:38,222 [INFO] ApiDbMcu:508 - Load IP Config File for USB_DEVICE
2026-05-20 13:17:38,327 [INFO] IPUIPlugin:80 - create IPUIPlugin
2026-05-20 13:17:38,327 [INFO] IPUIPlugin:80 - create IPUIPlugin
2026-05-20 13:17:38,327 [INFO] IPUIPlugin:80 - create IPUIPlugin
2026-05-20 13:17:38,327 [INFO] IPUIPlugin:80 - create IPUIPlugin
2026-05-20 13:17:38,327 [INFO] IPUIPlugin:80 - create IPUIPlugin
2026-05-20 13:17:38,329 [INFO] IPUIPlugin:80 - create IPUIPlugin
2026-05-20 13:17:38,329 [INFO] IPUIPlugin:80 - create IPUIPlugin
2026-05-20 13:17:38,329 [INFO] IPUIPlugin:80 - create IPUIPlugin
2026-05-20 13:17:38,329 [INFO] IPUIPlugin:80 - create IPUIPlugin
2026-05-20 13:17:38,329 [INFO] IPUIPlugin:80 - create IPUIPlugin
2026-05-20 13:17:38,329 [INFO] IPUIPlugin:80 - create IPUIPlugin
2026-05-20 13:17:38,329 [INFO] IPUIPlugin:80 - create IPUIPlugin
2026-05-20 13:17:38,329 [INFO] IPUIPlugin:80 - create IPUIPlugin
2026-05-20 13:17:38,329 [INFO] IPUIPlugin:80 - create IPUIPlugin
2026-05-20 13:17:38,330 [INFO] IPUIPlugin:80 - create IPUIPlugin
2026-05-20 13:17:38,330 [INFO] IPUIPlugin:80 - create IPUIPlugin
2026-05-20 13:17:38,330 [INFO] IPUIPlugin:80 - create IPUIPlugin
2026-05-20 13:17:38,330 [INFO] IPUIPlugin:80 - create IPUIPlugin
2026-05-20 13:17:38,330 [INFO] IPUIPlugin:80 - create IPUIPlugin
2026-05-20 13:17:38,330 [INFO] IPUIPlugin:80 - create IPUIPlugin
2026-05-20 13:17:38,330 [INFO] IPUIPlugin:80 - create IPUIPlugin
2026-05-20 13:17:38,330 [INFO] IPUIPlugin:80 - create IPUIPlugin
2026-05-20 13:17:38,330 [INFO] IPUIPlugin:80 - create IPUIPlugin
2026-05-20 13:17:38,331 [INFO] IPUIPlugin:80 - create IPUIPlugin
2026-05-20 13:17:38,331 [INFO] IPUIPlugin:80 - create IPUIPlugin
2026-05-20 13:17:38,331 [INFO] IPUIPlugin:80 - create IPUIPlugin
2026-05-20 13:17:38,331 [INFO] IPUIPlugin:80 - create IPUIPlugin
2026-05-20 13:17:38,331 [INFO] IPUIPlugin:80 - create IPUIPlugin
2026-05-20 13:17:38,332 [INFO] IPUIPlugin:80 - create IPUIPlugin
2026-05-20 13:17:38,332 [INFO] IPUIPlugin:80 - create IPUIPlugin
2026-05-20 13:17:38,333 [INFO] IPUIPlugin:80 - create IPUIPlugin
2026-05-20 13:17:38,333 [INFO] IPUIPlugin:80 - create IPUIPlugin
2026-05-20 13:17:38,333 [INFO] IPUIPlugin:80 - create IPUIPlugin
2026-05-20 13:17:38,333 [INFO] IPUIPlugin:80 - create IPUIPlugin
2026-05-20 13:17:38,334 [INFO] IPUIPlugin:80 - create IPUIPlugin
2026-05-20 13:17:38,334 [INFO] IPUIPlugin:80 - create IPUIPlugin
2026-05-20 13:17:38,334 [INFO] IPUIPlugin:80 - create IPUIPlugin
2026-05-20 13:17:38,334 [INFO] IPUIPlugin:80 - create IPUIPlugin
2026-05-20 13:17:38,336 [INFO] IPUIPlugin:80 - create IPUIPlugin
2026-05-20 13:17:38,336 [INFO] IPUIPlugin:80 - create IPUIPlugin
2026-05-20 13:17:38,336 [INFO] IPUIPlugin:80 - create IPUIPlugin
2026-05-20 13:17:38,336 [INFO] IPUIPlugin:80 - create IPUIPlugin
2026-05-20 13:17:38,337 [INFO] IPUIPlugin:80 - create IPUIPlugin
2026-05-20 13:17:38,365 [INFO] ApiDbMcu:508 - Load IP Config File for PDM2PCM
2026-05-20 13:17:38,381 [INFO] I2sManager:658 - 1.1875E8
2026-05-20 13:17:38,382 [INFO] I2sManager:195 - I2S Clock Value : 1.1875E8
2026-05-20 13:17:38,387 [INFO] I2sManager:553 - AudioClock : 15995Divider : 116Odd : 0
2026-05-20 13:17:38,655 [INFO] CADModel:165 - CPN selected for project levelSTM32F411CEU6
2026-05-20 13:17:38,655 [INFO] CADModel:114 - Register for checkConnection events
2026-05-20 13:17:38,692 [INFO] OpenFileManager:385 - Restore cursor
2026-05-20 13:17:38,912 [WARN] IP:2250 - DEVICE_SERIAL0_HID_FS not found: check if there is a RefParameter without a condition.
2026-05-20 13:17:38,912 [WARN] IP:2250 - DEVICE_SERIAL1_HID_FS not found: check if there is a RefParameter without a condition.
2026-05-20 13:17:38,912 [WARN] IP:2250 - DEVICE_SERIAL2_HID_FS not found: check if there is a RefParameter without a condition.
2026-05-20 13:17:38,914 [WARN] IP:2250 - DEVICE_SERIAL0_HID_FS not found: check if there is a RefParameter without a condition.
2026-05-20 13:17:38,914 [WARN] IP:2250 - DEVICE_SERIAL1_HID_FS not found: check if there is a RefParameter without a condition.
2026-05-20 13:17:38,914 [WARN] IP:2250 - DEVICE_SERIAL2_HID_FS not found: check if there is a RefParameter without a condition.
2026-05-20 17:55:23,685 [ERROR] LogOutputStream:75 - [STDERR_REDIRECT] 
2026-05-20 17:55:47,336 [INFO] Activator:176 - 


2026-05-20 17:55:47,338 [INFO] Activator:177 - !SESSION log4j initialized
2026-05-20 17:55:53,489 [INFO] LogOutputStream:77 - [STDOUT_REDIRECT] 
2026-05-20 17:56:04,589 [INFO] ApplicationProperties:184 - Using Application install path: C:\ST\STM32CubeIDE_1.10.1\STM32CubeIDE\plugins\com.st.stm32cube.common.mx_6.14.1.202504091515
2026-05-20 17:56:04,610 [INFO] DbMcusXml:78 - Set database path to: C:\ST\STM32CubeIDE_1.10.1\STM32CubeIDE\plugins\com.st.stm32cube.common.mx_6.14.1.202504091515\\db\/mcu/
2026-05-20 17:56:04,611 [INFO] ApiDb:274 - Set plugin database path to: C:\ST\STM32CubeIDE_1.10.1\STM32CubeIDE\plugins\com.st.stm32cube.common.mx_6.14.1.202504091515\\db\/plugins/boardmanager/
2026-05-20 17:56:04,611 [WARN] ApiDb:259 - Overriding images path with different value:  => C:\ST\STM32CubeIDE_1.10.1\STM32CubeIDE\plugins\com.st.stm32cube.common.mx_6.14.1.202504091515\\db\/plugins/mcufinder/images/
2026-05-20 17:56:04,621 [INFO] ApiDb:250 - Set database path to: C:\Users\abhil\.stmcufinder\plugins\mcufinder//mcu/
2026-05-20 17:56:04,623 [INFO] DbMcusAds:125 - Set database path to: C:\Users\abhil\.stmcufinder\plugins\mcufinder//mcu/
2026-05-20 17:56:04,628 [INFO] CrossReferenceDbSqlite:203 - Set database path to: C:\Users\abhil\.stmcufinder\plugins\mcufinder//mcu/cs/
2026-05-20 17:56:04,759 [INFO] RulesReader:64 - Compatibility file has been processed (302 Rules)
2026-05-20 17:56:04,860 [INFO] DbMcusXml:78 - Set database path to: C:\ST\STM32CubeIDE_1.10.1\STM32CubeIDE\plugins\com.st.stm32cube.common.mx_6.14.1.202504091515\\db\/mcu/
2026-05-20 17:56:04,861 [INFO] ApiDb:274 - Set plugin database path to: C:\ST\STM32CubeIDE_1.10.1\STM32CubeIDE\plugins\com.st.stm32cube.common.mx_6.14.1.202504091515\\db\/plugins/boardmanager/
2026-05-20 17:56:04,862 [INFO] ApiDb:261 - Set plugin images path to: C:\ST\STM32CubeIDE_1.10.1\STM32CubeIDE\plugins\com.st.stm32cube.common.mx_6.14.1.202504091515\\db\/plugins/mcufinder/images/
2026-05-20 17:56:04,862 [WARN] DbFile:41 - Overriding database path with different value: C:\Users\abhil\.stmcufinder\plugins\mcufinder/ => C:\Users\abhil\.stmcufinder\plugins\mcufinder
2026-05-20 17:56:04,863 [INFO] ApiDb:250 - Set database path to: C:\Users\abhil\.stmcufinder\plugins\mcufinder//mcu/
2026-05-20 17:56:04,863 [WARN] DbFile:41 - Overriding database path with different value: C:\Users\abhil\.stmcufinder\plugins\mcufinder/ => C:\Users\abhil\.stmcufinder\plugins\mcufinder
2026-05-20 17:56:04,863 [INFO] DbMcusAds:125 - Set database path to: C:\Users\abhil\.stmcufinder\plugins\mcufinder//mcu/
2026-05-20 17:56:04,863 [WARN] DbFile:41 - Overriding database path with different value: C:\Users\abhil\.stmcufinder\plugins\mcufinder/ => C:\Users\abhil\.stmcufinder\plugins\mcufinder
2026-05-20 17:56:04,863 [WARN] DbFile:41 - Overriding database path with different value: C:\Users\abhil\.stmcufinder\plugins\mcufinder/ => C:\Users\abhil\.stmcufinder\plugins\mcufinder
2026-05-20 17:56:04,863 [INFO] CrossReferenceDbSqlite:203 - Set database path to: C:\Users\abhil\.stmcufinder\plugins\mcufinder//mcu/cs/
2026-05-20 17:56:04,964 [INFO] MainPanel:272 - HeapMemory: 268435456
2026-05-20 17:56:05,057 [INFO] DbMcusXml:78 - Set database path to: C:\ST\STM32CubeIDE_1.10.1\STM32CubeIDE\plugins\com.st.stm32cube.common.mx_6.14.1.202504091515\\db\/mcu/
2026-05-20 17:56:05,057 [INFO] ApiDb:274 - Set plugin database path to: C:\ST\STM32CubeIDE_1.10.1\STM32CubeIDE\plugins\com.st.stm32cube.common.mx_6.14.1.202504091515\\db\/plugins/boardmanager/
2026-05-20 17:56:05,057 [INFO] ApiDb:261 - Set plugin images path to: C:\ST\STM32CubeIDE_1.10.1\STM32CubeIDE\plugins\com.st.stm32cube.common.mx_6.14.1.202504091515\\db\/plugins/mcufinder/images/
2026-05-20 17:56:05,058 [WARN] DbFile:41 - Overriding database path with different value: C:\Users\abhil\.stmcufinder\plugins\mcufinder/ => C:\Users\abhil\.stmcufinder\plugins\mcufinder
2026-05-20 17:56:05,058 [INFO] ApiDb:250 - Set database path to: C:\Users\abhil\.stmcufinder\plugins\mcufinder//mcu/
2026-05-20 17:56:05,058 [WARN] DbFile:41 - Overriding database path with different value: C:\Users\abhil\.stmcufinder\plugins\mcufinder/ => C:\Users\abhil\.stmcufinder\plugins\mcufinder
2026-05-20 17:56:05,058 [INFO] DbMcusAds:125 - Set database path to: C:\Users\abhil\.stmcufinder\plugins\mcufinder//mcu/
2026-05-20 17:56:05,058 [WARN] DbFile:41 - Overriding database path with different value: C:\Users\abhil\.stmcufinder\plugins\mcufinder/ => C:\Users\abhil\.stmcufinder\plugins\mcufinder
2026-05-20 17:56:05,058 [WARN] DbFile:41 - Overriding database path with different value: C:\Users\abhil\.stmcufinder\plugins\mcufinder/ => C:\Users\abhil\.stmcufinder\plugins\mcufinder
2026-05-20 17:56:05,058 [INFO] CrossReferenceDbSqlite:203 - Set database path to: C:\Users\abhil\.stmcufinder\plugins\mcufinder//mcu/cs/
2026-05-20 17:56:05,084 [INFO] ApplicationProperties:184 - Using Application install path: C:\ST\STM32CubeIDE_1.10.1\STM32CubeIDE\plugins\com.st.stm32cube.common.mx_6.14.1.202504091515
2026-05-20 17:56:05,087 [INFO] PluginManage:196 - Search for loadable plugins [exclusion list=, ]
2026-05-20 17:56:05,088 [INFO] PluginManage:310 - Check plugin analytics
2026-05-20 17:56:14,766 [INFO] AnalyticsPlugin:253 - Accepted Software Licenses: 
2026-05-20 17:56:14,766 [INFO] AnalyticsPlugin:255 - Accepted CMSIS Pack Licenses: 
2026-05-20 17:56:14,768 [INFO] AnalyticsPlugin:257 - Accepted Firmware Licenses: FW.F4.1.27.0,FW.H7.1.10.0,FW.H7.1.12.0,FW.F4.1.28.0
2026-05-20 17:56:14,771 [INFO] PluginManage:359 - Loaded plugin analytics (category:tool,tabindex:-1)
2026-05-20 17:56:14,771 [INFO] PluginManage:310 - Check plugin cadmodel
2026-05-20 17:56:14,774 [INFO] CADModel:105 - Init CAD model plugin
2026-05-20 17:56:14,774 [INFO] PluginManage:359 - Loaded plugin cadmodel (category:power,tabindex:5)
2026-05-20 17:56:14,775 [INFO] PluginManage:310 - Check plugin clock
2026-05-20 17:56:14,786 [INFO] PluginManage:359 - Loaded plugin clock (category:base,tabindex:2)
2026-05-20 17:56:14,786 [INFO] PluginManage:310 - Check plugin ddr
2026-05-20 17:56:14,789 [INFO] PluginManage:359 - Loaded plugin ddr (category:tool,tabindex:6)
2026-05-20 17:56:14,789 [INFO] PluginManage:310 - Check plugin filemanager
2026-05-20 17:56:14,965 [INFO] PluginManage:359 - Loaded plugin filemanager (category:base,tabindex:10)
2026-05-20 17:56:14,965 [INFO] PluginManage:310 - Check plugin ipmanager
2026-05-20 17:56:14,974 [INFO] PluginManage:359 - Loaded plugin ipmanager (category:base,tabindex:5)
2026-05-20 17:56:14,974 [INFO] PluginManage:310 - Check plugin lpbam
2026-05-20 17:56:14,983 [INFO] PluginManage:359 - Loaded plugin lpbam (category:base,tabindex:0)
2026-05-20 17:56:14,983 [INFO] PluginManage:310 - Check plugin memorymap
2026-05-20 17:56:14,995 [INFO] PluginManage:359 - Loaded plugin memorymap (category:base,tabindex:4)
2026-05-20 17:56:14,996 [INFO] PluginManage:310 - Check plugin pinoutandconfiguration
2026-05-20 17:56:15,005 [INFO] PluginManage:359 - Loaded plugin pinoutandconfiguration (category:base,tabindex:1)
2026-05-20 17:56:15,006 [INFO] PluginManage:310 - Check plugin pinoutconfig
2026-05-20 17:56:15,117 [WARN] SupportedApi:132 - Cannot load RTOS API schema: s4s-elt-must-match.1: The content of 'definitions' must match (annotation?, (simpleType | complexType)?, (unique | key | keyref)*)). A problem was found starting at: attribute.
2026-05-20 17:56:15,281 [INFO] PluginManage:359 - Loaded plugin pinoutconfig (category:base,tabindex:0)
2026-05-20 17:56:15,282 [INFO] PluginManage:310 - Check plugin power
2026-05-20 17:56:15,293 [INFO] PluginManage:359 - Loaded plugin power (category:power,tabindex:4)
2026-05-20 17:56:15,293 [INFO] PluginManage:310 - Check plugin projectmanager
2026-05-20 17:56:15,315 [INFO] PluginManage:359 - Loaded plugin projectmanager (category:projectmanager,tabindex:4)
2026-05-20 17:56:15,316 [INFO] PluginManage:310 - Check plugin rif
2026-05-20 17:56:15,324 [INFO] PluginManage:359 - Loaded plugin rif (category:base,tabindex:3)
2026-05-20 17:56:15,324 [INFO] PluginManage:310 - Check plugin thirdparty
2026-05-20 17:56:15,497 [INFO] PluginManage:359 - Loaded plugin thirdparty (category:base,tabindex:-1)
2026-05-20 17:56:15,497 [INFO] PluginManage:310 - Check plugin tools
2026-05-20 17:56:15,496 [WARN] IntegrityCheckThread:84 - waiting for thirdparty lock release [integrity check]
2026-05-20 17:56:15,497 [INFO] IntegrityCheckThread:86 - entering critical section [integrity check]
2026-05-20 17:56:15,498 [INFO] ThirdPartyUpdaterWithRetryManager:70 - Updater plugin not ready yet. [1/15]
2026-05-20 17:56:15,501 [INFO] PluginManage:359 - Loaded plugin tools (category:base,tabindex:7)
2026-05-20 17:56:15,501 [INFO] PluginManage:310 - Check plugin tutovideos
2026-05-20 17:56:15,719 [INFO] PluginManage:359 - Loaded plugin tutovideos (category:base,tabindex:-1)
2026-05-20 17:56:15,720 [INFO] PluginManage:310 - Check plugin updater
2026-05-20 17:56:15,745 [INFO] PluginManage:359 - Loaded plugin updater (category:base,tabindex:12)
2026-05-20 17:56:15,745 [INFO] PluginManage:310 - Check plugin userauth
2026-05-20 17:56:15,750 [INFO] UserAuth:118 - Init User Auth plugin
2026-05-20 17:56:15,751 [INFO] PluginManage:359 - Loaded plugin userauth (category:base,tabindex:14)
2026-05-20 17:56:15,752 [INFO] PluginManage:283 - PluginManage : Loaded plugins [18]
2026-05-20 17:56:16,075 [INFO] PinOutPanel:1589 - setPackage(No Configuration,No Configuration)
2026-05-20 17:56:16,198 [INFO] CADModel:165 - CPN selected for project level
2026-05-20 17:56:16,198 [INFO] CADModel:114 - Register for checkConnection events
2026-05-20 17:56:16,225 [INFO] IPUIPlugin:80 - create IPUIPlugin
2026-05-20 17:56:16,225 [INFO] PluginManager:220 - loadIPPluginJar : add adc
2026-05-20 17:56:16,231 [INFO] IPUIPlugin:80 - create IPUIPlugin
2026-05-20 17:56:16,231 [INFO] PluginManager:220 - loadIPPluginJar : add aes
2026-05-20 17:56:16,235 [INFO] IPUIPlugin:80 - create IPUIPlugin
2026-05-20 17:56:16,236 [INFO] PluginManager:220 - loadIPPluginJar : add can
2026-05-20 17:56:16,238 [INFO] IPUIPlugin:80 - create IPUIPlugin
2026-05-20 17:56:16,238 [INFO] PluginManager:220 - loadIPPluginJar : add comp
2026-05-20 17:56:16,240 [INFO] IPUIPlugin:80 - create IPUIPlugin
2026-05-20 17:56:16,241 [INFO] PluginManager:220 - loadIPPluginJar : add cryp
2026-05-20 17:56:16,244 [INFO] IPUIPlugin:80 - create IPUIPlugin
2026-05-20 17:56:16,244 [INFO] PluginManager:220 - loadIPPluginJar : add ddr_ctrl_phy
2026-05-20 17:56:16,250 [INFO] IPUIPlugin:80 - create IPUIPlugin
2026-05-20 17:56:16,250 [INFO] PluginManager:220 - loadIPPluginJar : add dfsdm
2026-05-20 17:56:16,258 [INFO] IPUIPlugin:80 - create IPUIPlugin
2026-05-20 17:56:16,258 [INFO] PluginManager:220 - loadIPPluginJar : add dma
2026-05-20 17:56:16,262 [INFO] IPUIPlugin:80 - create IPUIPlugin
2026-05-20 17:56:16,262 [INFO] PluginManager:220 - loadIPPluginJar : add dma3
2026-05-20 17:56:16,267 [INFO] IPUIPlugin:80 - create IPUIPlugin
2026-05-20 17:56:16,268 [INFO] PluginManager:220 - loadIPPluginJar : add extmemmanager
2026-05-20 17:56:16,270 [INFO] IPUIPlugin:80 - create IPUIPlugin
2026-05-20 17:56:16,271 [INFO] PluginManager:220 - loadIPPluginJar : add fatfs
2026-05-20 17:56:16,279 [INFO] IPUIPlugin:80 - create IPUIPlugin
2026-05-20 17:56:16,279 [INFO] PluginManager:220 - loadIPPluginJar : add fmc
2026-05-20 17:56:16,285 [INFO] IPUIPlugin:80 - create IPUIPlugin
2026-05-20 17:56:16,285 [INFO] PluginManager:220 - loadIPPluginJar : add freertos
2026-05-20 17:56:16,288 [INFO] IPUIPlugin:80 - create IPUIPlugin
2026-05-20 17:56:16,289 [INFO] PluginManager:220 - loadIPPluginJar : add genericplugin
2026-05-20 17:56:16,291 [INFO] IPUIPlugin:80 - create IPUIPlugin
2026-05-20 17:56:16,291 [INFO] PluginManager:220 - loadIPPluginJar : add gfxmmu
2026-05-20 17:56:16,297 [INFO] IPUIPlugin:80 - create IPUIPlugin
2026-05-20 17:56:16,298 [INFO] PluginManager:220 - loadIPPluginJar : add gic
2026-05-20 17:56:16,303 [INFO] IPUIPlugin:80 - create IPUIPlugin
2026-05-20 17:56:16,304 [INFO] PluginManager:220 - loadIPPluginJar : add gpio
2026-05-20 17:56:16,307 [INFO] IPUIPlugin:80 - create IPUIPlugin
2026-05-20 17:56:16,307 [INFO] PluginManager:220 - loadIPPluginJar : add gtzc
2026-05-20 17:56:16,310 [INFO] IPUIPlugin:80 - create IPUIPlugin
2026-05-20 17:56:16,310 [INFO] PluginManager:220 - loadIPPluginJar : add hash
2026-05-20 17:56:16,316 [INFO] IPUIPlugin:80 - create IPUIPlugin
2026-05-20 17:56:16,316 [INFO] PluginManager:220 - loadIPPluginJar : add i2c
2026-05-20 17:56:16,321 [INFO] IPUIPlugin:80 - create IPUIPlugin
2026-05-20 17:56:16,321 [INFO] PluginManager:220 - loadIPPluginJar : add i2s
2026-05-20 17:56:16,325 [INFO] IPUIPlugin:80 - create IPUIPlugin
2026-05-20 17:56:16,325 [INFO] PluginManager:220 - loadIPPluginJar : add i3c
2026-05-20 17:56:16,330 [INFO] IPUIPlugin:80 - create IPUIPlugin
2026-05-20 17:56:16,331 [INFO] PluginManager:220 - loadIPPluginJar : add ipddr
2026-05-20 17:56:16,340 [INFO] IPUIPlugin:80 - create IPUIPlugin
2026-05-20 17:56:16,340 [INFO] PluginManager:220 - loadIPPluginJar : add linkedlist
2026-05-20 17:56:16,353 [INFO] IPUIPlugin:80 - create IPUIPlugin
2026-05-20 17:56:16,354 [INFO] PluginManager:220 - loadIPPluginJar : add lorawan
2026-05-20 17:56:16,356 [INFO] IPUIPlugin:80 - create IPUIPlugin
2026-05-20 17:56:16,356 [INFO] PluginManager:220 - loadIPPluginJar : add ltdc
2026-05-20 17:56:16,365 [INFO] IPUIPlugin:80 - create IPUIPlugin
2026-05-20 17:56:16,365 [INFO] PluginManager:220 - loadIPPluginJar : add mdma
2026-05-20 17:56:16,371 [INFO] IPUIPlugin:80 - create IPUIPlugin
2026-05-20 17:56:16,371 [INFO] PluginManager:220 - loadIPPluginJar : add nvic
2026-05-20 17:56:16,374 [INFO] IPUIPlugin:80 - create IPUIPlugin
2026-05-20 17:56:16,374 [INFO] PluginManager:220 - loadIPPluginJar : add opamp
2026-05-20 17:56:16,378 [INFO] IPUIPlugin:80 - create IPUIPlugin
2026-05-20 17:56:16,378 [INFO] PluginManager:220 - loadIPPluginJar : add openamp
2026-05-20 17:56:16,386 [INFO] IPUIPlugin:80 - create IPUIPlugin
2026-05-20 17:56:16,386 [INFO] PluginManager:220 - loadIPPluginJar : add pdm2pcm
2026-05-20 17:56:16,398 [INFO] IPUIPlugin:80 - create IPUIPlugin
2026-05-20 17:56:16,403 [INFO] PluginManager:220 - loadIPPluginJar : add plateformsettings
2026-05-20 17:56:16,405 [INFO] IPUIPlugin:80 - create IPUIPlugin
2026-05-20 17:56:16,406 [INFO] PluginManager:220 - loadIPPluginJar : add quadspi
2026-05-20 17:56:16,409 [INFO] IPUIPlugin:80 - create IPUIPlugin
2026-05-20 17:56:16,411 [INFO] PluginManager:220 - loadIPPluginJar : add radio
2026-05-20 17:56:16,415 [INFO] IPUIPlugin:80 - create IPUIPlugin
2026-05-20 17:56:16,415 [INFO] PluginManager:220 - loadIPPluginJar : add resmgrutility
2026-05-20 17:56:16,419 [INFO] IPUIPlugin:80 - create IPUIPlugin
2026-05-20 17:56:16,419 [INFO] PluginManager:220 - loadIPPluginJar : add sai
2026-05-20 17:56:16,422 [INFO] IPUIPlugin:80 - create IPUIPlugin
2026-05-20 17:56:16,422 [INFO] PluginManager:220 - loadIPPluginJar : add spi
2026-05-20 17:56:16,428 [INFO] IPUIPlugin:80 - create IPUIPlugin
2026-05-20 17:56:16,428 [INFO] PluginManager:220 - loadIPPluginJar : add stm32_wpan
2026-05-20 17:56:16,432 [INFO] IPUIPlugin:80 - create IPUIPlugin
2026-05-20 17:56:16,433 [INFO] PluginManager:220 - loadIPPluginJar : add tim
2026-05-20 17:56:16,439 [INFO] IPUIPlugin:80 - create IPUIPlugin
2026-05-20 17:56:16,439 [INFO] PluginManager:220 - loadIPPluginJar : add touchsensing
2026-05-20 17:56:16,441 [INFO] IPUIPlugin:80 - create IPUIPlugin
2026-05-20 17:56:16,441 [INFO] PluginManager:220 - loadIPPluginJar : add tracer_emb
2026-05-20 17:56:16,443 [INFO] IPUIPlugin:80 - create IPUIPlugin
2026-05-20 17:56:16,444 [INFO] PluginManager:220 - loadIPPluginJar : add ts
2026-05-20 17:56:16,447 [INFO] IPUIPlugin:80 - create IPUIPlugin
2026-05-20 17:56:16,447 [INFO] PluginManager:220 - loadIPPluginJar : add tsc
2026-05-20 17:56:16,451 [INFO] IPUIPlugin:80 - create IPUIPlugin
2026-05-20 17:56:16,451 [INFO] PluginManager:220 - loadIPPluginJar : add ucpd
2026-05-20 17:56:16,456 [INFO] IPUIPlugin:80 - create IPUIPlugin
2026-05-20 17:56:16,456 [INFO] PluginManager:220 - loadIPPluginJar : add usart
2026-05-20 17:56:16,460 [INFO] IPUIPlugin:80 - create IPUIPlugin
2026-05-20 17:56:16,460 [INFO] PluginManager:220 - loadIPPluginJar : add usbx
2026-05-20 17:56:16,616 [FATAL] Updater:351 - Updater called before beeing initialized
2026-05-20 17:56:16,649 [INFO] RulesReader:64 - Compatibility file has been processed (302 Rules)
2026-05-20 17:56:16,659 [INFO] RulesReader:64 - Compatibility file has been processed (302 Rules)
2026-05-20 17:56:16,667 [INFO] CADModel:165 - CPN selected for project level
2026-05-20 17:56:16,667 [INFO] CADModel:114 - Register for checkConnection events
2026-05-20 17:56:16,667 [FATAL] Updater:351 - Updater called before beeing initialized
2026-05-20 17:56:16,667 [ERROR] CADModel:125 - Updater not yet initialized, retry later 
2026-05-20 17:56:16,849 [FATAL] Updater:351 - Updater called before beeing initialized
2026-05-20 17:56:16,851 [INFO] CADModel:165 - CPN selected for project level
2026-05-20 17:56:16,852 [INFO] CADModel:114 - Register for checkConnection events
2026-05-20 17:56:16,852 [FATAL] Updater:351 - Updater called before beeing initialized
2026-05-20 17:56:16,852 [ERROR] CADModel:125 - Updater not yet initialized, retry later 
2026-05-20 17:56:16,856 [FATAL] Updater:351 - Updater called before beeing initialized
2026-05-20 17:56:17,026 [FATAL] Updater:351 - Updater called before beeing initialized
2026-05-20 17:56:17,031 [INFO] DbMcusAds:53 - JSON generation date=Thu Mar 05 17:32:53 EAT 2026 (1772721173050)
2026-05-20 17:56:17,031 [FATAL] Updater:351 - Updater called before beeing initialized
2026-05-20 17:56:17,060 [WARN] DetailPanel:346 - Failed to get advertising image, set to default
2026-05-20 17:56:17,326 [FATAL] Updater:351 - Updater called before beeing initialized
2026-05-20 17:56:17,328 [FATAL] Updater:351 - Updater called before beeing initialized
2026-05-20 17:56:17,328 [FATAL] Updater:351 - Updater called before beeing initialized
2026-05-20 17:56:17,329 [WARN] DetailPanel:346 - Failed to get advertising image, set to default
2026-05-20 17:56:17,331 [FATAL] Updater:351 - Updater called before beeing initialized
2026-05-20 17:56:17,390 [ERROR] Updater:1198 - MainUpdater not yet initialized. External WinMGr cannot be set.
2026-05-20 17:56:17,392 [INFO] Updater:1134 - Updater Version found : 6.14.1
2026-05-20 17:56:17,406 [INFO] ApplicationProperties:184 - Using Application install path: C:\ST\STM32CubeIDE_1.10.1\STM32CubeIDE\plugins\com.st.stm32cube.common.mx_6.14.1.202504091515
2026-05-20 17:56:17,843 [INFO] MainUpdater:2872 - connection check result : 10
2026-05-20 17:56:17,843 [INFO] MainUpdater:289 - Updater Check For Update Now.
2026-05-20 17:56:17,843 [INFO] MicroXplorer:498 - Change Database Version : DB.6.0.141
2026-05-20 17:56:17,851 [INFO] McuFinderGlobals:63 - Set McuFinder mode to 2 (CubeIDE integrated)
2026-05-20 17:56:17,853 [INFO] UserAuth:484 - Internet connection configuration mode: 1
2026-05-20 17:56:17,872 [INFO] JxBrowserEngine:152 - Initiate JxBrowser Engine with user profile folder
2026-05-20 17:56:18,042 [INFO] CheckServerUpdateThread:120 - End of CheckServer Thread
2026-05-20 17:56:18,659 [INFO] WebApp:169 - Instantiating new browser for Auth
2026-05-20 17:56:19,022 [WARN] PackLoader:240 - Cannot read IP mode file for STMicroelectronics.X-CUBE-AZRTOS-H7.3.5.0
2026-05-20 17:56:19,033 [WARN] PackLoader:240 - Cannot read IP mode file for STMicroelectronics.FP-SNS-MOTENVWB1.1.4.0
2026-05-20 17:56:19,040 [WARN] PackLoader:240 - Cannot read IP mode file for STMicroelectronics.FP-ATR-ASTRA1.2.0.2
2026-05-20 17:56:19,044 [WARN] PackLoader:240 - Cannot read IP mode file for STMicroelectronics.FP-ATR-ASTRA1.2.0.1
2026-05-20 17:56:19,056 [WARN] PackLoader:240 - Cannot read IP mode file for STMicroelectronics.X-CUBE-SMBUS.2.1.0
2026-05-20 17:56:19,066 [WARN] PackLoader:240 - Cannot read IP mode file for STMicroelectronics.X-CUBE-WB05N.1.1.0
2026-05-20 17:56:19,075 [WARN] PackLoader:240 - Cannot read IP mode file for STMicroelectronics.X-CUBE-ST60.1.0.0
2026-05-20 17:56:19,083 [WARN] PackLoader:240 - Cannot read IP mode file for STMicroelectronics.X-CUBE-TOUCHGFX.4.23.2
2026-05-20 17:56:19,110 [WARN] PackLoader:240 - Cannot read IP mode file for STMicroelectronics.X-CUBE-AZRTOS-F7.1.1.0
2026-05-20 17:56:19,122 [WARN] PackLoader:240 - Cannot read IP mode file for STMicroelectronics.X-CUBE-BLE1.6.2.3
2026-05-20 17:56:19,185 [WARN] PackLoader:240 - Cannot read IP mode file for STMicroelectronics.X-CUBE-MEMS1.11.0.0
2026-05-20 17:56:19,335 [WARN] PackLoader:240 - Cannot read IP mode file for STMicroelectronics.X-CUBE-BLE1.6.2.4
2026-05-20 17:56:19,339 [ERROR] Engine:466 - C:\Users\abhil\.stm32cubemx\thirdparties\pdsc\STMicroelectronics.FP-SNS-MOTENV1.5.1.0.pdsc: PDSC version is not supported
2026-05-20 17:56:19,343 [WARN] PackLoader:240 - Cannot read IP mode file for STMicroelectronics.FP-SNS-FLIGHT1.5.0.2
2026-05-20 17:56:19,354 [WARN] PackLoader:240 - Cannot read IP mode file for STMicroelectronics.X-CUBE-TOF1.3.1.0
2026-05-20 17:56:19,375 [WARN] PackLoader:240 - Cannot read IP mode file for STMicroelectronics.X-CUBE-AZRTOS-H7.3.4.0
2026-05-20 17:56:19,389 [WARN] PackLoader:240 - Cannot read IP mode file for STMicroelectronics.X-CUBE-DISPLAY.3.0.0
2026-05-20 17:56:19,401 [WARN] PackLoader:240 - Cannot read IP mode file for STMicroelectronics.X-CUBE-GNSS1.7.1.1
2026-05-20 17:56:19,405 [ERROR] Engine:466 - C:\Users\abhil\.stm32cubemx\thirdparties\pdsc\STMicroelectronics.FP-SNS-MOTENVWB1.1.5.0.pdsc: PDSC version is not supported
2026-05-20 17:56:19,413 [WARN] PackLoader:240 - Cannot read IP mode file for STMicroelectronics.X-CUBE-BLE1.7.0.0
2026-05-20 17:56:19,422 [WARN] PackLoader:240 - Cannot read IP mode file for STMicroelectronics.X-CUBE-NFC10.1.0.0
2026-05-20 17:56:19,441 [WARN] PackLoader:240 - Cannot read IP mode file for STMicroelectronics.X-CUBE-BLEMGR.4.0.0
2026-05-20 17:56:19,451 [WARN] PackLoader:240 - Cannot read IP mode file for STMicroelectronics.X-CUBE-ST60.1.1.0
2026-05-20 17:56:19,462 [WARN] PackLoader:240 - Cannot read IP mode file for STMicroelectronics.X-CUBE-GNSS1.7.1.0
2026-05-20 17:56:19,520 [WARN] PackLoader:240 - Cannot read IP mode file for STMicroelectronics.X-CUBE-MEMS1.9.3.0
2026-05-20 17:56:19,676 [WARN] PackLoader:240 - Cannot read IP mode file for STMicroelectronics.X-CUBE-AI.7.2.0
2026-05-20 17:56:19,688 [WARN] PackLoader:240 - Cannot read IP mode file for STMicroelectronics.X-CUBE-BLEMGR.3.1.0
2026-05-20 17:56:19,695 [WARN] PackLoader:240 - Cannot read IP mode file for STMicroelectronics.X-CUBE-AI.10.0.0
2026-05-20 17:56:19,701 [ERROR] Engine:466 - C:\Users\abhil\.stm32cubemx\thirdparties\pdsc\STMicroelectronics.FP-SNS-STBOX1.2.1.0.pdsc: PDSC version is not supported
2026-05-20 17:56:19,707 [WARN] PackLoader:240 - Cannot read IP mode file for STMicroelectronics.FP-SNS-SMARTAG2.1.2.0
2026-05-20 17:56:19,713 [WARN] PackLoader:240 - Cannot read IP mode file for STMicroelectronics.FP-SNS-FLIGHT1.5.1.0
2026-05-20 17:56:19,720 [INFO] WebApp:463 - Apply proxy settings
2026-05-20 17:56:19,721 [INFO] WebApp:548 - Chromium requires no authentication
2026-05-20 17:56:19,733 [INFO] WebApp:491 - Direct internet connection detected
2026-05-20 17:56:19,758 [WARN] PackLoader:240 - Cannot read IP mode file for STMicroelectronics.X-CUBE-MEMS1.11.1.0
2026-05-20 17:56:19,769 [INFO] WebApp:894 - Register for checkConnection events
2026-05-20 17:56:19,770 [INFO] WebApp:463 - Apply proxy settings
2026-05-20 17:56:19,770 [INFO] WebApp:548 - Chromium requires no authentication
2026-05-20 17:56:19,770 [INFO] WebApp:491 - Direct internet connection detected
2026-05-20 17:56:19,837 [INFO] LogOutputStream:77 - [STDOUT_REDIRECT] 1 : Invalid condition id : UX_CORESTACK_Condition cause : null
2026-05-20 17:56:19,838 [INFO] LogOutputStream:77 - [STDOUT_REDIRECT] 1 : Invalid condition id : UX_CORESTACK_Condition cause : null
2026-05-20 17:56:19,839 [INFO] LogOutputStream:77 - [STDOUT_REDIRECT] 1 : Invalid condition id : UX_CORESTACK_Condition cause : null
2026-05-20 17:56:19,840 [INFO] LogOutputStream:77 - [STDOUT_REDIRECT] 1 : Invalid condition id : UX_CORESTACK_Condition cause : null
2026-05-20 17:56:19,840 [INFO] LogOutputStream:77 - [STDOUT_REDIRECT] 1 : Invalid condition id : UX_CORESTACK_Condition cause : null
2026-05-20 17:56:19,843 [WARN] PackLoader:240 - Cannot read IP mode file for STMicroelectronics.X-CUBE-AZRTOS-WL.2.0.0
2026-05-20 17:56:19,850 [WARN] PackLoader:240 - Cannot read IP mode file for STMicroelectronics.FP-SNS-MOTENV1.5.0.0
2026-05-20 17:56:19,866 [WARN] PackLoader:240 - Cannot read IP mode file for STMicroelectronics.X-CUBE-AZRTOS-H7RS.1.2.0
2026-05-20 17:56:19,874 [WARN] PackLoader:240 - Cannot read IP mode file for wolfSSL.I-CUBE-wolfMQTT.1.19.0
2026-05-20 17:56:19,884 [WARN] PackLoader:240 - Cannot read IP mode file for WES.I-CUBE-Cesium.1.3.0
2026-05-20 17:56:19,892 [WARN] PackLoader:240 - Cannot read IP mode file for STMicroelectronics.X-CUBE-BLE2.3.3.0
2026-05-20 17:56:19,926 [WARN] PackLoader:240 - Cannot read IP mode file for STMicroelectronics.X-CUBE-DISPLAY.2.2.0
2026-05-20 17:56:19,937 [WARN] PackLoader:240 - Cannot read IP mode file for STMicroelectronics.X-CUBE-TOF1.3.2.0
2026-05-20 17:56:19,943 [WARN] PackLoader:240 - Cannot read IP mode file for STMicroelectronics.X-CUBE-ISPU.1.0.0
2026-05-20 17:56:19,955 [WARN] PackLoader:240 - Cannot read IP mode file for STMicroelectronics.X-CUBE-NFC9.1.0.0
2026-05-20 17:56:19,971 [WARN] PackLoader:240 - Cannot read IP mode file for STMicroelectronics.X-CUBE-AZRTOS-H7.2.1.0
2026-05-20 17:56:19,977 [WARN] PackLoader:240 - Cannot read IP mode file for STMicroelectronics.X-CUBE-BLE1.7.1.0
2026-05-20 17:56:19,984 [WARN] PackLoader:240 - Cannot read IP mode file for STMicroelectronics.X-CUBE-TCPP.4.1.0
2026-05-20 17:56:19,988 [ERROR] Engine:466 - C:\Users\abhil\.stm32cubemx\thirdparties\pdsc\STMicroelectronics.X-CUBE-FREERTOS.1.4.0.pdsc: PDSC version is not supported
2026-05-20 17:56:19,995 [WARN] PackLoader:240 - Cannot read IP mode file for STMicroelectronics.X-CUBE-EEPRMA1.5.2.0
2026-05-20 17:56:20,001 [WARN] PackLoader:240 - Cannot read IP mode file for STMicroelectronics.X-CUBE-TOUCHGFX.4.21.3
2026-05-20 17:56:20,005 [WARN] PackLoader:240 - Cannot read IP mode file for STMicroelectronics.X-CUBE-AI.7.3.0
2026-05-20 17:56:20,009 [ERROR] Engine:466 - C:\Users\abhil\.stm32cubemx\thirdparties\pdsc\STMicroelectronics.X-CUBE-ST67W61.1.1.0.pdsc: PDSC version is not supported
2026-05-20 17:56:20,014 [WARN] PackLoader:240 - Cannot read IP mode file for STMicroelectronics.X-CUBE-AI.10.1.0
2026-05-20 17:56:20,015 [INFO] WebApp:225 - Starting web application
2026-05-20 17:56:20,015 [INFO] WebApp:593 - Web application path used C:\ST\STM32CubeIDE_1.10.1\STM32CubeIDE\plugins\com.st.stm32cube.common.mx_6.14.1.202504091515\db\plugins\mcufinder\reactClient1\index.html
2026-05-20 17:56:20,019 [ERROR] Engine:466 - C:\Users\abhil\.stm32cubemx\thirdparties\pdsc\STMicroelectronics.FP-SNS-STAIOTCFT.1.1.0.pdsc: PDSC version is not supported
2026-05-20 17:56:20,030 [INFO] WebApp:191 - Connection restablished
2026-05-20 17:56:20,063 [WARN] PackLoader:240 - Cannot read IP mode file for STMicroelectronics.X-CUBE-MEMS1.12.0.0
2026-05-20 17:56:20,122 [WARN] PackLoader:240 - Cannot read IP mode file for STMicroelectronics.X-CUBE-ALGOBUILD.1.3.0
2026-05-20 17:56:20,164 [INFO] UserAuth:484 - Internet connection configuration mode: 1
2026-05-20 17:56:20,171 [WARN] PackLoader:240 - Cannot read IP mode file for STMicroelectronics.X-CUBE-MEMS1.11.2.0
2026-05-20 17:56:20,309 [WARN] PackLoader:240 - Cannot read IP mode file for STMicroelectronics.X-CUBE-AZRTOS-G0.1.1.0
2026-05-20 17:56:20,322 [WARN] PackLoader:240 - Cannot read IP mode file for STMicroelectronics.X-CUBE-SAFEA1.1.2.2
2026-05-20 17:56:20,331 [WARN] PackLoader:240 - Cannot read IP mode file for STMicroelectronics.X-CUBE-NFC4.3.0.0
2026-05-20 17:56:20,369 [WARN] PackLoader:240 - Cannot read IP mode file for SEGGER.I-CUBE-embOS.1.2.1
2026-05-20 17:56:20,404 [WARN] PackLoader:240 - Cannot read IP mode file for wolfSSL.I-CUBE-wolfMQTT.1.18.0
2026-05-20 17:56:20,416 [WARN] PackLoader:240 - Cannot read IP mode file for EmbeddedOffice.I-CUBE-FS-RTOS.1.0.1
2026-05-20 17:56:20,423 [WARN] PackLoader:240 - Cannot read IP mode file for STMicroelectronics.X-CUBE-WB05N.2.0.0
2026-05-20 17:56:20,432 [WARN] PackLoader:240 - Cannot read IP mode file for STMicroelectronics.X-CUBE-TCPP.4.2.0
2026-05-20 17:56:20,442 [WARN] PackLoader:240 - Cannot read IP mode file for RealThread.X-CUBE-RT-Thread_Nano.4.1.1
2026-05-20 17:56:20,450 [WARN] PackLoader:240 - Cannot read IP mode file for STMicroelectronics.FP-ATR-SIGFOX1.3.2.0
2026-05-20 17:56:20,456 [WARN] ConditionMgr:438 - getConditionDescription Invalid condition id : Cortex-A Device cause : null
2026-05-20 17:56:20,488 [WARN] ConditionMgr:1044 - genDependencies : Invalid condition id : Cortex-A Device cause : null
2026-05-20 17:56:20,488 [WARN] ConditionMgr:1044 - genDependencies : Invalid condition id : Cortex-A Device cause : null
2026-05-20 17:56:20,489 [WARN] ConditionMgr:1044 - genDependencies : Invalid condition id : Cortex-A Device cause : null
2026-05-20 17:56:20,494 [WARN] PackLoader:240 - Cannot read IP mode file for STMicroelectronics.X-CUBE-EEPRMA1.5.1.0
2026-05-20 17:56:20,499 [ERROR] Engine:466 - C:\Users\abhil\.stm32cubemx\thirdparties\pdsc\STMicroelectronics.X-CUBE-FREERTOS.1.5.0.pdsc: PDSC version is not supported
2026-05-20 17:56:20,509 [WARN] PackLoader:240 - Cannot read IP mode file for emotas.I-CUBE-CANOPEN.1.1.2
2026-05-20 17:56:20,514 [WARN] PackLoader:240 - Cannot read IP mode file for STMicroelectronics.X-CUBE-TOUCHGFX.4.20.0
2026-05-20 17:56:20,524 [WARN] PackLoader:240 - Cannot read IP mode file for ITTIA_DB.I-CUBE-ITTIADB.8.9.0
2026-05-20 17:56:20,532 [WARN] PackLoader:240 - Cannot read IP mode file for STMicroelectronics.X-CUBE-NFC6.3.2.0
2026-05-20 17:56:20,561 [WARN] PackLoader:240 - Cannot read IP mode file for STMicroelectronics.X-CUBE-MEMS1.9.5.0
2026-05-20 17:56:20,660 [WARN] PackLoader:240 - Cannot read IP mode file for STMicroelectronics.X-CUBE-ST67W61.1.0.0
2026-05-20 17:56:20,666 [WARN] PackLoader:240 - Cannot read IP mode file for STMicroelectronics.X-CUBE-AI.10.2.0
2026-05-20 17:56:20,708 [WARN] PackLoader:240 - Cannot read IP mode file for STMicroelectronics.X-CUBE-MEMS1.12.1.0
2026-05-20 17:56:20,795 [WARN] PackLoader:240 - Cannot read IP mode file for SEGGER.I-CUBE-embOS.1.3.1
2026-05-20 17:56:20,825 [WARN] PackLoader:240 - Cannot read IP mode file for STMicroelectronics.X-CUBE-ALGOBUILD.1.4.0
2026-05-20 17:56:20,867 [WARN] PackLoader:240 - Cannot read IP mode file for STMicroelectronics.X-CUBE-MEMS1.11.3.0
2026-05-20 17:56:20,971 [WARN] PackLoader:240 - Cannot read IP mode file for STMicroelectronics.X-CUBE-AI.9.1.0
2026-05-20 17:56:20,977 [WARN] PackLoader:240 - Cannot read IP mode file for STMicroelectronics.X-CUBE-PM33A1.1.0.0
2026-05-20 17:56:20,984 [WARN] PackLoader:240 - Cannot read IP mode file for STMicroelectronics.X-CUBE-GNSS1.6.0.0
2026-05-20 17:56:21,001 [WARN] PackLoader:240 - Cannot read IP mode file for STMicroelectronics.X-CUBE-AZRTOS-F4.1.1.0
2026-05-20 17:56:21,018 [WARN] PackLoader:240 - Cannot read IP mode file for Avnet-IotConnect.X-CUBE-IoTC-DA16k-PMOD.1.0.0
2026-05-20 17:56:21,022 [WARN] PackLoader:240 - Cannot read IP mode file for STMicroelectronics.X-CUBE-ISPU.2.1.0
2026-05-20 17:56:21,027 [ERROR] Engine:466 - C:\Users\abhil\.stm32cubemx\thirdparties\pdsc\STMicroelectronics.X-CUBE-IPS.3.2.0.pdsc: PDSC version is not supported
2026-05-20 17:56:21,032 [WARN] PackLoader:240 - Cannot read IP mode file for STMicroelectronics.eDS-WB_DPC_TT-BIDIR.2.1.1
2026-05-20 17:56:21,038 [WARN] PackLoader:240 - Cannot read IP mode file for STMicroelectronics.X-CUBE-FREERTOS.1.2.0
2026-05-20 17:56:21,043 [WARN] PackLoader:240 - Cannot read IP mode file for STMicroelectronics.X-CUBE-NFC12.1.0.0
2026-05-20 17:56:21,053 [WARN] PackLoader:240 - Cannot read IP mode file for STMicroelectronics.X-CUBE-BLEMGR.1.2.0
2026-05-20 17:56:21,066 [WARN] PackLoader:240 - Cannot read IP mode file for STMicroelectronics.X-CUBE-AZRTOS-L5.2.0.0
2026-05-20 17:56:21,073 [WARN] PackLoader:240 - Cannot read IP mode file for STMicroelectronics.X-CUBE-NFC6.3.1.0
2026-05-20 17:56:21,080 [WARN] PackLoader:240 - Cannot read IP mode file for STMicroelectronics.X-CUBE-BLEMGR.2.0.0
2026-05-20 17:56:21,089 [WARN] PackLoader:240 - Cannot read IP mode file for STMicroelectronics.X-CUBE-DPower.1.2.0
2026-05-20 17:56:21,092 [WARN] PackLoader:240 - Cannot read IP mode file for STMicroelectronics.eDS-WB_DPC_VIENNA.1.2.0
2026-05-20 17:56:21,097 [WARN] PackLoader:240 - Cannot read IP mode file for STMicroelectronics.eDS-WB_DPC_3PH2L-BIDIR.1.1.1
2026-05-20 17:56:21,101 [WARN] PackLoader:240 - Cannot read IP mode file for STMicroelectronics.X-CUBE-NFC4.2.0.4
2026-05-20 17:56:21,105 [WARN] PackLoader:240 - Cannot read IP mode file for STMicroelectronics.X-CUBE-AI.9.0.0
2026-05-20 17:56:21,115 [WARN] ConditionMgr:438 - getConditionDescription Invalid condition id : UX DEVICE CLASS RTOS Condition cause : null
2026-05-20 17:56:21,115 [WARN] ConditionMgr:438 - getConditionDescription Invalid condition id : UX DEVICE CLASS RTOS Condition cause : null
2026-05-20 17:56:21,117 [WARN] PackLoader:240 - Cannot read IP mode file for STMicroelectronics.X-CUBE-AZRTOS-H7.3.1.0
2026-05-20 17:56:21,118 [WARN] ConditionMgr:1044 - genDependencies : Invalid condition id : UX DEVICE CLASS RTOS Condition cause : null
2026-05-20 17:56:21,118 [WARN] ConditionMgr:1044 - genDependencies : Invalid condition id : UX DEVICE CLASS RTOS Condition cause : null
2026-05-20 17:56:21,119 [WARN] ConditionMgr:1044 - genDependencies : Invalid condition id : UX DEVICE CLASS RTOS Condition cause : null
2026-05-20 17:56:21,119 [WARN] ConditionMgr:1044 - genDependencies : Invalid condition id : UX DEVICE CLASS RTOS Condition cause : null
2026-05-20 17:56:21,119 [WARN] ConditionMgr:1044 - genDependencies : Invalid condition id : UX DEVICE CLASS RTOS Condition cause : null
2026-05-20 17:56:21,122 [ERROR] Engine:466 - C:\Users\abhil\.stm32cubemx\thirdparties\pdsc\STMicroelectronics.X-CUBE-ST67W61.1.3.0.pdsc: PDSC version is not supported
2026-05-20 17:56:21,125 [WARN] PackLoader:240 - Cannot read IP mode file for wolfSSL.I-CUBE-wolfSSL.5.5.1
2026-05-20 17:56:21,131 [WARN] PackLoader:240 - Cannot read IP mode file for STMicroelectronics.X-CUBE-FREERTOS.1.3.1
2026-05-20 17:56:21,137 [WARN] PackLoader:240 - Cannot read IP mode file for STMicroelectronics.X-CUBE-FREERTOS.1.3.0
2026-05-20 17:56:21,142 [WARN] PackLoader:240 - Cannot read IP mode file for STMicroelectronics.X-CUBE-NFC7.1.0.1
2026-05-20 17:56:21,147 [WARN] PackLoader:240 - Cannot read IP mode file for STMicroelectronics.X-CUBE-NFC7.1.0.0
2026-05-20 17:56:21,150 [WARN] PackLoader:240 - Cannot read IP mode file for STMicroelectronics.X-CUBE-TOUCHGFX.4.26.0
2026-05-20 17:56:21,154 [WARN] PackLoader:240 - Cannot read IP mode file for STMicroelectronics.X-CUBE-TOUCHGFX.4.26.1
2026-05-20 17:56:21,157 [WARN] PackLoader:240 - Cannot read IP mode file for STMicroelectronics.X-CUBE-EEPRMA1.4.1.0
2026-05-20 17:56:21,163 [WARN] PackLoader:240 - Cannot read IP mode file for STMicroelectronics.FP-SNS-STAIOTCFT.1.0.0
2026-05-20 17:56:21,169 [WARN] PackLoader:240 - Cannot read IP mode file for STMicroelectronics.X-CUBE-DPower.1.3.0
2026-05-20 17:56:21,189 [WARN] ConditionMgr:438 - getConditionDescription Invalid condition id : LAN8742 Phy interface Condition cause : null
2026-05-20 17:56:21,190 [WARN] PackLoader:240 - Cannot read IP mode file for STMicroelectronics.X-CUBE-AZRTOS-L4.2.0.0
2026-05-20 17:56:21,190 [WARN] ConditionMgr:1044 - genDependencies : Invalid condition id : LAN8742 Phy interface Condition cause : null
2026-05-20 17:56:21,190 [WARN] ConditionMgr:1044 - genDependencies : Invalid condition id : LAN8742 Phy interface Condition cause : null
2026-05-20 17:56:21,191 [WARN] ConditionMgr:1044 - genDependencies : Invalid condition id : LAN8742 Phy interface Condition cause : null
2026-05-20 17:56:21,198 [WARN] PackLoader:240 - Cannot read IP mode file for STMicroelectronics.X-CUBE-SFXS2LP1.4.0.0
2026-05-20 17:56:21,204 [WARN] PackLoader:240 - Cannot read IP mode file for STMicroelectronics.X-CUBE-WB05N.2.1.0
2026-05-20 17:56:21,207 [ERROR] Engine:466 - C:\Users\abhil\.stm32cubemx\thirdparties\pdsc\STMicroelectronics.X-CUBE-ST67W61.1.2.0.pdsc: PDSC version is not supported
2026-05-20 17:56:21,210 [WARN] PackLoader:240 - Cannot read IP mode file for STMicroelectronics.X-CUBE-ISPU.1.1.0
2026-05-20 17:56:21,223 [WARN] PackLoader:240 - Cannot read IP mode file for STMicroelectronics.X-CUBE-AZRTOS-H7.3.3.0
2026-05-20 17:56:21,234 [WARN] PackLoader:240 - Cannot read IP mode file for RoweBots.I-CUBE-UNISONRTOS.5.5.0-4
2026-05-20 17:56:21,241 [WARN] PackLoader:240 - Cannot read IP mode file for STMicroelectronics.X-CUBE-BLEMGR.4.1.0
2026-05-20 17:56:21,248 [WARN] PackLoader:240 - Cannot read IP mode file for STMicroelectronics.X-CUBE-AI.8.0.0
2026-05-20 17:56:21,259 [WARN] PackLoader:240 - Cannot read IP mode file for STMicroelectronics.X-CUBE-IPS.3.0.0
2026-05-20 17:56:21,274 [WARN] ConditionMgr:438 - getConditionDescription Invalid condition id : UX DEVICE CLASS RTOS Condition cause : null
2026-05-20 17:56:21,275 [WARN] ConditionMgr:438 - getConditionDescription Invalid condition id : UX DEVICE CLASS RTOS Condition cause : null
2026-05-20 17:56:21,276 [WARN] PackLoader:240 - Cannot read IP mode file for STMicroelectronics.X-CUBE-AZRTOS-WB.2.0.0
2026-05-20 17:56:21,277 [WARN] ConditionMgr:1044 - genDependencies : Invalid condition id : UX DEVICE CLASS RTOS Condition cause : null
2026-05-20 17:56:21,277 [WARN] ConditionMgr:1044 - genDependencies : Invalid condition id : UX DEVICE CLASS RTOS Condition cause : null
2026-05-20 17:56:21,277 [WARN] ConditionMgr:1044 - genDependencies : Invalid condition id : UX DEVICE CLASS RTOS Condition cause : null
2026-05-20 17:56:21,278 [WARN] ConditionMgr:1044 - genDependencies : Invalid condition id : UX DEVICE CLASS RTOS Condition cause : null
2026-05-20 17:56:21,278 [WARN] ConditionMgr:1044 - genDependencies : Invalid condition id : UX DEVICE CLASS RTOS Condition cause : null
2026-05-20 17:56:21,284 [WARN] PackLoader:240 - Cannot read IP mode file for STMicroelectronics.X-CUBE-FREERTOS.1.0.1
2026-05-20 17:56:21,288 [WARN] PackLoader:240 - Cannot read IP mode file for STMicroelectronics.X-CUBE-GNSS1.7.0.0
2026-05-20 17:56:21,292 [WARN] PackLoader:240 - Cannot read IP mode file for STMicroelectronics.X-CUBE-GNSS1.7.0.1
2026-05-20 17:56:21,296 [WARN] PackLoader:240 - Cannot read IP mode file for STMicroelectronics.X-CUBE-TOUCHGFX.4.25.0
2026-05-20 17:56:21,302 [WARN] PackLoader:240 - Cannot read IP mode file for STMicroelectronics.FP-SNS-STBOX1.2.0.0
2026-05-20 17:56:21,309 [WARN] PackLoader:240 - Cannot read IP mode file for STMicroelectronics.X-CUBE-STSE01.2.0.0
2026-05-20 17:56:21,323 [WARN] PackLoader:240 - Cannot read IP mode file for STMicroelectronics.X-CUBE-AZRTOS-L5.1.1.0
2026-05-20 17:56:21,333 [WARN] PackLoader:240 - Cannot read IP mode file for STMicroelectronics.X-CUBE-SUBG2.5.0.0
2026-05-20 17:56:21,347 [WARN] PackLoader:240 - Cannot read IP mode file for STMicroelectronics.X-CUBE-AZRTOS-H7RS.1.1.0
2026-05-20 17:56:21,354 [WARN] PackLoader:240 - Cannot read IP mode file for Cesanta.I-CUBE-Mongoose.7.13.0
2026-05-20 17:56:21,364 [WARN] PackLoader:240 - Cannot read IP mode file for STMicroelectronics.X-CUBE-AZRTOS-G4.2.0.0
2026-05-20 17:56:21,373 [WARN] PackLoader:240 - Cannot read IP mode file for STMicroelectronics.X-CUBE-TOF1.3.3.0
2026-05-20 17:56:21,383 [WARN] PackLoader:240 - Cannot read IP mode file for STMicroelectronics.FP-ATR-ASTRA1.1.1.1
2026-05-20 17:56:21,387 [WARN] PackLoader:240 - Cannot read IP mode file for STMicroelectronics.X-CUBE-NFC7.2.0.0
2026-05-20 17:56:21,395 [WARN] PackLoader:240 - Cannot read IP mode file for STMicroelectronics.X-CUBE-AZRTOS-G4.1.0.0
2026-05-20 17:56:21,408 [WARN] PackLoader:240 - Cannot read IP mode file for STMicroelectronics.X-CUBE-AZRTOS-L4.1.0.0
2026-05-20 17:56:21,415 [WARN] PackLoader:240 - Cannot read IP mode file for STMicroelectronics.X-CUBE-ISPU.2.0.0
2026-05-20 17:56:21,427 [WARN] PackLoader:240 - Cannot read IP mode file for STMicroelectronics.X-CUBE-IPS.3.1.0
2026-05-20 17:56:21,438 [WARN] PackLoader:240 - Cannot read IP mode file for STMicroelectronics.X-CUBE-ALS.1.0.2
2026-05-20 17:56:21,475 [WARN] PackLoader:240 - Cannot read IP mode file for STMicroelectronics.X-CUBE-MEMS1.10.0.0
2026-05-20 17:56:21,543 [WARN] PackLoader:240 - Cannot read IP mode file for STMicroelectronics.X-CUBE-TOUCHGFX.4.24.2
2026-05-20 17:56:21,550 [WARN] PackLoader:240 - Cannot read IP mode file for STMicroelectronics.X-CUBE-AZRTOS-WL.1.0.0
2026-05-20 17:56:21,554 [WARN] PackLoader:240 - Cannot read IP mode file for STMicroelectronics.X-CUBE-TOUCHGFX.4.24.1
2026-05-20 17:56:21,558 [WARN] PackLoader:240 - Cannot read IP mode file for STMicroelectronics.X-CUBE-STSE01.1.0.0
2026-05-20 17:56:21,564 [WARN] PackLoader:240 - Cannot read IP mode file for wolfSSL.I-CUBE-wolfTPM.3.4.0
2026-05-20 17:56:21,572 [WARN] PackLoader:240 - Cannot read IP mode file for portGmbH.I-Cube-SoM-uGOAL.1.1.0
2026-05-20 17:56:21,575 [WARN] PackLoader:240 - Cannot read IP mode file for STMicroelectronics.X-CUBE-ALS.1.0.1
2026-05-20 17:56:21,583 [WARN] PackLoader:240 - Cannot read IP mode file for STMicroelectronics.X-CUBE-AZRTOS-WB.1.1.0
2026-05-20 17:56:21,593 [WARN] PackLoader:240 - Cannot read IP mode file for STMicroelectronics.X-CUBE-AZRTOS-L5.1.0.0
2026-05-20 17:56:21,599 [WARN] PackLoader:240 - Cannot read IP mode file for STMicroelectronics.X-CUBE-EEPRMA1.3.1.1
2026-05-20 17:56:21,610 [WARN] PackLoader:240 - Cannot read IP mode file for STMicroelectronics.X-CUBE-AZRTOS-H7RS.1.0.0
2026-05-20 17:56:21,616 [WARN] PackLoader:240 - Cannot read IP mode file for STMicroelectronics.FP-ATR-ASTRA1.2.0.0
2026-05-20 17:56:21,622 [WARN] PackLoader:240 - Cannot read IP mode file for STMicroelectronics.X-CUBE-TOF1.3.4.2
2026-05-20 17:56:21,637 [WARN] PackLoader:240 - Cannot read IP mode file for STMicroelectronics.X-CUBE-TOF1.3.4.3
2026-05-20 17:56:21,650 [WARN] PackLoader:240 - Cannot read IP mode file for STMicroelectronics.X-CUBE-TOF1.3.4.1
2026-05-20 17:56:21,674 [WARN] PackLoader:240 - Cannot read IP mode file for STMicroelectronics.X-CUBE-AZRTOS-H7.3.2.0
2026-05-20 17:56:21,698 [WARN] PackLoader:240 - Cannot read IP mode file for Infineon.AIROC-Wi-Fi-Bluetooth-STM32.1.6.0
2026-05-20 17:56:21,708 [WARN] PackLoader:240 - Cannot read IP mode file for wolfSSL.I-CUBE-wolfSSH.1.4.17
2026-05-20 17:56:21,710 [INFO] ThirdParty:978 - Integrity check success = true
2026-05-20 17:56:21,710 [INFO] IntegrityCheckThread:100 - exiting critical section [integrity check]
2026-05-20 17:56:21,710 [INFO] IntegrityCheckThread:103 - End integrity checks thread
2026-05-20 18:03:06,464 [ERROR] LogOutputStream:75 - [STDERR_REDIRECT] 
2026-05-20 18:05:20,011 [INFO] Activator:176 - 


2026-05-20 18:05:20,015 [INFO] Activator:177 - !SESSION log4j initialized
2026-05-20 18:05:30,274 [INFO] LogOutputStream:77 - [STDOUT_REDIRECT] 
2026-05-20 18:05:41,839 [INFO] ApplicationProperties:184 - Using Application install path: C:\ST\STM32CubeIDE_1.10.1\STM32CubeIDE\plugins\com.st.stm32cube.common.mx_6.14.1.202504091515
2026-05-20 18:05:41,858 [INFO] DbMcusXml:78 - Set database path to: C:\ST\STM32CubeIDE_1.10.1\STM32CubeIDE\plugins\com.st.stm32cube.common.mx_6.14.1.202504091515\\db\/mcu/
2026-05-20 18:05:41,858 [INFO] ApiDb:274 - Set plugin database path to: C:\ST\STM32CubeIDE_1.10.1\STM32CubeIDE\plugins\com.st.stm32cube.common.mx_6.14.1.202504091515\\db\/plugins/boardmanager/
2026-05-20 18:05:41,859 [WARN] ApiDb:259 - Overriding images path with different value:  => C:\ST\STM32CubeIDE_1.10.1\STM32CubeIDE\plugins\com.st.stm32cube.common.mx_6.14.1.202504091515\\db\/plugins/mcufinder/images/
2026-05-20 18:05:41,876 [INFO] ApiDb:250 - Set database path to: C:\Users\abhil\.stmcufinder\plugins\mcufinder//mcu/
2026-05-20 18:05:41,877 [INFO] DbMcusAds:125 - Set database path to: C:\Users\abhil\.stmcufinder\plugins\mcufinder//mcu/
2026-05-20 18:05:41,884 [INFO] CrossReferenceDbSqlite:203 - Set database path to: C:\Users\abhil\.stmcufinder\plugins\mcufinder//mcu/cs/
2026-05-20 18:05:42,036 [INFO] RulesReader:64 - Compatibility file has been processed (302 Rules)
2026-05-20 18:05:42,135 [INFO] DbMcusXml:78 - Set database path to: C:\ST\STM32CubeIDE_1.10.1\STM32CubeIDE\plugins\com.st.stm32cube.common.mx_6.14.1.202504091515\\db\/mcu/
2026-05-20 18:05:42,135 [INFO] ApiDb:274 - Set plugin database path to: C:\ST\STM32CubeIDE_1.10.1\STM32CubeIDE\plugins\com.st.stm32cube.common.mx_6.14.1.202504091515\\db\/plugins/boardmanager/
2026-05-20 18:05:42,135 [INFO] ApiDb:261 - Set plugin images path to: C:\ST\STM32CubeIDE_1.10.1\STM32CubeIDE\plugins\com.st.stm32cube.common.mx_6.14.1.202504091515\\db\/plugins/mcufinder/images/
2026-05-20 18:05:42,135 [WARN] DbFile:41 - Overriding database path with different value: C:\Users\abhil\.stmcufinder\plugins\mcufinder/ => C:\Users\abhil\.stmcufinder\plugins\mcufinder
2026-05-20 18:05:42,135 [INFO] ApiDb:250 - Set database path to: C:\Users\abhil\.stmcufinder\plugins\mcufinder//mcu/
2026-05-20 18:05:42,136 [WARN] DbFile:41 - Overriding database path with different value: C:\Users\abhil\.stmcufinder\plugins\mcufinder/ => C:\Users\abhil\.stmcufinder\plugins\mcufinder
2026-05-20 18:05:42,136 [INFO] DbMcusAds:125 - Set database path to: C:\Users\abhil\.stmcufinder\plugins\mcufinder//mcu/
2026-05-20 18:05:42,136 [WARN] DbFile:41 - Overriding database path with different value: C:\Users\abhil\.stmcufinder\plugins\mcufinder/ => C:\Users\abhil\.stmcufinder\plugins\mcufinder
2026-05-20 18:05:42,136 [WARN] DbFile:41 - Overriding database path with different value: C:\Users\abhil\.stmcufinder\plugins\mcufinder/ => C:\Users\abhil\.stmcufinder\plugins\mcufinder
2026-05-20 18:05:42,136 [INFO] CrossReferenceDbSqlite:203 - Set database path to: C:\Users\abhil\.stmcufinder\plugins\mcufinder//mcu/cs/
2026-05-20 18:05:42,228 [INFO] MainPanel:272 - HeapMemory: 268435456
2026-05-20 18:05:42,341 [INFO] DbMcusXml:78 - Set database path to: C:\ST\STM32CubeIDE_1.10.1\STM32CubeIDE\plugins\com.st.stm32cube.common.mx_6.14.1.202504091515\\db\/mcu/
2026-05-20 18:05:42,341 [INFO] ApiDb:274 - Set plugin database path to: C:\ST\STM32CubeIDE_1.10.1\STM32CubeIDE\plugins\com.st.stm32cube.common.mx_6.14.1.202504091515\\db\/plugins/boardmanager/
2026-05-20 18:05:42,341 [INFO] ApiDb:261 - Set plugin images path to: C:\ST\STM32CubeIDE_1.10.1\STM32CubeIDE\plugins\com.st.stm32cube.common.mx_6.14.1.202504091515\\db\/plugins/mcufinder/images/
2026-05-20 18:05:42,341 [WARN] DbFile:41 - Overriding database path with different value: C:\Users\abhil\.stmcufinder\plugins\mcufinder/ => C:\Users\abhil\.stmcufinder\plugins\mcufinder
2026-05-20 18:05:42,341 [INFO] ApiDb:250 - Set database path to: C:\Users\abhil\.stmcufinder\plugins\mcufinder//mcu/
2026-05-20 18:05:42,341 [WARN] DbFile:41 - Overriding database path with different value: C:\Users\abhil\.stmcufinder\plugins\mcufinder/ => C:\Users\abhil\.stmcufinder\plugins\mcufinder
2026-05-20 18:05:42,341 [INFO] DbMcusAds:125 - Set database path to: C:\Users\abhil\.stmcufinder\plugins\mcufinder//mcu/
2026-05-20 18:05:42,342 [WARN] DbFile:41 - Overriding database path with different value: C:\Users\abhil\.stmcufinder\plugins\mcufinder/ => C:\Users\abhil\.stmcufinder\plugins\mcufinder
2026-05-20 18:05:42,342 [WARN] DbFile:41 - Overriding database path with different value: C:\Users\abhil\.stmcufinder\plugins\mcufinder/ => C:\Users\abhil\.stmcufinder\plugins\mcufinder
2026-05-20 18:05:42,342 [INFO] CrossReferenceDbSqlite:203 - Set database path to: C:\Users\abhil\.stmcufinder\plugins\mcufinder//mcu/cs/
2026-05-20 18:05:42,359 [INFO] ApplicationProperties:184 - Using Application install path: C:\ST\STM32CubeIDE_1.10.1\STM32CubeIDE\plugins\com.st.stm32cube.common.mx_6.14.1.202504091515
2026-05-20 18:05:42,361 [INFO] PluginManage:196 - Search for loadable plugins [exclusion list=, ]
2026-05-20 18:05:42,362 [INFO] PluginManage:310 - Check plugin analytics
2026-05-20 18:05:52,118 [INFO] AnalyticsPlugin:253 - Accepted Software Licenses: 
2026-05-20 18:05:52,119 [INFO] AnalyticsPlugin:255 - Accepted CMSIS Pack Licenses: 
2026-05-20 18:05:52,119 [INFO] AnalyticsPlugin:257 - Accepted Firmware Licenses: FW.F4.1.27.0,FW.H7.1.10.0,FW.H7.1.12.0,FW.F4.1.28.0
2026-05-20 18:05:52,123 [INFO] PluginManage:359 - Loaded plugin analytics (category:tool,tabindex:-1)
2026-05-20 18:05:52,123 [INFO] PluginManage:310 - Check plugin cadmodel
2026-05-20 18:05:52,154 [INFO] CADModel:105 - Init CAD model plugin
2026-05-20 18:05:52,156 [INFO] PluginManage:359 - Loaded plugin cadmodel (category:power,tabindex:5)
2026-05-20 18:05:52,156 [INFO] PluginManage:310 - Check plugin clock
2026-05-20 18:05:52,196 [INFO] PluginManage:359 - Loaded plugin clock (category:base,tabindex:2)
2026-05-20 18:05:52,196 [INFO] PluginManage:310 - Check plugin ddr
2026-05-20 18:05:52,199 [INFO] PluginManage:359 - Loaded plugin ddr (category:tool,tabindex:6)
2026-05-20 18:05:52,200 [INFO] PluginManage:310 - Check plugin filemanager
2026-05-20 18:05:52,529 [INFO] PluginManage:359 - Loaded plugin filemanager (category:base,tabindex:10)
2026-05-20 18:05:52,529 [INFO] PluginManage:310 - Check plugin ipmanager
2026-05-20 18:05:52,545 [INFO] PluginManage:359 - Loaded plugin ipmanager (category:base,tabindex:5)
2026-05-20 18:05:52,545 [INFO] PluginManage:310 - Check plugin lpbam
2026-05-20 18:05:52,580 [INFO] PluginManage:359 - Loaded plugin lpbam (category:base,tabindex:0)
2026-05-20 18:05:52,580 [INFO] PluginManage:310 - Check plugin memorymap
2026-05-20 18:05:52,625 [INFO] PluginManage:359 - Loaded plugin memorymap (category:base,tabindex:4)
2026-05-20 18:05:52,625 [INFO] PluginManage:310 - Check plugin pinoutandconfiguration
2026-05-20 18:05:52,666 [INFO] PluginManage:359 - Loaded plugin pinoutandconfiguration (category:base,tabindex:1)
2026-05-20 18:05:52,666 [INFO] PluginManage:310 - Check plugin pinoutconfig
2026-05-20 18:05:52,875 [WARN] SupportedApi:132 - Cannot load RTOS API schema: s4s-elt-must-match.1: The content of 'definitions' must match (annotation?, (simpleType | complexType)?, (unique | key | keyref)*)). A problem was found starting at: attribute.
2026-05-20 18:05:53,157 [INFO] PluginManage:359 - Loaded plugin pinoutconfig (category:base,tabindex:0)
2026-05-20 18:05:53,157 [INFO] PluginManage:310 - Check plugin power
2026-05-20 18:05:53,201 [INFO] PluginManage:359 - Loaded plugin power (category:power,tabindex:4)
2026-05-20 18:05:53,202 [INFO] PluginManage:310 - Check plugin projectmanager
2026-05-20 18:05:53,234 [INFO] PluginManage:359 - Loaded plugin projectmanager (category:projectmanager,tabindex:4)
2026-05-20 18:05:53,234 [INFO] PluginManage:310 - Check plugin rif
2026-05-20 18:05:53,266 [INFO] PluginManage:359 - Loaded plugin rif (category:base,tabindex:3)
2026-05-20 18:05:53,268 [INFO] PluginManage:310 - Check plugin thirdparty
2026-05-20 18:05:53,935 [INFO] PluginManage:359 - Loaded plugin thirdparty (category:base,tabindex:-1)
2026-05-20 18:05:53,935 [WARN] IntegrityCheckThread:84 - waiting for thirdparty lock release [integrity check]
2026-05-20 18:05:53,936 [INFO] IntegrityCheckThread:86 - entering critical section [integrity check]
2026-05-20 18:05:53,936 [INFO] PluginManage:310 - Check plugin tools
2026-05-20 18:05:53,937 [INFO] ThirdPartyUpdaterWithRetryManager:70 - Updater plugin not ready yet. [1/15]
2026-05-20 18:05:54,027 [INFO] PluginManage:359 - Loaded plugin tools (category:base,tabindex:7)
2026-05-20 18:05:54,028 [INFO] PluginManage:310 - Check plugin tutovideos
2026-05-20 18:05:54,380 [INFO] PluginManage:359 - Loaded plugin tutovideos (category:base,tabindex:-1)
2026-05-20 18:05:54,381 [INFO] PluginManage:310 - Check plugin updater
2026-05-20 18:05:54,425 [INFO] PluginManage:359 - Loaded plugin updater (category:base,tabindex:12)
2026-05-20 18:05:54,425 [INFO] PluginManage:310 - Check plugin userauth
2026-05-20 18:05:54,432 [INFO] UserAuth:118 - Init User Auth plugin
2026-05-20 18:05:54,434 [INFO] PluginManage:359 - Loaded plugin userauth (category:base,tabindex:14)
2026-05-20 18:05:54,435 [INFO] PluginManage:283 - PluginManage : Loaded plugins [18]
2026-05-20 18:05:54,862 [INFO] PinOutPanel:1589 - setPackage(No Configuration,No Configuration)
2026-05-20 18:05:55,056 [INFO] CADModel:165 - CPN selected for project level
2026-05-20 18:05:55,056 [INFO] CADModel:114 - Register for checkConnection events
2026-05-20 18:05:55,111 [INFO] IPUIPlugin:80 - create IPUIPlugin
2026-05-20 18:05:55,111 [INFO] PluginManager:220 - loadIPPluginJar : add adc
2026-05-20 18:05:55,235 [INFO] IPUIPlugin:80 - create IPUIPlugin
2026-05-20 18:05:55,235 [INFO] PluginManager:220 - loadIPPluginJar : add aes
2026-05-20 18:05:55,338 [INFO] IPUIPlugin:80 - create IPUIPlugin
2026-05-20 18:05:55,339 [INFO] PluginManager:220 - loadIPPluginJar : add can
2026-05-20 18:05:55,394 [INFO] IPUIPlugin:80 - create IPUIPlugin
2026-05-20 18:05:55,394 [INFO] PluginManager:220 - loadIPPluginJar : add comp
2026-05-20 18:05:55,481 [INFO] IPUIPlugin:80 - create IPUIPlugin
2026-05-20 18:05:55,481 [INFO] PluginManager:220 - loadIPPluginJar : add cryp
2026-05-20 18:05:55,505 [INFO] IPUIPlugin:80 - create IPUIPlugin
2026-05-20 18:05:55,505 [INFO] PluginManager:220 - loadIPPluginJar : add ddr_ctrl_phy
2026-05-20 18:05:55,579 [INFO] IPUIPlugin:80 - create IPUIPlugin
2026-05-20 18:05:55,579 [INFO] PluginManager:220 - loadIPPluginJar : add dfsdm
2026-05-20 18:05:55,607 [INFO] IPUIPlugin:80 - create IPUIPlugin
2026-05-20 18:05:55,607 [INFO] PluginManager:220 - loadIPPluginJar : add dma
2026-05-20 18:05:55,705 [INFO] IPUIPlugin:80 - create IPUIPlugin
2026-05-20 18:05:55,705 [INFO] PluginManager:220 - loadIPPluginJar : add dma3
2026-05-20 18:05:55,825 [INFO] IPUIPlugin:80 - create IPUIPlugin
2026-05-20 18:05:55,826 [INFO] PluginManager:220 - loadIPPluginJar : add extmemmanager
2026-05-20 18:05:55,876 [INFO] IPUIPlugin:80 - create IPUIPlugin
2026-05-20 18:05:55,876 [INFO] PluginManager:220 - loadIPPluginJar : add fatfs
2026-05-20 18:05:55,997 [INFO] IPUIPlugin:80 - create IPUIPlugin
2026-05-20 18:05:55,997 [INFO] PluginManager:220 - loadIPPluginJar : add fmc
2026-05-20 18:05:56,026 [INFO] IPUIPlugin:80 - create IPUIPlugin
2026-05-20 18:05:56,026 [INFO] PluginManager:220 - loadIPPluginJar : add freertos
2026-05-20 18:05:56,081 [INFO] IPUIPlugin:80 - create IPUIPlugin
2026-05-20 18:05:56,093 [INFO] PluginManager:220 - loadIPPluginJar : add genericplugin
2026-05-20 18:05:56,333 [INFO] IPUIPlugin:80 - create IPUIPlugin
2026-05-20 18:05:56,333 [INFO] PluginManager:220 - loadIPPluginJar : add gfxmmu
2026-05-20 18:05:56,672 [INFO] IPUIPlugin:80 - create IPUIPlugin
2026-05-20 18:05:56,672 [INFO] PluginManager:220 - loadIPPluginJar : add gic
2026-05-20 18:05:56,699 [INFO] IPUIPlugin:80 - create IPUIPlugin
2026-05-20 18:05:56,699 [INFO] PluginManager:220 - loadIPPluginJar : add gpio
2026-05-20 18:05:56,939 [INFO] ThirdPartyUpdaterWithRetryManager:70 - Updater plugin not ready yet. [2/15]
2026-05-20 18:05:56,943 [INFO] IPUIPlugin:80 - create IPUIPlugin
2026-05-20 18:05:56,943 [INFO] PluginManager:220 - loadIPPluginJar : add gtzc
2026-05-20 18:05:57,028 [INFO] IPUIPlugin:80 - create IPUIPlugin
2026-05-20 18:05:57,028 [INFO] PluginManager:220 - loadIPPluginJar : add hash
2026-05-20 18:05:57,188 [INFO] IPUIPlugin:80 - create IPUIPlugin
2026-05-20 18:05:57,188 [INFO] PluginManager:220 - loadIPPluginJar : add i2c
2026-05-20 18:05:57,297 [INFO] IPUIPlugin:80 - create IPUIPlugin
2026-05-20 18:05:57,297 [INFO] PluginManager:220 - loadIPPluginJar : add i2s
2026-05-20 18:05:57,420 [INFO] IPUIPlugin:80 - create IPUIPlugin
2026-05-20 18:05:57,455 [INFO] PluginManager:220 - loadIPPluginJar : add i3c
2026-05-20 18:05:57,783 [INFO] IPUIPlugin:80 - create IPUIPlugin
2026-05-20 18:05:57,784 [INFO] PluginManager:220 - loadIPPluginJar : add ipddr
2026-05-20 18:05:58,062 [INFO] IPUIPlugin:80 - create IPUIPlugin
2026-05-20 18:05:58,064 [INFO] PluginManager:220 - loadIPPluginJar : add linkedlist
2026-05-20 18:05:58,164 [INFO] IPUIPlugin:80 - create IPUIPlugin
2026-05-20 18:05:58,164 [INFO] PluginManager:220 - loadIPPluginJar : add lorawan
2026-05-20 18:05:58,261 [INFO] IPUIPlugin:80 - create IPUIPlugin
2026-05-20 18:05:58,262 [INFO] PluginManager:220 - loadIPPluginJar : add ltdc
2026-05-20 18:05:58,298 [INFO] IPUIPlugin:80 - create IPUIPlugin
2026-05-20 18:05:58,298 [INFO] PluginManager:220 - loadIPPluginJar : add mdma
2026-05-20 18:05:58,331 [INFO] IPUIPlugin:80 - create IPUIPlugin
2026-05-20 18:05:58,331 [INFO] PluginManager:220 - loadIPPluginJar : add nvic
2026-05-20 18:05:58,430 [INFO] IPUIPlugin:80 - create IPUIPlugin
2026-05-20 18:05:58,430 [INFO] PluginManager:220 - loadIPPluginJar : add opamp
2026-05-20 18:05:58,589 [INFO] IPUIPlugin:80 - create IPUIPlugin
2026-05-20 18:05:58,589 [INFO] PluginManager:220 - loadIPPluginJar : add openamp
2026-05-20 18:05:58,718 [INFO] IPUIPlugin:80 - create IPUIPlugin
2026-05-20 18:05:58,718 [INFO] PluginManager:220 - loadIPPluginJar : add pdm2pcm
2026-05-20 18:05:58,751 [INFO] IPUIPlugin:80 - create IPUIPlugin
2026-05-20 18:05:58,756 [INFO] PluginManager:220 - loadIPPluginJar : add plateformsettings
2026-05-20 18:05:58,825 [INFO] IPUIPlugin:80 - create IPUIPlugin
2026-05-20 18:05:58,825 [INFO] PluginManager:220 - loadIPPluginJar : add quadspi
2026-05-20 18:05:58,893 [INFO] IPUIPlugin:80 - create IPUIPlugin
2026-05-20 18:05:58,894 [INFO] PluginManager:220 - loadIPPluginJar : add radio
2026-05-20 18:05:58,922 [INFO] IPUIPlugin:80 - create IPUIPlugin
2026-05-20 18:05:58,922 [INFO] PluginManager:220 - loadIPPluginJar : add resmgrutility
2026-05-20 18:05:59,063 [INFO] IPUIPlugin:80 - create IPUIPlugin
2026-05-20 18:05:59,063 [INFO] PluginManager:220 - loadIPPluginJar : add sai
2026-05-20 18:05:59,186 [INFO] IPUIPlugin:80 - create IPUIPlugin
2026-05-20 18:05:59,186 [INFO] PluginManager:220 - loadIPPluginJar : add spi
2026-05-20 18:05:59,453 [INFO] IPUIPlugin:80 - create IPUIPlugin
2026-05-20 18:05:59,453 [INFO] PluginManager:220 - loadIPPluginJar : add stm32_wpan
2026-05-20 18:05:59,521 [INFO] IPUIPlugin:80 - create IPUIPlugin
2026-05-20 18:05:59,521 [INFO] PluginManager:220 - loadIPPluginJar : add tim
2026-05-20 18:05:59,682 [INFO] IPUIPlugin:80 - create IPUIPlugin
2026-05-20 18:05:59,683 [INFO] PluginManager:220 - loadIPPluginJar : add touchsensing
2026-05-20 18:05:59,741 [INFO] IPUIPlugin:80 - create IPUIPlugin
2026-05-20 18:05:59,742 [INFO] PluginManager:220 - loadIPPluginJar : add tracer_emb
2026-05-20 18:05:59,800 [INFO] IPUIPlugin:80 - create IPUIPlugin
2026-05-20 18:05:59,800 [INFO] PluginManager:220 - loadIPPluginJar : add ts
2026-05-20 18:05:59,855 [INFO] IPUIPlugin:80 - create IPUIPlugin
2026-05-20 18:05:59,856 [INFO] PluginManager:220 - loadIPPluginJar : add tsc
2026-05-20 18:05:59,918 [INFO] IPUIPlugin:80 - create IPUIPlugin
2026-05-20 18:05:59,918 [INFO] PluginManager:220 - loadIPPluginJar : add ucpd
2026-05-20 18:05:59,940 [INFO] ThirdPartyUpdaterWithRetryManager:70 - Updater plugin not ready yet. [3/15]
2026-05-20 18:06:00,036 [INFO] IPUIPlugin:80 - create IPUIPlugin
2026-05-20 18:06:00,037 [INFO] PluginManager:220 - loadIPPluginJar : add usart
2026-05-20 18:06:00,162 [INFO] IPUIPlugin:80 - create IPUIPlugin
2026-05-20 18:06:00,183 [INFO] PluginManager:220 - loadIPPluginJar : add usbx
2026-05-20 18:06:00,451 [FATAL] Updater:351 - Updater called before beeing initialized
2026-05-20 18:06:00,517 [INFO] RulesReader:64 - Compatibility file has been processed (302 Rules)
2026-05-20 18:06:00,544 [INFO] RulesReader:64 - Compatibility file has been processed (302 Rules)
2026-05-20 18:06:00,558 [INFO] CADModel:165 - CPN selected for project level
2026-05-20 18:06:00,558 [INFO] CADModel:114 - Register for checkConnection events
2026-05-20 18:06:00,558 [FATAL] Updater:351 - Updater called before beeing initialized
2026-05-20 18:06:00,559 [ERROR] CADModel:125 - Updater not yet initialized, retry later 
2026-05-20 18:06:00,890 [FATAL] Updater:351 - Updater called before beeing initialized
2026-05-20 18:06:00,895 [INFO] CADModel:165 - CPN selected for project level
2026-05-20 18:06:00,895 [INFO] CADModel:114 - Register for checkConnection events
2026-05-20 18:06:00,895 [FATAL] Updater:351 - Updater called before beeing initialized
2026-05-20 18:06:00,895 [ERROR] CADModel:125 - Updater not yet initialized, retry later 
2026-05-20 18:06:00,904 [FATAL] Updater:351 - Updater called before beeing initialized
2026-05-20 18:06:01,365 [FATAL] Updater:351 - Updater called before beeing initialized
2026-05-20 18:06:01,397 [INFO] DbMcusAds:53 - JSON generation date=Thu Mar 05 17:32:53 EAT 2026 (1772721173050)
2026-05-20 18:06:01,398 [FATAL] Updater:351 - Updater called before beeing initialized
2026-05-20 18:06:01,507 [WARN] DetailPanel:346 - Failed to get advertising image, set to default
2026-05-20 18:06:02,254 [FATAL] Updater:351 - Updater called before beeing initialized
2026-05-20 18:06:02,259 [FATAL] Updater:351 - Updater called before beeing initialized
2026-05-20 18:06:02,259 [FATAL] Updater:351 - Updater called before beeing initialized
2026-05-20 18:06:02,259 [WARN] DetailPanel:346 - Failed to get advertising image, set to default
2026-05-20 18:06:02,261 [FATAL] Updater:351 - Updater called before beeing initialized
2026-05-20 18:06:02,488 [ERROR] Updater:1198 - MainUpdater not yet initialized. External WinMGr cannot be set.
2026-05-20 18:06:02,516 [INFO] Updater:1134 - Updater Version found : 6.14.1
2026-05-20 18:06:02,561 [INFO] ApplicationProperties:184 - Using Application install path: C:\ST\STM32CubeIDE_1.10.1\STM32CubeIDE\plugins\com.st.stm32cube.common.mx_6.14.1.202504091515
2026-05-20 18:06:02,943 [INFO] ThirdPartyUpdaterWithRetryManager:70 - Updater plugin not ready yet. [4/15]
2026-05-20 18:06:03,839 [INFO] MainUpdater:2872 - connection check result : 10
2026-05-20 18:06:03,841 [INFO] MainUpdater:289 - Updater Check For Update Now.
2026-05-20 18:06:03,842 [INFO] MicroXplorer:498 - Change Database Version : DB.6.0.141
2026-05-20 18:06:03,909 [INFO] McuFinderGlobals:63 - Set McuFinder mode to 2 (CubeIDE integrated)
2026-05-20 18:06:03,933 [INFO] UserAuth:484 - Internet connection configuration mode: 1
2026-05-20 18:06:04,040 [INFO] JxBrowserEngine:152 - Initiate JxBrowser Engine with user profile folder
2026-05-20 18:06:04,374 [INFO] CheckServerUpdateThread:120 - End of CheckServer Thread
2026-05-20 18:06:06,411 [INFO] WebApp:169 - Instantiating new browser for Auth
2026-05-20 18:06:07,331 [WARN] PackLoader:240 - Cannot read IP mode file for STMicroelectronics.X-CUBE-AZRTOS-H7.3.5.0
2026-05-20 18:06:07,388 [WARN] PackLoader:240 - Cannot read IP mode file for STMicroelectronics.FP-SNS-MOTENVWB1.1.4.0
2026-05-20 18:06:07,440 [WARN] PackLoader:240 - Cannot read IP mode file for STMicroelectronics.FP-ATR-ASTRA1.2.0.2
2026-05-20 18:06:07,478 [WARN] PackLoader:240 - Cannot read IP mode file for STMicroelectronics.FP-ATR-ASTRA1.2.0.1
2026-05-20 18:06:07,528 [WARN] PackLoader:240 - Cannot read IP mode file for STMicroelectronics.X-CUBE-SMBUS.2.1.0
2026-05-20 18:06:07,577 [WARN] PackLoader:240 - Cannot read IP mode file for STMicroelectronics.X-CUBE-WB05N.1.1.0
2026-05-20 18:06:07,620 [WARN] PackLoader:240 - Cannot read IP mode file for STMicroelectronics.X-CUBE-ST60.1.0.0
2026-05-20 18:06:07,663 [WARN] PackLoader:240 - Cannot read IP mode file for STMicroelectronics.X-CUBE-TOUCHGFX.4.23.2
2026-05-20 18:06:07,796 [WARN] PackLoader:240 - Cannot read IP mode file for STMicroelectronics.X-CUBE-AZRTOS-F7.1.1.0
2026-05-20 18:06:07,888 [WARN] PackLoader:240 - Cannot read IP mode file for STMicroelectronics.X-CUBE-BLE1.6.2.3
2026-05-20 18:06:08,055 [WARN] PackLoader:240 - Cannot read IP mode file for STMicroelectronics.X-CUBE-MEMS1.11.0.0
2026-05-20 18:06:08,570 [WARN] PackLoader:240 - Cannot read IP mode file for STMicroelectronics.X-CUBE-BLE1.6.2.4
2026-05-20 18:06:08,610 [ERROR] Engine:466 - C:\Users\abhil\.stm32cubemx\thirdparties\pdsc\STMicroelectronics.FP-SNS-MOTENV1.5.1.0.pdsc: PDSC version is not supported
2026-05-20 18:06:08,666 [WARN] PackLoader:240 - Cannot read IP mode file for STMicroelectronics.FP-SNS-FLIGHT1.5.0.2
2026-05-20 18:06:08,742 [INFO] WebApp:463 - Apply proxy settings
2026-05-20 18:06:08,743 [INFO] WebApp:548 - Chromium requires no authentication
2026-05-20 18:06:08,754 [WARN] PackLoader:240 - Cannot read IP mode file for STMicroelectronics.X-CUBE-TOF1.3.1.0
2026-05-20 18:06:08,824 [INFO] WebApp:491 - Direct internet connection detected
2026-05-20 18:06:08,926 [INFO] WebApp:894 - Register for checkConnection events
2026-05-20 18:06:08,926 [INFO] WebApp:463 - Apply proxy settings
2026-05-20 18:06:08,927 [INFO] WebApp:548 - Chromium requires no authentication
2026-05-20 18:06:08,928 [INFO] WebApp:491 - Direct internet connection detected
2026-05-20 18:06:08,980 [WARN] PackLoader:240 - Cannot read IP mode file for STMicroelectronics.X-CUBE-AZRTOS-H7.3.4.0
2026-05-20 18:06:09,050 [WARN] PackLoader:240 - Cannot read IP mode file for STMicroelectronics.X-CUBE-DISPLAY.3.0.0
2026-05-20 18:06:09,101 [WARN] PackLoader:240 - Cannot read IP mode file for STMicroelectronics.X-CUBE-GNSS1.7.1.1
2026-05-20 18:06:09,137 [ERROR] Engine:466 - C:\Users\abhil\.stm32cubemx\thirdparties\pdsc\STMicroelectronics.FP-SNS-MOTENVWB1.1.5.0.pdsc: PDSC version is not supported
2026-05-20 18:06:09,170 [WARN] PackLoader:240 - Cannot read IP mode file for STMicroelectronics.X-CUBE-BLE1.7.0.0
2026-05-20 18:06:09,214 [WARN] PackLoader:240 - Cannot read IP mode file for STMicroelectronics.X-CUBE-NFC10.1.0.0
2026-05-20 18:06:09,265 [WARN] PackLoader:240 - Cannot read IP mode file for STMicroelectronics.X-CUBE-BLEMGR.4.0.0
2026-05-20 18:06:09,328 [WARN] PackLoader:240 - Cannot read IP mode file for STMicroelectronics.X-CUBE-ST60.1.1.0
2026-05-20 18:06:09,395 [INFO] WebApp:191 - Connection restablished
2026-05-20 18:06:09,397 [WARN] PackLoader:240 - Cannot read IP mode file for STMicroelectronics.X-CUBE-GNSS1.7.1.0
2026-05-20 18:06:09,564 [WARN] PackLoader:240 - Cannot read IP mode file for STMicroelectronics.X-CUBE-MEMS1.9.3.0
2026-05-20 18:06:09,710 [INFO] WebApp:225 - Starting web application
2026-05-20 18:06:09,741 [INFO] WebApp:593 - Web application path used C:\ST\STM32CubeIDE_1.10.1\STM32CubeIDE\plugins\com.st.stm32cube.common.mx_6.14.1.202504091515\db\plugins\mcufinder\reactClient1\index.html
2026-05-20 18:06:09,826 [WARN] PackLoader:240 - Cannot read IP mode file for STMicroelectronics.X-CUBE-AI.7.2.0
2026-05-20 18:06:09,875 [WARN] PackLoader:240 - Cannot read IP mode file for STMicroelectronics.X-CUBE-BLEMGR.3.1.0
2026-05-20 18:06:09,910 [WARN] PackLoader:240 - Cannot read IP mode file for STMicroelectronics.X-CUBE-AI.10.0.0
2026-05-20 18:06:09,947 [ERROR] Engine:466 - C:\Users\abhil\.stm32cubemx\thirdparties\pdsc\STMicroelectronics.FP-SNS-STBOX1.2.1.0.pdsc: PDSC version is not supported
2026-05-20 18:06:09,989 [WARN] PackLoader:240 - Cannot read IP mode file for STMicroelectronics.FP-SNS-SMARTAG2.1.2.0
2026-05-20 18:06:10,022 [WARN] PackLoader:240 - Cannot read IP mode file for STMicroelectronics.FP-SNS-FLIGHT1.5.1.0
2026-05-20 18:06:10,169 [INFO] UserAuth:484 - Internet connection configuration mode: 1
2026-05-20 18:06:10,209 [WARN] PackLoader:240 - Cannot read IP mode file for STMicroelectronics.X-CUBE-MEMS1.11.1.0
2026-05-20 18:06:10,590 [INFO] LogOutputStream:77 - [STDOUT_REDIRECT] 1 : Invalid condition id : UX_CORESTACK_Condition cause : null
2026-05-20 18:06:10,591 [INFO] LogOutputStream:77 - [STDOUT_REDIRECT] 1 : Invalid condition id : UX_CORESTACK_Condition cause : null
2026-05-20 18:06:10,594 [INFO] LogOutputStream:77 - [STDOUT_REDIRECT] 1 : Invalid condition id : UX_CORESTACK_Condition cause : null
2026-05-20 18:06:10,598 [INFO] LogOutputStream:77 - [STDOUT_REDIRECT] 1 : Invalid condition id : UX_CORESTACK_Condition cause : null
2026-05-20 18:06:10,601 [INFO] LogOutputStream:77 - [STDOUT_REDIRECT] 1 : Invalid condition id : UX_CORESTACK_Condition cause : null
2026-05-20 18:06:10,607 [WARN] PackLoader:240 - Cannot read IP mode file for STMicroelectronics.X-CUBE-AZRTOS-WL.2.0.0
2026-05-20 18:06:10,654 [WARN] PackLoader:240 - Cannot read IP mode file for STMicroelectronics.FP-SNS-MOTENV1.5.0.0
2026-05-20 18:06:10,745 [WARN] PackLoader:240 - Cannot read IP mode file for STMicroelectronics.X-CUBE-AZRTOS-H7RS.1.2.0
2026-05-20 18:06:10,789 [WARN] PackLoader:240 - Cannot read IP mode file for wolfSSL.I-CUBE-wolfMQTT.1.19.0
2026-05-20 18:06:10,835 [WARN] PackLoader:240 - Cannot read IP mode file for WES.I-CUBE-Cesium.1.3.0
2026-05-20 18:06:10,872 [WARN] PackLoader:240 - Cannot read IP mode file for STMicroelectronics.X-CUBE-BLE2.3.3.0
2026-05-20 18:06:11,004 [WARN] PackLoader:240 - Cannot read IP mode file for STMicroelectronics.X-CUBE-DISPLAY.2.2.0
2026-05-20 18:06:11,061 [WARN] PackLoader:240 - Cannot read IP mode file for STMicroelectronics.X-CUBE-TOF1.3.2.0
2026-05-20 18:06:11,118 [WARN] PackLoader:240 - Cannot read IP mode file for STMicroelectronics.X-CUBE-ISPU.1.0.0
2026-05-20 18:06:11,222 [WARN] PackLoader:240 - Cannot read IP mode file for STMicroelectronics.X-CUBE-NFC9.1.0.0
2026-05-20 18:06:11,317 [WARN] PackLoader:240 - Cannot read IP mode file for STMicroelectronics.X-CUBE-AZRTOS-H7.2.1.0
2026-05-20 18:06:11,360 [WARN] PackLoader:240 - Cannot read IP mode file for STMicroelectronics.X-CUBE-BLE1.7.1.0
2026-05-20 18:06:11,407 [WARN] PackLoader:240 - Cannot read IP mode file for STMicroelectronics.X-CUBE-TCPP.4.1.0
2026-05-20 18:06:11,436 [ERROR] Engine:466 - C:\Users\abhil\.stm32cubemx\thirdparties\pdsc\STMicroelectronics.X-CUBE-FREERTOS.1.4.0.pdsc: PDSC version is not supported
2026-05-20 18:06:11,474 [WARN] PackLoader:240 - Cannot read IP mode file for STMicroelectronics.X-CUBE-EEPRMA1.5.2.0
2026-05-20 18:06:11,507 [WARN] PackLoader:240 - Cannot read IP mode file for STMicroelectronics.X-CUBE-TOUCHGFX.4.21.3
2026-05-20 18:06:11,533 [WARN] PackLoader:240 - Cannot read IP mode file for STMicroelectronics.X-CUBE-AI.7.3.0
2026-05-20 18:06:11,560 [ERROR] Engine:466 - C:\Users\abhil\.stm32cubemx\thirdparties\pdsc\STMicroelectronics.X-CUBE-ST67W61.1.1.0.pdsc: PDSC version is not supported
2026-05-20 18:06:11,591 [WARN] PackLoader:240 - Cannot read IP mode file for STMicroelectronics.X-CUBE-AI.10.1.0
2026-05-20 18:06:11,622 [ERROR] Engine:466 - C:\Users\abhil\.stm32cubemx\thirdparties\pdsc\STMicroelectronics.FP-SNS-STAIOTCFT.1.1.0.pdsc: PDSC version is not supported
2026-05-20 18:06:11,742 [WARN] PackLoader:240 - Cannot read IP mode file for STMicroelectronics.X-CUBE-MEMS1.12.0.0
2026-05-20 18:06:11,918 [WARN] PackLoader:240 - Cannot read IP mode file for STMicroelectronics.X-CUBE-ALGOBUILD.1.3.0
2026-05-20 18:06:12,038 [WARN] PackLoader:240 - Cannot read IP mode file for STMicroelectronics.X-CUBE-MEMS1.11.2.0
2026-05-20 18:06:12,284 [WARN] PackLoader:240 - Cannot read IP mode file for STMicroelectronics.X-CUBE-AZRTOS-G0.1.1.0
2026-05-20 18:06:12,319 [WARN] PackLoader:240 - Cannot read IP mode file for STMicroelectronics.X-CUBE-SAFEA1.1.2.2
2026-05-20 18:06:12,353 [WARN] PackLoader:240 - Cannot read IP mode file for STMicroelectronics.X-CUBE-NFC4.3.0.0
2026-05-20 18:06:12,432 [WARN] PackLoader:240 - Cannot read IP mode file for SEGGER.I-CUBE-embOS.1.2.1
2026-05-20 18:06:12,560 [WARN] PackLoader:240 - Cannot read IP mode file for wolfSSL.I-CUBE-wolfMQTT.1.18.0
2026-05-20 18:06:12,605 [WARN] PackLoader:240 - Cannot read IP mode file for EmbeddedOffice.I-CUBE-FS-RTOS.1.0.1
2026-05-20 18:06:12,659 [WARN] PackLoader:240 - Cannot read IP mode file for STMicroelectronics.X-CUBE-WB05N.2.0.0
2026-05-20 18:06:12,701 [WARN] PackLoader:240 - Cannot read IP mode file for STMicroelectronics.X-CUBE-TCPP.4.2.0
2026-05-20 18:06:12,742 [WARN] PackLoader:240 - Cannot read IP mode file for RealThread.X-CUBE-RT-Thread_Nano.4.1.1
2026-05-20 18:06:12,775 [WARN] PackLoader:240 - Cannot read IP mode file for STMicroelectronics.FP-ATR-SIGFOX1.3.2.0
2026-05-20 18:06:12,814 [WARN] ConditionMgr:438 - getConditionDescription Invalid condition id : Cortex-A Device cause : null
2026-05-20 18:06:12,858 [WARN] ConditionMgr:1044 - genDependencies : Invalid condition id : Cortex-A Device cause : null
2026-05-20 18:06:12,858 [WARN] ConditionMgr:1044 - genDependencies : Invalid condition id : Cortex-A Device cause : null
2026-05-20 18:06:12,858 [WARN] ConditionMgr:1044 - genDependencies : Invalid condition id : Cortex-A Device cause : null
2026-05-20 18:06:12,894 [WARN] PackLoader:240 - Cannot read IP mode file for STMicroelectronics.X-CUBE-EEPRMA1.5.1.0
2026-05-20 18:06:12,927 [ERROR] Engine:466 - C:\Users\abhil\.stm32cubemx\thirdparties\pdsc\STMicroelectronics.X-CUBE-FREERTOS.1.5.0.pdsc: PDSC version is not supported
2026-05-20 18:06:12,970 [WARN] PackLoader:240 - Cannot read IP mode file for emotas.I-CUBE-CANOPEN.1.1.2
2026-05-20 18:06:13,004 [WARN] PackLoader:240 - Cannot read IP mode file for STMicroelectronics.X-CUBE-TOUCHGFX.4.20.0
2026-05-20 18:06:13,044 [WARN] PackLoader:240 - Cannot read IP mode file for ITTIA_DB.I-CUBE-ITTIADB.8.9.0
2026-05-20 18:06:13,085 [WARN] PackLoader:240 - Cannot read IP mode file for STMicroelectronics.X-CUBE-NFC6.3.2.0
2026-05-20 18:06:13,180 [WARN] PackLoader:240 - Cannot read IP mode file for STMicroelectronics.X-CUBE-MEMS1.9.5.0
2026-05-20 18:06:13,391 [WARN] PackLoader:240 - Cannot read IP mode file for STMicroelectronics.X-CUBE-ST67W61.1.0.0
2026-05-20 18:06:13,418 [WARN] PackLoader:240 - Cannot read IP mode file for STMicroelectronics.X-CUBE-AI.10.2.0
2026-05-20 18:06:13,523 [WARN] PackLoader:240 - Cannot read IP mode file for STMicroelectronics.X-CUBE-MEMS1.12.1.0
2026-05-20 18:06:13,714 [WARN] PackLoader:240 - Cannot read IP mode file for SEGGER.I-CUBE-embOS.1.3.1
2026-05-20 18:06:13,791 [WARN] PackLoader:240 - Cannot read IP mode file for STMicroelectronics.X-CUBE-ALGOBUILD.1.4.0
2026-05-20 18:06:13,992 [WARN] PackLoader:240 - Cannot read IP mode file for STMicroelectronics.X-CUBE-MEMS1.11.3.0
2026-05-20 18:06:14,243 [WARN] PackLoader:240 - Cannot read IP mode file for STMicroelectronics.X-CUBE-AI.9.1.0
2026-05-20 18:06:14,280 [WARN] PackLoader:240 - Cannot read IP mode file for STMicroelectronics.X-CUBE-PM33A1.1.0.0
2026-05-20 18:06:14,313 [WARN] PackLoader:240 - Cannot read IP mode file for STMicroelectronics.X-CUBE-GNSS1.6.0.0
2026-05-20 18:06:14,397 [WARN] PackLoader:240 - Cannot read IP mode file for STMicroelectronics.X-CUBE-AZRTOS-F4.1.1.0
2026-05-20 18:06:14,443 [WARN] PackLoader:240 - Cannot read IP mode file for Avnet-IotConnect.X-CUBE-IoTC-DA16k-PMOD.1.0.0
2026-05-20 18:06:14,483 [WARN] PackLoader:240 - Cannot read IP mode file for STMicroelectronics.X-CUBE-ISPU.2.1.0
2026-05-20 18:06:14,524 [ERROR] Engine:466 - C:\Users\abhil\.stm32cubemx\thirdparties\pdsc\STMicroelectronics.X-CUBE-IPS.3.2.0.pdsc: PDSC version is not supported
2026-05-20 18:06:14,562 [WARN] PackLoader:240 - Cannot read IP mode file for STMicroelectronics.eDS-WB_DPC_TT-BIDIR.2.1.1
2026-05-20 18:06:14,595 [WARN] PackLoader:240 - Cannot read IP mode file for STMicroelectronics.X-CUBE-FREERTOS.1.2.0
2026-05-20 18:06:14,641 [WARN] PackLoader:240 - Cannot read IP mode file for STMicroelectronics.X-CUBE-NFC12.1.0.0
2026-05-20 18:06:14,678 [WARN] PackLoader:240 - Cannot read IP mode file for STMicroelectronics.X-CUBE-BLEMGR.1.2.0
2026-05-20 18:06:14,758 [WARN] PackLoader:240 - Cannot read IP mode file for STMicroelectronics.X-CUBE-AZRTOS-L5.2.0.0
2026-05-20 18:06:14,799 [WARN] PackLoader:240 - Cannot read IP mode file for STMicroelectronics.X-CUBE-NFC6.3.1.0
2026-05-20 18:06:14,841 [WARN] PackLoader:240 - Cannot read IP mode file for STMicroelectronics.X-CUBE-BLEMGR.2.0.0
2026-05-20 18:06:14,882 [WARN] PackLoader:240 - Cannot read IP mode file for STMicroelectronics.X-CUBE-DPower.1.2.0
2026-05-20 18:06:14,920 [WARN] PackLoader:240 - Cannot read IP mode file for STMicroelectronics.eDS-WB_DPC_VIENNA.1.2.0
2026-05-20 18:06:14,966 [WARN] PackLoader:240 - Cannot read IP mode file for STMicroelectronics.eDS-WB_DPC_3PH2L-BIDIR.1.1.1
2026-05-20 18:06:15,002 [WARN] PackLoader:240 - Cannot read IP mode file for STMicroelectronics.X-CUBE-NFC4.2.0.4
2026-05-20 18:06:15,039 [WARN] PackLoader:240 - Cannot read IP mode file for STMicroelectronics.X-CUBE-AI.9.0.0
2026-05-20 18:06:15,120 [WARN] ConditionMgr:438 - getConditionDescription Invalid condition id : UX DEVICE CLASS RTOS Condition cause : null
2026-05-20 18:06:15,121 [WARN] ConditionMgr:438 - getConditionDescription Invalid condition id : UX DEVICE CLASS RTOS Condition cause : null
2026-05-20 18:06:15,126 [WARN] PackLoader:240 - Cannot read IP mode file for STMicroelectronics.X-CUBE-AZRTOS-H7.3.1.0
2026-05-20 18:06:15,128 [WARN] ConditionMgr:1044 - genDependencies : Invalid condition id : UX DEVICE CLASS RTOS Condition cause : null
2026-05-20 18:06:15,128 [WARN] ConditionMgr:1044 - genDependencies : Invalid condition id : UX DEVICE CLASS RTOS Condition cause : null
2026-05-20 18:06:15,129 [WARN] ConditionMgr:1044 - genDependencies : Invalid condition id : UX DEVICE CLASS RTOS Condition cause : null
2026-05-20 18:06:15,132 [WARN] ConditionMgr:1044 - genDependencies : Invalid condition id : UX DEVICE CLASS RTOS Condition cause : null
2026-05-20 18:06:15,133 [WARN] ConditionMgr:1044 - genDependencies : Invalid condition id : UX DEVICE CLASS RTOS Condition cause : null
2026-05-20 18:06:15,170 [ERROR] Engine:466 - C:\Users\abhil\.stm32cubemx\thirdparties\pdsc\STMicroelectronics.X-CUBE-ST67W61.1.3.0.pdsc: PDSC version is not supported
2026-05-20 18:06:15,230 [WARN] PackLoader:240 - Cannot read IP mode file for wolfSSL.I-CUBE-wolfSSL.5.5.1
2026-05-20 18:06:15,262 [WARN] PackLoader:240 - Cannot read IP mode file for STMicroelectronics.X-CUBE-FREERTOS.1.3.1
2026-05-20 18:06:15,295 [WARN] PackLoader:240 - Cannot read IP mode file for STMicroelectronics.X-CUBE-FREERTOS.1.3.0
2026-05-20 18:06:15,328 [WARN] PackLoader:240 - Cannot read IP mode file for STMicroelectronics.X-CUBE-NFC7.1.0.1
2026-05-20 18:06:15,358 [WARN] PackLoader:240 - Cannot read IP mode file for STMicroelectronics.X-CUBE-NFC7.1.0.0
2026-05-20 18:06:15,385 [WARN] PackLoader:240 - Cannot read IP mode file for STMicroelectronics.X-CUBE-TOUCHGFX.4.26.0
2026-05-20 18:06:15,414 [WARN] PackLoader:240 - Cannot read IP mode file for STMicroelectronics.X-CUBE-TOUCHGFX.4.26.1
2026-05-20 18:06:15,443 [WARN] PackLoader:240 - Cannot read IP mode file for STMicroelectronics.X-CUBE-EEPRMA1.4.1.0
2026-05-20 18:06:15,476 [WARN] PackLoader:240 - Cannot read IP mode file for STMicroelectronics.FP-SNS-STAIOTCFT.1.0.0
2026-05-20 18:06:15,505 [WARN] PackLoader:240 - Cannot read IP mode file for STMicroelectronics.X-CUBE-DPower.1.3.0
2026-05-20 18:06:15,577 [WARN] ConditionMgr:438 - getConditionDescription Invalid condition id : LAN8742 Phy interface Condition cause : null
2026-05-20 18:06:15,578 [WARN] PackLoader:240 - Cannot read IP mode file for STMicroelectronics.X-CUBE-AZRTOS-L4.2.0.0
2026-05-20 18:06:15,582 [WARN] ConditionMgr:1044 - genDependencies : Invalid condition id : LAN8742 Phy interface Condition cause : null
2026-05-20 18:06:15,582 [WARN] ConditionMgr:1044 - genDependencies : Invalid condition id : LAN8742 Phy interface Condition cause : null
2026-05-20 18:06:15,583 [WARN] ConditionMgr:1044 - genDependencies : Invalid condition id : LAN8742 Phy interface Condition cause : null
2026-05-20 18:06:15,625 [WARN] PackLoader:240 - Cannot read IP mode file for STMicroelectronics.X-CUBE-SFXS2LP1.4.0.0
2026-05-20 18:06:15,673 [WARN] PackLoader:240 - Cannot read IP mode file for STMicroelectronics.X-CUBE-WB05N.2.1.0
2026-05-20 18:06:15,707 [ERROR] Engine:466 - C:\Users\abhil\.stm32cubemx\thirdparties\pdsc\STMicroelectronics.X-CUBE-ST67W61.1.2.0.pdsc: PDSC version is not supported
2026-05-20 18:06:15,740 [WARN] PackLoader:240 - Cannot read IP mode file for STMicroelectronics.X-CUBE-ISPU.1.1.0
2026-05-20 18:06:15,811 [WARN] PackLoader:240 - Cannot read IP mode file for STMicroelectronics.X-CUBE-AZRTOS-H7.3.3.0
2026-05-20 18:06:15,861 [WARN] PackLoader:240 - Cannot read IP mode file for RoweBots.I-CUBE-UNISONRTOS.5.5.0-4
2026-05-20 18:06:15,909 [WARN] PackLoader:240 - Cannot read IP mode file for STMicroelectronics.X-CUBE-BLEMGR.4.1.0
2026-05-20 18:06:15,954 [WARN] PackLoader:240 - Cannot read IP mode file for STMicroelectronics.X-CUBE-AI.8.0.0
2026-05-20 18:06:16,012 [WARN] PackLoader:240 - Cannot read IP mode file for STMicroelectronics.X-CUBE-IPS.3.0.0
2026-05-20 18:06:16,102 [WARN] ConditionMgr:438 - getConditionDescription Invalid condition id : UX DEVICE CLASS RTOS Condition cause : null
2026-05-20 18:06:16,102 [WARN] ConditionMgr:438 - getConditionDescription Invalid condition id : UX DEVICE CLASS RTOS Condition cause : null
2026-05-20 18:06:16,105 [WARN] PackLoader:240 - Cannot read IP mode file for STMicroelectronics.X-CUBE-AZRTOS-WB.2.0.0
2026-05-20 18:06:16,106 [WARN] ConditionMgr:1044 - genDependencies : Invalid condition id : UX DEVICE CLASS RTOS Condition cause : null
2026-05-20 18:06:16,106 [WARN] ConditionMgr:1044 - genDependencies : Invalid condition id : UX DEVICE CLASS RTOS Condition cause : null
2026-05-20 18:06:16,107 [WARN] ConditionMgr:1044 - genDependencies : Invalid condition id : UX DEVICE CLASS RTOS Condition cause : null
2026-05-20 18:06:16,108 [WARN] ConditionMgr:1044 - genDependencies : Invalid condition id : UX DEVICE CLASS RTOS Condition cause : null
2026-05-20 18:06:16,108 [WARN] ConditionMgr:1044 - genDependencies : Invalid condition id : UX DEVICE CLASS RTOS Condition cause : null
2026-05-20 18:06:16,148 [WARN] PackLoader:240 - Cannot read IP mode file for STMicroelectronics.X-CUBE-FREERTOS.1.0.1
2026-05-20 18:06:16,187 [WARN] PackLoader:240 - Cannot read IP mode file for STMicroelectronics.X-CUBE-GNSS1.7.0.0
2026-05-20 18:06:16,228 [WARN] PackLoader:240 - Cannot read IP mode file for STMicroelectronics.X-CUBE-GNSS1.7.0.1
2026-05-20 18:06:16,259 [WARN] PackLoader:240 - Cannot read IP mode file for STMicroelectronics.X-CUBE-TOUCHGFX.4.25.0
2026-05-20 18:06:16,297 [WARN] PackLoader:240 - Cannot read IP mode file for STMicroelectronics.FP-SNS-STBOX1.2.0.0
2026-05-20 18:06:16,336 [WARN] PackLoader:240 - Cannot read IP mode file for STMicroelectronics.X-CUBE-STSE01.2.0.0
2026-05-20 18:06:16,402 [WARN] PackLoader:240 - Cannot read IP mode file for STMicroelectronics.X-CUBE-AZRTOS-L5.1.1.0
2026-05-20 18:06:16,450 [WARN] PackLoader:240 - Cannot read IP mode file for STMicroelectronics.X-CUBE-SUBG2.5.0.0
2026-05-20 18:06:16,524 [WARN] PackLoader:240 - Cannot read IP mode file for STMicroelectronics.X-CUBE-AZRTOS-H7RS.1.1.0
2026-05-20 18:06:16,600 [WARN] PackLoader:240 - Cannot read IP mode file for Cesanta.I-CUBE-Mongoose.7.13.0
2026-05-20 18:06:16,653 [WARN] PackLoader:240 - Cannot read IP mode file for STMicroelectronics.X-CUBE-AZRTOS-G4.2.0.0
2026-05-20 18:06:16,703 [WARN] PackLoader:240 - Cannot read IP mode file for STMicroelectronics.X-CUBE-TOF1.3.3.0
2026-05-20 18:06:16,743 [WARN] PackLoader:240 - Cannot read IP mode file for STMicroelectronics.FP-ATR-ASTRA1.1.1.1
2026-05-20 18:06:16,773 [WARN] PackLoader:240 - Cannot read IP mode file for STMicroelectronics.X-CUBE-NFC7.2.0.0
2026-05-20 18:06:16,820 [WARN] PackLoader:240 - Cannot read IP mode file for STMicroelectronics.X-CUBE-AZRTOS-G4.1.0.0
2026-05-20 18:06:16,879 [WARN] PackLoader:240 - Cannot read IP mode file for STMicroelectronics.X-CUBE-AZRTOS-L4.1.0.0
2026-05-20 18:06:16,916 [WARN] PackLoader:240 - Cannot read IP mode file for STMicroelectronics.X-CUBE-ISPU.2.0.0
2026-05-20 18:06:16,952 [WARN] PackLoader:240 - Cannot read IP mode file for STMicroelectronics.X-CUBE-IPS.3.1.0
2026-05-20 18:06:16,990 [WARN] PackLoader:240 - Cannot read IP mode file for STMicroelectronics.X-CUBE-ALS.1.0.2
2026-05-20 18:06:17,078 [WARN] PackLoader:240 - Cannot read IP mode file for STMicroelectronics.X-CUBE-MEMS1.10.0.0
2026-05-20 18:06:17,271 [WARN] PackLoader:240 - Cannot read IP mode file for STMicroelectronics.X-CUBE-TOUCHGFX.4.24.2
2026-05-20 18:06:17,320 [WARN] PackLoader:240 - Cannot read IP mode file for STMicroelectronics.X-CUBE-AZRTOS-WL.1.0.0
2026-05-20 18:06:17,355 [WARN] PackLoader:240 - Cannot read IP mode file for STMicroelectronics.X-CUBE-TOUCHGFX.4.24.1
2026-05-20 18:06:17,393 [WARN] PackLoader:240 - Cannot read IP mode file for STMicroelectronics.X-CUBE-STSE01.1.0.0
2026-05-20 18:06:17,425 [WARN] PackLoader:240 - Cannot read IP mode file for wolfSSL.I-CUBE-wolfTPM.3.4.0
2026-05-20 18:06:17,468 [WARN] PackLoader:240 - Cannot read IP mode file for portGmbH.I-Cube-SoM-uGOAL.1.1.0
2026-05-20 18:06:17,498 [WARN] PackLoader:240 - Cannot read IP mode file for STMicroelectronics.X-CUBE-ALS.1.0.1
2026-05-20 18:06:17,570 [WARN] PackLoader:240 - Cannot read IP mode file for STMicroelectronics.X-CUBE-AZRTOS-WB.1.1.0
2026-05-20 18:06:17,629 [WARN] PackLoader:240 - Cannot read IP mode file for STMicroelectronics.X-CUBE-AZRTOS-L5.1.0.0
2026-05-20 18:06:17,659 [WARN] PackLoader:240 - Cannot read IP mode file for STMicroelectronics.X-CUBE-EEPRMA1.3.1.1
2026-05-20 18:06:17,719 [WARN] PackLoader:240 - Cannot read IP mode file for STMicroelectronics.X-CUBE-AZRTOS-H7RS.1.0.0
2026-05-20 18:06:17,751 [WARN] PackLoader:240 - Cannot read IP mode file for STMicroelectronics.FP-ATR-ASTRA1.2.0.0
2026-05-20 18:06:17,799 [WARN] PackLoader:240 - Cannot read IP mode file for STMicroelectronics.X-CUBE-TOF1.3.4.2
2026-05-20 18:06:17,850 [WARN] PackLoader:240 - Cannot read IP mode file for STMicroelectronics.X-CUBE-TOF1.3.4.3
2026-05-20 18:06:17,901 [WARN] PackLoader:240 - Cannot read IP mode file for STMicroelectronics.X-CUBE-TOF1.3.4.1
2026-05-20 18:06:17,992 [WARN] PackLoader:240 - Cannot read IP mode file for STMicroelectronics.X-CUBE-AZRTOS-H7.3.2.0
2026-05-20 18:06:18,048 [WARN] PackLoader:240 - Cannot read IP mode file for Infineon.AIROC-Wi-Fi-Bluetooth-STM32.1.6.0
2026-05-20 18:06:18,084 [WARN] PackLoader:240 - Cannot read IP mode file for wolfSSL.I-CUBE-wolfSSH.1.4.17
2026-05-20 18:06:18,086 [INFO] ThirdParty:978 - Integrity check success = true
2026-05-20 18:06:18,086 [INFO] IntegrityCheckThread:100 - exiting critical section [integrity check]
2026-05-20 18:06:18,086 [INFO] IntegrityCheckThread:103 - End integrity checks thread
2026-05-20 18:06:33,429 [INFO] WebApp:194 - Connection lost
2026-05-20 18:06:33,658 [INFO] WebApp:191 - Connection restablished
2026-05-20 20:48:18,473 [ERROR] LogOutputStream:75 - [STDERR_REDIRECT] 
2026-05-20 21:32:08,307 [INFO] Activator:176 - 


2026-05-20 21:32:08,309 [INFO] Activator:177 - !SESSION log4j initialized
2026-05-20 21:32:15,666 [INFO] LogOutputStream:77 - [STDOUT_REDIRECT] 
2026-05-20 21:32:26,572 [INFO] ApplicationProperties:184 - Using Application install path: C:\ST\STM32CubeIDE_1.10.1\STM32CubeIDE\plugins\com.st.stm32cube.common.mx_6.14.1.202504091515
2026-05-20 21:32:26,593 [INFO] DbMcusXml:78 - Set database path to: C:\ST\STM32CubeIDE_1.10.1\STM32CubeIDE\plugins\com.st.stm32cube.common.mx_6.14.1.202504091515\\db\/mcu/
2026-05-20 21:32:26,594 [INFO] ApiDb:274 - Set plugin database path to: C:\ST\STM32CubeIDE_1.10.1\STM32CubeIDE\plugins\com.st.stm32cube.common.mx_6.14.1.202504091515\\db\/plugins/boardmanager/
2026-05-20 21:32:26,594 [WARN] ApiDb:259 - Overriding images path with different value:  => C:\ST\STM32CubeIDE_1.10.1\STM32CubeIDE\plugins\com.st.stm32cube.common.mx_6.14.1.202504091515\\db\/plugins/mcufinder/images/
2026-05-20 21:32:26,612 [INFO] ApiDb:250 - Set database path to: C:\Users\abhil\.stmcufinder\plugins\mcufinder//mcu/
2026-05-20 21:32:26,613 [INFO] DbMcusAds:125 - Set database path to: C:\Users\abhil\.stmcufinder\plugins\mcufinder//mcu/
2026-05-20 21:32:26,618 [INFO] CrossReferenceDbSqlite:203 - Set database path to: C:\Users\abhil\.stmcufinder\plugins\mcufinder//mcu/cs/
2026-05-20 21:32:26,753 [INFO] RulesReader:64 - Compatibility file has been processed (302 Rules)
2026-05-20 21:32:26,848 [INFO] DbMcusXml:78 - Set database path to: C:\ST\STM32CubeIDE_1.10.1\STM32CubeIDE\plugins\com.st.stm32cube.common.mx_6.14.1.202504091515\\db\/mcu/
2026-05-20 21:32:26,848 [INFO] ApiDb:274 - Set plugin database path to: C:\ST\STM32CubeIDE_1.10.1\STM32CubeIDE\plugins\com.st.stm32cube.common.mx_6.14.1.202504091515\\db\/plugins/boardmanager/
2026-05-20 21:32:26,848 [INFO] ApiDb:261 - Set plugin images path to: C:\ST\STM32CubeIDE_1.10.1\STM32CubeIDE\plugins\com.st.stm32cube.common.mx_6.14.1.202504091515\\db\/plugins/mcufinder/images/
2026-05-20 21:32:26,849 [WARN] DbFile:41 - Overriding database path with different value: C:\Users\abhil\.stmcufinder\plugins\mcufinder/ => C:\Users\abhil\.stmcufinder\plugins\mcufinder
2026-05-20 21:32:26,849 [INFO] ApiDb:250 - Set database path to: C:\Users\abhil\.stmcufinder\plugins\mcufinder//mcu/
2026-05-20 21:32:26,849 [WARN] DbFile:41 - Overriding database path with different value: C:\Users\abhil\.stmcufinder\plugins\mcufinder/ => C:\Users\abhil\.stmcufinder\plugins\mcufinder
2026-05-20 21:32:26,849 [INFO] DbMcusAds:125 - Set database path to: C:\Users\abhil\.stmcufinder\plugins\mcufinder//mcu/
2026-05-20 21:32:26,849 [WARN] DbFile:41 - Overriding database path with different value: C:\Users\abhil\.stmcufinder\plugins\mcufinder/ => C:\Users\abhil\.stmcufinder\plugins\mcufinder
2026-05-20 21:32:26,849 [WARN] DbFile:41 - Overriding database path with different value: C:\Users\abhil\.stmcufinder\plugins\mcufinder/ => C:\Users\abhil\.stmcufinder\plugins\mcufinder
2026-05-20 21:32:26,849 [INFO] CrossReferenceDbSqlite:203 - Set database path to: C:\Users\abhil\.stmcufinder\plugins\mcufinder//mcu/cs/
2026-05-20 21:32:26,926 [INFO] MainPanel:272 - HeapMemory: 268435456
2026-05-20 21:32:27,022 [INFO] DbMcusXml:78 - Set database path to: C:\ST\STM32CubeIDE_1.10.1\STM32CubeIDE\plugins\com.st.stm32cube.common.mx_6.14.1.202504091515\\db\/mcu/
2026-05-20 21:32:27,022 [INFO] ApiDb:274 - Set plugin database path to: C:\ST\STM32CubeIDE_1.10.1\STM32CubeIDE\plugins\com.st.stm32cube.common.mx_6.14.1.202504091515\\db\/plugins/boardmanager/
2026-05-20 21:32:27,022 [INFO] ApiDb:261 - Set plugin images path to: C:\ST\STM32CubeIDE_1.10.1\STM32CubeIDE\plugins\com.st.stm32cube.common.mx_6.14.1.202504091515\\db\/plugins/mcufinder/images/
2026-05-20 21:32:27,023 [WARN] DbFile:41 - Overriding database path with different value: C:\Users\abhil\.stmcufinder\plugins\mcufinder/ => C:\Users\abhil\.stmcufinder\plugins\mcufinder
2026-05-20 21:32:27,023 [INFO] ApiDb:250 - Set database path to: C:\Users\abhil\.stmcufinder\plugins\mcufinder//mcu/
2026-05-20 21:32:27,023 [WARN] DbFile:41 - Overriding database path with different value: C:\Users\abhil\.stmcufinder\plugins\mcufinder/ => C:\Users\abhil\.stmcufinder\plugins\mcufinder
2026-05-20 21:32:27,023 [INFO] DbMcusAds:125 - Set database path to: C:\Users\abhil\.stmcufinder\plugins\mcufinder//mcu/
2026-05-20 21:32:27,023 [WARN] DbFile:41 - Overriding database path with different value: C:\Users\abhil\.stmcufinder\plugins\mcufinder/ => C:\Users\abhil\.stmcufinder\plugins\mcufinder
2026-05-20 21:32:27,023 [WARN] DbFile:41 - Overriding database path with different value: C:\Users\abhil\.stmcufinder\plugins\mcufinder/ => C:\Users\abhil\.stmcufinder\plugins\mcufinder
2026-05-20 21:32:27,023 [INFO] CrossReferenceDbSqlite:203 - Set database path to: C:\Users\abhil\.stmcufinder\plugins\mcufinder//mcu/cs/
2026-05-20 21:32:27,042 [INFO] ApplicationProperties:184 - Using Application install path: C:\ST\STM32CubeIDE_1.10.1\STM32CubeIDE\plugins\com.st.stm32cube.common.mx_6.14.1.202504091515
2026-05-20 21:32:27,043 [INFO] PluginManage:196 - Search for loadable plugins [exclusion list=, ]
2026-05-20 21:32:27,044 [INFO] PluginManage:310 - Check plugin analytics
2026-05-20 21:32:36,734 [INFO] AnalyticsPlugin:253 - Accepted Software Licenses: 
2026-05-20 21:32:36,735 [INFO] AnalyticsPlugin:255 - Accepted CMSIS Pack Licenses: 
2026-05-20 21:32:36,735 [INFO] AnalyticsPlugin:257 - Accepted Firmware Licenses: FW.F4.1.27.0,FW.H7.1.10.0,FW.H7.1.12.0,FW.F4.1.28.0
2026-05-20 21:32:36,738 [INFO] PluginManage:359 - Loaded plugin analytics (category:tool,tabindex:-1)
2026-05-20 21:32:36,739 [INFO] PluginManage:310 - Check plugin cadmodel
2026-05-20 21:32:36,760 [INFO] CADModel:105 - Init CAD model plugin
2026-05-20 21:32:36,761 [INFO] PluginManage:359 - Loaded plugin cadmodel (category:power,tabindex:5)
2026-05-20 21:32:36,761 [INFO] PluginManage:310 - Check plugin clock
2026-05-20 21:32:36,785 [INFO] PluginManage:359 - Loaded plugin clock (category:base,tabindex:2)
2026-05-20 21:32:36,786 [INFO] PluginManage:310 - Check plugin ddr
2026-05-20 21:32:36,787 [INFO] PluginManage:359 - Loaded plugin ddr (category:tool,tabindex:6)
2026-05-20 21:32:36,787 [INFO] PluginManage:310 - Check plugin filemanager
2026-05-20 21:32:36,933 [INFO] PluginManage:359 - Loaded plugin filemanager (category:base,tabindex:10)
2026-05-20 21:32:36,933 [INFO] PluginManage:310 - Check plugin ipmanager
2026-05-20 21:32:36,941 [INFO] PluginManage:359 - Loaded plugin ipmanager (category:base,tabindex:5)
2026-05-20 21:32:36,941 [INFO] PluginManage:310 - Check plugin lpbam
2026-05-20 21:32:36,960 [INFO] PluginManage:359 - Loaded plugin lpbam (category:base,tabindex:0)
2026-05-20 21:32:36,960 [INFO] PluginManage:310 - Check plugin memorymap
2026-05-20 21:32:36,983 [INFO] PluginManage:359 - Loaded plugin memorymap (category:base,tabindex:4)
2026-05-20 21:32:36,983 [INFO] PluginManage:310 - Check plugin pinoutandconfiguration
2026-05-20 21:32:37,003 [INFO] PluginManage:359 - Loaded plugin pinoutandconfiguration (category:base,tabindex:1)
2026-05-20 21:32:37,003 [INFO] PluginManage:310 - Check plugin pinoutconfig
2026-05-20 21:32:37,103 [WARN] SupportedApi:132 - Cannot load RTOS API schema: s4s-elt-must-match.1: The content of 'definitions' must match (annotation?, (simpleType | complexType)?, (unique | key | keyref)*)). A problem was found starting at: attribute.
2026-05-20 21:32:37,240 [INFO] PluginManage:359 - Loaded plugin pinoutconfig (category:base,tabindex:0)
2026-05-20 21:32:37,240 [INFO] PluginManage:310 - Check plugin power
2026-05-20 21:32:37,263 [INFO] PluginManage:359 - Loaded plugin power (category:power,tabindex:4)
2026-05-20 21:32:37,263 [INFO] PluginManage:310 - Check plugin projectmanager
2026-05-20 21:32:37,284 [INFO] PluginManage:359 - Loaded plugin projectmanager (category:projectmanager,tabindex:4)
2026-05-20 21:32:37,284 [INFO] PluginManage:310 - Check plugin rif
2026-05-20 21:32:37,314 [INFO] PluginManage:359 - Loaded plugin rif (category:base,tabindex:3)
2026-05-20 21:32:37,315 [INFO] PluginManage:310 - Check plugin thirdparty
2026-05-20 21:32:37,728 [INFO] PluginManage:359 - Loaded plugin thirdparty (category:base,tabindex:-1)
2026-05-20 21:32:37,728 [INFO] PluginManage:310 - Check plugin tools
2026-05-20 21:32:37,728 [WARN] IntegrityCheckThread:84 - waiting for thirdparty lock release [integrity check]
2026-05-20 21:32:37,729 [INFO] IntegrityCheckThread:86 - entering critical section [integrity check]
2026-05-20 21:32:37,729 [INFO] ThirdPartyUpdaterWithRetryManager:70 - Updater plugin not ready yet. [1/15]
2026-05-20 21:32:37,775 [INFO] PluginManage:359 - Loaded plugin tools (category:base,tabindex:7)
2026-05-20 21:32:37,776 [INFO] PluginManage:310 - Check plugin tutovideos
2026-05-20 21:32:37,941 [INFO] PluginManage:359 - Loaded plugin tutovideos (category:base,tabindex:-1)
2026-05-20 21:32:37,941 [INFO] PluginManage:310 - Check plugin updater
2026-05-20 21:32:37,963 [INFO] PluginManage:359 - Loaded plugin updater (category:base,tabindex:12)
2026-05-20 21:32:37,963 [INFO] PluginManage:310 - Check plugin userauth
2026-05-20 21:32:37,968 [INFO] UserAuth:118 - Init User Auth plugin
2026-05-20 21:32:37,969 [INFO] PluginManage:359 - Loaded plugin userauth (category:base,tabindex:14)
2026-05-20 21:32:37,969 [INFO] PluginManage:283 - PluginManage : Loaded plugins [18]
2026-05-20 21:32:38,219 [INFO] PinOutPanel:1589 - setPackage(No Configuration,No Configuration)
2026-05-20 21:32:38,313 [INFO] CADModel:165 - CPN selected for project level
2026-05-20 21:32:38,313 [INFO] CADModel:114 - Register for checkConnection events
2026-05-20 21:32:38,342 [INFO] IPUIPlugin:80 - create IPUIPlugin
2026-05-20 21:32:38,343 [INFO] PluginManager:220 - loadIPPluginJar : add adc
2026-05-20 21:32:38,405 [INFO] IPUIPlugin:80 - create IPUIPlugin
2026-05-20 21:32:38,405 [INFO] PluginManager:220 - loadIPPluginJar : add aes
2026-05-20 21:32:38,476 [INFO] IPUIPlugin:80 - create IPUIPlugin
2026-05-20 21:32:38,476 [INFO] PluginManager:220 - loadIPPluginJar : add can
2026-05-20 21:32:38,513 [INFO] IPUIPlugin:80 - create IPUIPlugin
2026-05-20 21:32:38,514 [INFO] PluginManager:220 - loadIPPluginJar : add comp
2026-05-20 21:32:38,566 [INFO] IPUIPlugin:80 - create IPUIPlugin
2026-05-20 21:32:38,567 [INFO] PluginManager:220 - loadIPPluginJar : add cryp
2026-05-20 21:32:38,580 [INFO] IPUIPlugin:80 - create IPUIPlugin
2026-05-20 21:32:38,580 [INFO] PluginManager:220 - loadIPPluginJar : add ddr_ctrl_phy
2026-05-20 21:32:38,622 [INFO] IPUIPlugin:80 - create IPUIPlugin
2026-05-20 21:32:38,622 [INFO] PluginManager:220 - loadIPPluginJar : add dfsdm
2026-05-20 21:32:38,639 [INFO] IPUIPlugin:80 - create IPUIPlugin
2026-05-20 21:32:38,639 [INFO] PluginManager:220 - loadIPPluginJar : add dma
2026-05-20 21:32:38,693 [INFO] IPUIPlugin:80 - create IPUIPlugin
2026-05-20 21:32:38,694 [INFO] PluginManager:220 - loadIPPluginJar : add dma3
2026-05-20 21:32:38,756 [INFO] IPUIPlugin:80 - create IPUIPlugin
2026-05-20 21:32:38,757 [INFO] PluginManager:220 - loadIPPluginJar : add extmemmanager
2026-05-20 21:32:38,784 [INFO] IPUIPlugin:80 - create IPUIPlugin
2026-05-20 21:32:38,784 [INFO] PluginManager:220 - loadIPPluginJar : add fatfs
2026-05-20 21:32:38,849 [INFO] IPUIPlugin:80 - create IPUIPlugin
2026-05-20 21:32:38,849 [INFO] PluginManager:220 - loadIPPluginJar : add fmc
2026-05-20 21:32:38,867 [INFO] IPUIPlugin:80 - create IPUIPlugin
2026-05-20 21:32:38,868 [INFO] PluginManager:220 - loadIPPluginJar : add freertos
2026-05-20 21:32:38,896 [INFO] IPUIPlugin:80 - create IPUIPlugin
2026-05-20 21:32:38,896 [INFO] PluginManager:220 - loadIPPluginJar : add genericplugin
2026-05-20 21:32:39,023 [INFO] IPUIPlugin:80 - create IPUIPlugin
2026-05-20 21:32:39,023 [INFO] PluginManager:220 - loadIPPluginJar : add gfxmmu
2026-05-20 21:32:39,201 [INFO] IPUIPlugin:80 - create IPUIPlugin
2026-05-20 21:32:39,201 [INFO] PluginManager:220 - loadIPPluginJar : add gic
2026-05-20 21:32:39,216 [INFO] IPUIPlugin:80 - create IPUIPlugin
2026-05-20 21:32:39,216 [INFO] PluginManager:220 - loadIPPluginJar : add gpio
2026-05-20 21:32:39,339 [INFO] IPUIPlugin:80 - create IPUIPlugin
2026-05-20 21:32:39,339 [INFO] PluginManager:220 - loadIPPluginJar : add gtzc
2026-05-20 21:32:39,382 [INFO] IPUIPlugin:80 - create IPUIPlugin
2026-05-20 21:32:39,383 [INFO] PluginManager:220 - loadIPPluginJar : add hash
2026-05-20 21:32:39,455 [INFO] IPUIPlugin:80 - create IPUIPlugin
2026-05-20 21:32:39,455 [INFO] PluginManager:220 - loadIPPluginJar : add i2c
2026-05-20 21:32:39,508 [INFO] IPUIPlugin:80 - create IPUIPlugin
2026-05-20 21:32:39,509 [INFO] PluginManager:220 - loadIPPluginJar : add i2s
2026-05-20 21:32:39,565 [INFO] IPUIPlugin:80 - create IPUIPlugin
2026-05-20 21:32:39,565 [INFO] PluginManager:220 - loadIPPluginJar : add i3c
2026-05-20 21:32:39,703 [INFO] IPUIPlugin:80 - create IPUIPlugin
2026-05-20 21:32:39,703 [INFO] PluginManager:220 - loadIPPluginJar : add ipddr
2026-05-20 21:32:39,830 [INFO] IPUIPlugin:80 - create IPUIPlugin
2026-05-20 21:32:39,830 [INFO] PluginManager:220 - loadIPPluginJar : add linkedlist
2026-05-20 21:32:39,879 [INFO] IPUIPlugin:80 - create IPUIPlugin
2026-05-20 21:32:39,879 [INFO] PluginManager:220 - loadIPPluginJar : add lorawan
2026-05-20 21:32:39,929 [INFO] IPUIPlugin:80 - create IPUIPlugin
2026-05-20 21:32:39,929 [INFO] PluginManager:220 - loadIPPluginJar : add ltdc
2026-05-20 21:32:39,945 [INFO] IPUIPlugin:80 - create IPUIPlugin
2026-05-20 21:32:39,945 [INFO] PluginManager:220 - loadIPPluginJar : add mdma
2026-05-20 21:32:39,961 [INFO] IPUIPlugin:80 - create IPUIPlugin
2026-05-20 21:32:39,961 [INFO] PluginManager:220 - loadIPPluginJar : add nvic
2026-05-20 21:32:40,010 [INFO] IPUIPlugin:80 - create IPUIPlugin
2026-05-20 21:32:40,010 [INFO] PluginManager:220 - loadIPPluginJar : add opamp
2026-05-20 21:32:40,109 [INFO] IPUIPlugin:80 - create IPUIPlugin
2026-05-20 21:32:40,110 [INFO] PluginManager:220 - loadIPPluginJar : add openamp
2026-05-20 21:32:40,174 [INFO] IPUIPlugin:80 - create IPUIPlugin
2026-05-20 21:32:40,175 [INFO] PluginManager:220 - loadIPPluginJar : add pdm2pcm
2026-05-20 21:32:40,196 [INFO] IPUIPlugin:80 - create IPUIPlugin
2026-05-20 21:32:40,199 [INFO] PluginManager:220 - loadIPPluginJar : add plateformsettings
2026-05-20 21:32:40,231 [INFO] IPUIPlugin:80 - create IPUIPlugin
2026-05-20 21:32:40,231 [INFO] PluginManager:220 - loadIPPluginJar : add quadspi
2026-05-20 21:32:40,266 [INFO] IPUIPlugin:80 - create IPUIPlugin
2026-05-20 21:32:40,267 [INFO] PluginManager:220 - loadIPPluginJar : add radio
2026-05-20 21:32:40,287 [INFO] IPUIPlugin:80 - create IPUIPlugin
2026-05-20 21:32:40,287 [INFO] PluginManager:220 - loadIPPluginJar : add resmgrutility
2026-05-20 21:32:40,358 [INFO] IPUIPlugin:80 - create IPUIPlugin
2026-05-20 21:32:40,358 [INFO] PluginManager:220 - loadIPPluginJar : add sai
2026-05-20 21:32:40,408 [INFO] IPUIPlugin:80 - create IPUIPlugin
2026-05-20 21:32:40,409 [INFO] PluginManager:220 - loadIPPluginJar : add spi
2026-05-20 21:32:40,528 [INFO] IPUIPlugin:80 - create IPUIPlugin
2026-05-20 21:32:40,528 [INFO] PluginManager:220 - loadIPPluginJar : add stm32_wpan
2026-05-20 21:32:40,559 [INFO] IPUIPlugin:80 - create IPUIPlugin
2026-05-20 21:32:40,559 [INFO] PluginManager:220 - loadIPPluginJar : add tim
2026-05-20 21:32:40,639 [INFO] IPUIPlugin:80 - create IPUIPlugin
2026-05-20 21:32:40,639 [INFO] PluginManager:220 - loadIPPluginJar : add touchsensing
2026-05-20 21:32:40,671 [INFO] IPUIPlugin:80 - create IPUIPlugin
2026-05-20 21:32:40,671 [INFO] PluginManager:220 - loadIPPluginJar : add tracer_emb
2026-05-20 21:32:40,702 [INFO] IPUIPlugin:80 - create IPUIPlugin
2026-05-20 21:32:40,702 [INFO] PluginManager:220 - loadIPPluginJar : add ts
2026-05-20 21:32:40,738 [INFO] ThirdPartyUpdaterWithRetryManager:70 - Updater plugin not ready yet. [2/15]
2026-05-20 21:32:40,742 [INFO] IPUIPlugin:80 - create IPUIPlugin
2026-05-20 21:32:40,742 [INFO] PluginManager:220 - loadIPPluginJar : add tsc
2026-05-20 21:32:40,772 [INFO] IPUIPlugin:80 - create IPUIPlugin
2026-05-20 21:32:40,773 [INFO] PluginManager:220 - loadIPPluginJar : add ucpd
2026-05-20 21:32:40,833 [INFO] IPUIPlugin:80 - create IPUIPlugin
2026-05-20 21:32:40,833 [INFO] PluginManager:220 - loadIPPluginJar : add usart
2026-05-20 21:32:40,895 [INFO] IPUIPlugin:80 - create IPUIPlugin
2026-05-20 21:32:40,896 [INFO] PluginManager:220 - loadIPPluginJar : add usbx
2026-05-20 21:32:41,035 [FATAL] Updater:351 - Updater called before beeing initialized
2026-05-20 21:32:41,063 [INFO] RulesReader:64 - Compatibility file has been processed (302 Rules)
2026-05-20 21:32:41,076 [INFO] RulesReader:64 - Compatibility file has been processed (302 Rules)
2026-05-20 21:32:41,085 [INFO] CADModel:165 - CPN selected for project level
2026-05-20 21:32:41,085 [INFO] CADModel:114 - Register for checkConnection events
2026-05-20 21:32:41,085 [FATAL] Updater:351 - Updater called before beeing initialized
2026-05-20 21:32:41,085 [ERROR] CADModel:125 - Updater not yet initialized, retry later 
2026-05-20 21:32:41,225 [FATAL] Updater:351 - Updater called before beeing initialized
2026-05-20 21:32:41,226 [INFO] CADModel:165 - CPN selected for project level
2026-05-20 21:32:41,227 [INFO] CADModel:114 - Register for checkConnection events
2026-05-20 21:32:41,227 [FATAL] Updater:351 - Updater called before beeing initialized
2026-05-20 21:32:41,227 [ERROR] CADModel:125 - Updater not yet initialized, retry later 
2026-05-20 21:32:41,230 [FATAL] Updater:351 - Updater called before beeing initialized
2026-05-20 21:32:41,373 [FATAL] Updater:351 - Updater called before beeing initialized
2026-05-20 21:32:41,385 [INFO] DbMcusAds:53 - JSON generation date=Thu Mar 05 17:32:53 EAT 2026 (1772721173050)
2026-05-20 21:32:41,386 [FATAL] Updater:351 - Updater called before beeing initialized
2026-05-20 21:32:41,420 [WARN] DetailPanel:346 - Failed to get advertising image, set to default
2026-05-20 21:32:41,675 [FATAL] Updater:351 - Updater called before beeing initialized
2026-05-20 21:32:41,678 [FATAL] Updater:351 - Updater called before beeing initialized
2026-05-20 21:32:41,678 [FATAL] Updater:351 - Updater called before beeing initialized
2026-05-20 21:32:41,678 [WARN] DetailPanel:346 - Failed to get advertising image, set to default
2026-05-20 21:32:41,679 [FATAL] Updater:351 - Updater called before beeing initialized
2026-05-20 21:32:41,749 [ERROR] Updater:1198 - MainUpdater not yet initialized. External WinMGr cannot be set.
2026-05-20 21:32:41,761 [INFO] Updater:1134 - Updater Version found : 6.14.1
2026-05-20 21:32:41,777 [INFO] ApplicationProperties:184 - Using Application install path: C:\ST\STM32CubeIDE_1.10.1\STM32CubeIDE\plugins\com.st.stm32cube.common.mx_6.14.1.202504091515
2026-05-20 21:32:42,365 [INFO] MainUpdater:2872 - connection check result : 10
2026-05-20 21:32:42,366 [INFO] MainUpdater:289 - Updater Check For Update Now.
2026-05-20 21:32:42,366 [INFO] MicroXplorer:498 - Change Database Version : DB.6.0.141
2026-05-20 21:32:42,390 [INFO] McuFinderGlobals:63 - Set McuFinder mode to 2 (CubeIDE integrated)
2026-05-20 21:32:42,401 [INFO] UserAuth:484 - Internet connection configuration mode: 1
2026-05-20 21:32:42,446 [INFO] JxBrowserEngine:152 - Initiate JxBrowser Engine with user profile folder
2026-05-20 21:32:42,612 [INFO] CheckServerUpdateThread:120 - End of CheckServer Thread
2026-05-20 21:32:43,262 [INFO] WebApp:169 - Instantiating new browser for Auth
2026-05-20 21:32:43,996 [INFO] WebApp:463 - Apply proxy settings
2026-05-20 21:32:43,997 [INFO] WebApp:548 - Chromium requires no authentication
2026-05-20 21:32:44,007 [INFO] WebApp:491 - Direct internet connection detected
2026-05-20 21:32:44,033 [INFO] WebApp:894 - Register for checkConnection events
2026-05-20 21:32:44,035 [INFO] WebApp:463 - Apply proxy settings
2026-05-20 21:32:44,035 [INFO] WebApp:548 - Chromium requires no authentication
2026-05-20 21:32:44,035 [INFO] WebApp:491 - Direct internet connection detected
2026-05-20 21:32:44,244 [INFO] WebApp:225 - Starting web application
2026-05-20 21:32:44,244 [INFO] WebApp:593 - Web application path used C:\ST\STM32CubeIDE_1.10.1\STM32CubeIDE\plugins\com.st.stm32cube.common.mx_6.14.1.202504091515\db\plugins\mcufinder\reactClient1\index.html
2026-05-20 21:32:44,273 [WARN] PackLoader:240 - Cannot read IP mode file for STMicroelectronics.X-CUBE-AZRTOS-H7.3.5.0
2026-05-20 21:32:44,301 [WARN] PackLoader:240 - Cannot read IP mode file for STMicroelectronics.FP-SNS-MOTENVWB1.1.4.0
2026-05-20 21:32:44,323 [WARN] PackLoader:240 - Cannot read IP mode file for STMicroelectronics.FP-ATR-ASTRA1.2.0.2
2026-05-20 21:32:44,341 [WARN] PackLoader:240 - Cannot read IP mode file for STMicroelectronics.FP-ATR-ASTRA1.2.0.1
2026-05-20 21:32:44,366 [WARN] PackLoader:240 - Cannot read IP mode file for STMicroelectronics.X-CUBE-SMBUS.2.1.0
2026-05-20 21:32:44,388 [WARN] PackLoader:240 - Cannot read IP mode file for STMicroelectronics.X-CUBE-WB05N.1.1.0
2026-05-20 21:32:44,408 [WARN] PackLoader:240 - Cannot read IP mode file for STMicroelectronics.X-CUBE-ST60.1.0.0
2026-05-20 21:32:44,431 [WARN] PackLoader:240 - Cannot read IP mode file for STMicroelectronics.X-CUBE-TOUCHGFX.4.23.2
2026-05-20 21:32:44,455 [INFO] WebApp:191 - Connection restablished
2026-05-20 21:32:44,479 [WARN] PackLoader:240 - Cannot read IP mode file for STMicroelectronics.X-CUBE-AZRTOS-F7.1.1.0
2026-05-20 21:32:44,488 [INFO] UserAuth:484 - Internet connection configuration mode: 1
2026-05-20 21:32:44,515 [WARN] PackLoader:240 - Cannot read IP mode file for STMicroelectronics.X-CUBE-BLE1.6.2.3
2026-05-20 21:32:44,606 [WARN] PackLoader:240 - Cannot read IP mode file for STMicroelectronics.X-CUBE-MEMS1.11.0.0
2026-05-20 21:32:44,835 [WARN] PackLoader:240 - Cannot read IP mode file for STMicroelectronics.X-CUBE-BLE1.6.2.4
2026-05-20 21:32:44,857 [ERROR] Engine:466 - C:\Users\abhil\.stm32cubemx\thirdparties\pdsc\STMicroelectronics.FP-SNS-MOTENV1.5.1.0.pdsc: PDSC version is not supported
2026-05-20 21:32:44,874 [WARN] PackLoader:240 - Cannot read IP mode file for STMicroelectronics.FP-SNS-FLIGHT1.5.0.2
2026-05-20 21:32:44,905 [WARN] PackLoader:240 - Cannot read IP mode file for STMicroelectronics.X-CUBE-TOF1.3.1.0
2026-05-20 21:32:44,944 [WARN] PackLoader:240 - Cannot read IP mode file for STMicroelectronics.X-CUBE-AZRTOS-H7.3.4.0
2026-05-20 21:32:44,971 [WARN] PackLoader:240 - Cannot read IP mode file for STMicroelectronics.X-CUBE-DISPLAY.3.0.0
2026-05-20 21:32:44,997 [WARN] PackLoader:240 - Cannot read IP mode file for STMicroelectronics.X-CUBE-GNSS1.7.1.1
2026-05-20 21:32:45,015 [ERROR] Engine:466 - C:\Users\abhil\.stm32cubemx\thirdparties\pdsc\STMicroelectronics.FP-SNS-MOTENVWB1.1.5.0.pdsc: PDSC version is not supported
2026-05-20 21:32:45,032 [WARN] PackLoader:240 - Cannot read IP mode file for STMicroelectronics.X-CUBE-BLE1.7.0.0
2026-05-20 21:32:45,051 [WARN] PackLoader:240 - Cannot read IP mode file for STMicroelectronics.X-CUBE-NFC10.1.0.0
2026-05-20 21:32:45,076 [WARN] PackLoader:240 - Cannot read IP mode file for STMicroelectronics.X-CUBE-BLEMGR.4.0.0
2026-05-20 21:32:45,094 [WARN] PackLoader:240 - Cannot read IP mode file for STMicroelectronics.X-CUBE-ST60.1.1.0
2026-05-20 21:32:45,115 [WARN] PackLoader:240 - Cannot read IP mode file for STMicroelectronics.X-CUBE-GNSS1.7.1.0
2026-05-20 21:32:45,163 [WARN] PackLoader:240 - Cannot read IP mode file for STMicroelectronics.X-CUBE-MEMS1.9.3.0
2026-05-20 21:32:45,248 [WARN] PackLoader:240 - Cannot read IP mode file for STMicroelectronics.X-CUBE-AI.7.2.0
2026-05-20 21:32:45,271 [WARN] PackLoader:240 - Cannot read IP mode file for STMicroelectronics.X-CUBE-BLEMGR.3.1.0
2026-05-20 21:32:45,290 [WARN] PackLoader:240 - Cannot read IP mode file for STMicroelectronics.X-CUBE-AI.10.0.0
2026-05-20 21:32:45,306 [ERROR] Engine:466 - C:\Users\abhil\.stm32cubemx\thirdparties\pdsc\STMicroelectronics.FP-SNS-STBOX1.2.1.0.pdsc: PDSC version is not supported
2026-05-20 21:32:45,323 [WARN] PackLoader:240 - Cannot read IP mode file for STMicroelectronics.FP-SNS-SMARTAG2.1.2.0
2026-05-20 21:32:45,337 [WARN] PackLoader:240 - Cannot read IP mode file for STMicroelectronics.FP-SNS-FLIGHT1.5.1.0
2026-05-20 21:32:45,394 [WARN] PackLoader:240 - Cannot read IP mode file for STMicroelectronics.X-CUBE-MEMS1.11.1.0
2026-05-20 21:32:45,500 [INFO] LogOutputStream:77 - [STDOUT_REDIRECT] 1 : Invalid condition id : UX_CORESTACK_Condition cause : null
2026-05-20 21:32:45,501 [INFO] LogOutputStream:77 - [STDOUT_REDIRECT] 1 : Invalid condition id : UX_CORESTACK_Condition cause : null
2026-05-20 21:32:45,502 [INFO] LogOutputStream:77 - [STDOUT_REDIRECT] 1 : Invalid condition id : UX_CORESTACK_Condition cause : null
2026-05-20 21:32:45,504 [INFO] LogOutputStream:77 - [STDOUT_REDIRECT] 1 : Invalid condition id : UX_CORESTACK_Condition cause : null
2026-05-20 21:32:45,505 [INFO] LogOutputStream:77 - [STDOUT_REDIRECT] 1 : Invalid condition id : UX_CORESTACK_Condition cause : null
2026-05-20 21:32:45,506 [WARN] PackLoader:240 - Cannot read IP mode file for STMicroelectronics.X-CUBE-AZRTOS-WL.2.0.0
2026-05-20 21:32:45,545 [WARN] PackLoader:240 - Cannot read IP mode file for STMicroelectronics.FP-SNS-MOTENV1.5.0.0
2026-05-20 21:32:45,580 [WARN] PackLoader:240 - Cannot read IP mode file for STMicroelectronics.X-CUBE-AZRTOS-H7RS.1.2.0
2026-05-20 21:32:45,598 [WARN] PackLoader:240 - Cannot read IP mode file for wolfSSL.I-CUBE-wolfMQTT.1.19.0
2026-05-20 21:32:45,620 [WARN] PackLoader:240 - Cannot read IP mode file for WES.I-CUBE-Cesium.1.3.0
2026-05-20 21:32:45,638 [WARN] PackLoader:240 - Cannot read IP mode file for STMicroelectronics.X-CUBE-BLE2.3.3.0
2026-05-20 21:32:45,701 [WARN] PackLoader:240 - Cannot read IP mode file for STMicroelectronics.X-CUBE-DISPLAY.2.2.0
2026-05-20 21:32:45,726 [WARN] PackLoader:240 - Cannot read IP mode file for STMicroelectronics.X-CUBE-TOF1.3.2.0
2026-05-20 21:32:45,748 [WARN] PackLoader:240 - Cannot read IP mode file for STMicroelectronics.X-CUBE-ISPU.1.0.0
2026-05-20 21:32:45,764 [WARN] PackLoader:240 - Cannot read IP mode file for STMicroelectronics.X-CUBE-NFC9.1.0.0
2026-05-20 21:32:45,803 [WARN] PackLoader:240 - Cannot read IP mode file for STMicroelectronics.X-CUBE-AZRTOS-H7.2.1.0
2026-05-20 21:32:45,825 [WARN] PackLoader:240 - Cannot read IP mode file for STMicroelectronics.X-CUBE-BLE1.7.1.0
2026-05-20 21:32:45,861 [WARN] PackLoader:240 - Cannot read IP mode file for STMicroelectronics.X-CUBE-TCPP.4.1.0
2026-05-20 21:32:45,876 [ERROR] Engine:466 - C:\Users\abhil\.stm32cubemx\thirdparties\pdsc\STMicroelectronics.X-CUBE-FREERTOS.1.4.0.pdsc: PDSC version is not supported
2026-05-20 21:32:45,893 [WARN] PackLoader:240 - Cannot read IP mode file for STMicroelectronics.X-CUBE-EEPRMA1.5.2.0
2026-05-20 21:32:45,912 [WARN] PackLoader:240 - Cannot read IP mode file for STMicroelectronics.X-CUBE-TOUCHGFX.4.21.3
2026-05-20 21:32:45,927 [WARN] PackLoader:240 - Cannot read IP mode file for STMicroelectronics.X-CUBE-AI.7.3.0
2026-05-20 21:32:45,944 [ERROR] Engine:466 - C:\Users\abhil\.stm32cubemx\thirdparties\pdsc\STMicroelectronics.X-CUBE-ST67W61.1.1.0.pdsc: PDSC version is not supported
2026-05-20 21:32:45,959 [WARN] PackLoader:240 - Cannot read IP mode file for STMicroelectronics.X-CUBE-AI.10.1.0
2026-05-20 21:32:45,973 [ERROR] Engine:466 - C:\Users\abhil\.stm32cubemx\thirdparties\pdsc\STMicroelectronics.FP-SNS-STAIOTCFT.1.1.0.pdsc: PDSC version is not supported
2026-05-20 21:32:46,022 [WARN] PackLoader:240 - Cannot read IP mode file for STMicroelectronics.X-CUBE-MEMS1.12.0.0
2026-05-20 21:32:46,083 [WARN] PackLoader:240 - Cannot read IP mode file for STMicroelectronics.X-CUBE-ALGOBUILD.1.3.0
2026-05-20 21:32:46,135 [WARN] PackLoader:240 - Cannot read IP mode file for STMicroelectronics.X-CUBE-MEMS1.11.2.0
2026-05-20 21:32:46,229 [WARN] PackLoader:240 - Cannot read IP mode file for STMicroelectronics.X-CUBE-AZRTOS-G0.1.1.0
2026-05-20 21:32:46,247 [WARN] PackLoader:240 - Cannot read IP mode file for STMicroelectronics.X-CUBE-SAFEA1.1.2.2
2026-05-20 21:32:46,266 [WARN] PackLoader:240 - Cannot read IP mode file for STMicroelectronics.X-CUBE-NFC4.3.0.0
2026-05-20 21:32:46,310 [WARN] PackLoader:240 - Cannot read IP mode file for SEGGER.I-CUBE-embOS.1.2.1
2026-05-20 21:32:46,348 [WARN] PackLoader:240 - Cannot read IP mode file for wolfSSL.I-CUBE-wolfMQTT.1.18.0
2026-05-20 21:32:46,369 [WARN] PackLoader:240 - Cannot read IP mode file for EmbeddedOffice.I-CUBE-FS-RTOS.1.0.1
2026-05-20 21:32:46,387 [WARN] PackLoader:240 - Cannot read IP mode file for STMicroelectronics.X-CUBE-WB05N.2.0.0
2026-05-20 21:32:46,404 [WARN] PackLoader:240 - Cannot read IP mode file for STMicroelectronics.X-CUBE-TCPP.4.2.0
2026-05-20 21:32:46,424 [WARN] PackLoader:240 - Cannot read IP mode file for RealThread.X-CUBE-RT-Thread_Nano.4.1.1
2026-05-20 21:32:46,442 [WARN] PackLoader:240 - Cannot read IP mode file for STMicroelectronics.FP-ATR-SIGFOX1.3.2.0
2026-05-20 21:32:46,461 [WARN] ConditionMgr:438 - getConditionDescription Invalid condition id : Cortex-A Device cause : null
2026-05-20 21:32:46,485 [WARN] ConditionMgr:1044 - genDependencies : Invalid condition id : Cortex-A Device cause : null
2026-05-20 21:32:46,485 [WARN] ConditionMgr:1044 - genDependencies : Invalid condition id : Cortex-A Device cause : null
2026-05-20 21:32:46,486 [WARN] ConditionMgr:1044 - genDependencies : Invalid condition id : Cortex-A Device cause : null
2026-05-20 21:32:46,502 [WARN] PackLoader:240 - Cannot read IP mode file for STMicroelectronics.X-CUBE-EEPRMA1.5.1.0
2026-05-20 21:32:46,518 [ERROR] Engine:466 - C:\Users\abhil\.stm32cubemx\thirdparties\pdsc\STMicroelectronics.X-CUBE-FREERTOS.1.5.0.pdsc: PDSC version is not supported
2026-05-20 21:32:46,537 [WARN] PackLoader:240 - Cannot read IP mode file for emotas.I-CUBE-CANOPEN.1.1.2
2026-05-20 21:32:46,555 [WARN] PackLoader:240 - Cannot read IP mode file for STMicroelectronics.X-CUBE-TOUCHGFX.4.20.0
2026-05-20 21:32:46,583 [WARN] PackLoader:240 - Cannot read IP mode file for ITTIA_DB.I-CUBE-ITTIADB.8.9.0
2026-05-20 21:32:46,602 [WARN] PackLoader:240 - Cannot read IP mode file for STMicroelectronics.X-CUBE-NFC6.3.2.0
2026-05-20 21:32:46,645 [WARN] PackLoader:240 - Cannot read IP mode file for STMicroelectronics.X-CUBE-MEMS1.9.5.0
2026-05-20 21:32:46,768 [WARN] PackLoader:240 - Cannot read IP mode file for STMicroelectronics.X-CUBE-ST67W61.1.0.0
2026-05-20 21:32:46,787 [WARN] PackLoader:240 - Cannot read IP mode file for STMicroelectronics.X-CUBE-AI.10.2.0
2026-05-20 21:32:46,838 [WARN] PackLoader:240 - Cannot read IP mode file for STMicroelectronics.X-CUBE-MEMS1.12.1.0
2026-05-20 21:32:46,923 [WARN] PackLoader:240 - Cannot read IP mode file for SEGGER.I-CUBE-embOS.1.3.1
2026-05-20 21:32:46,955 [WARN] PackLoader:240 - Cannot read IP mode file for STMicroelectronics.X-CUBE-ALGOBUILD.1.4.0
2026-05-20 21:32:47,011 [WARN] PackLoader:240 - Cannot read IP mode file for STMicroelectronics.X-CUBE-MEMS1.11.3.0
2026-05-20 21:32:47,099 [WARN] PackLoader:240 - Cannot read IP mode file for STMicroelectronics.X-CUBE-AI.9.1.0
2026-05-20 21:32:47,116 [WARN] PackLoader:240 - Cannot read IP mode file for STMicroelectronics.X-CUBE-PM33A1.1.0.0
2026-05-20 21:32:47,134 [WARN] PackLoader:240 - Cannot read IP mode file for STMicroelectronics.X-CUBE-GNSS1.6.0.0
2026-05-20 21:32:47,163 [WARN] PackLoader:240 - Cannot read IP mode file for STMicroelectronics.X-CUBE-AZRTOS-F4.1.1.0
2026-05-20 21:32:47,179 [WARN] PackLoader:240 - Cannot read IP mode file for Avnet-IotConnect.X-CUBE-IoTC-DA16k-PMOD.1.0.0
2026-05-20 21:32:47,196 [WARN] PackLoader:240 - Cannot read IP mode file for STMicroelectronics.X-CUBE-ISPU.2.1.0
2026-05-20 21:32:47,215 [ERROR] Engine:466 - C:\Users\abhil\.stm32cubemx\thirdparties\pdsc\STMicroelectronics.X-CUBE-IPS.3.2.0.pdsc: PDSC version is not supported
2026-05-20 21:32:47,231 [WARN] PackLoader:240 - Cannot read IP mode file for STMicroelectronics.eDS-WB_DPC_TT-BIDIR.2.1.1
2026-05-20 21:32:47,246 [WARN] PackLoader:240 - Cannot read IP mode file for STMicroelectronics.X-CUBE-FREERTOS.1.2.0
2026-05-20 21:32:47,264 [WARN] PackLoader:240 - Cannot read IP mode file for STMicroelectronics.X-CUBE-NFC12.1.0.0
2026-05-20 21:32:47,282 [WARN] PackLoader:240 - Cannot read IP mode file for STMicroelectronics.X-CUBE-BLEMGR.1.2.0
2026-05-20 21:32:47,308 [WARN] PackLoader:240 - Cannot read IP mode file for STMicroelectronics.X-CUBE-AZRTOS-L5.2.0.0
2026-05-20 21:32:47,324 [WARN] PackLoader:240 - Cannot read IP mode file for STMicroelectronics.X-CUBE-NFC6.3.1.0
2026-05-20 21:32:47,339 [WARN] PackLoader:240 - Cannot read IP mode file for STMicroelectronics.X-CUBE-BLEMGR.2.0.0
2026-05-20 21:32:47,355 [WARN] PackLoader:240 - Cannot read IP mode file for STMicroelectronics.X-CUBE-DPower.1.2.0
2026-05-20 21:32:47,368 [WARN] PackLoader:240 - Cannot read IP mode file for STMicroelectronics.eDS-WB_DPC_VIENNA.1.2.0
2026-05-20 21:32:47,380 [WARN] PackLoader:240 - Cannot read IP mode file for STMicroelectronics.eDS-WB_DPC_3PH2L-BIDIR.1.1.1
2026-05-20 21:32:47,395 [WARN] PackLoader:240 - Cannot read IP mode file for STMicroelectronics.X-CUBE-NFC4.2.0.4
2026-05-20 21:32:47,412 [WARN] PackLoader:240 - Cannot read IP mode file for STMicroelectronics.X-CUBE-AI.9.0.0
2026-05-20 21:32:47,435 [WARN] ConditionMgr:438 - getConditionDescription Invalid condition id : UX DEVICE CLASS RTOS Condition cause : null
2026-05-20 21:32:47,435 [WARN] ConditionMgr:438 - getConditionDescription Invalid condition id : UX DEVICE CLASS RTOS Condition cause : null
2026-05-20 21:32:47,439 [WARN] PackLoader:240 - Cannot read IP mode file for STMicroelectronics.X-CUBE-AZRTOS-H7.3.1.0
2026-05-20 21:32:47,439 [WARN] ConditionMgr:1044 - genDependencies : Invalid condition id : UX DEVICE CLASS RTOS Condition cause : null
2026-05-20 21:32:47,440 [WARN] ConditionMgr:1044 - genDependencies : Invalid condition id : UX DEVICE CLASS RTOS Condition cause : null
2026-05-20 21:32:47,440 [WARN] ConditionMgr:1044 - genDependencies : Invalid condition id : UX DEVICE CLASS RTOS Condition cause : null
2026-05-20 21:32:47,440 [WARN] ConditionMgr:1044 - genDependencies : Invalid condition id : UX DEVICE CLASS RTOS Condition cause : null
2026-05-20 21:32:47,440 [WARN] ConditionMgr:1044 - genDependencies : Invalid condition id : UX DEVICE CLASS RTOS Condition cause : null
2026-05-20 21:32:47,458 [ERROR] Engine:466 - C:\Users\abhil\.stm32cubemx\thirdparties\pdsc\STMicroelectronics.X-CUBE-ST67W61.1.3.0.pdsc: PDSC version is not supported
2026-05-20 21:32:47,474 [WARN] PackLoader:240 - Cannot read IP mode file for wolfSSL.I-CUBE-wolfSSL.5.5.1
2026-05-20 21:32:47,490 [WARN] PackLoader:240 - Cannot read IP mode file for STMicroelectronics.X-CUBE-FREERTOS.1.3.1
2026-05-20 21:32:47,504 [WARN] PackLoader:240 - Cannot read IP mode file for STMicroelectronics.X-CUBE-FREERTOS.1.3.0
2026-05-20 21:32:47,519 [WARN] PackLoader:240 - Cannot read IP mode file for STMicroelectronics.X-CUBE-NFC7.1.0.1
2026-05-20 21:32:47,535 [WARN] PackLoader:240 - Cannot read IP mode file for STMicroelectronics.X-CUBE-NFC7.1.0.0
2026-05-20 21:32:47,549 [WARN] PackLoader:240 - Cannot read IP mode file for STMicroelectronics.X-CUBE-TOUCHGFX.4.26.0
2026-05-20 21:32:47,562 [WARN] PackLoader:240 - Cannot read IP mode file for STMicroelectronics.X-CUBE-TOUCHGFX.4.26.1
2026-05-20 21:32:47,576 [WARN] PackLoader:240 - Cannot read IP mode file for STMicroelectronics.X-CUBE-EEPRMA1.4.1.0
2026-05-20 21:32:47,594 [WARN] PackLoader:240 - Cannot read IP mode file for STMicroelectronics.FP-SNS-STAIOTCFT.1.0.0
2026-05-20 21:32:47,609 [WARN] PackLoader:240 - Cannot read IP mode file for STMicroelectronics.X-CUBE-DPower.1.3.0
2026-05-20 21:32:47,636 [WARN] ConditionMgr:438 - getConditionDescription Invalid condition id : LAN8742 Phy interface Condition cause : null
2026-05-20 21:32:47,636 [WARN] PackLoader:240 - Cannot read IP mode file for STMicroelectronics.X-CUBE-AZRTOS-L4.2.0.0
2026-05-20 21:32:47,637 [WARN] ConditionMgr:1044 - genDependencies : Invalid condition id : LAN8742 Phy interface Condition cause : null
2026-05-20 21:32:47,639 [WARN] ConditionMgr:1044 - genDependencies : Invalid condition id : LAN8742 Phy interface Condition cause : null
2026-05-20 21:32:47,639 [WARN] ConditionMgr:1044 - genDependencies : Invalid condition id : LAN8742 Phy interface Condition cause : null
2026-05-20 21:32:47,660 [WARN] PackLoader:240 - Cannot read IP mode file for STMicroelectronics.X-CUBE-SFXS2LP1.4.0.0
2026-05-20 21:32:47,685 [WARN] PackLoader:240 - Cannot read IP mode file for STMicroelectronics.X-CUBE-WB05N.2.1.0
2026-05-20 21:32:47,702 [ERROR] Engine:466 - C:\Users\abhil\.stm32cubemx\thirdparties\pdsc\STMicroelectronics.X-CUBE-ST67W61.1.2.0.pdsc: PDSC version is not supported
2026-05-20 21:32:47,719 [WARN] PackLoader:240 - Cannot read IP mode file for STMicroelectronics.X-CUBE-ISPU.1.1.0
2026-05-20 21:32:47,753 [WARN] PackLoader:240 - Cannot read IP mode file for STMicroelectronics.X-CUBE-AZRTOS-H7.3.3.0
2026-05-20 21:32:47,774 [WARN] PackLoader:240 - Cannot read IP mode file for RoweBots.I-CUBE-UNISONRTOS.5.5.0-4
2026-05-20 21:32:47,795 [WARN] PackLoader:240 - Cannot read IP mode file for STMicroelectronics.X-CUBE-BLEMGR.4.1.0
2026-05-20 21:32:47,811 [WARN] PackLoader:240 - Cannot read IP mode file for STMicroelectronics.X-CUBE-AI.8.0.0
2026-05-20 21:32:47,830 [WARN] PackLoader:240 - Cannot read IP mode file for STMicroelectronics.X-CUBE-IPS.3.0.0
2026-05-20 21:32:47,856 [WARN] ConditionMgr:438 - getConditionDescription Invalid condition id : UX DEVICE CLASS RTOS Condition cause : null
2026-05-20 21:32:47,856 [WARN] ConditionMgr:438 - getConditionDescription Invalid condition id : UX DEVICE CLASS RTOS Condition cause : null
2026-05-20 21:32:47,857 [WARN] PackLoader:240 - Cannot read IP mode file for STMicroelectronics.X-CUBE-AZRTOS-WB.2.0.0
2026-05-20 21:32:47,857 [WARN] ConditionMgr:1044 - genDependencies : Invalid condition id : UX DEVICE CLASS RTOS Condition cause : null
2026-05-20 21:32:47,857 [WARN] ConditionMgr:1044 - genDependencies : Invalid condition id : UX DEVICE CLASS RTOS Condition cause : null
2026-05-20 21:32:47,857 [WARN] ConditionMgr:1044 - genDependencies : Invalid condition id : UX DEVICE CLASS RTOS Condition cause : null
2026-05-20 21:32:47,858 [WARN] ConditionMgr:1044 - genDependencies : Invalid condition id : UX DEVICE CLASS RTOS Condition cause : null
2026-05-20 21:32:47,858 [WARN] ConditionMgr:1044 - genDependencies : Invalid condition id : UX DEVICE CLASS RTOS Condition cause : null
2026-05-20 21:32:47,871 [WARN] PackLoader:240 - Cannot read IP mode file for STMicroelectronics.X-CUBE-FREERTOS.1.0.1
2026-05-20 21:32:47,883 [WARN] PackLoader:240 - Cannot read IP mode file for STMicroelectronics.X-CUBE-GNSS1.7.0.0
2026-05-20 21:32:47,896 [WARN] PackLoader:240 - Cannot read IP mode file for STMicroelectronics.X-CUBE-GNSS1.7.0.1
2026-05-20 21:32:47,910 [WARN] PackLoader:240 - Cannot read IP mode file for STMicroelectronics.X-CUBE-TOUCHGFX.4.25.0
2026-05-20 21:32:47,924 [WARN] PackLoader:240 - Cannot read IP mode file for STMicroelectronics.FP-SNS-STBOX1.2.0.0
2026-05-20 21:32:47,945 [WARN] PackLoader:240 - Cannot read IP mode file for STMicroelectronics.X-CUBE-STSE01.2.0.0
2026-05-20 21:32:47,967 [WARN] PackLoader:240 - Cannot read IP mode file for STMicroelectronics.X-CUBE-AZRTOS-L5.1.1.0
2026-05-20 21:32:47,989 [WARN] PackLoader:240 - Cannot read IP mode file for STMicroelectronics.X-CUBE-SUBG2.5.0.0
2026-05-20 21:32:48,018 [WARN] PackLoader:240 - Cannot read IP mode file for STMicroelectronics.X-CUBE-AZRTOS-H7RS.1.1.0
2026-05-20 21:32:48,040 [WARN] PackLoader:240 - Cannot read IP mode file for Cesanta.I-CUBE-Mongoose.7.13.0
2026-05-20 21:32:48,069 [WARN] PackLoader:240 - Cannot read IP mode file for STMicroelectronics.X-CUBE-AZRTOS-G4.2.0.0
2026-05-20 21:32:48,090 [WARN] PackLoader:240 - Cannot read IP mode file for STMicroelectronics.X-CUBE-TOF1.3.3.0
2026-05-20 21:32:48,108 [WARN] PackLoader:240 - Cannot read IP mode file for STMicroelectronics.FP-ATR-ASTRA1.1.1.1
2026-05-20 21:32:48,124 [WARN] PackLoader:240 - Cannot read IP mode file for STMicroelectronics.X-CUBE-NFC7.2.0.0
2026-05-20 21:32:48,158 [WARN] PackLoader:240 - Cannot read IP mode file for STMicroelectronics.X-CUBE-AZRTOS-G4.1.0.0
2026-05-20 21:32:48,183 [WARN] PackLoader:240 - Cannot read IP mode file for STMicroelectronics.X-CUBE-AZRTOS-L4.1.0.0
2026-05-20 21:32:48,200 [WARN] PackLoader:240 - Cannot read IP mode file for STMicroelectronics.X-CUBE-ISPU.2.0.0
2026-05-20 21:32:48,221 [WARN] PackLoader:240 - Cannot read IP mode file for STMicroelectronics.X-CUBE-IPS.3.1.0
2026-05-20 21:32:48,240 [WARN] PackLoader:240 - Cannot read IP mode file for STMicroelectronics.X-CUBE-ALS.1.0.2
2026-05-20 21:32:48,281 [WARN] PackLoader:240 - Cannot read IP mode file for STMicroelectronics.X-CUBE-MEMS1.10.0.0
2026-05-20 21:32:48,358 [WARN] PackLoader:240 - Cannot read IP mode file for STMicroelectronics.X-CUBE-TOUCHGFX.4.24.2
2026-05-20 21:32:48,380 [WARN] PackLoader:240 - Cannot read IP mode file for STMicroelectronics.X-CUBE-AZRTOS-WL.1.0.0
2026-05-20 21:32:48,393 [WARN] PackLoader:240 - Cannot read IP mode file for STMicroelectronics.X-CUBE-TOUCHGFX.4.24.1
2026-05-20 21:32:48,412 [WARN] PackLoader:240 - Cannot read IP mode file for STMicroelectronics.X-CUBE-STSE01.1.0.0
2026-05-20 21:32:48,427 [WARN] PackLoader:240 - Cannot read IP mode file for wolfSSL.I-CUBE-wolfTPM.3.4.0
2026-05-20 21:32:48,450 [WARN] PackLoader:240 - Cannot read IP mode file for portGmbH.I-Cube-SoM-uGOAL.1.1.0
2026-05-20 21:32:48,464 [WARN] PackLoader:240 - Cannot read IP mode file for STMicroelectronics.X-CUBE-ALS.1.0.1
2026-05-20 21:32:48,484 [WARN] PackLoader:240 - Cannot read IP mode file for STMicroelectronics.X-CUBE-AZRTOS-WB.1.1.0
2026-05-20 21:32:48,507 [WARN] PackLoader:240 - Cannot read IP mode file for STMicroelectronics.X-CUBE-AZRTOS-L5.1.0.0
2026-05-20 21:32:48,521 [WARN] PackLoader:240 - Cannot read IP mode file for STMicroelectronics.X-CUBE-EEPRMA1.3.1.1
2026-05-20 21:32:48,544 [WARN] PackLoader:240 - Cannot read IP mode file for STMicroelectronics.X-CUBE-AZRTOS-H7RS.1.0.0
2026-05-20 21:32:48,558 [WARN] PackLoader:240 - Cannot read IP mode file for STMicroelectronics.FP-ATR-ASTRA1.2.0.0
2026-05-20 21:32:48,575 [WARN] PackLoader:240 - Cannot read IP mode file for STMicroelectronics.X-CUBE-TOF1.3.4.2
2026-05-20 21:32:48,596 [WARN] PackLoader:240 - Cannot read IP mode file for STMicroelectronics.X-CUBE-TOF1.3.4.3
2026-05-20 21:32:48,621 [WARN] PackLoader:240 - Cannot read IP mode file for STMicroelectronics.X-CUBE-TOF1.3.4.1
2026-05-20 21:32:48,650 [WARN] PackLoader:240 - Cannot read IP mode file for STMicroelectronics.X-CUBE-AZRTOS-H7.3.2.0
2026-05-20 21:32:48,674 [WARN] PackLoader:240 - Cannot read IP mode file for Infineon.AIROC-Wi-Fi-Bluetooth-STM32.1.6.0
2026-05-20 21:32:48,691 [WARN] PackLoader:240 - Cannot read IP mode file for wolfSSL.I-CUBE-wolfSSH.1.4.17
2026-05-20 21:32:48,692 [INFO] ThirdParty:978 - Integrity check success = true
2026-05-20 21:32:48,692 [INFO] IntegrityCheckThread:100 - exiting critical section [integrity check]
2026-05-20 21:32:48,692 [INFO] IntegrityCheckThread:103 - End integrity checks thread
