2026-04-08 00:30:43,103 [INFO] I2sManager:658 - 1.1875E8
2026-04-08 00:30:43,168 [INFO] I2sManager:195 - I2S Clock Value : 1.1875E8
2026-04-08 00:30:43,168 [INFO] I2sManager:553 - AudioClock : 31990Divider : 58Odd : 0
2026-04-08 00:30:51,114 [INFO] NvicIntPanel:101 - NVIC parent = com.st.microxplorer.plugins.ip.nvic.MultiNvicIntPanel[,0,0,0x0,invalid,layout=javax.swing.BoxLayout,alignmentX=0.0,alignmentY=0.0,border=,flags=9,maximumSize=,minimumSize=,preferredSize=]
2026-04-08 00:30:51,169 [INFO] I2sManager:658 - 1.1875E8
2026-04-08 00:30:51,169 [INFO] I2sManager:195 - I2S Clock Value : 1.1875E8
2026-04-08 00:30:51,170 [INFO] I2sManager:553 - AudioClock : 21958Divider : 84Odd : 1
2026-04-08 00:30:51,234 [INFO] NvicIntPanel:101 - NVIC parent = com.st.microxplorer.plugins.ip.nvic.MultiNvicIntPanel[,0,0,0x0,invalid,layout=javax.swing.BoxLayout,alignmentX=0.0,alignmentY=0.0,border=,flags=9,maximumSize=,minimumSize=,preferredSize=]
2026-04-08 00:30:54,883 [INFO] UtilMem:75 - End SaveConfig() Used Memory: 834864160 Bytes (1073741824)
2026-04-08 00:30:56,784 [INFO] UtilMem:75 - End SaveConfig() Used Memory: 855835680 Bytes (1073741824)
2026-04-08 00:30:59,483 [INFO] UtilMem:75 - End SaveConfig() Used Memory: 946535456 Bytes (1073741824)
2026-04-08 00:30:59,882 [INFO] BlockDiagram:2775 - set Specific Code input for plugin: NVIC
2026-04-08 00:30:59,882 [INFO] BlockDiagram:2775 - set Specific Code input for plugin: DMA
2026-04-08 00:30:59,882 [INFO] BlockDiagram:2775 - set Specific Code input for plugin: TIM1_8
2026-04-08 00:30:59,883 [INFO] BlockDiagram:2775 - set Specific Code input for plugin: TIM1_8
2026-04-08 00:30:59,883 [INFO] BlockDiagram:2775 - set Specific Code input for plugin: TIM1_8
2026-04-08 00:30:59,883 [INFO] BlockDiagram:2775 - set Specific Code input for plugin: I2S
2026-04-08 00:30:59,883 [INFO] BlockDiagram:2775 - set Specific Code input for plugin: SYS
2026-04-08 00:30:59,883 [INFO] BlockDiagram:2775 - set Specific Code input for plugin: GPIO
2026-04-08 00:30:59,884 [INFO] BlockDiagram:2775 - set Specific Code input for plugin: ADC
2026-04-08 00:30:59,884 [INFO] BlockDiagram:2775 - set Specific Code input for plugin: RCC
2026-04-08 00:30:59,885 [INFO] CodeGenerator:882 - code generatio: config db path: C:\ST\STM32CubeIDE_1.10.1\STM32CubeIDE\plugins\com.st.stm32cube.common.mx_6.14.1.202504091515\\db\
2026-04-08 00:30:59,900 [INFO] Argument:325 - Argument : hdmavalue: null
2026-04-08 00:30:59,900 [INFO] Argument:327 - 	 sub Args: 
2026-04-08 00:30:59,900 [INFO] Argument:325 - Argument : Instancevalue: DMA2_Stream0
2026-04-08 00:30:59,900 [INFO] Argument:335 - Argument : Instancevalue: DMA2_Stream0
2026-04-08 00:30:59,901 [INFO] Argument:325 - Argument : Initvalue: null
2026-04-08 00:30:59,901 [INFO] Argument:327 - 	 sub Args: 
2026-04-08 00:30:59,901 [INFO] Argument:325 - Argument : Channelvalue: DMA_CHANNEL_0
2026-04-08 00:30:59,901 [INFO] Argument:335 - Argument : Channelvalue: DMA_CHANNEL_0
2026-04-08 00:30:59,901 [INFO] Argument:325 - Argument : Directionvalue: DMA_PERIPH_TO_MEMORY
2026-04-08 00:30:59,901 [INFO] Argument:335 - Argument : Directionvalue: DMA_PERIPH_TO_MEMORY
2026-04-08 00:30:59,901 [INFO] Argument:325 - Argument : PeriphIncvalue: DMA_PINC_DISABLE
2026-04-08 00:30:59,901 [INFO] Argument:335 - Argument : PeriphIncvalue: DMA_PINC_DISABLE
2026-04-08 00:30:59,901 [INFO] Argument:325 - Argument : MemIncvalue: DMA_MINC_ENABLE
2026-04-08 00:30:59,901 [INFO] Argument:335 - Argument : MemIncvalue: DMA_MINC_ENABLE
2026-04-08 00:30:59,902 [INFO] Argument:325 - Argument : PeriphDataAlignmentvalue: DMA_PDATAALIGN_HALFWORD
2026-04-08 00:30:59,902 [INFO] Argument:335 - Argument : PeriphDataAlignmentvalue: DMA_PDATAALIGN_HALFWORD
2026-04-08 00:30:59,902 [INFO] Argument:325 - Argument : MemDataAlignmentvalue: DMA_MDATAALIGN_HALFWORD
2026-04-08 00:30:59,902 [INFO] Argument:335 - Argument : MemDataAlignmentvalue: DMA_MDATAALIGN_HALFWORD
2026-04-08 00:30:59,902 [INFO] Argument:325 - Argument : Modevalue: DMA_CIRCULAR
2026-04-08 00:30:59,902 [INFO] Argument:335 - Argument : Modevalue: DMA_CIRCULAR
2026-04-08 00:30:59,902 [INFO] Argument:325 - Argument : Priorityvalue: DMA_PRIORITY_LOW
2026-04-08 00:30:59,902 [INFO] Argument:335 - Argument : Priorityvalue: DMA_PRIORITY_LOW
2026-04-08 00:30:59,902 [INFO] Argument:325 - Argument : FIFOModevalue: DMA_FIFOMODE_DISABLE
2026-04-08 00:30:59,903 [INFO] Argument:335 - Argument : FIFOModevalue: DMA_FIFOMODE_DISABLE
2026-04-08 00:30:59,903 [INFO] Argument:325 - Argument : FIFOThresholdvalue: null
2026-04-08 00:30:59,903 [INFO] Argument:335 - Argument : FIFOThresholdvalue: null
2026-04-08 00:30:59,903 [INFO] Argument:325 - Argument : MemBurstvalue: null
2026-04-08 00:30:59,903 [INFO] Argument:335 - Argument : MemBurstvalue: null
2026-04-08 00:30:59,903 [INFO] Argument:325 - Argument : PeriphBurstvalue: null
2026-04-08 00:30:59,903 [INFO] Argument:335 - Argument : PeriphBurstvalue: null
2026-04-08 00:30:59,903 [INFO] Argument:325 - Argument : Lockvalue: null
2026-04-08 00:30:59,903 [INFO] Argument:335 - Argument : Lockvalue: null
2026-04-08 00:30:59,903 [INFO] Argument:325 - Argument : Statevalue: null
2026-04-08 00:30:59,903 [INFO] Argument:335 - Argument : Statevalue: null
2026-04-08 00:30:59,903 [INFO] Argument:325 - Argument : Parentvalue: null
2026-04-08 00:30:59,903 [INFO] Argument:335 - Argument : Parentvalue: null
2026-04-08 00:30:59,903 [INFO] Argument:325 - Argument : XferCpltCallbackvalue: null
2026-04-08 00:30:59,903 [INFO] Argument:335 - Argument : XferCpltCallbackvalue: null
2026-04-08 00:30:59,903 [INFO] Argument:325 - Argument : XferHalfCpltCallbackvalue: null
2026-04-08 00:30:59,904 [INFO] Argument:335 - Argument : XferHalfCpltCallbackvalue: null
2026-04-08 00:30:59,904 [INFO] Argument:325 - Argument : XferM1CpltCallbackvalue: null
2026-04-08 00:30:59,904 [INFO] Argument:335 - Argument : XferM1CpltCallbackvalue: null
2026-04-08 00:30:59,904 [INFO] Argument:325 - Argument : XferErrorCallbackvalue: null
2026-04-08 00:30:59,904 [INFO] Argument:335 - Argument : XferErrorCallbackvalue: null
2026-04-08 00:30:59,904 [INFO] Argument:325 - Argument : ErrorCodevalue: null
2026-04-08 00:30:59,904 [INFO] Argument:335 - Argument : ErrorCodevalue: null
2026-04-08 00:30:59,906 [INFO] Argument:325 - Argument : hdmavalue: null
2026-04-08 00:30:59,907 [INFO] Argument:327 - 	 sub Args: 
2026-04-08 00:30:59,907 [INFO] Argument:325 - Argument : Instancevalue: DMA1_Stream4
2026-04-08 00:30:59,908 [INFO] Argument:335 - Argument : Instancevalue: DMA1_Stream4
2026-04-08 00:30:59,909 [INFO] Argument:325 - Argument : Initvalue: null
2026-04-08 00:30:59,910 [INFO] Argument:327 - 	 sub Args: 
2026-04-08 00:30:59,910 [INFO] Argument:325 - Argument : Channelvalue: DMA_CHANNEL_0
2026-04-08 00:30:59,911 [INFO] Argument:335 - Argument : Channelvalue: DMA_CHANNEL_0
2026-04-08 00:30:59,911 [INFO] Argument:325 - Argument : Directionvalue: DMA_MEMORY_TO_PERIPH
2026-04-08 00:30:59,911 [INFO] Argument:335 - Argument : Directionvalue: DMA_MEMORY_TO_PERIPH
2026-04-08 00:30:59,912 [INFO] Argument:325 - Argument : PeriphIncvalue: DMA_PINC_DISABLE
2026-04-08 00:30:59,912 [INFO] Argument:335 - Argument : PeriphIncvalue: DMA_PINC_DISABLE
2026-04-08 00:30:59,912 [INFO] Argument:325 - Argument : MemIncvalue: DMA_MINC_ENABLE
2026-04-08 00:30:59,912 [INFO] Argument:335 - Argument : MemIncvalue: DMA_MINC_ENABLE
2026-04-08 00:30:59,912 [INFO] Argument:325 - Argument : PeriphDataAlignmentvalue: DMA_PDATAALIGN_HALFWORD
2026-04-08 00:30:59,912 [INFO] Argument:335 - Argument : PeriphDataAlignmentvalue: DMA_PDATAALIGN_HALFWORD
2026-04-08 00:30:59,912 [INFO] Argument:325 - Argument : MemDataAlignmentvalue: DMA_MDATAALIGN_HALFWORD
2026-04-08 00:30:59,912 [INFO] Argument:335 - Argument : MemDataAlignmentvalue: DMA_MDATAALIGN_HALFWORD
2026-04-08 00:30:59,913 [INFO] Argument:325 - Argument : Modevalue: DMA_CIRCULAR
2026-04-08 00:30:59,913 [INFO] Argument:335 - Argument : Modevalue: DMA_CIRCULAR
2026-04-08 00:30:59,913 [INFO] Argument:325 - Argument : Priorityvalue: DMA_PRIORITY_VERY_HIGH
2026-04-08 00:30:59,913 [INFO] Argument:335 - Argument : Priorityvalue: DMA_PRIORITY_VERY_HIGH
2026-04-08 00:30:59,913 [INFO] Argument:325 - Argument : FIFOModevalue: DMA_FIFOMODE_DISABLE
2026-04-08 00:30:59,913 [INFO] Argument:335 - Argument : FIFOModevalue: DMA_FIFOMODE_DISABLE
2026-04-08 00:30:59,913 [INFO] Argument:325 - Argument : FIFOThresholdvalue: null
2026-04-08 00:30:59,913 [INFO] Argument:335 - Argument : FIFOThresholdvalue: null
2026-04-08 00:30:59,913 [INFO] Argument:325 - Argument : MemBurstvalue: null
2026-04-08 00:30:59,913 [INFO] Argument:335 - Argument : MemBurstvalue: null
2026-04-08 00:30:59,913 [INFO] Argument:325 - Argument : PeriphBurstvalue: null
2026-04-08 00:30:59,913 [INFO] Argument:335 - Argument : PeriphBurstvalue: null
2026-04-08 00:30:59,913 [INFO] Argument:325 - Argument : Lockvalue: null
2026-04-08 00:30:59,913 [INFO] Argument:335 - Argument : Lockvalue: null
2026-04-08 00:30:59,914 [INFO] Argument:325 - Argument : Statevalue: null
2026-04-08 00:30:59,914 [INFO] Argument:335 - Argument : Statevalue: null
2026-04-08 00:30:59,914 [INFO] Argument:325 - Argument : Parentvalue: null
2026-04-08 00:30:59,914 [INFO] Argument:335 - Argument : Parentvalue: null
2026-04-08 00:30:59,914 [INFO] Argument:325 - Argument : XferCpltCallbackvalue: null
2026-04-08 00:30:59,914 [INFO] Argument:335 - Argument : XferCpltCallbackvalue: null
2026-04-08 00:30:59,914 [INFO] Argument:325 - Argument : XferHalfCpltCallbackvalue: null
2026-04-08 00:30:59,914 [INFO] Argument:335 - Argument : XferHalfCpltCallbackvalue: null
2026-04-08 00:30:59,914 [INFO] Argument:325 - Argument : XferM1CpltCallbackvalue: null
2026-04-08 00:30:59,914 [INFO] Argument:335 - Argument : XferM1CpltCallbackvalue: null
2026-04-08 00:30:59,914 [INFO] Argument:325 - Argument : XferErrorCallbackvalue: null
2026-04-08 00:30:59,914 [INFO] Argument:335 - Argument : XferErrorCallbackvalue: null
2026-04-08 00:30:59,914 [INFO] Argument:325 - Argument : ErrorCodevalue: null
2026-04-08 00:30:59,914 [INFO] Argument:335 - Argument : ErrorCodevalue: null
2026-04-08 00:31:00,021 [INFO] CodeEngine:263 - oldGeneratedFile, D:\Projects\Ventures\Mruda\01_Technical\MCU_Software\MCU_3.1.0\Mruda_f411\MXTmpFiles\license.tmp_save
2026-04-08 00:31:00,322 [INFO] CodeEngine:287 - Generated code: D:\Projects\Ventures\Mruda\01_Technical\MCU_Software\MCU_3.1.0\Mruda_f411\MXTmpFiles\license.tmp
2026-04-08 00:31:00,370 [INFO] CodeEngine:263 - oldGeneratedFile, D:\Projects\Ventures\Mruda\01_Technical\MCU_Software\MCU_3.1.0\Mruda_f411\MXTmpFiles\gpio.tmp_save
2026-04-08 00:31:00,526 [INFO] CodeEngine:287 - Generated code: D:\Projects\Ventures\Mruda\01_Technical\MCU_Software\MCU_3.1.0\Mruda_f411\MXTmpFiles\gpio.tmp
2026-04-08 00:31:00,913 [INFO] CodeEngine:263 - oldGeneratedFile, D:\Projects\Ventures\Mruda\01_Technical\MCU_Software\MCU_3.1.0\Mruda_f411\MXTmpFiles\dma.tmp_save
2026-04-08 00:31:01,033 [INFO] CodeEngine:287 - Generated code: D:\Projects\Ventures\Mruda\01_Technical\MCU_Software\MCU_3.1.0\Mruda_f411\MXTmpFiles\dma.tmp
2026-04-08 00:31:01,039 [INFO] CodeEngine:263 - oldGeneratedFile, D:\Projects\Ventures\Mruda\01_Technical\MCU_Software\MCU_3.1.0\Mruda_f411\MXTmpFiles\dma_GV.tmp_save
2026-04-08 00:31:01,136 [INFO] CodeEngine:287 - Generated code: D:\Projects\Ventures\Mruda\01_Technical\MCU_Software\MCU_3.1.0\Mruda_f411\MXTmpFiles\dma_GV.tmp
2026-04-08 00:31:01,170 [INFO] CodeEngine:263 - oldGeneratedFile, D:\Projects\Ventures\Mruda\01_Technical\MCU_Software\MCU_3.1.0\Mruda_f411\Core\Src\stm32f4xx_it.c_save
2026-04-08 00:31:01,413 [INFO] CodeEngine:287 - Generated code: D:\Projects\Ventures\Mruda\01_Technical\MCU_Software\MCU_3.1.0\Mruda_f411\Core\Src\stm32f4xx_it.c
2026-04-08 00:31:01,420 [INFO] CodeEngine:263 - oldGeneratedFile, D:\Projects\Ventures\Mruda\01_Technical\MCU_Software\MCU_3.1.0\Mruda_f411\Core\Inc\stm32f4xx_it.h_save
2026-04-08 00:31:01,522 [INFO] CodeEngine:287 - Generated code: D:\Projects\Ventures\Mruda\01_Technical\MCU_Software\MCU_3.1.0\Mruda_f411\Core\Inc\stm32f4xx_it.h
2026-04-08 00:31:01,555 [INFO] CodeEngine:263 - oldGeneratedFile, D:\Projects\Ventures\Mruda\01_Technical\MCU_Software\MCU_3.1.0\Mruda_f411\Core\Src\stm32f4xx_hal_msp.c_save
2026-04-08 00:31:01,781 [INFO] CodeEngine:287 - Generated code: D:\Projects\Ventures\Mruda\01_Technical\MCU_Software\MCU_3.1.0\Mruda_f411\Core\Src\stm32f4xx_hal_msp.c
2026-04-08 00:31:01,797 [INFO] CodeEngine:263 - oldGeneratedFile, D:\Projects\Ventures\Mruda\01_Technical\MCU_Software\MCU_3.1.0\Mruda_f411\MXTmpFiles\system.tmp_save
2026-04-08 00:31:01,880 [INFO] CodeEngine:287 - Generated code: D:\Projects\Ventures\Mruda\01_Technical\MCU_Software\MCU_3.1.0\Mruda_f411\MXTmpFiles\system.tmp
2026-04-08 00:31:01,910 [INFO] CodeEngine:319 - oldGeneratedFile, D:\Projects\Ventures\Mruda\01_Technical\MCU_Software\MCU_3.1.0\Mruda_f411\Core\Inc\stm32f4xx_hal_conf.h_save
2026-04-08 00:31:02,035 [INFO] CodeEngine:343 - Generated code: D:\Projects\Ventures\Mruda\01_Technical\MCU_Software\MCU_3.1.0\Mruda_f411\Core\Inc\stm32f4xx_hal_conf.h
2026-04-08 00:31:02,071 [WARN] IPConfigManager:3790 - IP not found : TIM
2026-04-08 00:31:02,072 [WARN] CodeGenerator:4198 - IP not found : null
2026-04-08 00:31:02,096 [INFO] CodeEngine:263 - oldGeneratedFile, D:\Projects\Ventures\Mruda\01_Technical\MCU_Software\MCU_3.1.0\Mruda_f411\Core\Inc\main.h_save
2026-04-08 00:31:02,210 [INFO] CodeEngine:287 - Generated code: D:\Projects\Ventures\Mruda\01_Technical\MCU_Software\MCU_3.1.0\Mruda_f411\Core\Inc\main.h
2026-04-08 00:31:02,228 [INFO] CodeEngine:263 - oldGeneratedFile, D:\Projects\Ventures\Mruda\01_Technical\MCU_Software\MCU_3.1.0\Mruda_f411\Core\Src\main.c_save
2026-04-08 00:31:02,465 [INFO] CodeEngine:287 - Generated code: D:\Projects\Ventures\Mruda\01_Technical\MCU_Software\MCU_3.1.0\Mruda_f411\Core\Src\main.c
2026-04-08 00:31:03,035 [INFO] ProjectBuilder:3324 - Time for Copy HAL[1] : 336mS.
2026-04-08 00:31:03,039 [INFO] ProjectBuilder:4912 - Project Generator version: 4.6.0.1-B1
2026-04-08 00:31:03,147 [INFO] ConfigFileManager:1590 - The Die is : DIE431
2026-04-08 00:31:04,363 [INFO] ProjectBuilder:5191 - Time for Generating toolchain IDE Files: 1324mS.
2026-04-08 00:31:04,367 [INFO] ProjectBuilder:3181 - Time for Copy CMSIS : 4mS.
2026-04-08 00:31:04,372 [INFO] ProjectBuilder:3181 - Time for Copy CMSIS : 0mS.
2026-04-08 00:38:14,385 [INFO] NvicIntPanel:101 - NVIC parent = com.st.microxplorer.plugins.ip.nvic.MultiNvicIntPanel[,0,0,0x0,invalid,layout=javax.swing.BoxLayout,alignmentX=0.0,alignmentY=0.0,border=,flags=9,maximumSize=,minimumSize=,preferredSize=]
2026-04-08 00:38:14,439 [INFO] I2sManager:658 - 1.1875E8
2026-04-08 00:38:14,439 [INFO] I2sManager:195 - I2S Clock Value : 1.1875E8
2026-04-08 00:38:14,439 [INFO] I2sManager:553 - AudioClock : 44177Divider : 42Odd : 0
2026-04-08 00:38:14,500 [INFO] NvicIntPanel:101 - NVIC parent = com.st.microxplorer.plugins.ip.nvic.MultiNvicIntPanel[,0,0,0x0,invalid,layout=javax.swing.BoxLayout,alignmentX=0.0,alignmentY=0.0,border=,flags=9,maximumSize=,minimumSize=,preferredSize=]
2026-04-08 00:38:17,824 [INFO] UtilMem:75 - End SaveConfig() Used Memory: 859507432 Bytes (1073741824)
2026-04-08 00:38:18,854 [INFO] UtilMem:75 - End SaveConfig() Used Memory: 878381800 Bytes (1073741824)
2026-04-08 00:38:20,980 [INFO] UtilMem:75 - End SaveConfig() Used Memory: 968559336 Bytes (1073741824)
2026-04-08 00:38:21,140 [INFO] BlockDiagram:2775 - set Specific Code input for plugin: NVIC
2026-04-08 00:38:21,140 [INFO] BlockDiagram:2775 - set Specific Code input for plugin: DMA
2026-04-08 00:38:21,140 [INFO] BlockDiagram:2775 - set Specific Code input for plugin: TIM1_8
2026-04-08 00:38:21,140 [INFO] BlockDiagram:2775 - set Specific Code input for plugin: TIM1_8
2026-04-08 00:38:21,140 [INFO] BlockDiagram:2775 - set Specific Code input for plugin: TIM1_8
2026-04-08 00:38:21,140 [INFO] BlockDiagram:2775 - set Specific Code input for plugin: I2S
2026-04-08 00:38:21,140 [INFO] BlockDiagram:2775 - set Specific Code input for plugin: SYS
2026-04-08 00:38:21,142 [INFO] BlockDiagram:2775 - set Specific Code input for plugin: GPIO
2026-04-08 00:38:21,142 [INFO] BlockDiagram:2775 - set Specific Code input for plugin: ADC
2026-04-08 00:38:21,142 [INFO] BlockDiagram:2775 - set Specific Code input for plugin: RCC
2026-04-08 00:38:21,143 [INFO] CodeGenerator:882 - code generatio: config db path: C:\ST\STM32CubeIDE_1.10.1\STM32CubeIDE\plugins\com.st.stm32cube.common.mx_6.14.1.202504091515\\db\
2026-04-08 00:38:21,148 [INFO] Argument:325 - Argument : hdmavalue: null
2026-04-08 00:38:21,149 [INFO] Argument:327 - 	 sub Args: 
2026-04-08 00:38:21,149 [INFO] Argument:325 - Argument : Instancevalue: DMA2_Stream0
2026-04-08 00:38:21,149 [INFO] Argument:335 - Argument : Instancevalue: DMA2_Stream0
2026-04-08 00:38:21,149 [INFO] Argument:325 - Argument : Initvalue: null
2026-04-08 00:38:21,149 [INFO] Argument:327 - 	 sub Args: 
2026-04-08 00:38:21,149 [INFO] Argument:325 - Argument : Channelvalue: DMA_CHANNEL_0
2026-04-08 00:38:21,149 [INFO] Argument:335 - Argument : Channelvalue: DMA_CHANNEL_0
2026-04-08 00:38:21,149 [INFO] Argument:325 - Argument : Directionvalue: DMA_PERIPH_TO_MEMORY
2026-04-08 00:38:21,149 [INFO] Argument:335 - Argument : Directionvalue: DMA_PERIPH_TO_MEMORY
2026-04-08 00:38:21,149 [INFO] Argument:325 - Argument : PeriphIncvalue: DMA_PINC_DISABLE
2026-04-08 00:38:21,149 [INFO] Argument:335 - Argument : PeriphIncvalue: DMA_PINC_DISABLE
2026-04-08 00:38:21,149 [INFO] Argument:325 - Argument : MemIncvalue: DMA_MINC_ENABLE
2026-04-08 00:38:21,150 [INFO] Argument:335 - Argument : MemIncvalue: DMA_MINC_ENABLE
2026-04-08 00:38:21,150 [INFO] Argument:325 - Argument : PeriphDataAlignmentvalue: DMA_PDATAALIGN_HALFWORD
2026-04-08 00:38:21,150 [INFO] Argument:335 - Argument : PeriphDataAlignmentvalue: DMA_PDATAALIGN_HALFWORD
2026-04-08 00:38:21,150 [INFO] Argument:325 - Argument : MemDataAlignmentvalue: DMA_MDATAALIGN_HALFWORD
2026-04-08 00:38:21,150 [INFO] Argument:335 - Argument : MemDataAlignmentvalue: DMA_MDATAALIGN_HALFWORD
2026-04-08 00:38:21,150 [INFO] Argument:325 - Argument : Modevalue: DMA_CIRCULAR
2026-04-08 00:38:21,150 [INFO] Argument:335 - Argument : Modevalue: DMA_CIRCULAR
2026-04-08 00:38:21,150 [INFO] Argument:325 - Argument : Priorityvalue: DMA_PRIORITY_LOW
2026-04-08 00:38:21,150 [INFO] Argument:335 - Argument : Priorityvalue: DMA_PRIORITY_LOW
2026-04-08 00:38:21,150 [INFO] Argument:325 - Argument : FIFOModevalue: DMA_FIFOMODE_DISABLE
2026-04-08 00:38:21,150 [INFO] Argument:335 - Argument : FIFOModevalue: DMA_FIFOMODE_DISABLE
2026-04-08 00:38:21,150 [INFO] Argument:325 - Argument : FIFOThresholdvalue: null
2026-04-08 00:38:21,150 [INFO] Argument:335 - Argument : FIFOThresholdvalue: null
2026-04-08 00:38:21,150 [INFO] Argument:325 - Argument : MemBurstvalue: null
2026-04-08 00:38:21,150 [INFO] Argument:335 - Argument : MemBurstvalue: null
2026-04-08 00:38:21,150 [INFO] Argument:325 - Argument : PeriphBurstvalue: null
2026-04-08 00:38:21,150 [INFO] Argument:335 - Argument : PeriphBurstvalue: null
2026-04-08 00:38:21,150 [INFO] Argument:325 - Argument : Lockvalue: null
2026-04-08 00:38:21,150 [INFO] Argument:335 - Argument : Lockvalue: null
2026-04-08 00:38:21,150 [INFO] Argument:325 - Argument : Statevalue: null
2026-04-08 00:38:21,150 [INFO] Argument:335 - Argument : Statevalue: null
2026-04-08 00:38:21,150 [INFO] Argument:325 - Argument : Parentvalue: null
2026-04-08 00:38:21,150 [INFO] Argument:335 - Argument : Parentvalue: null
2026-04-08 00:38:21,150 [INFO] Argument:325 - Argument : XferCpltCallbackvalue: null
2026-04-08 00:38:21,150 [INFO] Argument:335 - Argument : XferCpltCallbackvalue: null
2026-04-08 00:38:21,150 [INFO] Argument:325 - Argument : XferHalfCpltCallbackvalue: null
2026-04-08 00:38:21,150 [INFO] Argument:335 - Argument : XferHalfCpltCallbackvalue: null
2026-04-08 00:38:21,150 [INFO] Argument:325 - Argument : XferM1CpltCallbackvalue: null
2026-04-08 00:38:21,150 [INFO] Argument:335 - Argument : XferM1CpltCallbackvalue: null
2026-04-08 00:38:21,151 [INFO] Argument:325 - Argument : XferErrorCallbackvalue: null
2026-04-08 00:38:21,151 [INFO] Argument:335 - Argument : XferErrorCallbackvalue: null
2026-04-08 00:38:21,151 [INFO] Argument:325 - Argument : ErrorCodevalue: null
2026-04-08 00:38:21,151 [INFO] Argument:335 - Argument : ErrorCodevalue: null
2026-04-08 00:38:21,151 [INFO] Argument:325 - Argument : hdmavalue: null
2026-04-08 00:38:21,152 [INFO] Argument:327 - 	 sub Args: 
2026-04-08 00:38:21,152 [INFO] Argument:325 - Argument : Instancevalue: DMA1_Stream4
2026-04-08 00:38:21,152 [INFO] Argument:335 - Argument : Instancevalue: DMA1_Stream4
2026-04-08 00:38:21,152 [INFO] Argument:325 - Argument : Initvalue: null
2026-04-08 00:38:21,152 [INFO] Argument:327 - 	 sub Args: 
2026-04-08 00:38:21,152 [INFO] Argument:325 - Argument : Channelvalue: DMA_CHANNEL_0
2026-04-08 00:38:21,152 [INFO] Argument:335 - Argument : Channelvalue: DMA_CHANNEL_0
2026-04-08 00:38:21,152 [INFO] Argument:325 - Argument : Directionvalue: DMA_MEMORY_TO_PERIPH
2026-04-08 00:38:21,152 [INFO] Argument:335 - Argument : Directionvalue: DMA_MEMORY_TO_PERIPH
2026-04-08 00:38:21,152 [INFO] Argument:325 - Argument : PeriphIncvalue: DMA_PINC_DISABLE
2026-04-08 00:38:21,152 [INFO] Argument:335 - Argument : PeriphIncvalue: DMA_PINC_DISABLE
2026-04-08 00:38:21,152 [INFO] Argument:325 - Argument : MemIncvalue: DMA_MINC_ENABLE
2026-04-08 00:38:21,152 [INFO] Argument:335 - Argument : MemIncvalue: DMA_MINC_ENABLE
2026-04-08 00:38:21,152 [INFO] Argument:325 - Argument : PeriphDataAlignmentvalue: DMA_PDATAALIGN_HALFWORD
2026-04-08 00:38:21,152 [INFO] Argument:335 - Argument : PeriphDataAlignmentvalue: DMA_PDATAALIGN_HALFWORD
2026-04-08 00:38:21,152 [INFO] Argument:325 - Argument : MemDataAlignmentvalue: DMA_MDATAALIGN_HALFWORD
2026-04-08 00:38:21,152 [INFO] Argument:335 - Argument : MemDataAlignmentvalue: DMA_MDATAALIGN_HALFWORD
2026-04-08 00:38:21,152 [INFO] Argument:325 - Argument : Modevalue: DMA_CIRCULAR
2026-04-08 00:38:21,152 [INFO] Argument:335 - Argument : Modevalue: DMA_CIRCULAR
2026-04-08 00:38:21,152 [INFO] Argument:325 - Argument : Priorityvalue: DMA_PRIORITY_VERY_HIGH
2026-04-08 00:38:21,152 [INFO] Argument:335 - Argument : Priorityvalue: DMA_PRIORITY_VERY_HIGH
2026-04-08 00:38:21,152 [INFO] Argument:325 - Argument : FIFOModevalue: DMA_FIFOMODE_DISABLE
2026-04-08 00:38:21,152 [INFO] Argument:335 - Argument : FIFOModevalue: DMA_FIFOMODE_DISABLE
2026-04-08 00:38:21,152 [INFO] Argument:325 - Argument : FIFOThresholdvalue: null
2026-04-08 00:38:21,152 [INFO] Argument:335 - Argument : FIFOThresholdvalue: null
2026-04-08 00:38:21,152 [INFO] Argument:325 - Argument : MemBurstvalue: null
2026-04-08 00:38:21,152 [INFO] Argument:335 - Argument : MemBurstvalue: null
2026-04-08 00:38:21,152 [INFO] Argument:325 - Argument : PeriphBurstvalue: null
2026-04-08 00:38:21,152 [INFO] Argument:335 - Argument : PeriphBurstvalue: null
2026-04-08 00:38:21,152 [INFO] Argument:325 - Argument : Lockvalue: null
2026-04-08 00:38:21,152 [INFO] Argument:335 - Argument : Lockvalue: null
2026-04-08 00:38:21,153 [INFO] Argument:325 - Argument : Statevalue: null
2026-04-08 00:38:21,153 [INFO] Argument:335 - Argument : Statevalue: null
2026-04-08 00:38:21,153 [INFO] Argument:325 - Argument : Parentvalue: null
2026-04-08 00:38:21,153 [INFO] Argument:335 - Argument : Parentvalue: null
2026-04-08 00:38:21,153 [INFO] Argument:325 - Argument : XferCpltCallbackvalue: null
2026-04-08 00:38:21,153 [INFO] Argument:335 - Argument : XferCpltCallbackvalue: null
2026-04-08 00:38:21,153 [INFO] Argument:325 - Argument : XferHalfCpltCallbackvalue: null
2026-04-08 00:38:21,153 [INFO] Argument:335 - Argument : XferHalfCpltCallbackvalue: null
2026-04-08 00:38:21,153 [INFO] Argument:325 - Argument : XferM1CpltCallbackvalue: null
2026-04-08 00:38:21,153 [INFO] Argument:335 - Argument : XferM1CpltCallbackvalue: null
2026-04-08 00:38:21,153 [INFO] Argument:325 - Argument : XferErrorCallbackvalue: null
2026-04-08 00:38:21,153 [INFO] Argument:335 - Argument : XferErrorCallbackvalue: null
2026-04-08 00:38:21,153 [INFO] Argument:325 - Argument : ErrorCodevalue: null
2026-04-08 00:38:21,153 [INFO] Argument:335 - Argument : ErrorCodevalue: null
2026-04-08 00:38:21,254 [INFO] CodeEngine:263 - oldGeneratedFile, D:\Projects\Ventures\Mruda\01_Technical\MCU_Software\MCU_3.1.0\Mruda_f411\MXTmpFiles\license.tmp_save
2026-04-08 00:38:21,354 [INFO] CodeEngine:287 - Generated code: D:\Projects\Ventures\Mruda\01_Technical\MCU_Software\MCU_3.1.0\Mruda_f411\MXTmpFiles\license.tmp
2026-04-08 00:38:21,390 [INFO] CodeEngine:263 - oldGeneratedFile, D:\Projects\Ventures\Mruda\01_Technical\MCU_Software\MCU_3.1.0\Mruda_f411\MXTmpFiles\gpio.tmp_save
2026-04-08 00:38:21,509 [INFO] CodeEngine:287 - Generated code: D:\Projects\Ventures\Mruda\01_Technical\MCU_Software\MCU_3.1.0\Mruda_f411\MXTmpFiles\gpio.tmp
2026-04-08 00:38:21,790 [INFO] CodeEngine:263 - oldGeneratedFile, D:\Projects\Ventures\Mruda\01_Technical\MCU_Software\MCU_3.1.0\Mruda_f411\MXTmpFiles\dma.tmp_save
2026-04-08 00:38:21,881 [INFO] CodeEngine:287 - Generated code: D:\Projects\Ventures\Mruda\01_Technical\MCU_Software\MCU_3.1.0\Mruda_f411\MXTmpFiles\dma.tmp
2026-04-08 00:38:21,886 [INFO] CodeEngine:263 - oldGeneratedFile, D:\Projects\Ventures\Mruda\01_Technical\MCU_Software\MCU_3.1.0\Mruda_f411\MXTmpFiles\dma_GV.tmp_save
2026-04-08 00:38:21,953 [INFO] CodeEngine:287 - Generated code: D:\Projects\Ventures\Mruda\01_Technical\MCU_Software\MCU_3.1.0\Mruda_f411\MXTmpFiles\dma_GV.tmp
2026-04-08 00:38:21,980 [INFO] CodeEngine:263 - oldGeneratedFile, D:\Projects\Ventures\Mruda\01_Technical\MCU_Software\MCU_3.1.0\Mruda_f411\Core\Src\stm32f4xx_it.c_save
2026-04-08 00:38:22,136 [INFO] CodeEngine:287 - Generated code: D:\Projects\Ventures\Mruda\01_Technical\MCU_Software\MCU_3.1.0\Mruda_f411\Core\Src\stm32f4xx_it.c
2026-04-08 00:38:22,144 [INFO] CodeEngine:263 - oldGeneratedFile, D:\Projects\Ventures\Mruda\01_Technical\MCU_Software\MCU_3.1.0\Mruda_f411\Core\Inc\stm32f4xx_it.h_save
2026-04-08 00:38:22,221 [INFO] CodeEngine:287 - Generated code: D:\Projects\Ventures\Mruda\01_Technical\MCU_Software\MCU_3.1.0\Mruda_f411\Core\Inc\stm32f4xx_it.h
2026-04-08 00:38:22,252 [INFO] CodeEngine:263 - oldGeneratedFile, D:\Projects\Ventures\Mruda\01_Technical\MCU_Software\MCU_3.1.0\Mruda_f411\Core\Src\stm32f4xx_hal_msp.c_save
2026-04-08 00:38:22,431 [INFO] CodeEngine:287 - Generated code: D:\Projects\Ventures\Mruda\01_Technical\MCU_Software\MCU_3.1.0\Mruda_f411\Core\Src\stm32f4xx_hal_msp.c
2026-04-08 00:38:22,446 [INFO] CodeEngine:263 - oldGeneratedFile, D:\Projects\Ventures\Mruda\01_Technical\MCU_Software\MCU_3.1.0\Mruda_f411\MXTmpFiles\system.tmp_save
2026-04-08 00:38:22,514 [INFO] CodeEngine:287 - Generated code: D:\Projects\Ventures\Mruda\01_Technical\MCU_Software\MCU_3.1.0\Mruda_f411\MXTmpFiles\system.tmp
2026-04-08 00:38:22,541 [INFO] CodeEngine:319 - oldGeneratedFile, D:\Projects\Ventures\Mruda\01_Technical\MCU_Software\MCU_3.1.0\Mruda_f411\Core\Inc\stm32f4xx_hal_conf.h_save
2026-04-08 00:38:22,651 [INFO] CodeEngine:343 - Generated code: D:\Projects\Ventures\Mruda\01_Technical\MCU_Software\MCU_3.1.0\Mruda_f411\Core\Inc\stm32f4xx_hal_conf.h
2026-04-08 00:38:22,677 [WARN] IPConfigManager:3790 - IP not found : TIM
2026-04-08 00:38:22,678 [WARN] CodeGenerator:4198 - IP not found : null
2026-04-08 00:38:22,699 [INFO] CodeEngine:263 - oldGeneratedFile, D:\Projects\Ventures\Mruda\01_Technical\MCU_Software\MCU_3.1.0\Mruda_f411\Core\Inc\main.h_save
2026-04-08 00:38:22,789 [INFO] CodeEngine:287 - Generated code: D:\Projects\Ventures\Mruda\01_Technical\MCU_Software\MCU_3.1.0\Mruda_f411\Core\Inc\main.h
2026-04-08 00:38:22,805 [INFO] CodeEngine:263 - oldGeneratedFile, D:\Projects\Ventures\Mruda\01_Technical\MCU_Software\MCU_3.1.0\Mruda_f411\Core\Src\main.c_save
2026-04-08 00:38:23,003 [INFO] CodeEngine:287 - Generated code: D:\Projects\Ventures\Mruda\01_Technical\MCU_Software\MCU_3.1.0\Mruda_f411\Core\Src\main.c
2026-04-08 00:38:23,472 [INFO] ProjectBuilder:3324 - Time for Copy HAL[1] : 263mS.
2026-04-08 00:38:23,477 [INFO] ProjectBuilder:4912 - Project Generator version: 4.6.0.1-B1
2026-04-08 00:38:23,562 [INFO] ConfigFileManager:1590 - The Die is : DIE431
2026-04-08 00:38:24,613 [INFO] ProjectBuilder:5191 - Time for Generating toolchain IDE Files: 1135mS.
2026-04-08 00:38:24,622 [INFO] ProjectBuilder:3181 - Time for Copy CMSIS : 9mS.
2026-04-08 00:38:24,625 [INFO] ProjectBuilder:3181 - Time for Copy CMSIS : 0mS.
2026-04-08 00:40:09,064 [INFO] NvicIntPanel:101 - NVIC parent = com.st.microxplorer.plugins.ip.nvic.MultiNvicIntPanel[,0,0,0x0,invalid,layout=javax.swing.BoxLayout,alignmentX=0.0,alignmentY=0.0,border=,flags=9,maximumSize=,minimumSize=,preferredSize=]
2026-04-08 00:40:09,115 [INFO] I2sManager:658 - 1.1875E8
2026-04-08 00:40:09,115 [INFO] I2sManager:195 - I2S Clock Value : 1.1875E8
2026-04-08 00:40:09,115 [INFO] I2sManager:553 - AudioClock : 15995Divider : 116Odd : 0
2026-04-08 00:40:09,171 [INFO] NvicIntPanel:101 - NVIC parent = com.st.microxplorer.plugins.ip.nvic.MultiNvicIntPanel[,0,0,0x0,invalid,layout=javax.swing.BoxLayout,alignmentX=0.0,alignmentY=0.0,border=,flags=9,maximumSize=,minimumSize=,preferredSize=]
2026-04-08 00:40:11,318 [INFO] UtilMem:75 - End SaveConfig() Used Memory: 852585800 Bytes (1073741824)
2026-04-08 00:40:12,614 [INFO] UtilMem:75 - End SaveConfig() Used Memory: 870411592 Bytes (1073741824)
2026-04-08 00:40:14,257 [INFO] UtilMem:75 - End SaveConfig() Used Memory: 957969736 Bytes (1073741824)
2026-04-08 00:40:14,414 [INFO] BlockDiagram:2775 - set Specific Code input for plugin: NVIC
2026-04-08 00:40:14,414 [INFO] BlockDiagram:2775 - set Specific Code input for plugin: DMA
2026-04-08 00:40:14,414 [INFO] BlockDiagram:2775 - set Specific Code input for plugin: TIM1_8
2026-04-08 00:40:14,414 [INFO] BlockDiagram:2775 - set Specific Code input for plugin: TIM1_8
2026-04-08 00:40:14,414 [INFO] BlockDiagram:2775 - set Specific Code input for plugin: TIM1_8
2026-04-08 00:40:14,414 [INFO] BlockDiagram:2775 - set Specific Code input for plugin: I2S
2026-04-08 00:40:14,414 [INFO] BlockDiagram:2775 - set Specific Code input for plugin: SYS
2026-04-08 00:40:14,414 [INFO] BlockDiagram:2775 - set Specific Code input for plugin: GPIO
2026-04-08 00:40:14,414 [INFO] BlockDiagram:2775 - set Specific Code input for plugin: ADC
2026-04-08 00:40:14,414 [INFO] BlockDiagram:2775 - set Specific Code input for plugin: RCC
2026-04-08 00:40:14,415 [INFO] CodeGenerator:882 - code generatio: config db path: C:\ST\STM32CubeIDE_1.10.1\STM32CubeIDE\plugins\com.st.stm32cube.common.mx_6.14.1.202504091515\\db\
2026-04-08 00:40:14,421 [INFO] Argument:325 - Argument : hdmavalue: null
2026-04-08 00:40:14,421 [INFO] Argument:327 - 	 sub Args: 
2026-04-08 00:40:14,421 [INFO] Argument:325 - Argument : Instancevalue: DMA2_Stream0
2026-04-08 00:40:14,421 [INFO] Argument:335 - Argument : Instancevalue: DMA2_Stream0
2026-04-08 00:40:14,421 [INFO] Argument:325 - Argument : Initvalue: null
2026-04-08 00:40:14,421 [INFO] Argument:327 - 	 sub Args: 
2026-04-08 00:40:14,421 [INFO] Argument:325 - Argument : Channelvalue: DMA_CHANNEL_0
2026-04-08 00:40:14,421 [INFO] Argument:335 - Argument : Channelvalue: DMA_CHANNEL_0
2026-04-08 00:40:14,421 [INFO] Argument:325 - Argument : Directionvalue: DMA_PERIPH_TO_MEMORY
2026-04-08 00:40:14,421 [INFO] Argument:335 - Argument : Directionvalue: DMA_PERIPH_TO_MEMORY
2026-04-08 00:40:14,421 [INFO] Argument:325 - Argument : PeriphIncvalue: DMA_PINC_DISABLE
2026-04-08 00:40:14,421 [INFO] Argument:335 - Argument : PeriphIncvalue: DMA_PINC_DISABLE
2026-04-08 00:40:14,421 [INFO] Argument:325 - Argument : MemIncvalue: DMA_MINC_ENABLE
2026-04-08 00:40:14,421 [INFO] Argument:335 - Argument : MemIncvalue: DMA_MINC_ENABLE
2026-04-08 00:40:14,421 [INFO] Argument:325 - Argument : PeriphDataAlignmentvalue: DMA_PDATAALIGN_HALFWORD
2026-04-08 00:40:14,421 [INFO] Argument:335 - Argument : PeriphDataAlignmentvalue: DMA_PDATAALIGN_HALFWORD
2026-04-08 00:40:14,421 [INFO] Argument:325 - Argument : MemDataAlignmentvalue: DMA_MDATAALIGN_HALFWORD
2026-04-08 00:40:14,421 [INFO] Argument:335 - Argument : MemDataAlignmentvalue: DMA_MDATAALIGN_HALFWORD
2026-04-08 00:40:14,421 [INFO] Argument:325 - Argument : Modevalue: DMA_CIRCULAR
2026-04-08 00:40:14,421 [INFO] Argument:335 - Argument : Modevalue: DMA_CIRCULAR
2026-04-08 00:40:14,421 [INFO] Argument:325 - Argument : Priorityvalue: DMA_PRIORITY_LOW
2026-04-08 00:40:14,421 [INFO] Argument:335 - Argument : Priorityvalue: DMA_PRIORITY_LOW
2026-04-08 00:40:14,421 [INFO] Argument:325 - Argument : FIFOModevalue: DMA_FIFOMODE_DISABLE
2026-04-08 00:40:14,421 [INFO] Argument:335 - Argument : FIFOModevalue: DMA_FIFOMODE_DISABLE
2026-04-08 00:40:14,421 [INFO] Argument:325 - Argument : FIFOThresholdvalue: null
2026-04-08 00:40:14,421 [INFO] Argument:335 - Argument : FIFOThresholdvalue: null
2026-04-08 00:40:14,421 [INFO] Argument:325 - Argument : MemBurstvalue: null
2026-04-08 00:40:14,421 [INFO] Argument:335 - Argument : MemBurstvalue: null
2026-04-08 00:40:14,421 [INFO] Argument:325 - Argument : PeriphBurstvalue: null
2026-04-08 00:40:14,421 [INFO] Argument:335 - Argument : PeriphBurstvalue: null
2026-04-08 00:40:14,422 [INFO] Argument:325 - Argument : Lockvalue: null
2026-04-08 00:40:14,422 [INFO] Argument:335 - Argument : Lockvalue: null
2026-04-08 00:40:14,422 [INFO] Argument:325 - Argument : Statevalue: null
2026-04-08 00:40:14,422 [INFO] Argument:335 - Argument : Statevalue: null
2026-04-08 00:40:14,422 [INFO] Argument:325 - Argument : Parentvalue: null
2026-04-08 00:40:14,422 [INFO] Argument:335 - Argument : Parentvalue: null
2026-04-08 00:40:14,422 [INFO] Argument:325 - Argument : XferCpltCallbackvalue: null
2026-04-08 00:40:14,422 [INFO] Argument:335 - Argument : XferCpltCallbackvalue: null
2026-04-08 00:40:14,422 [INFO] Argument:325 - Argument : XferHalfCpltCallbackvalue: null
2026-04-08 00:40:14,422 [INFO] Argument:335 - Argument : XferHalfCpltCallbackvalue: null
2026-04-08 00:40:14,422 [INFO] Argument:325 - Argument : XferM1CpltCallbackvalue: null
2026-04-08 00:40:14,422 [INFO] Argument:335 - Argument : XferM1CpltCallbackvalue: null
2026-04-08 00:40:14,422 [INFO] Argument:325 - Argument : XferErrorCallbackvalue: null
2026-04-08 00:40:14,422 [INFO] Argument:335 - Argument : XferErrorCallbackvalue: null
2026-04-08 00:40:14,422 [INFO] Argument:325 - Argument : ErrorCodevalue: null
2026-04-08 00:40:14,422 [INFO] Argument:335 - Argument : ErrorCodevalue: null
2026-04-08 00:40:14,424 [INFO] Argument:325 - Argument : hdmavalue: null
2026-04-08 00:40:14,424 [INFO] Argument:327 - 	 sub Args: 
2026-04-08 00:40:14,424 [INFO] Argument:325 - Argument : Instancevalue: DMA1_Stream4
2026-04-08 00:40:14,424 [INFO] Argument:335 - Argument : Instancevalue: DMA1_Stream4
2026-04-08 00:40:14,424 [INFO] Argument:325 - Argument : Initvalue: null
2026-04-08 00:40:14,424 [INFO] Argument:327 - 	 sub Args: 
2026-04-08 00:40:14,424 [INFO] Argument:325 - Argument : Channelvalue: DMA_CHANNEL_0
2026-04-08 00:40:14,424 [INFO] Argument:335 - Argument : Channelvalue: DMA_CHANNEL_0
2026-04-08 00:40:14,424 [INFO] Argument:325 - Argument : Directionvalue: DMA_MEMORY_TO_PERIPH
2026-04-08 00:40:14,424 [INFO] Argument:335 - Argument : Directionvalue: DMA_MEMORY_TO_PERIPH
2026-04-08 00:40:14,424 [INFO] Argument:325 - Argument : PeriphIncvalue: DMA_PINC_DISABLE
2026-04-08 00:40:14,424 [INFO] Argument:335 - Argument : PeriphIncvalue: DMA_PINC_DISABLE
2026-04-08 00:40:14,424 [INFO] Argument:325 - Argument : MemIncvalue: DMA_MINC_ENABLE
2026-04-08 00:40:14,424 [INFO] Argument:335 - Argument : MemIncvalue: DMA_MINC_ENABLE
2026-04-08 00:40:14,424 [INFO] Argument:325 - Argument : PeriphDataAlignmentvalue: DMA_PDATAALIGN_HALFWORD
2026-04-08 00:40:14,424 [INFO] Argument:335 - Argument : PeriphDataAlignmentvalue: DMA_PDATAALIGN_HALFWORD
2026-04-08 00:40:14,424 [INFO] Argument:325 - Argument : MemDataAlignmentvalue: DMA_MDATAALIGN_HALFWORD
2026-04-08 00:40:14,424 [INFO] Argument:335 - Argument : MemDataAlignmentvalue: DMA_MDATAALIGN_HALFWORD
2026-04-08 00:40:14,424 [INFO] Argument:325 - Argument : Modevalue: DMA_CIRCULAR
2026-04-08 00:40:14,424 [INFO] Argument:335 - Argument : Modevalue: DMA_CIRCULAR
2026-04-08 00:40:14,424 [INFO] Argument:325 - Argument : Priorityvalue: DMA_PRIORITY_VERY_HIGH
2026-04-08 00:40:14,424 [INFO] Argument:335 - Argument : Priorityvalue: DMA_PRIORITY_VERY_HIGH
2026-04-08 00:40:14,424 [INFO] Argument:325 - Argument : FIFOModevalue: DMA_FIFOMODE_DISABLE
2026-04-08 00:40:14,424 [INFO] Argument:335 - Argument : FIFOModevalue: DMA_FIFOMODE_DISABLE
2026-04-08 00:40:14,424 [INFO] Argument:325 - Argument : FIFOThresholdvalue: null
2026-04-08 00:40:14,424 [INFO] Argument:335 - Argument : FIFOThresholdvalue: null
2026-04-08 00:40:14,424 [INFO] Argument:325 - Argument : MemBurstvalue: null
2026-04-08 00:40:14,424 [INFO] Argument:335 - Argument : MemBurstvalue: null
2026-04-08 00:40:14,424 [INFO] Argument:325 - Argument : PeriphBurstvalue: null
2026-04-08 00:40:14,424 [INFO] Argument:335 - Argument : PeriphBurstvalue: null
2026-04-08 00:40:14,424 [INFO] Argument:325 - Argument : Lockvalue: null
2026-04-08 00:40:14,424 [INFO] Argument:335 - Argument : Lockvalue: null
2026-04-08 00:40:14,424 [INFO] Argument:325 - Argument : Statevalue: null
2026-04-08 00:40:14,424 [INFO] Argument:335 - Argument : Statevalue: null
2026-04-08 00:40:14,424 [INFO] Argument:325 - Argument : Parentvalue: null
2026-04-08 00:40:14,424 [INFO] Argument:335 - Argument : Parentvalue: null
2026-04-08 00:40:14,424 [INFO] Argument:325 - Argument : XferCpltCallbackvalue: null
2026-04-08 00:40:14,424 [INFO] Argument:335 - Argument : XferCpltCallbackvalue: null
2026-04-08 00:40:14,424 [INFO] Argument:325 - Argument : XferHalfCpltCallbackvalue: null
2026-04-08 00:40:14,425 [INFO] Argument:335 - Argument : XferHalfCpltCallbackvalue: null
2026-04-08 00:40:14,425 [INFO] Argument:325 - Argument : XferM1CpltCallbackvalue: null
2026-04-08 00:40:14,425 [INFO] Argument:335 - Argument : XferM1CpltCallbackvalue: null
2026-04-08 00:40:14,425 [INFO] Argument:325 - Argument : XferErrorCallbackvalue: null
2026-04-08 00:40:14,425 [INFO] Argument:335 - Argument : XferErrorCallbackvalue: null
2026-04-08 00:40:14,425 [INFO] Argument:325 - Argument : ErrorCodevalue: null
2026-04-08 00:40:14,425 [INFO] Argument:335 - Argument : ErrorCodevalue: null
2026-04-08 00:40:14,517 [INFO] CodeEngine:263 - oldGeneratedFile, D:\Projects\Ventures\Mruda\01_Technical\MCU_Software\MCU_3.1.0\Mruda_f411\MXTmpFiles\license.tmp_save
2026-04-08 00:40:14,621 [INFO] CodeEngine:287 - Generated code: D:\Projects\Ventures\Mruda\01_Technical\MCU_Software\MCU_3.1.0\Mruda_f411\MXTmpFiles\license.tmp
2026-04-08 00:40:14,650 [INFO] CodeEngine:263 - oldGeneratedFile, D:\Projects\Ventures\Mruda\01_Technical\MCU_Software\MCU_3.1.0\Mruda_f411\MXTmpFiles\gpio.tmp_save
2026-04-08 00:40:14,754 [INFO] CodeEngine:287 - Generated code: D:\Projects\Ventures\Mruda\01_Technical\MCU_Software\MCU_3.1.0\Mruda_f411\MXTmpFiles\gpio.tmp
2026-04-08 00:40:15,003 [INFO] CodeEngine:263 - oldGeneratedFile, D:\Projects\Ventures\Mruda\01_Technical\MCU_Software\MCU_3.1.0\Mruda_f411\MXTmpFiles\dma.tmp_save
2026-04-08 00:40:15,094 [INFO] CodeEngine:287 - Generated code: D:\Projects\Ventures\Mruda\01_Technical\MCU_Software\MCU_3.1.0\Mruda_f411\MXTmpFiles\dma.tmp
2026-04-08 00:40:15,100 [INFO] CodeEngine:263 - oldGeneratedFile, D:\Projects\Ventures\Mruda\01_Technical\MCU_Software\MCU_3.1.0\Mruda_f411\MXTmpFiles\dma_GV.tmp_save
2026-04-08 00:40:15,181 [INFO] CodeEngine:287 - Generated code: D:\Projects\Ventures\Mruda\01_Technical\MCU_Software\MCU_3.1.0\Mruda_f411\MXTmpFiles\dma_GV.tmp
2026-04-08 00:40:15,206 [INFO] CodeEngine:263 - oldGeneratedFile, D:\Projects\Ventures\Mruda\01_Technical\MCU_Software\MCU_3.1.0\Mruda_f411\Core\Src\stm32f4xx_it.c_save
2026-04-08 00:40:15,299 [INFO] CodeEngine:287 - Generated code: D:\Projects\Ventures\Mruda\01_Technical\MCU_Software\MCU_3.1.0\Mruda_f411\Core\Src\stm32f4xx_it.c
2026-04-08 00:40:15,307 [INFO] CodeEngine:263 - oldGeneratedFile, D:\Projects\Ventures\Mruda\01_Technical\MCU_Software\MCU_3.1.0\Mruda_f411\Core\Inc\stm32f4xx_it.h_save
2026-04-08 00:40:15,370 [INFO] CodeEngine:287 - Generated code: D:\Projects\Ventures\Mruda\01_Technical\MCU_Software\MCU_3.1.0\Mruda_f411\Core\Inc\stm32f4xx_it.h
2026-04-08 00:40:15,396 [INFO] CodeEngine:263 - oldGeneratedFile, D:\Projects\Ventures\Mruda\01_Technical\MCU_Software\MCU_3.1.0\Mruda_f411\Core\Src\stm32f4xx_hal_msp.c_save
2026-04-08 00:40:15,534 [INFO] CodeEngine:287 - Generated code: D:\Projects\Ventures\Mruda\01_Technical\MCU_Software\MCU_3.1.0\Mruda_f411\Core\Src\stm32f4xx_hal_msp.c
2026-04-08 00:40:15,548 [INFO] CodeEngine:263 - oldGeneratedFile, D:\Projects\Ventures\Mruda\01_Technical\MCU_Software\MCU_3.1.0\Mruda_f411\MXTmpFiles\system.tmp_save
2026-04-08 00:40:15,604 [INFO] CodeEngine:287 - Generated code: D:\Projects\Ventures\Mruda\01_Technical\MCU_Software\MCU_3.1.0\Mruda_f411\MXTmpFiles\system.tmp
2026-04-08 00:40:15,633 [INFO] CodeEngine:319 - oldGeneratedFile, D:\Projects\Ventures\Mruda\01_Technical\MCU_Software\MCU_3.1.0\Mruda_f411\Core\Inc\stm32f4xx_hal_conf.h_save
2026-04-08 00:40:15,733 [INFO] CodeEngine:343 - Generated code: D:\Projects\Ventures\Mruda\01_Technical\MCU_Software\MCU_3.1.0\Mruda_f411\Core\Inc\stm32f4xx_hal_conf.h
2026-04-08 00:40:15,756 [WARN] IPConfigManager:3790 - IP not found : TIM
2026-04-08 00:40:15,756 [WARN] CodeGenerator:4198 - IP not found : null
2026-04-08 00:40:15,775 [INFO] CodeEngine:263 - oldGeneratedFile, D:\Projects\Ventures\Mruda\01_Technical\MCU_Software\MCU_3.1.0\Mruda_f411\Core\Inc\main.h_save
2026-04-08 00:40:15,857 [INFO] CodeEngine:287 - Generated code: D:\Projects\Ventures\Mruda\01_Technical\MCU_Software\MCU_3.1.0\Mruda_f411\Core\Inc\main.h
2026-04-08 00:40:15,875 [INFO] CodeEngine:263 - oldGeneratedFile, D:\Projects\Ventures\Mruda\01_Technical\MCU_Software\MCU_3.1.0\Mruda_f411\Core\Src\main.c_save
2026-04-08 00:40:16,065 [INFO] CodeEngine:287 - Generated code: D:\Projects\Ventures\Mruda\01_Technical\MCU_Software\MCU_3.1.0\Mruda_f411\Core\Src\main.c
2026-04-08 00:40:16,499 [INFO] ProjectBuilder:3324 - Time for Copy HAL[1] : 233mS.
2026-04-08 00:40:16,503 [INFO] ProjectBuilder:4912 - Project Generator version: 4.6.0.1-B1
2026-04-08 00:40:16,591 [INFO] ConfigFileManager:1590 - The Die is : DIE431
2026-04-08 00:40:17,455 [INFO] ProjectBuilder:5191 - Time for Generating toolchain IDE Files: 952mS.
2026-04-08 00:40:17,457 [INFO] ProjectBuilder:3181 - Time for Copy CMSIS : 1mS.
2026-04-08 00:40:17,461 [INFO] ProjectBuilder:3181 - Time for Copy CMSIS : 0mS.
2026-04-08 01:09:38,602 [INFO] MainUpdater:2872 - connection check result : 10
2026-04-08 01:09:38,603 [INFO] MainUpdater:2872 - connection check result : 10
2026-04-08 01:09:38,632 [INFO] I2sManager:658 - 1.1875E8
2026-04-08 01:09:38,633 [INFO] I2sManager:195 - I2S Clock Value : 1.1875E8
2026-04-08 01:09:38,633 [INFO] I2sManager:553 - AudioClock : 15995Divider : 116Odd : 0
2026-04-08 01:09:38,636 [INFO] MicroXplorer:468 - Change Database Path : 
2026-04-08 01:09:38,638 [INFO] MicroXplorer:498 - Change Database Version : DB.6.0.141
2026-04-08 01:09:38,681 [ERROR] ProjectManagerView:395 - 
java.lang.NullPointerException: Cannot invoke "javax.swing.JTextField.getText()" because the return value of "java.util.List.get(int)" is null
	at com.st.microxplorer.plugins.projectmanager.gui.ProjectChoiceTab$9.caretUpdate(ProjectChoiceTab.java:2678) ~[filemanager.jar:?]
	at javax.swing.text.JTextComponent.fireCaretUpdate(JTextComponent.java:408) ~[?:?]
	at javax.swing.text.JTextComponent$MutableCaretEvent.fire(JTextComponent.java:4484) ~[?:?]
	at javax.swing.text.JTextComponent$MutableCaretEvent.stateChanged(JTextComponent.java:4506) ~[?:?]
	at javax.swing.text.DefaultCaret.fireStateChanged(DefaultCaret.java:857) ~[?:?]
	at javax.swing.text.DefaultCaret.changeCaretPosition(DefaultCaret.java:1343) ~[?:?]
	at javax.swing.text.DefaultCaret.handleSetDot(DefaultCaret.java:1242) ~[?:?]
	at javax.swing.text.DefaultCaret.setDot(DefaultCaret.java:1223) ~[?:?]
	at javax.swing.text.DefaultCaret$Handler.insertUpdate(DefaultCaret.java:1819) ~[?:?]
	at javax.swing.text.AbstractDocument.fireInsertUpdate(AbstractDocument.java:227) ~[?:?]
	at javax.swing.text.AbstractDocument.handleInsertString(AbstractDocument.java:781) ~[?:?]
	at javax.swing.text.AbstractDocument.insertString(AbstractDocument.java:740) ~[?:?]
	at javax.swing.text.PlainDocument.insertString(PlainDocument.java:131) ~[?:?]
	at javax.swing.text.AbstractDocument.replace(AbstractDocument.java:699) ~[?:?]
	at javax.swing.text.JTextComponent.setText(JTextComponent.java:1725) ~[?:?]
	at com.st.microxplorer.plugins.projectmanager.gui.ProjectChoiceTab.createHeapStackFields(ProjectChoiceTab.java:979) ~[filemanager.jar:?]
	at com.st.microxplorer.plugins.projectmanager.gui.ProjectChoiceTab.buildLinkSettingsPanel(ProjectChoiceTab.java:3766) ~[filemanager.jar:?]
	at com.st.microxplorer.plugins.projectmanager.gui.ProjectChoiceTab.defineWindowsFields(ProjectChoiceTab.java:1962) ~[filemanager.jar:?]
	at com.st.microxplorer.plugins.projectmanager.gui.ProjectChoiceTab.updateSettings(ProjectChoiceTab.java:555) ~[filemanager.jar:?]
	at com.st.microxplorer.plugins.projectmanager.gui.ProjectSettingsPanel.UpdateDialog(ProjectSettingsPanel.java:245) ~[filemanager.jar:?]
	at com.st.microxplorer.plugins.projectmanager.ProjectManagerView.propertyChange(ProjectManagerView.java:392) ~[filemanager.jar:?]
	at java.beans.PropertyChangeSupport.fire(PropertyChangeSupport.java:343) ~[?:?]
	at java.beans.PropertyChangeSupport.firePropertyChange(PropertyChangeSupport.java:335) ~[?:?]
	at java.beans.PropertyChangeSupport.firePropertyChange(PropertyChangeSupport.java:268) ~[?:?]
	at com.st.microxplorer.util.MXPropertyChangeSupport.firePropertyChange(MXPropertyChangeSupport.java:54) ~[STM32CubeMX.jar:?]
	at com.st.microxplorer.mxsystem.MxSystem.closeConfig(MxSystem.java:899) ~[STM32CubeMX.jar:?]
	at com.st.microxplorer.maingui.MainPanel.closeConfig(MainPanel.java:789) ~[STM32CubeMX.jar:?]
	at com.st.microxplorer.plugins.filemanager.engine.OpenFileManager.loadConfigurationFile(OpenFileManager.java:287) ~[filemanager.jar:?]
	at com.st.microxplorer.plugins.filemanager.engine.MainFileManager.userLoadConfig(MainFileManager.java:341) ~[filemanager.jar:?]
	at com.st.microxplorer.plugins.filemanager.engine.MainFileManager.userLoadConfig(MainFileManager.java:319) ~[filemanager.jar:?]
	at com.st.microxplorer.plugins.filemanager.FileManagerView.getSpecificTask(FileManagerView.java:246) ~[filemanager.jar:?]
	at com.st.stm32cube.common.mx.editor.CubeMxEditor.getMxTabbedPaneInstance(CubeMxEditor.java:1198) ~[com.st.stm32cube.common.mx_6.14.1.202504091515/:?]
	at com.st.stm32cube.common.mx.editor.CubeMxEditor$12$1.createSwingComponent(CubeMxEditor.java:1068) ~[com.st.stm32cube.common.mx_6.14.1.202504091515/:?]
	at com.st.stm32cube.common.mx.oss.core.awtswtbridge.EmbeddedSwingComposite.doComponentCreation(EmbeddedSwingComposite.java:492) ~[com.st.stm32cube.common.mx.oss_6.14.1.202504091515/:?]
	at com.st.stm32cube.common.mx.oss.core.awtswtbridge.EmbeddedSwingComposite$4.run(EmbeddedSwingComposite.java:291) ~[com.st.stm32cube.common.mx.oss_6.14.1.202504091515/:?]
	at com.st.stm32cube.common.mx.oss.core.awtswtbridge.AwtEnvironment$2.run(AwtEnvironment.java:166) ~[com.st.stm32cube.common.mx.oss_6.14.1.202504091515/:?]
	at java.awt.event.InvocationEvent.dispatch(InvocationEvent.java:318) ~[?:?]
	at java.awt.EventQueue.dispatchEventImpl(EventQueue.java:773) ~[?:?]
	at java.awt.EventQueue$4.run(EventQueue.java:720) ~[?:?]
	at java.awt.EventQueue$4.run(EventQueue.java:714) ~[?:?]
	at java.security.AccessController.doPrivileged(AccessController.java:400) ~[?:?]
	at java.security.ProtectionDomain$JavaSecurityAccessImpl.doIntersectionPrivilege(ProtectionDomain.java:87) ~[?:?]
	at java.awt.EventQueue.dispatchEvent(EventQueue.java:742) ~[?:?]
	at java.awt.EventDispatchThread.pumpOneEventForFilters(EventDispatchThread.java:203) ~[?:?]
	at java.awt.EventDispatchThread.pumpEventsForFilter(EventDispatchThread.java:124) ~[?:?]
	at java.awt.EventDispatchThread.pumpEventsForHierarchy(EventDispatchThread.java:113) ~[?:?]
	at java.awt.EventDispatchThread.pumpEvents(EventDispatchThread.java:109) ~[?:?]
	at java.awt.EventDispatchThread.pumpEvents(EventDispatchThread.java:101) ~[?:?]
	at java.awt.EventDispatchThread.run(EventDispatchThread.java:90) ~[?:?]
2026-04-08 01:09:38,683 [WARN] ThirdParty:871 - waiting for thirdparty lock release [close project]
2026-04-08 01:09:38,683 [INFO] ThirdParty:873 - entering critical section [close project]
2026-04-08 01:09:38,683 [INFO] ThirdParty:883 - exiting critical section [close project]
2026-04-08 01:09:38,686 [INFO] PinOutPanel:1589 - setPackage(No Configuration,No Configuration)
2026-04-08 01:09:38,703 [WARN] IpParametersView:155 - Warning: This peripheral hasn't parameters
2026-04-08 01:09:38,716 [WARN] MainPanel:289 - <html><b><center>Warning: This peripheral has no parameters to be configured<br></b></html>
2026-04-08 01:09:38,723 [INFO] UtilMem:75 - Begin LoadConfig() Used Memory: 831083568 Bytes (1073741824)
2026-04-08 01:09:38,724 [INFO] MicroXplorer:468 - Change Database Path : 
2026-04-08 01:09:38,724 [INFO] MicroXplorer:498 - Change Database Version : DB.6.0.141
2026-04-08 01:09:38,724 [INFO] OpenFileManager:354 - Change cursor
2026-04-08 01:09:38,763 [INFO] RulesReader:64 - Compatibility file has been processed (302 Rules)
2026-04-08 01:09:38,771 [INFO] Mcu:2011 - Initializing MCU STM32F411C(C-E)Ux STM32F411CEUx STM32F411CEU6
2026-04-08 01:09:40,204 [INFO] Context:756 - Trying to add GPIOservice into a context  which must be forbidden
2026-04-08 01:09:40,606 [INFO] ImportTextPane:218 - (OptionalMessage_ERROR) Pin24 (VP_RIF_VS_RIF1) cannot be retrieved for this MCU
2026-04-08 01:09:40,803 [INFO] RtosManager:558 - Registered RTOS mode: class=CMSIS, group=RTOS, mode=CMSIS_V1, owner=FREERTOS
2026-04-08 01:09:40,804 [INFO] RtosManager:558 - Registered RTOS mode: class=CMSIS, group=RTOS2, mode=CMSIS_V2, owner=FREERTOS
2026-04-08 01:09:40,804 [INFO] RtosManager:558 - Registered RTOS mode: class=RTOS, group=Core, mode=CMSIS_V1, owner=FREERTOS
2026-04-08 01:09:40,804 [INFO] RtosManager:558 - Registered RTOS mode: class=RTOS, group=Core, mode=CMSIS_V2, owner=FREERTOS
2026-04-08 01:09:40,804 [WARN] ModelIntegratedComponent:184 - Missing modes for component STMicroelectronics:FreeRTOS:0.0.1:STMicroelectronics:RTOS:FreeRTOS:Core:::10.2.0:
2026-04-08 01:09:40,811 [WARN] ModelIntegratedComponent:63 - No mode defined for component null
2026-04-08 01:09:40,811 [WARN] ModelIntegratedComponent:63 - No mode defined for component null
2026-04-08 01:09:40,811 [WARN] ModelIntegratedComponent:63 - No mode defined for component null
2026-04-08 01:09:40,811 [WARN] ModelIntegratedComponent:63 - No mode defined for component null
2026-04-08 01:09:40,811 [WARN] ModelIntegratedComponent:63 - No mode defined for component null
2026-04-08 01:09:40,811 [WARN] ModelIntegratedComponent:63 - No mode defined for component null
2026-04-08 01:09:40,812 [WARN] ModelIntegratedComponent:63 - No mode defined for component null
2026-04-08 01:09:40,812 [WARN] ModelIntegratedComponent:63 - No mode defined for component null
2026-04-08 01:09:40,813 [WARN] ModelIntegratedComponent:63 - No mode defined for component null
2026-04-08 01:09:40,813 [WARN] ModelIntegratedComponent:63 - No mode defined for component null
2026-04-08 01:09:40,813 [WARN] ModelIntegratedComponent:63 - No mode defined for component null
2026-04-08 01:09:40,814 [WARN] ModelIntegratedComponent:63 - No mode defined for component null
2026-04-08 01:09:40,814 [WARN] ModelIntegratedComponent:63 - No mode defined for component null
2026-04-08 01:09:40,814 [WARN] ModelIntegratedComponent:63 - No mode defined for component null
2026-04-08 01:09:40,814 [WARN] ModelIntegratedComponent:63 - No mode defined for component null
2026-04-08 01:09:40,814 [WARN] ModelIntegratedComponent:63 - No mode defined for component null
2026-04-08 01:09:40,814 [WARN] ModelIntegratedComponent:63 - No mode defined for component null
2026-04-08 01:09:40,815 [WARN] ModelIntegratedComponent:63 - No mode defined for component null
2026-04-08 01:09:40,815 [WARN] ModelIntegratedComponent:63 - No mode defined for component null
2026-04-08 01:09:40,815 [WARN] ModelIntegratedComponent:63 - No mode defined for component null
2026-04-08 01:09:40,815 [WARN] ModelIntegratedComponent:63 - No mode defined for component null
2026-04-08 01:09:40,815 [WARN] ModelIntegratedComponent:63 - No mode defined for component null
2026-04-08 01:09:40,815 [WARN] ModelIntegratedComponent:63 - No mode defined for component null
2026-04-08 01:09:40,815 [WARN] ModelIntegratedComponent:63 - No mode defined for component null
2026-04-08 01:09:40,815 [WARN] ModelIntegratedComponent:63 - No mode defined for component null
2026-04-08 01:09:40,815 [WARN] ModelIntegratedComponent:63 - No mode defined for component null
2026-04-08 01:09:40,815 [WARN] ModelIntegratedComponent:63 - No mode defined for component null
2026-04-08 01:09:40,815 [WARN] ModelIntegratedComponent:63 - No mode defined for component null
2026-04-08 01:09:40,815 [WARN] ModelIntegratedComponent:63 - No mode defined for component null
2026-04-08 01:09:40,816 [WARN] ModelIntegratedComponent:63 - No mode defined for component null
2026-04-08 01:09:40,816 [WARN] ModelIntegratedComponent:63 - No mode defined for component null
2026-04-08 01:09:40,816 [WARN] ModelIntegratedComponent:63 - No mode defined for component null
2026-04-08 01:09:40,816 [WARN] ModelIntegratedComponent:63 - No mode defined for component null
2026-04-08 01:09:40,816 [WARN] ModelIntegratedComponent:63 - No mode defined for component null
2026-04-08 01:09:40,816 [WARN] ModelIntegratedComponent:63 - No mode defined for component null
2026-04-08 01:09:40,816 [WARN] ModelPack:524 - Component already loaded: STMicroelectronics:HAL Drivers:0.0.0:STMicroelectronics:Device:STMicro_Driver:XSPI:HAL::0.0.1:HAL_XSPI
2026-04-08 01:09:40,910 [WARN] ModelIntegratedComponent:182 - Modes not found for component STMicroelectronics:USB_DEVICE:1.0.0:STMicroelectronics:USB::USB Device:Audio HS::1.0:USB_DEVICE_1_0_RESTRICTED_HS
2026-04-08 01:09:40,910 [WARN] ModelIntegratedComponent:188 - Modes not found for component STMicroelectronics:USB_DEVICE:1.0.0:STMicroelectronics:USB::USB Device:Audio HS::1.0:USB_DEVICE_1_0_RESTRICTED_HS
2026-04-08 01:09:40,910 [WARN] ModelIntegratedComponent:182 - Modes not found for component STMicroelectronics:USB_DEVICE:1.0.0:STMicroelectronics:USB::USB Device:CDC HS::1.0:USB_DEVICE_1_0_RESTRICTED_HS
2026-04-08 01:09:40,910 [WARN] ModelIntegratedComponent:188 - Modes not found for component STMicroelectronics:USB_DEVICE:1.0.0:STMicroelectronics:USB::USB Device:CDC HS::1.0:USB_DEVICE_1_0_RESTRICTED_HS
2026-04-08 01:09:40,910 [WARN] ModelIntegratedComponent:182 - Modes not found for component STMicroelectronics:USB_DEVICE:1.0.0:STMicroelectronics:USB::USB Device:DFU HS::1.0:USB_DEVICE_1_0_RESTRICTED_HS
2026-04-08 01:09:40,910 [WARN] ModelIntegratedComponent:188 - Modes not found for component STMicroelectronics:USB_DEVICE:1.0.0:STMicroelectronics:USB::USB Device:DFU HS::1.0:USB_DEVICE_1_0_RESTRICTED_HS
2026-04-08 01:09:40,910 [WARN] ModelIntegratedComponent:182 - Modes not found for component STMicroelectronics:USB_DEVICE:1.0.0:STMicroelectronics:USB::USB Device:HID HS::1.0:USB_DEVICE_1_0_RESTRICTED_HS
2026-04-08 01:09:40,910 [WARN] ModelIntegratedComponent:188 - Modes not found for component STMicroelectronics:USB_DEVICE:1.0.0:STMicroelectronics:USB::USB Device:HID HS::1.0:USB_DEVICE_1_0_RESTRICTED_HS
2026-04-08 01:09:40,910 [WARN] ModelIntegratedComponent:182 - Modes not found for component STMicroelectronics:USB_DEVICE:1.0.0:STMicroelectronics:USB::USB Device:Custom HID HS::1.0:USB_DEVICE_1_0_RESTRICTED_HS
2026-04-08 01:09:40,910 [WARN] ModelIntegratedComponent:188 - Modes not found for component STMicroelectronics:USB_DEVICE:1.0.0:STMicroelectronics:USB::USB Device:Custom HID HS::1.0:USB_DEVICE_1_0_RESTRICTED_HS
2026-04-08 01:09:40,910 [WARN] ModelIntegratedComponent:182 - Modes not found for component STMicroelectronics:USB_DEVICE:1.0.0:STMicroelectronics:USB::USB Device:MSC HS::1.0:USB_DEVICE_1_0_RESTRICTED_HS
2026-04-08 01:09:40,910 [WARN] ModelIntegratedComponent:188 - Modes not found for component STMicroelectronics:USB_DEVICE:1.0.0:STMicroelectronics:USB::USB Device:MSC HS::1.0:USB_DEVICE_1_0_RESTRICTED_HS
2026-04-08 01:09:41,006 [WARN] ModelIntegratedComponent:182 - Modes not found for component STMicroelectronics:USB_HOST:1.0.0:STMicroelectronics:USB::USB Host:Audio HS::1.0:USB_HOST_1_0_RESTRICTED_HS
2026-04-08 01:09:41,006 [WARN] ModelIntegratedComponent:188 - Modes not found for component STMicroelectronics:USB_HOST:1.0.0:STMicroelectronics:USB::USB Host:Audio HS::1.0:USB_HOST_1_0_RESTRICTED_HS
2026-04-08 01:09:41,006 [WARN] ModelIntegratedComponent:182 - Modes not found for component STMicroelectronics:USB_HOST:1.0.0:STMicroelectronics:USB::USB Host:CDC HS::1.0:USB_HOST_1_0_RESTRICTED_HS
2026-04-08 01:09:41,008 [WARN] ModelIntegratedComponent:188 - Modes not found for component STMicroelectronics:USB_HOST:1.0.0:STMicroelectronics:USB::USB Host:CDC HS::1.0:USB_HOST_1_0_RESTRICTED_HS
2026-04-08 01:09:41,008 [WARN] ModelIntegratedComponent:182 - Modes not found for component STMicroelectronics:USB_HOST:1.0.0:STMicroelectronics:USB::USB Host:MSC HS::1.0:USB_HOST_1_0_RESTRICTED_HS
2026-04-08 01:09:41,008 [WARN] ModelIntegratedComponent:188 - Modes not found for component STMicroelectronics:USB_HOST:1.0.0:STMicroelectronics:USB::USB Host:MSC HS::1.0:USB_HOST_1_0_RESTRICTED_HS
2026-04-08 01:09:41,008 [WARN] ModelIntegratedComponent:182 - Modes not found for component STMicroelectronics:USB_HOST:1.0.0:STMicroelectronics:USB::USB Host:HID HS::1.0:USB_HOST_1_0_RESTRICTED_HS
2026-04-08 01:09:41,008 [WARN] ModelIntegratedComponent:188 - Modes not found for component STMicroelectronics:USB_HOST:1.0.0:STMicroelectronics:USB::USB Host:HID HS::1.0:USB_HOST_1_0_RESTRICTED_HS
2026-04-08 01:09:41,008 [WARN] ModelIntegratedComponent:182 - Modes not found for component STMicroelectronics:USB_HOST:1.0.0:STMicroelectronics:USB::USB Host:MTP HS::1.0:USB_HOST_1_0_RESTRICTED_HS
2026-04-08 01:09:41,008 [WARN] ModelIntegratedComponent:188 - Modes not found for component STMicroelectronics:USB_HOST:1.0.0:STMicroelectronics:USB::USB Host:MTP HS::1.0:USB_HOST_1_0_RESTRICTED_HS
2026-04-08 01:09:41,194 [INFO] ThirdPartyModel:298 - Start build external matchings
2026-04-08 01:09:45,585 [INFO] ThirdPartyModel:316 - End build external matchings
2026-04-08 01:09:45,700 [INFO] ImportTextPane:218 - (OptionalMessage_ERROR) IP (DMA) : Parameter (Instance) has Id (SPI2_TX) currently not set
2026-04-08 01:09:45,701 [INFO] ImportTextPane:218 - (OptionalMessage_ERROR) IP (DMA) : Parameter (Channel) has Id (SPI2_TX) currently not set
2026-04-08 01:09:45,701 [INFO] ImportTextPane:218 - (OptionalMessage_ERROR) IP (DMA) : Parameter (Direction) has Id (SPI2_TX) currently not set
2026-04-08 01:09:45,701 [INFO] ImportTextPane:218 - (OptionalMessage_ERROR) IP (DMA) : Parameter (PeriphInc) has Id (SPI2_TX) currently not set
2026-04-08 01:09:45,701 [INFO] ImportTextPane:218 - (OptionalMessage_ERROR) IP (DMA) : Parameter (MemInc) has Id (SPI2_TX) currently not set
2026-04-08 01:09:45,701 [INFO] ImportTextPane:218 - (OptionalMessage_ERROR) IP (DMA) : Parameter (PeriphDataAlignment) has Id (SPI2_TX) currently not set
2026-04-08 01:09:45,701 [INFO] ImportTextPane:218 - (OptionalMessage_ERROR) IP (DMA) : Parameter (MemDataAlignment) has Id (SPI2_TX) currently not set
2026-04-08 01:09:45,701 [INFO] ImportTextPane:218 - (OptionalMessage_ERROR) IP (DMA) : Parameter (Mode) has Id (SPI2_TX) currently not set
2026-04-08 01:09:45,701 [INFO] ImportTextPane:218 - (OptionalMessage_ERROR) IP (DMA) : Parameter (Priority) has Id (SPI2_TX) currently not set
2026-04-08 01:09:45,701 [INFO] ImportTextPane:218 - (OptionalMessage_ERROR) IP (DMA) : Parameter (FIFOMode) has Id (SPI2_TX) currently not set
2026-04-08 01:09:45,701 [INFO] ImportTextPane:218 - (OptionalMessage_ERROR) IP (DMA) : Parameter (Instance) has Id (ADC1) currently not set
2026-04-08 01:09:45,701 [INFO] ImportTextPane:218 - (OptionalMessage_ERROR) IP (DMA) : Parameter (Channel) has Id (ADC1) currently not set
2026-04-08 01:09:45,701 [INFO] ImportTextPane:218 - (OptionalMessage_ERROR) IP (DMA) : Parameter (Direction) has Id (ADC1) currently not set
2026-04-08 01:09:45,702 [INFO] ImportTextPane:218 - (OptionalMessage_ERROR) IP (DMA) : Parameter (PeriphInc) has Id (ADC1) currently not set
2026-04-08 01:09:45,702 [INFO] ImportTextPane:218 - (OptionalMessage_ERROR) IP (DMA) : Parameter (MemInc) has Id (ADC1) currently not set
2026-04-08 01:09:45,702 [INFO] ImportTextPane:218 - (OptionalMessage_ERROR) IP (DMA) : Parameter (PeriphDataAlignment) has Id (ADC1) currently not set
2026-04-08 01:09:45,702 [INFO] ImportTextPane:218 - (OptionalMessage_ERROR) IP (DMA) : Parameter (MemDataAlignment) has Id (ADC1) currently not set
2026-04-08 01:09:45,702 [INFO] ImportTextPane:218 - (OptionalMessage_ERROR) IP (DMA) : Parameter (Mode) has Id (ADC1) currently not set
2026-04-08 01:09:45,702 [INFO] ImportTextPane:218 - (OptionalMessage_ERROR) IP (DMA) : Parameter (Priority) has Id (ADC1) currently not set
2026-04-08 01:09:45,702 [INFO] ImportTextPane:218 - (OptionalMessage_ERROR) IP (DMA) : Parameter (FIFOMode) has Id (ADC1) currently not set
2026-04-08 01:09:45,704 [INFO] ImportTextPane:218 - (OptionalMessage_ERROR) IP (RCC) : Parameter (RTCHSEDivFreq_Value) has invalid value (12500000)
2026-04-08 01:09:45,907 [INFO] UtilMem:75 - End LoadConfig() Used Memory: 894119232 Bytes (1073741824)
2026-04-08 01:09:45,991 [WARN] ThirdParty:833 - waiting for thirdparty lock release [change project]
2026-04-08 01:09:45,991 [INFO] ThirdParty:835 - entering critical section [change project]
2026-04-08 01:09:45,991 [INFO] ThirdParty:1030 - CMSIS Pack Vendor :STMicroelectronics X-CUBE-AZRTOS-H7 3.5.0
2026-04-08 01:09:45,991 [INFO] ThirdParty:1030 - CMSIS Pack Vendor :STMicroelectronics X-CUBE-PM33A1 1.0.0
2026-04-08 01:09:45,991 [INFO] ThirdParty:1030 - CMSIS Pack Vendor :STMicroelectronics USBPD 4.1
2026-04-08 01:09:45,991 [INFO] ThirdParty:1030 - CMSIS Pack Vendor :STMicroelectronics X-CUBE-GNSS1 6.0.0
2026-04-08 01:09:45,991 [INFO] ThirdParty:1030 - CMSIS Pack Vendor :STMicroelectronics USB_HOST 2.0.0
2026-04-08 01:09:45,992 [INFO] ThirdParty:1030 - CMSIS Pack Vendor :STMicroelectronics FP-SNS-MOTENVWB1 1.4.0
2026-04-08 01:09:45,992 [INFO] ThirdParty:1030 - CMSIS Pack Vendor :STMicroelectronics X-CUBE-AZRTOS-F4 1.1.0
2026-04-08 01:09:45,992 [INFO] ThirdParty:1030 - CMSIS Pack Vendor :STMicroelectronics LIBJPEG 8.0.0
2026-04-08 01:09:45,992 [INFO] ThirdParty:1030 - CMSIS Pack Vendor :STMicroelectronics FP-ATR-ASTRA1 2.0.2
2026-04-08 01:09:45,992 [INFO] ThirdParty:1030 - CMSIS Pack Vendor :STMicroelectronics FP-ATR-ASTRA1 2.0.1
2026-04-08 01:09:45,992 [INFO] ThirdParty:1030 - CMSIS Pack Vendor :Avnet-IotConnect X-CUBE-IoTC-DA16k-PMOD 1.0.0
2026-04-08 01:09:45,992 [INFO] ThirdParty:1030 - CMSIS Pack Vendor :STMicroelectronics X-CUBE-SMBUS 2.1.0
2026-04-08 01:09:45,992 [INFO] ThirdParty:1030 - CMSIS Pack Vendor :STMicroelectronics X-CUBE-WB05N 1.1.0
2026-04-08 01:09:45,992 [INFO] ThirdParty:1030 - CMSIS Pack Vendor :STMicroelectronics X-CUBE-ISPU 2.1.0
2026-04-08 01:09:45,992 [INFO] ThirdParty:1030 - CMSIS Pack Vendor :STMicroelectronics eDS-WB_DPC_TT-BIDIR 2.1.1
2026-04-08 01:09:45,992 [INFO] ThirdParty:1030 - CMSIS Pack Vendor :STMicroelectronics X-CUBE-FREERTOS 1.2.0
2026-04-08 01:09:45,992 [INFO] ThirdParty:1030 - CMSIS Pack Vendor :STMicroelectronics X-CUBE-ST60 1.0.0
2026-04-08 01:09:45,992 [INFO] ThirdParty:1030 - CMSIS Pack Vendor :STMicroelectronics X-CUBE-NFC12 1.0.0
2026-04-08 01:09:45,992 [INFO] ThirdParty:1030 - CMSIS Pack Vendor :STMicroelectronics X-CUBE-BLEMGR 1.2.0
2026-04-08 01:09:45,992 [INFO] ThirdParty:1030 - CMSIS Pack Vendor :STMicroelectronics X-CUBE-TOUCHGFX 4.23.2
2026-04-08 01:09:45,992 [INFO] ThirdParty:1030 - CMSIS Pack Vendor :STMicroelectronics X-CUBE-AZRTOS-F7 1.1.0
2026-04-08 01:09:45,992 [INFO] ThirdParty:1030 - CMSIS Pack Vendor :STMicroelectronics X-CUBE-AZRTOS-L5 2.0.0
2026-04-08 01:09:45,992 [INFO] ThirdParty:1030 - CMSIS Pack Vendor :STMicroelectronics USB_DEVICE 2.0.0
2026-04-08 01:09:45,992 [INFO] ThirdParty:1030 - CMSIS Pack Vendor :STMicroelectronics X-CUBE-NFC6 3.1.0
2026-04-08 01:09:45,992 [INFO] ThirdParty:1030 - CMSIS Pack Vendor :STMicroelectronics X-CUBE-BLE1 6.2.3
2026-04-08 01:09:45,992 [INFO] ThirdParty:1030 - CMSIS Pack Vendor :STMicroelectronics X-CUBE-MEMS1 11.0.0
2026-04-08 01:09:45,992 [INFO] ThirdParty:1030 - CMSIS Pack Vendor :STMicroelectronics X-CUBE-BLE1 6.2.4
2026-04-08 01:09:45,992 [INFO] ThirdParty:1030 - CMSIS Pack Vendor :STMicroelectronics FreeRTOS 0.0.1
2026-04-08 01:09:45,994 [INFO] ThirdParty:1030 - CMSIS Pack Vendor :STMicroelectronics X-CUBE-BLEMGR 2.0.0
2026-04-08 01:09:45,994 [INFO] ThirdParty:1030 - CMSIS Pack Vendor :STMicroelectronics X-CUBE-DPower 1.2.0
2026-04-08 01:09:45,994 [INFO] ThirdParty:1030 - CMSIS Pack Vendor :STMicroelectronics eDS-WB_DPC_VIENNA 1.2.0
2026-04-08 01:09:45,994 [INFO] ThirdParty:1030 - CMSIS Pack Vendor :STMicroelectronics FP-SNS-FLIGHT1 5.0.2
2026-04-08 01:09:45,994 [INFO] ThirdParty:1030 - CMSIS Pack Vendor :STMicroelectronics eDS-WB_DPC_3PH2L-BIDIR 1.1.1
2026-04-08 01:09:45,994 [INFO] ThirdParty:1030 - CMSIS Pack Vendor :STMicroelectronics X-CUBE-NFC4 2.0.4
2026-04-08 01:09:45,994 [INFO] ThirdParty:1030 - CMSIS Pack Vendor :STMicroelectronics X-CUBE-AI 9.0.0
2026-04-08 01:09:45,994 [INFO] ThirdParty:1030 - CMSIS Pack Vendor :STMicroelectronics X-CUBE-AZRTOS-H7 3.1.0
2026-04-08 01:09:45,994 [INFO] ThirdParty:1030 - CMSIS Pack Vendor :STMicroelectronics PDM2PCM 3.3.0
2026-04-08 01:09:45,994 [INFO] ThirdParty:1030 - CMSIS Pack Vendor :STMicroelectronics X-CUBE-TOF1 3.1.0
2026-04-08 01:09:45,994 [INFO] ThirdParty:1030 - CMSIS Pack Vendor :STMicroelectronics X-CUBE-AZRTOS-H7 3.4.0
2026-04-08 01:09:45,994 [INFO] ThirdParty:1030 - CMSIS Pack Vendor :STMicroelectronics X-CUBE-DISPLAY 3.0.0
2026-04-08 01:09:45,994 [INFO] ThirdParty:1030 - CMSIS Pack Vendor :STMicroelectronics X-CUBE-BLE1 7.0.0
2026-04-08 01:09:45,994 [INFO] ThirdParty:1030 - CMSIS Pack Vendor :STMicroelectronics X-CUBE-NFC10 1.0.0
2026-04-08 01:09:45,994 [INFO] ThirdParty:1030 - CMSIS Pack Vendor :wolfSSL I-CUBE-wolfSSL 5.5.1
2026-04-08 01:09:45,994 [INFO] ThirdParty:1030 - CMSIS Pack Vendor :STMicroelectronics X-CUBE-BLEMGR 4.0.0
2026-04-08 01:09:45,995 [INFO] ThirdParty:1030 - CMSIS Pack Vendor :STMicroelectronics X-CUBE-FREERTOS 1.3.1
2026-04-08 01:09:45,995 [INFO] ThirdParty:1030 - CMSIS Pack Vendor :STMicroelectronics HAL Drivers 0.0.0
2026-04-08 01:09:45,995 [INFO] ThirdParty:1030 - CMSIS Pack Vendor :STMicroelectronics X-CUBE-ST60 1.1.0
2026-04-08 01:09:45,995 [INFO] ThirdParty:1030 - CMSIS Pack Vendor :STMicroelectronics X-CUBE-FREERTOS 1.3.0
2026-04-08 01:09:45,995 [INFO] ThirdParty:1030 - CMSIS Pack Vendor :STMicroelectronics X-CUBE-NFC7 1.0.1
2026-04-08 01:09:45,995 [INFO] ThirdParty:1030 - CMSIS Pack Vendor :STMicroelectronics MBEDTLS 2.14.1
2026-04-08 01:09:45,995 [INFO] ThirdParty:1030 - CMSIS Pack Vendor :STMicroelectronics X-CUBE-GNSS1 7.1.0
2026-04-08 01:09:45,995 [INFO] ThirdParty:1030 - CMSIS Pack Vendor :STMicroelectronics X-CUBE-NFC7 1.0.0
2026-04-08 01:09:45,995 [INFO] ThirdParty:1030 - CMSIS Pack Vendor :STMicroelectronics X-CUBE-TOUCHGFX 4.26.0
2026-04-08 01:09:45,996 [INFO] ThirdParty:1030 - CMSIS Pack Vendor :STMicroelectronics X-CUBE-MEMS1 9.3.0
2026-04-08 01:09:45,996 [INFO] ThirdParty:1030 - CMSIS Pack Vendor :STMicroelectronics X-CUBE-TOUCHGFX 4.26.1
2026-04-08 01:09:45,996 [INFO] ThirdParty:1030 - CMSIS Pack Vendor :STMicroelectronics X-CUBE-EEPRMA1 4.1.0
2026-04-08 01:09:45,996 [INFO] ThirdParty:1030 - CMSIS Pack Vendor :STMicroelectronics X-CUBE-AI 7.2.0
2026-04-08 01:09:45,996 [INFO] ThirdParty:1030 - CMSIS Pack Vendor :STMicroelectronics X-CUBE-BLEMGR 3.1.0
2026-04-08 01:09:45,996 [INFO] ThirdParty:1030 - CMSIS Pack Vendor :STMicroelectronics X-CUBE-AI 10.0.0
2026-04-08 01:09:45,996 [INFO] ThirdParty:1030 - CMSIS Pack Vendor :STMicroelectronics FP-SNS-STAIOTCFT 1.0.0
2026-04-08 01:09:45,996 [INFO] ThirdParty:1030 - CMSIS Pack Vendor :STMicroelectronics FP-SNS-SMARTAG2 1.2.0
2026-04-08 01:09:45,996 [INFO] ThirdParty:1030 - CMSIS Pack Vendor :STMicroelectronics FP-SNS-FLIGHT1 5.1.0
2026-04-08 01:09:45,996 [INFO] ThirdParty:1030 - CMSIS Pack Vendor :STMicroelectronics X-CUBE-MEMS1 11.1.0
2026-04-08 01:09:45,996 [INFO] ThirdParty:1030 - CMSIS Pack Vendor :STMicroelectronics X-CUBE-AZRTOS-WL 2.0.0
2026-04-08 01:09:45,996 [INFO] ThirdParty:1030 - CMSIS Pack Vendor :STMicroelectronics X-CUBE-DPower 1.3.0
2026-04-08 01:09:45,996 [INFO] ThirdParty:1030 - CMSIS Pack Vendor :STMicroelectronics FP-SNS-MOTENV1 5.0.0
2026-04-08 01:09:45,997 [INFO] ThirdParty:1030 - CMSIS Pack Vendor :STMicroelectronics USB_DEVICE 1.0.0
2026-04-08 01:09:45,997 [INFO] ThirdParty:1030 - CMSIS Pack Vendor :STMicroelectronics X-CUBE-AZRTOS-H7RS 1.2.0
2026-04-08 01:09:45,997 [INFO] ThirdParty:1030 - CMSIS Pack Vendor :wolfSSL I-CUBE-wolfMQTT 1.19.0
2026-04-08 01:09:45,997 [INFO] ThirdParty:1030 - CMSIS Pack Vendor :STMicroelectronics X-CUBE-AZRTOS-L4 2.0.0
2026-04-08 01:09:45,997 [INFO] ThirdParty:1030 - CMSIS Pack Vendor :STMicroelectronics ThreadX 0.0.2
2026-04-08 01:09:45,997 [INFO] ThirdParty:1030 - CMSIS Pack Vendor :WES I-CUBE-Cesium 1.3.0
2026-04-08 01:09:45,997 [INFO] ThirdParty:1030 - CMSIS Pack Vendor :STMicroelectronics lwIP 2.1.2
2026-04-08 01:09:45,997 [INFO] ThirdParty:1030 - CMSIS Pack Vendor :STMicroelectronics X-CUBE-SFXS2LP1 4.0.0
2026-04-08 01:09:45,997 [INFO] ThirdParty:1030 - CMSIS Pack Vendor :STMicroelectronics X-CUBE-BLE2 3.3.0
2026-04-08 01:09:45,998 [INFO] ThirdParty:1030 - CMSIS Pack Vendor :Avnet-IOTCONNECT X-CUBE-iotc-st67-sdk 1.0.0
2026-04-08 01:09:45,998 [INFO] ThirdParty:1030 - CMSIS Pack Vendor :STMicroelectronics X-CUBE-DISPLAY 2.2.0
2026-04-08 01:09:45,998 [INFO] ThirdParty:1030 - CMSIS Pack Vendor :STMicroelectronics X-CUBE-TOF1 3.2.0
2026-04-08 01:09:45,998 [INFO] ThirdParty:1030 - CMSIS Pack Vendor :STMicroelectronics PDM2PCM 3.2.0
2026-04-08 01:09:45,998 [INFO] ThirdParty:1030 - CMSIS Pack Vendor :STMicroelectronics X-CUBE-ISPU 1.0.0
2026-04-08 01:09:45,998 [INFO] ThirdParty:1030 - CMSIS Pack Vendor :STMicroelectronics X-CUBE-ISPU 1.1.0
2026-04-08 01:09:45,998 [INFO] ThirdParty:1030 - CMSIS Pack Vendor :STMicroelectronics X-CUBE-AZRTOS-H7 3.3.0
2026-04-08 01:09:45,998 [INFO] ThirdParty:1030 - CMSIS Pack Vendor :RoweBots I-CUBE-UNISONRTOS 5.5.0-4
2026-04-08 01:09:45,998 [INFO] ThirdParty:1030 - CMSIS Pack Vendor :STMicroelectronics X-CUBE-NFC9 1.0.0
2026-04-08 01:09:45,998 [INFO] ThirdParty:1030 - CMSIS Pack Vendor :STMicroelectronics X-CUBE-AZRTOS-H7 2.1.0
2026-04-08 01:09:45,998 [INFO] ThirdParty:1030 - CMSIS Pack Vendor :STMicroelectronics X-CUBE-BLE1 7.1.0
2026-04-08 01:09:45,998 [INFO] ThirdParty:1030 - CMSIS Pack Vendor :STMicroelectronics USB_DEVICE 3.0.0
2026-04-08 01:09:45,998 [INFO] ThirdParty:1030 - CMSIS Pack Vendor :STMicroelectronics X-CUBE-TCPP 4.1.0
2026-04-08 01:09:45,998 [INFO] ThirdParty:1030 - CMSIS Pack Vendor :STMicroelectronics X-CUBE-EEPRMA1 5.2.0
2026-04-08 01:09:45,998 [INFO] ThirdParty:1030 - CMSIS Pack Vendor :STMicroelectronics X-CUBE-BLEMGR 4.1.0
2026-04-08 01:09:45,998 [INFO] ThirdParty:1030 - CMSIS Pack Vendor :STMicroelectronics X-CUBE-AI 8.0.0
2026-04-08 01:09:45,998 [INFO] ThirdParty:1030 - CMSIS Pack Vendor :STMicroelectronics X-CUBE-IPS 3.0.0
2026-04-08 01:09:45,998 [INFO] ThirdParty:1030 - CMSIS Pack Vendor :STMicroelectronics X-CUBE-AZRTOS-WB 2.0.0
2026-04-08 01:09:45,998 [INFO] ThirdParty:1030 - CMSIS Pack Vendor :STMicroelectronics X-CUBE-FREERTOS 1.0.1
2026-04-08 01:09:45,998 [INFO] ThirdParty:1030 - CMSIS Pack Vendor :STMicroelectronics X-CUBE-GNSS1 7.0.0
2026-04-08 01:09:45,998 [INFO] ThirdParty:1030 - CMSIS Pack Vendor :STMicroelectronics X-CUBE-GNSS1 7.0.1
2026-04-08 01:09:45,998 [INFO] ThirdParty:1030 - CMSIS Pack Vendor :STMicroelectronics X-CUBE-TOUCHGFX 4.21.3
2026-04-08 01:09:45,998 [INFO] ThirdParty:1030 - CMSIS Pack Vendor :STMicroelectronics X-CUBE-TOUCHGFX 4.25.0
2026-04-08 01:09:45,998 [INFO] ThirdParty:1030 - CMSIS Pack Vendor :STMicroelectronics X-CUBE-AI 7.3.0
2026-04-08 01:09:45,998 [INFO] ThirdParty:1030 - CMSIS Pack Vendor :STMicroelectronics X-CUBE-AI 10.1.0
2026-04-08 01:09:45,998 [INFO] ThirdParty:1030 - CMSIS Pack Vendor :STMicroelectronics FP-SNS-STBOX1 2.0.0
2026-04-08 01:09:45,998 [INFO] ThirdParty:1030 - CMSIS Pack Vendor :STMicroelectronics X-CUBE-MEMS1 12.0.0
2026-04-08 01:09:45,998 [INFO] ThirdParty:1030 - CMSIS Pack Vendor :STMicroelectronics X-CUBE-ALGOBUILD 1.3.0
2026-04-08 01:09:45,999 [INFO] ThirdParty:1030 - CMSIS Pack Vendor :STMicroelectronics X-CUBE-STSE01 2.0.0
2026-04-08 01:09:45,999 [INFO] ThirdParty:1030 - CMSIS Pack Vendor :STMicroelectronics X-CUBE-AZRTOS-L5 1.1.0
2026-04-08 01:09:45,999 [INFO] ThirdParty:1030 - CMSIS Pack Vendor :STMicroelectronics X-CUBE-MEMS1 11.2.0
2026-04-08 01:09:45,999 [INFO] ThirdParty:1030 - CMSIS Pack Vendor :STMicroelectronics X-CUBE-AZRTOS-G0 1.1.0
2026-04-08 01:09:45,999 [INFO] ThirdParty:1030 - CMSIS Pack Vendor :STMicroelectronics X-CUBE-SAFEA1 1.2.2
2026-04-08 01:09:45,999 [INFO] ThirdParty:1030 - CMSIS Pack Vendor :STMicroelectronics X-CUBE-NFC4 3.0.0
2026-04-08 01:09:46,000 [INFO] ThirdParty:1030 - CMSIS Pack Vendor :STMicroelectronics X-CUBE-SUBG2 5.0.0
2026-04-08 01:09:46,001 [INFO] ThirdParty:1030 - CMSIS Pack Vendor :STMicroelectronics X-CUBE-AZRTOS-H7RS 1.1.0
2026-04-08 01:09:46,001 [INFO] ThirdParty:1030 - CMSIS Pack Vendor :STMicroelectronics STM32_WPAN 1.0.0
2026-04-08 01:09:46,001 [INFO] ThirdParty:1030 - CMSIS Pack Vendor :SEGGER I-CUBE-embOS 1.2.1
2026-04-08 01:09:46,001 [INFO] ThirdParty:1030 - CMSIS Pack Vendor :wolfSSL I-CUBE-wolfMQTT 1.18.0
2026-04-08 01:09:46,001 [INFO] ThirdParty:1030 - CMSIS Pack Vendor :EmbeddedOffice I-CUBE-FS-RTOS 1.0.1
2026-04-08 01:09:46,001 [INFO] ThirdParty:1030 - CMSIS Pack Vendor :STMicroelectronics lwIP 2.0.3
2026-04-08 01:09:46,001 [INFO] ThirdParty:1030 - CMSIS Pack Vendor :Cesanta I-CUBE-Mongoose 7.13.0
2026-04-08 01:09:46,001 [INFO] ThirdParty:1030 - CMSIS Pack Vendor :STMicroelectronics USB_HOST 1.0.0
2026-04-08 01:09:46,001 [INFO] ThirdParty:1030 - CMSIS Pack Vendor :STMicroelectronics X-CUBE-AZRTOS-G4 2.0.0
2026-04-08 01:09:46,001 [INFO] ThirdParty:1030 - CMSIS Pack Vendor :STMicroelectronics X-CUBE-WB05N 2.0.0
2026-04-08 01:09:46,003 [INFO] ThirdParty:1030 - CMSIS Pack Vendor :STMicroelectronics PDM2PCM 3.1.0
2026-04-08 01:09:46,003 [INFO] ThirdParty:1030 - CMSIS Pack Vendor :STMicroelectronics X-CUBE-TOF1 3.3.0
2026-04-08 01:09:46,003 [INFO] ThirdParty:1030 - CMSIS Pack Vendor :STMicroelectronics FP-ATR-ASTRA1 1.1.1
2026-04-08 01:09:46,003 [INFO] ThirdParty:1030 - CMSIS Pack Vendor :STMicroelectronics X-CUBE-NFC7 2.0.0
2026-04-08 01:09:46,003 [INFO] ThirdParty:1030 - CMSIS Pack Vendor :STMicroelectronics X-CUBE-TCPP 4.2.0
2026-04-08 01:09:46,003 [INFO] ThirdParty:1030 - CMSIS Pack Vendor :RealThread X-CUBE-RT-Thread_Nano 4.1.1
2026-04-08 01:09:46,003 [INFO] ThirdParty:1030 - CMSIS Pack Vendor :STMicroelectronics FP-ATR-SIGFOX1 3.2.0
2026-04-08 01:09:46,003 [INFO] ThirdParty:1030 - CMSIS Pack Vendor :STMicroelectronics X-CUBE-AZRTOS-G4 1.0.0
2026-04-08 01:09:46,003 [INFO] ThirdParty:1030 - CMSIS Pack Vendor :STMicroelectronics X-CUBE-AZRTOS-L4 1.0.0
2026-04-08 01:09:46,003 [INFO] ThirdParty:1030 - CMSIS Pack Vendor :quantropi X-CUBE-qispace-sdk-base 1.9.3
2026-04-08 01:09:46,003 [INFO] ThirdParty:1030 - CMSIS Pack Vendor :STMicroelectronics X-CUBE-ISPU 2.0.0
2026-04-08 01:09:46,003 [INFO] ThirdParty:1030 - CMSIS Pack Vendor :STMicroelectronics X-CUBE-EEPRMA1 5.1.0
2026-04-08 01:09:46,003 [INFO] ThirdParty:1030 - CMSIS Pack Vendor :STMicroelectronics MBEDTLS 2.16.2
2026-04-08 01:09:46,003 [INFO] ThirdParty:1030 - CMSIS Pack Vendor :STMicroelectronics X-CUBE-IPS 3.1.0
2026-04-08 01:09:46,003 [INFO] ThirdParty:1030 - CMSIS Pack Vendor :STMicroelectronics X-CUBE-ALS 1.0.2
2026-04-08 01:09:46,003 [INFO] ThirdParty:1030 - CMSIS Pack Vendor :emotas I-CUBE-CANOPEN 1.1.2
2026-04-08 01:09:46,004 [INFO] ThirdParty:1030 - CMSIS Pack Vendor :STMicroelectronics X-CUBE-TOUCHGFX 4.20.0
2026-04-08 01:09:46,004 [INFO] ThirdParty:1030 - CMSIS Pack Vendor :STMicroelectronics X-CUBE-MEMS1 10.0.0
2026-04-08 01:09:46,004 [INFO] ThirdParty:1030 - CMSIS Pack Vendor :ITTIA_DB I-CUBE-ITTIADB 8.9.0
2026-04-08 01:09:46,004 [INFO] ThirdParty:1030 - CMSIS Pack Vendor :STMicroelectronics X-CUBE-TOUCHGFX 4.24.2
2026-04-08 01:09:46,004 [INFO] ThirdParty:1030 - CMSIS Pack Vendor :STMicroelectronics X-CUBE-AZRTOS-WL 1.0.0
2026-04-08 01:09:46,004 [INFO] ThirdParty:1030 - CMSIS Pack Vendor :STMicroelectronics X-CUBE-TOUCHGFX 4.24.1
2026-04-08 01:09:46,004 [INFO] ThirdParty:1030 - CMSIS Pack Vendor :STMicroelectronics X-CUBE-STSE01 1.0.0
2026-04-08 01:09:46,004 [INFO] ThirdParty:1030 - CMSIS Pack Vendor :wolfSSL I-CUBE-wolfTPM 3.4.0
2026-04-08 01:09:46,004 [INFO] ThirdParty:1030 - CMSIS Pack Vendor :portGmbH I-Cube-SoM-uGOAL 1.1.0
2026-04-08 01:09:46,004 [INFO] ThirdParty:1030 - CMSIS Pack Vendor :STMicroelectronics X-CUBE-ALS 1.0.1
2026-04-08 01:09:46,004 [INFO] ThirdParty:1030 - CMSIS Pack Vendor :STMicroelectronics X-CUBE-NFC6 3.2.0
2026-04-08 01:09:46,004 [INFO] ThirdParty:1030 - CMSIS Pack Vendor :STMicroelectronics X-CUBE-MEMS1 9.5.0
2026-04-08 01:09:46,004 [INFO] ThirdParty:1030 - CMSIS Pack Vendor :STMicroelectronics X-CUBE-ST67W61 1.0.0
2026-04-08 01:09:46,004 [INFO] ThirdParty:1030 - CMSIS Pack Vendor :STMicroelectronics X-CUBE-AI 10.2.0
2026-04-08 01:09:46,004 [INFO] ThirdParty:1030 - CMSIS Pack Vendor :STMicroelectronics ThreadX 1.0.0
2026-04-08 01:09:46,004 [INFO] ThirdParty:1030 - CMSIS Pack Vendor :STMicroelectronics X-CUBE-AZRTOS-WB 1.1.0
2026-04-08 01:09:46,004 [INFO] ThirdParty:1030 - CMSIS Pack Vendor :SEGGER I-CUBE-embOS 1.3.1
2026-04-08 01:09:46,004 [INFO] ThirdParty:1030 - CMSIS Pack Vendor :STMicroelectronics X-CUBE-ALGOBUILD 1.4.0
2026-04-08 01:09:46,004 [INFO] ThirdParty:1030 - CMSIS Pack Vendor :STMicroelectronics X-CUBE-MEMS1 11.3.0
2026-04-08 01:09:46,005 [INFO] ThirdParty:1030 - CMSIS Pack Vendor :STMicroelectronics X-CUBE-AZRTOS-L5 1.0.0
2026-04-08 01:09:46,005 [INFO] ThirdParty:1030 - CMSIS Pack Vendor :STMicroelectronics X-CUBE-EEPRMA1 3.1.1
2026-04-08 01:09:46,005 [INFO] ThirdParty:1030 - CMSIS Pack Vendor :STMicroelectronics X-CUBE-AZRTOS-H7RS 1.0.0
2026-04-08 01:09:46,005 [INFO] ThirdParty:1030 - CMSIS Pack Vendor :STMicroelectronics FP-ATR-ASTRA1 2.0.0
2026-04-08 01:09:46,005 [INFO] ThirdParty:1030 - CMSIS Pack Vendor :STMicroelectronics X-CUBE-TOF1 3.4.2
2026-04-08 01:09:46,005 [INFO] ThirdParty:1030 - CMSIS Pack Vendor :STMicroelectronics X-CUBE-TOF1 3.4.3
2026-04-08 01:09:46,005 [INFO] ThirdParty:1030 - CMSIS Pack Vendor :STMicroelectronics X-CUBE-AI 9.1.0
2026-04-08 01:09:46,005 [INFO] ThirdParty:1030 - CMSIS Pack Vendor :STMicroelectronics X-CUBE-TOF1 3.4.1
2026-04-08 01:09:46,005 [INFO] ThirdParty:1030 - CMSIS Pack Vendor :STMicroelectronics X-CUBE-AZRTOS-H7 3.2.0
2026-04-08 01:09:46,005 [INFO] ThirdParty:1030 - CMSIS Pack Vendor :Infineon AIROC-Wi-Fi-Bluetooth-STM32 1.6.0
2026-04-08 01:09:46,005 [INFO] ThirdParty:1030 - CMSIS Pack Vendor :wolfSSL I-CUBE-wolfSSH 1.4.17
2026-04-08 01:09:46,005 [INFO] ThirdParty:841 - exiting critical section [change project]
2026-04-08 01:09:46,320 [INFO] PinOutPanel:1589 - setPackage(No Configuration,No Configuration)
2026-04-08 01:09:46,321 [INFO] PinOutPanel:1589 - setPackage(STM32F411CEUx,UFQFPN48)
2026-04-08 01:09:46,652 [INFO] UtilMem:75 - Before build in PCC Used Memory: 877469752 Bytes (1073741824)
2026-04-08 01:09:46,990 [INFO] UtilMem:75 - After build in PCC Used Memory: 883234872 Bytes (1073741824)
2026-04-08 01:09:47,010 [INFO] IPUIPlugin:80 - create IPUIPlugin
2026-04-08 01:09:47,011 [INFO] IPUIPlugin:80 - create IPUIPlugin
2026-04-08 01:09:47,011 [INFO] IPUIPlugin:80 - create IPUIPlugin
2026-04-08 01:09:47,012 [INFO] IPUIPlugin:80 - create IPUIPlugin
2026-04-08 01:09:47,012 [INFO] IPUIPlugin:80 - create IPUIPlugin
2026-04-08 01:09:47,013 [INFO] IPUIPlugin:80 - create IPUIPlugin
2026-04-08 01:09:47,013 [INFO] IPUIPlugin:80 - create IPUIPlugin
2026-04-08 01:09:47,013 [INFO] IPUIPlugin:80 - create IPUIPlugin
2026-04-08 01:09:47,013 [INFO] IPUIPlugin:80 - create IPUIPlugin
2026-04-08 01:09:47,013 [INFO] IPUIPlugin:80 - create IPUIPlugin
2026-04-08 01:09:47,013 [INFO] IPUIPlugin:80 - create IPUIPlugin
2026-04-08 01:09:47,013 [INFO] IPUIPlugin:80 - create IPUIPlugin
2026-04-08 01:09:47,013 [INFO] IPUIPlugin:80 - create IPUIPlugin
2026-04-08 01:09:47,013 [INFO] IPUIPlugin:80 - create IPUIPlugin
2026-04-08 01:09:47,015 [INFO] IPUIPlugin:80 - create IPUIPlugin
2026-04-08 01:09:47,015 [INFO] IPUIPlugin:80 - create IPUIPlugin
2026-04-08 01:09:47,015 [INFO] IPUIPlugin:80 - create IPUIPlugin
2026-04-08 01:09:47,015 [INFO] IPUIPlugin:80 - create IPUIPlugin
2026-04-08 01:09:47,016 [INFO] IPUIPlugin:80 - create IPUIPlugin
2026-04-08 01:09:47,016 [INFO] IPUIPlugin:80 - create IPUIPlugin
2026-04-08 01:09:47,016 [INFO] IPUIPlugin:80 - create IPUIPlugin
2026-04-08 01:09:47,016 [INFO] IPUIPlugin:80 - create IPUIPlugin
2026-04-08 01:09:47,017 [INFO] IPUIPlugin:80 - create IPUIPlugin
2026-04-08 01:09:47,017 [INFO] IPUIPlugin:80 - create IPUIPlugin
2026-04-08 01:09:47,017 [INFO] IPUIPlugin:80 - create IPUIPlugin
2026-04-08 01:09:47,017 [INFO] IPUIPlugin:80 - create IPUIPlugin
2026-04-08 01:09:47,017 [INFO] IPUIPlugin:80 - create IPUIPlugin
2026-04-08 01:09:47,017 [INFO] IPUIPlugin:80 - create IPUIPlugin
2026-04-08 01:09:47,018 [INFO] IPUIPlugin:80 - create IPUIPlugin
2026-04-08 01:09:47,018 [INFO] IPUIPlugin:80 - create IPUIPlugin
2026-04-08 01:09:47,018 [INFO] IPUIPlugin:80 - create IPUIPlugin
2026-04-08 01:09:47,018 [INFO] IPUIPlugin:80 - create IPUIPlugin
2026-04-08 01:09:47,018 [INFO] IPUIPlugin:80 - create IPUIPlugin
2026-04-08 01:09:47,018 [INFO] IPUIPlugin:80 - create IPUIPlugin
2026-04-08 01:09:47,018 [INFO] IPUIPlugin:80 - create IPUIPlugin
2026-04-08 01:09:47,019 [INFO] IPUIPlugin:80 - create IPUIPlugin
2026-04-08 01:09:47,019 [INFO] IPUIPlugin:80 - create IPUIPlugin
2026-04-08 01:09:47,019 [INFO] IPUIPlugin:80 - create IPUIPlugin
2026-04-08 01:09:47,019 [INFO] IPUIPlugin:80 - create IPUIPlugin
2026-04-08 01:09:47,019 [INFO] IPUIPlugin:80 - create IPUIPlugin
2026-04-08 01:09:47,020 [INFO] IPUIPlugin:80 - create IPUIPlugin
2026-04-08 01:09:47,020 [INFO] IPUIPlugin:80 - create IPUIPlugin
2026-04-08 01:09:47,020 [INFO] IPUIPlugin:80 - create IPUIPlugin
2026-04-08 01:09:47,024 [INFO] ApiDbMcu:508 - Load IP Config File for PDM2PCM
2026-04-08 01:09:47,026 [INFO] I2sManager:658 - 1.1875E8
2026-04-08 01:09:47,026 [INFO] I2sManager:195 - I2S Clock Value : 1.1875E8
2026-04-08 01:09:47,026 [INFO] I2sManager:553 - AudioClock : 15995Divider : 116Odd : 0
2026-04-08 01:09:47,105 [INFO] CADModel:165 - CPN selected for project levelSTM32F411CEU6
2026-04-08 01:09:47,106 [INFO] CADModel:114 - Register for checkConnection events
2026-04-08 01:09:47,176 [INFO] OpenFileManager:385 - Restore cursor
2026-04-08 01:09:54,305 [INFO] I2sManager:658 - 1.1875E8
2026-04-08 01:09:54,305 [INFO] I2sManager:195 - I2S Clock Value : 1.1875E8
2026-04-08 01:09:54,305 [INFO] I2sManager:553 - AudioClock : 15995Divider : 116Odd : 0
2026-04-08 01:10:01,709 [INFO] NvicIntPanel:101 - NVIC parent = com.st.microxplorer.plugins.ip.nvic.MultiNvicIntPanel[,0,0,0x0,invalid,layout=javax.swing.BoxLayout,alignmentX=0.0,alignmentY=0.0,border=,flags=9,maximumSize=,minimumSize=,preferredSize=]
2026-04-08 01:10:01,748 [INFO] I2sManager:658 - 1.1875E8
2026-04-08 01:10:01,749 [INFO] I2sManager:195 - I2S Clock Value : 1.1875E8
2026-04-08 01:10:01,749 [INFO] I2sManager:553 - AudioClock : 31990Divider : 58Odd : 0
2026-04-08 01:10:01,794 [INFO] NvicIntPanel:101 - NVIC parent = com.st.microxplorer.plugins.ip.nvic.MultiNvicIntPanel[,0,0,0x0,invalid,layout=javax.swing.BoxLayout,alignmentX=0.0,alignmentY=0.0,border=,flags=9,maximumSize=,minimumSize=,preferredSize=]
2026-04-08 01:10:06,015 [INFO] UtilMem:75 - End SaveConfig() Used Memory: 831172184 Bytes (1073741824)
2026-04-08 01:10:07,555 [INFO] UtilMem:75 - End SaveConfig() Used Memory: 848997976 Bytes (1073741824)
2026-04-08 01:10:12,927 [INFO] UtilMem:75 - End SaveConfig() Used Memory: 938649176 Bytes (1073741824)
2026-04-08 01:10:13,294 [INFO] BlockDiagram:2775 - set Specific Code input for plugin: NVIC
2026-04-08 01:10:13,295 [INFO] BlockDiagram:2775 - set Specific Code input for plugin: DMA
2026-04-08 01:10:13,296 [INFO] BlockDiagram:2775 - set Specific Code input for plugin: TIM1_8
2026-04-08 01:10:13,296 [INFO] BlockDiagram:2775 - set Specific Code input for plugin: TIM1_8
2026-04-08 01:10:13,296 [INFO] BlockDiagram:2775 - set Specific Code input for plugin: TIM1_8
2026-04-08 01:10:13,296 [INFO] BlockDiagram:2775 - set Specific Code input for plugin: I2S
2026-04-08 01:10:13,296 [INFO] BlockDiagram:2775 - set Specific Code input for plugin: SYS
2026-04-08 01:10:13,296 [INFO] BlockDiagram:2775 - set Specific Code input for plugin: GPIO
2026-04-08 01:10:13,297 [INFO] BlockDiagram:2775 - set Specific Code input for plugin: ADC
2026-04-08 01:10:13,297 [INFO] BlockDiagram:2775 - set Specific Code input for plugin: RCC
2026-04-08 01:10:13,298 [INFO] CodeGenerator:882 - code generatio: config db path: C:\ST\STM32CubeIDE_1.10.1\STM32CubeIDE\plugins\com.st.stm32cube.common.mx_6.14.1.202504091515\\db\
2026-04-08 01:10:13,304 [INFO] Argument:325 - Argument : hdmavalue: null
2026-04-08 01:10:13,304 [INFO] Argument:327 - 	 sub Args: 
2026-04-08 01:10:13,304 [INFO] Argument:325 - Argument : Instancevalue: DMA2_Stream0
2026-04-08 01:10:13,304 [INFO] Argument:335 - Argument : Instancevalue: DMA2_Stream0
2026-04-08 01:10:13,304 [INFO] Argument:325 - Argument : Initvalue: null
2026-04-08 01:10:13,304 [INFO] Argument:327 - 	 sub Args: 
2026-04-08 01:10:13,304 [INFO] Argument:325 - Argument : Channelvalue: DMA_CHANNEL_0
2026-04-08 01:10:13,304 [INFO] Argument:335 - Argument : Channelvalue: DMA_CHANNEL_0
2026-04-08 01:10:13,304 [INFO] Argument:325 - Argument : Directionvalue: DMA_PERIPH_TO_MEMORY
2026-04-08 01:10:13,304 [INFO] Argument:335 - Argument : Directionvalue: DMA_PERIPH_TO_MEMORY
2026-04-08 01:10:13,304 [INFO] Argument:325 - Argument : PeriphIncvalue: DMA_PINC_DISABLE
2026-04-08 01:10:13,304 [INFO] Argument:335 - Argument : PeriphIncvalue: DMA_PINC_DISABLE
2026-04-08 01:10:13,304 [INFO] Argument:325 - Argument : MemIncvalue: DMA_MINC_ENABLE
2026-04-08 01:10:13,304 [INFO] Argument:335 - Argument : MemIncvalue: DMA_MINC_ENABLE
2026-04-08 01:10:13,304 [INFO] Argument:325 - Argument : PeriphDataAlignmentvalue: DMA_PDATAALIGN_HALFWORD
2026-04-08 01:10:13,304 [INFO] Argument:335 - Argument : PeriphDataAlignmentvalue: DMA_PDATAALIGN_HALFWORD
2026-04-08 01:10:13,304 [INFO] Argument:325 - Argument : MemDataAlignmentvalue: DMA_MDATAALIGN_HALFWORD
2026-04-08 01:10:13,304 [INFO] Argument:335 - Argument : MemDataAlignmentvalue: DMA_MDATAALIGN_HALFWORD
2026-04-08 01:10:13,304 [INFO] Argument:325 - Argument : Modevalue: DMA_CIRCULAR
2026-04-08 01:10:13,304 [INFO] Argument:335 - Argument : Modevalue: DMA_CIRCULAR
2026-04-08 01:10:13,304 [INFO] Argument:325 - Argument : Priorityvalue: DMA_PRIORITY_LOW
2026-04-08 01:10:13,304 [INFO] Argument:335 - Argument : Priorityvalue: DMA_PRIORITY_LOW
2026-04-08 01:10:13,305 [INFO] Argument:325 - Argument : FIFOModevalue: DMA_FIFOMODE_DISABLE
2026-04-08 01:10:13,305 [INFO] Argument:335 - Argument : FIFOModevalue: DMA_FIFOMODE_DISABLE
2026-04-08 01:10:13,305 [INFO] Argument:325 - Argument : FIFOThresholdvalue: null
2026-04-08 01:10:13,305 [INFO] Argument:335 - Argument : FIFOThresholdvalue: null
2026-04-08 01:10:13,305 [INFO] Argument:325 - Argument : MemBurstvalue: null
2026-04-08 01:10:13,305 [INFO] Argument:335 - Argument : MemBurstvalue: null
2026-04-08 01:10:13,305 [INFO] Argument:325 - Argument : PeriphBurstvalue: null
2026-04-08 01:10:13,305 [INFO] Argument:335 - Argument : PeriphBurstvalue: null
2026-04-08 01:10:13,305 [INFO] Argument:325 - Argument : Lockvalue: null
2026-04-08 01:10:13,305 [INFO] Argument:335 - Argument : Lockvalue: null
2026-04-08 01:10:13,305 [INFO] Argument:325 - Argument : Statevalue: null
2026-04-08 01:10:13,305 [INFO] Argument:335 - Argument : Statevalue: null
2026-04-08 01:10:13,305 [INFO] Argument:325 - Argument : Parentvalue: null
2026-04-08 01:10:13,305 [INFO] Argument:335 - Argument : Parentvalue: null
2026-04-08 01:10:13,305 [INFO] Argument:325 - Argument : XferCpltCallbackvalue: null
2026-04-08 01:10:13,305 [INFO] Argument:335 - Argument : XferCpltCallbackvalue: null
2026-04-08 01:10:13,305 [INFO] Argument:325 - Argument : XferHalfCpltCallbackvalue: null
2026-04-08 01:10:13,305 [INFO] Argument:335 - Argument : XferHalfCpltCallbackvalue: null
2026-04-08 01:10:13,305 [INFO] Argument:325 - Argument : XferM1CpltCallbackvalue: null
2026-04-08 01:10:13,305 [INFO] Argument:335 - Argument : XferM1CpltCallbackvalue: null
2026-04-08 01:10:13,305 [INFO] Argument:325 - Argument : XferErrorCallbackvalue: null
2026-04-08 01:10:13,305 [INFO] Argument:335 - Argument : XferErrorCallbackvalue: null
2026-04-08 01:10:13,305 [INFO] Argument:325 - Argument : ErrorCodevalue: null
2026-04-08 01:10:13,305 [INFO] Argument:335 - Argument : ErrorCodevalue: null
2026-04-08 01:10:13,306 [INFO] Argument:325 - Argument : hdmavalue: null
2026-04-08 01:10:13,306 [INFO] Argument:327 - 	 sub Args: 
2026-04-08 01:10:13,306 [INFO] Argument:325 - Argument : Instancevalue: DMA1_Stream4
2026-04-08 01:10:13,306 [INFO] Argument:335 - Argument : Instancevalue: DMA1_Stream4
2026-04-08 01:10:13,306 [INFO] Argument:325 - Argument : Initvalue: null
2026-04-08 01:10:13,306 [INFO] Argument:327 - 	 sub Args: 
2026-04-08 01:10:13,306 [INFO] Argument:325 - Argument : Channelvalue: DMA_CHANNEL_0
2026-04-08 01:10:13,306 [INFO] Argument:335 - Argument : Channelvalue: DMA_CHANNEL_0
2026-04-08 01:10:13,306 [INFO] Argument:325 - Argument : Directionvalue: DMA_MEMORY_TO_PERIPH
2026-04-08 01:10:13,306 [INFO] Argument:335 - Argument : Directionvalue: DMA_MEMORY_TO_PERIPH
2026-04-08 01:10:13,306 [INFO] Argument:325 - Argument : PeriphIncvalue: DMA_PINC_DISABLE
2026-04-08 01:10:13,308 [INFO] Argument:335 - Argument : PeriphIncvalue: DMA_PINC_DISABLE
2026-04-08 01:10:13,308 [INFO] Argument:325 - Argument : MemIncvalue: DMA_MINC_ENABLE
2026-04-08 01:10:13,308 [INFO] Argument:335 - Argument : MemIncvalue: DMA_MINC_ENABLE
2026-04-08 01:10:13,308 [INFO] Argument:325 - Argument : PeriphDataAlignmentvalue: DMA_PDATAALIGN_HALFWORD
2026-04-08 01:10:13,308 [INFO] Argument:335 - Argument : PeriphDataAlignmentvalue: DMA_PDATAALIGN_HALFWORD
2026-04-08 01:10:13,308 [INFO] Argument:325 - Argument : MemDataAlignmentvalue: DMA_MDATAALIGN_HALFWORD
2026-04-08 01:10:13,308 [INFO] Argument:335 - Argument : MemDataAlignmentvalue: DMA_MDATAALIGN_HALFWORD
2026-04-08 01:10:13,308 [INFO] Argument:325 - Argument : Modevalue: DMA_CIRCULAR
2026-04-08 01:10:13,308 [INFO] Argument:335 - Argument : Modevalue: DMA_CIRCULAR
2026-04-08 01:10:13,308 [INFO] Argument:325 - Argument : Priorityvalue: DMA_PRIORITY_VERY_HIGH
2026-04-08 01:10:13,308 [INFO] Argument:335 - Argument : Priorityvalue: DMA_PRIORITY_VERY_HIGH
2026-04-08 01:10:13,308 [INFO] Argument:325 - Argument : FIFOModevalue: DMA_FIFOMODE_DISABLE
2026-04-08 01:10:13,308 [INFO] Argument:335 - Argument : FIFOModevalue: DMA_FIFOMODE_DISABLE
2026-04-08 01:10:13,308 [INFO] Argument:325 - Argument : FIFOThresholdvalue: null
2026-04-08 01:10:13,308 [INFO] Argument:335 - Argument : FIFOThresholdvalue: null
2026-04-08 01:10:13,308 [INFO] Argument:325 - Argument : MemBurstvalue: null
2026-04-08 01:10:13,308 [INFO] Argument:335 - Argument : MemBurstvalue: null
2026-04-08 01:10:13,308 [INFO] Argument:325 - Argument : PeriphBurstvalue: null
2026-04-08 01:10:13,308 [INFO] Argument:335 - Argument : PeriphBurstvalue: null
2026-04-08 01:10:13,308 [INFO] Argument:325 - Argument : Lockvalue: null
2026-04-08 01:10:13,308 [INFO] Argument:335 - Argument : Lockvalue: null
2026-04-08 01:10:13,308 [INFO] Argument:325 - Argument : Statevalue: null
2026-04-08 01:10:13,308 [INFO] Argument:335 - Argument : Statevalue: null
2026-04-08 01:10:13,308 [INFO] Argument:325 - Argument : Parentvalue: null
2026-04-08 01:10:13,308 [INFO] Argument:335 - Argument : Parentvalue: null
2026-04-08 01:10:13,308 [INFO] Argument:325 - Argument : XferCpltCallbackvalue: null
2026-04-08 01:10:13,308 [INFO] Argument:335 - Argument : XferCpltCallbackvalue: null
2026-04-08 01:10:13,308 [INFO] Argument:325 - Argument : XferHalfCpltCallbackvalue: null
2026-04-08 01:10:13,308 [INFO] Argument:335 - Argument : XferHalfCpltCallbackvalue: null
2026-04-08 01:10:13,308 [INFO] Argument:325 - Argument : XferM1CpltCallbackvalue: null
2026-04-08 01:10:13,308 [INFO] Argument:335 - Argument : XferM1CpltCallbackvalue: null
2026-04-08 01:10:13,308 [INFO] Argument:325 - Argument : XferErrorCallbackvalue: null
2026-04-08 01:10:13,308 [INFO] Argument:335 - Argument : XferErrorCallbackvalue: null
2026-04-08 01:10:13,308 [INFO] Argument:325 - Argument : ErrorCodevalue: null
2026-04-08 01:10:13,308 [INFO] Argument:335 - Argument : ErrorCodevalue: null
2026-04-08 01:10:13,394 [INFO] CodeEngine:263 - oldGeneratedFile, D:\Projects\Ventures\Mruda\01_Technical\MCU_Software\MCU_3.1.0\Mruda_f411\MXTmpFiles\license.tmp_save
2026-04-08 01:10:13,743 [INFO] CodeEngine:287 - Generated code: D:\Projects\Ventures\Mruda\01_Technical\MCU_Software\MCU_3.1.0\Mruda_f411\MXTmpFiles\license.tmp
2026-04-08 01:10:13,803 [INFO] CodeEngine:263 - oldGeneratedFile, D:\Projects\Ventures\Mruda\01_Technical\MCU_Software\MCU_3.1.0\Mruda_f411\MXTmpFiles\gpio.tmp_save
2026-04-08 01:10:13,952 [INFO] CodeEngine:287 - Generated code: D:\Projects\Ventures\Mruda\01_Technical\MCU_Software\MCU_3.1.0\Mruda_f411\MXTmpFiles\gpio.tmp
2026-04-08 01:10:14,205 [INFO] CodeEngine:263 - oldGeneratedFile, D:\Projects\Ventures\Mruda\01_Technical\MCU_Software\MCU_3.1.0\Mruda_f411\MXTmpFiles\dma.tmp_save
2026-04-08 01:10:14,320 [INFO] CodeEngine:287 - Generated code: D:\Projects\Ventures\Mruda\01_Technical\MCU_Software\MCU_3.1.0\Mruda_f411\MXTmpFiles\dma.tmp
2026-04-08 01:10:14,326 [INFO] CodeEngine:263 - oldGeneratedFile, D:\Projects\Ventures\Mruda\01_Technical\MCU_Software\MCU_3.1.0\Mruda_f411\MXTmpFiles\dma_GV.tmp_save
2026-04-08 01:10:14,420 [INFO] CodeEngine:287 - Generated code: D:\Projects\Ventures\Mruda\01_Technical\MCU_Software\MCU_3.1.0\Mruda_f411\MXTmpFiles\dma_GV.tmp
2026-04-08 01:10:14,451 [INFO] CodeEngine:263 - oldGeneratedFile, D:\Projects\Ventures\Mruda\01_Technical\MCU_Software\MCU_3.1.0\Mruda_f411\Core\Src\stm32f4xx_it.c_save
2026-04-08 01:10:14,676 [INFO] CodeEngine:287 - Generated code: D:\Projects\Ventures\Mruda\01_Technical\MCU_Software\MCU_3.1.0\Mruda_f411\Core\Src\stm32f4xx_it.c
2026-04-08 01:10:14,686 [INFO] CodeEngine:263 - oldGeneratedFile, D:\Projects\Ventures\Mruda\01_Technical\MCU_Software\MCU_3.1.0\Mruda_f411\Core\Inc\stm32f4xx_it.h_save
2026-04-08 01:10:14,782 [INFO] CodeEngine:287 - Generated code: D:\Projects\Ventures\Mruda\01_Technical\MCU_Software\MCU_3.1.0\Mruda_f411\Core\Inc\stm32f4xx_it.h
2026-04-08 01:10:14,810 [INFO] CodeEngine:263 - oldGeneratedFile, D:\Projects\Ventures\Mruda\01_Technical\MCU_Software\MCU_3.1.0\Mruda_f411\Core\Src\stm32f4xx_hal_msp.c_save
2026-04-08 01:10:15,005 [INFO] CodeEngine:287 - Generated code: D:\Projects\Ventures\Mruda\01_Technical\MCU_Software\MCU_3.1.0\Mruda_f411\Core\Src\stm32f4xx_hal_msp.c
2026-04-08 01:10:15,018 [INFO] CodeEngine:263 - oldGeneratedFile, D:\Projects\Ventures\Mruda\01_Technical\MCU_Software\MCU_3.1.0\Mruda_f411\MXTmpFiles\system.tmp_save
2026-04-08 01:10:15,082 [INFO] CodeEngine:287 - Generated code: D:\Projects\Ventures\Mruda\01_Technical\MCU_Software\MCU_3.1.0\Mruda_f411\MXTmpFiles\system.tmp
2026-04-08 01:10:15,112 [INFO] CodeEngine:319 - oldGeneratedFile, D:\Projects\Ventures\Mruda\01_Technical\MCU_Software\MCU_3.1.0\Mruda_f411\Core\Inc\stm32f4xx_hal_conf.h_save
2026-04-08 01:10:15,217 [INFO] CodeEngine:343 - Generated code: D:\Projects\Ventures\Mruda\01_Technical\MCU_Software\MCU_3.1.0\Mruda_f411\Core\Inc\stm32f4xx_hal_conf.h
2026-04-08 01:10:15,248 [INFO] ApiDbMcu:508 - Load IP Config File for ADC1
2026-04-08 01:10:15,251 [INFO] ApiDbMcu:508 - Load IP Config File for I2S2
2026-04-08 01:10:15,260 [INFO] ApiDbMcu:508 - Load IP Config File for TIM2
2026-04-08 01:10:15,269 [INFO] ApiDbMcu:508 - Load IP Config File for TIM3
2026-04-08 01:10:15,280 [INFO] ApiDbMcu:508 - Load IP Config File for TIM4
2026-04-08 01:10:15,283 [INFO] ApiDbMcu:508 - Load IP Config File for RCC
2026-04-08 01:10:15,284 [WARN] IPConfigManager:3790 - IP not found : TIM
2026-04-08 01:10:15,285 [WARN] CodeGenerator:4198 - IP not found : null
2026-04-08 01:10:15,311 [INFO] CodeEngine:263 - oldGeneratedFile, D:\Projects\Ventures\Mruda\01_Technical\MCU_Software\MCU_3.1.0\Mruda_f411\Core\Inc\main.h_save
2026-04-08 01:10:15,418 [INFO] CodeEngine:287 - Generated code: D:\Projects\Ventures\Mruda\01_Technical\MCU_Software\MCU_3.1.0\Mruda_f411\Core\Inc\main.h
2026-04-08 01:10:15,440 [INFO] CodeEngine:263 - oldGeneratedFile, D:\Projects\Ventures\Mruda\01_Technical\MCU_Software\MCU_3.1.0\Mruda_f411\Core\Src\main.c_save
2026-04-08 01:10:15,690 [INFO] CodeEngine:287 - Generated code: D:\Projects\Ventures\Mruda\01_Technical\MCU_Software\MCU_3.1.0\Mruda_f411\Core\Src\main.c
2026-04-08 01:10:16,185 [INFO] ProjectBuilder:3324 - Time for Copy HAL[1] : 292mS.
2026-04-08 01:10:16,190 [INFO] ProjectBuilder:4912 - Project Generator version: 4.6.0.1-B1
2026-04-08 01:10:16,270 [INFO] ConfigFileManager:1590 - The Die is : DIE431
2026-04-08 01:10:16,272 [INFO] ApiDbMcu:508 - Load IP Config File for FATFS
2026-04-08 01:10:16,277 [INFO] ApiDbMcu:508 - Load IP Config File for FREERTOS
2026-04-08 01:10:16,279 [INFO] ApiDbMcu:508 - Load IP Config File for LIBJPEG
2026-04-08 01:10:16,284 [INFO] ApiDbMcu:508 - Load IP Config File for MBEDTLS
2026-04-08 01:10:16,291 [INFO] ApiDbMcu:508 - Load IP Config File for USB_DEVICE
2026-04-08 01:10:16,296 [INFO] ApiDbMcu:508 - Load IP Config File for USB_HOST
2026-04-08 01:10:17,675 [INFO] ProjectBuilder:5191 - Time for Generating toolchain IDE Files: 1484mS.
2026-04-08 01:10:17,676 [INFO] ProjectBuilder:3181 - Time for Copy CMSIS : 1mS.
2026-04-08 01:10:17,686 [INFO] ProjectBuilder:3181 - Time for Copy CMSIS : 0mS.
2026-04-08 01:24:49,577 [INFO] NvicIntPanel:101 - NVIC parent = com.st.microxplorer.plugins.ip.nvic.MultiNvicIntPanel[,0,0,0x0,invalid,layout=javax.swing.BoxLayout,alignmentX=0.0,alignmentY=0.0,border=,flags=9,maximumSize=,minimumSize=,preferredSize=]
2026-04-08 01:24:49,642 [INFO] I2sManager:658 - 1.1875E8
2026-04-08 01:24:49,643 [INFO] I2sManager:195 - I2S Clock Value : 1.1875E8
2026-04-08 01:24:49,643 [INFO] I2sManager:553 - AudioClock : 15995Divider : 116Odd : 0
2026-04-08 01:24:49,716 [INFO] NvicIntPanel:101 - NVIC parent = com.st.microxplorer.plugins.ip.nvic.MultiNvicIntPanel[,0,0,0x0,invalid,layout=javax.swing.BoxLayout,alignmentX=0.0,alignmentY=0.0,border=,flags=9,maximumSize=,minimumSize=,preferredSize=]
2026-04-08 01:24:52,020 [INFO] UtilMem:75 - End SaveConfig() Used Memory: 875021664 Bytes (1073741824)
2026-04-08 01:24:53,385 [INFO] UtilMem:75 - End SaveConfig() Used Memory: 895459496 Bytes (1073741824)
2026-04-08 01:24:55,971 [INFO] UtilMem:75 - End SaveConfig() Used Memory: 986170264 Bytes (1073741824)
2026-04-08 01:24:56,412 [INFO] BlockDiagram:2775 - set Specific Code input for plugin: NVIC
2026-04-08 01:24:56,413 [INFO] BlockDiagram:2775 - set Specific Code input for plugin: DMA
2026-04-08 01:24:56,413 [INFO] BlockDiagram:2775 - set Specific Code input for plugin: TIM1_8
2026-04-08 01:24:56,413 [INFO] BlockDiagram:2775 - set Specific Code input for plugin: TIM1_8
2026-04-08 01:24:56,413 [INFO] BlockDiagram:2775 - set Specific Code input for plugin: TIM1_8
2026-04-08 01:24:56,413 [INFO] BlockDiagram:2775 - set Specific Code input for plugin: I2S
2026-04-08 01:24:56,413 [INFO] BlockDiagram:2775 - set Specific Code input for plugin: SYS
2026-04-08 01:24:56,414 [INFO] BlockDiagram:2775 - set Specific Code input for plugin: GPIO
2026-04-08 01:24:56,414 [INFO] BlockDiagram:2775 - set Specific Code input for plugin: ADC
2026-04-08 01:24:56,414 [INFO] BlockDiagram:2775 - set Specific Code input for plugin: RCC
2026-04-08 01:24:56,416 [INFO] CodeGenerator:882 - code generatio: config db path: C:\ST\STM32CubeIDE_1.10.1\STM32CubeIDE\plugins\com.st.stm32cube.common.mx_6.14.1.202504091515\\db\
2026-04-08 01:24:56,429 [INFO] Argument:325 - Argument : hdmavalue: null
2026-04-08 01:24:56,429 [INFO] Argument:327 - 	 sub Args: 
2026-04-08 01:24:56,430 [INFO] Argument:325 - Argument : Instancevalue: DMA2_Stream0
2026-04-08 01:24:56,430 [INFO] Argument:335 - Argument : Instancevalue: DMA2_Stream0
2026-04-08 01:24:56,430 [INFO] Argument:325 - Argument : Initvalue: null
2026-04-08 01:24:56,430 [INFO] Argument:327 - 	 sub Args: 
2026-04-08 01:24:56,430 [INFO] Argument:325 - Argument : Channelvalue: DMA_CHANNEL_0
2026-04-08 01:24:56,430 [INFO] Argument:335 - Argument : Channelvalue: DMA_CHANNEL_0
2026-04-08 01:24:56,430 [INFO] Argument:325 - Argument : Directionvalue: DMA_PERIPH_TO_MEMORY
2026-04-08 01:24:56,430 [INFO] Argument:335 - Argument : Directionvalue: DMA_PERIPH_TO_MEMORY
2026-04-08 01:24:56,430 [INFO] Argument:325 - Argument : PeriphIncvalue: DMA_PINC_DISABLE
2026-04-08 01:24:56,431 [INFO] Argument:335 - Argument : PeriphIncvalue: DMA_PINC_DISABLE
2026-04-08 01:24:56,431 [INFO] Argument:325 - Argument : MemIncvalue: DMA_MINC_ENABLE
2026-04-08 01:24:56,431 [INFO] Argument:335 - Argument : MemIncvalue: DMA_MINC_ENABLE
2026-04-08 01:24:56,431 [INFO] Argument:325 - Argument : PeriphDataAlignmentvalue: DMA_PDATAALIGN_HALFWORD
2026-04-08 01:24:56,431 [INFO] Argument:335 - Argument : PeriphDataAlignmentvalue: DMA_PDATAALIGN_HALFWORD
2026-04-08 01:24:56,431 [INFO] Argument:325 - Argument : MemDataAlignmentvalue: DMA_MDATAALIGN_HALFWORD
2026-04-08 01:24:56,431 [INFO] Argument:335 - Argument : MemDataAlignmentvalue: DMA_MDATAALIGN_HALFWORD
2026-04-08 01:24:56,432 [INFO] Argument:325 - Argument : Modevalue: DMA_CIRCULAR
2026-04-08 01:24:56,432 [INFO] Argument:335 - Argument : Modevalue: DMA_CIRCULAR
2026-04-08 01:24:56,432 [INFO] Argument:325 - Argument : Priorityvalue: DMA_PRIORITY_LOW
2026-04-08 01:24:56,432 [INFO] Argument:335 - Argument : Priorityvalue: DMA_PRIORITY_LOW
2026-04-08 01:24:56,432 [INFO] Argument:325 - Argument : FIFOModevalue: DMA_FIFOMODE_DISABLE
2026-04-08 01:24:56,432 [INFO] Argument:335 - Argument : FIFOModevalue: DMA_FIFOMODE_DISABLE
2026-04-08 01:24:56,432 [INFO] Argument:325 - Argument : FIFOThresholdvalue: null
2026-04-08 01:24:56,432 [INFO] Argument:335 - Argument : FIFOThresholdvalue: null
2026-04-08 01:24:56,432 [INFO] Argument:325 - Argument : MemBurstvalue: null
2026-04-08 01:24:56,432 [INFO] Argument:335 - Argument : MemBurstvalue: null
2026-04-08 01:24:56,432 [INFO] Argument:325 - Argument : PeriphBurstvalue: null
2026-04-08 01:24:56,432 [INFO] Argument:335 - Argument : PeriphBurstvalue: null
2026-04-08 01:24:56,433 [INFO] Argument:325 - Argument : Lockvalue: null
2026-04-08 01:24:56,433 [INFO] Argument:335 - Argument : Lockvalue: null
2026-04-08 01:24:56,433 [INFO] Argument:325 - Argument : Statevalue: null
2026-04-08 01:24:56,433 [INFO] Argument:335 - Argument : Statevalue: null
2026-04-08 01:24:56,433 [INFO] Argument:325 - Argument : Parentvalue: null
2026-04-08 01:24:56,433 [INFO] Argument:335 - Argument : Parentvalue: null
2026-04-08 01:24:56,433 [INFO] Argument:325 - Argument : XferCpltCallbackvalue: null
2026-04-08 01:24:56,433 [INFO] Argument:335 - Argument : XferCpltCallbackvalue: null
2026-04-08 01:24:56,433 [INFO] Argument:325 - Argument : XferHalfCpltCallbackvalue: null
2026-04-08 01:24:56,433 [INFO] Argument:335 - Argument : XferHalfCpltCallbackvalue: null
2026-04-08 01:24:56,433 [INFO] Argument:325 - Argument : XferM1CpltCallbackvalue: null
2026-04-08 01:24:56,433 [INFO] Argument:335 - Argument : XferM1CpltCallbackvalue: null
2026-04-08 01:24:56,433 [INFO] Argument:325 - Argument : XferErrorCallbackvalue: null
2026-04-08 01:24:56,433 [INFO] Argument:335 - Argument : XferErrorCallbackvalue: null
2026-04-08 01:24:56,434 [INFO] Argument:325 - Argument : ErrorCodevalue: null
2026-04-08 01:24:56,434 [INFO] Argument:335 - Argument : ErrorCodevalue: null
2026-04-08 01:24:56,436 [INFO] Argument:325 - Argument : hdmavalue: null
2026-04-08 01:24:56,436 [INFO] Argument:327 - 	 sub Args: 
2026-04-08 01:24:56,436 [INFO] Argument:325 - Argument : Instancevalue: DMA1_Stream4
2026-04-08 01:24:56,436 [INFO] Argument:335 - Argument : Instancevalue: DMA1_Stream4
2026-04-08 01:24:56,436 [INFO] Argument:325 - Argument : Initvalue: null
2026-04-08 01:24:56,436 [INFO] Argument:327 - 	 sub Args: 
2026-04-08 01:24:56,436 [INFO] Argument:325 - Argument : Channelvalue: DMA_CHANNEL_0
2026-04-08 01:24:56,436 [INFO] Argument:335 - Argument : Channelvalue: DMA_CHANNEL_0
2026-04-08 01:24:56,436 [INFO] Argument:325 - Argument : Directionvalue: DMA_MEMORY_TO_PERIPH
2026-04-08 01:24:56,436 [INFO] Argument:335 - Argument : Directionvalue: DMA_MEMORY_TO_PERIPH
2026-04-08 01:24:56,436 [INFO] Argument:325 - Argument : PeriphIncvalue: DMA_PINC_DISABLE
2026-04-08 01:24:56,436 [INFO] Argument:335 - Argument : PeriphIncvalue: DMA_PINC_DISABLE
2026-04-08 01:24:56,437 [INFO] Argument:325 - Argument : MemIncvalue: DMA_MINC_ENABLE
2026-04-08 01:24:56,437 [INFO] Argument:335 - Argument : MemIncvalue: DMA_MINC_ENABLE
2026-04-08 01:24:56,437 [INFO] Argument:325 - Argument : PeriphDataAlignmentvalue: DMA_PDATAALIGN_HALFWORD
2026-04-08 01:24:56,437 [INFO] Argument:335 - Argument : PeriphDataAlignmentvalue: DMA_PDATAALIGN_HALFWORD
2026-04-08 01:24:56,437 [INFO] Argument:325 - Argument : MemDataAlignmentvalue: DMA_MDATAALIGN_HALFWORD
2026-04-08 01:24:56,437 [INFO] Argument:335 - Argument : MemDataAlignmentvalue: DMA_MDATAALIGN_HALFWORD
2026-04-08 01:24:56,437 [INFO] Argument:325 - Argument : Modevalue: DMA_CIRCULAR
2026-04-08 01:24:56,437 [INFO] Argument:335 - Argument : Modevalue: DMA_CIRCULAR
2026-04-08 01:24:56,437 [INFO] Argument:325 - Argument : Priorityvalue: DMA_PRIORITY_VERY_HIGH
2026-04-08 01:24:56,437 [INFO] Argument:335 - Argument : Priorityvalue: DMA_PRIORITY_VERY_HIGH
2026-04-08 01:24:56,437 [INFO] Argument:325 - Argument : FIFOModevalue: DMA_FIFOMODE_DISABLE
2026-04-08 01:24:56,437 [INFO] Argument:335 - Argument : FIFOModevalue: DMA_FIFOMODE_DISABLE
2026-04-08 01:24:56,437 [INFO] Argument:325 - Argument : FIFOThresholdvalue: null
2026-04-08 01:24:56,437 [INFO] Argument:335 - Argument : FIFOThresholdvalue: null
2026-04-08 01:24:56,437 [INFO] Argument:325 - Argument : MemBurstvalue: null
2026-04-08 01:24:56,437 [INFO] Argument:335 - Argument : MemBurstvalue: null
2026-04-08 01:24:56,437 [INFO] Argument:325 - Argument : PeriphBurstvalue: null
2026-04-08 01:24:56,437 [INFO] Argument:335 - Argument : PeriphBurstvalue: null
2026-04-08 01:24:56,438 [INFO] Argument:325 - Argument : Lockvalue: null
2026-04-08 01:24:56,438 [INFO] Argument:335 - Argument : Lockvalue: null
2026-04-08 01:24:56,438 [INFO] Argument:325 - Argument : Statevalue: null
2026-04-08 01:24:56,438 [INFO] Argument:335 - Argument : Statevalue: null
2026-04-08 01:24:56,438 [INFO] Argument:325 - Argument : Parentvalue: null
2026-04-08 01:24:56,438 [INFO] Argument:335 - Argument : Parentvalue: null
2026-04-08 01:24:56,438 [INFO] Argument:325 - Argument : XferCpltCallbackvalue: null
2026-04-08 01:24:56,438 [INFO] Argument:335 - Argument : XferCpltCallbackvalue: null
2026-04-08 01:24:56,438 [INFO] Argument:325 - Argument : XferHalfCpltCallbackvalue: null
2026-04-08 01:24:56,438 [INFO] Argument:335 - Argument : XferHalfCpltCallbackvalue: null
2026-04-08 01:24:56,438 [INFO] Argument:325 - Argument : XferM1CpltCallbackvalue: null
2026-04-08 01:24:56,438 [INFO] Argument:335 - Argument : XferM1CpltCallbackvalue: null
2026-04-08 01:24:56,438 [INFO] Argument:325 - Argument : XferErrorCallbackvalue: null
2026-04-08 01:24:56,438 [INFO] Argument:335 - Argument : XferErrorCallbackvalue: null
2026-04-08 01:24:56,439 [INFO] Argument:325 - Argument : ErrorCodevalue: null
2026-04-08 01:24:56,439 [INFO] Argument:335 - Argument : ErrorCodevalue: null
2026-04-08 01:24:56,563 [INFO] CodeEngine:263 - oldGeneratedFile, D:\Projects\Ventures\Mruda\01_Technical\MCU_Software\MCU_3.1.0\Mruda_f411\MXTmpFiles\license.tmp_save
2026-04-08 01:24:56,861 [INFO] CodeEngine:287 - Generated code: D:\Projects\Ventures\Mruda\01_Technical\MCU_Software\MCU_3.1.0\Mruda_f411\MXTmpFiles\license.tmp
2026-04-08 01:24:56,901 [INFO] CodeEngine:263 - oldGeneratedFile, D:\Projects\Ventures\Mruda\01_Technical\MCU_Software\MCU_3.1.0\Mruda_f411\MXTmpFiles\gpio.tmp_save
2026-04-08 01:24:57,047 [INFO] CodeEngine:287 - Generated code: D:\Projects\Ventures\Mruda\01_Technical\MCU_Software\MCU_3.1.0\Mruda_f411\MXTmpFiles\gpio.tmp
2026-04-08 01:24:57,386 [INFO] CodeEngine:263 - oldGeneratedFile, D:\Projects\Ventures\Mruda\01_Technical\MCU_Software\MCU_3.1.0\Mruda_f411\MXTmpFiles\dma.tmp_save
2026-04-08 01:24:57,502 [INFO] CodeEngine:287 - Generated code: D:\Projects\Ventures\Mruda\01_Technical\MCU_Software\MCU_3.1.0\Mruda_f411\MXTmpFiles\dma.tmp
2026-04-08 01:24:57,509 [INFO] CodeEngine:263 - oldGeneratedFile, D:\Projects\Ventures\Mruda\01_Technical\MCU_Software\MCU_3.1.0\Mruda_f411\MXTmpFiles\dma_GV.tmp_save
2026-04-08 01:24:57,612 [INFO] CodeEngine:287 - Generated code: D:\Projects\Ventures\Mruda\01_Technical\MCU_Software\MCU_3.1.0\Mruda_f411\MXTmpFiles\dma_GV.tmp
2026-04-08 01:24:57,645 [INFO] CodeEngine:263 - oldGeneratedFile, D:\Projects\Ventures\Mruda\01_Technical\MCU_Software\MCU_3.1.0\Mruda_f411\Core\Src\stm32f4xx_it.c_save
2026-04-08 01:24:57,882 [INFO] CodeEngine:287 - Generated code: D:\Projects\Ventures\Mruda\01_Technical\MCU_Software\MCU_3.1.0\Mruda_f411\Core\Src\stm32f4xx_it.c
2026-04-08 01:24:57,891 [INFO] CodeEngine:263 - oldGeneratedFile, D:\Projects\Ventures\Mruda\01_Technical\MCU_Software\MCU_3.1.0\Mruda_f411\Core\Inc\stm32f4xx_it.h_save
2026-04-08 01:24:57,983 [INFO] CodeEngine:287 - Generated code: D:\Projects\Ventures\Mruda\01_Technical\MCU_Software\MCU_3.1.0\Mruda_f411\Core\Inc\stm32f4xx_it.h
2026-04-08 01:24:58,018 [INFO] CodeEngine:263 - oldGeneratedFile, D:\Projects\Ventures\Mruda\01_Technical\MCU_Software\MCU_3.1.0\Mruda_f411\Core\Src\stm32f4xx_hal_msp.c_save
2026-04-08 01:24:58,226 [INFO] CodeEngine:287 - Generated code: D:\Projects\Ventures\Mruda\01_Technical\MCU_Software\MCU_3.1.0\Mruda_f411\Core\Src\stm32f4xx_hal_msp.c
2026-04-08 01:24:58,240 [INFO] CodeEngine:263 - oldGeneratedFile, D:\Projects\Ventures\Mruda\01_Technical\MCU_Software\MCU_3.1.0\Mruda_f411\MXTmpFiles\system.tmp_save
2026-04-08 01:24:58,326 [INFO] CodeEngine:287 - Generated code: D:\Projects\Ventures\Mruda\01_Technical\MCU_Software\MCU_3.1.0\Mruda_f411\MXTmpFiles\system.tmp
2026-04-08 01:24:58,369 [INFO] CodeEngine:319 - oldGeneratedFile, D:\Projects\Ventures\Mruda\01_Technical\MCU_Software\MCU_3.1.0\Mruda_f411\Core\Inc\stm32f4xx_hal_conf.h_save
2026-04-08 01:24:58,501 [INFO] CodeEngine:343 - Generated code: D:\Projects\Ventures\Mruda\01_Technical\MCU_Software\MCU_3.1.0\Mruda_f411\Core\Inc\stm32f4xx_hal_conf.h
2026-04-08 01:24:58,535 [WARN] IPConfigManager:3790 - IP not found : TIM
2026-04-08 01:24:58,536 [WARN] CodeGenerator:4198 - IP not found : null
2026-04-08 01:24:58,560 [INFO] CodeEngine:263 - oldGeneratedFile, D:\Projects\Ventures\Mruda\01_Technical\MCU_Software\MCU_3.1.0\Mruda_f411\Core\Inc\main.h_save
2026-04-08 01:24:58,667 [INFO] CodeEngine:287 - Generated code: D:\Projects\Ventures\Mruda\01_Technical\MCU_Software\MCU_3.1.0\Mruda_f411\Core\Inc\main.h
2026-04-08 01:24:58,685 [INFO] CodeEngine:263 - oldGeneratedFile, D:\Projects\Ventures\Mruda\01_Technical\MCU_Software\MCU_3.1.0\Mruda_f411\Core\Src\main.c_save
2026-04-08 01:24:58,940 [INFO] CodeEngine:287 - Generated code: D:\Projects\Ventures\Mruda\01_Technical\MCU_Software\MCU_3.1.0\Mruda_f411\Core\Src\main.c
2026-04-08 01:24:59,453 [INFO] ProjectBuilder:3324 - Time for Copy HAL[1] : 313mS.
2026-04-08 01:24:59,458 [INFO] ProjectBuilder:4912 - Project Generator version: 4.6.0.1-B1
2026-04-08 01:24:59,544 [INFO] ConfigFileManager:1590 - The Die is : DIE431
2026-04-08 01:25:00,579 [INFO] ProjectBuilder:5191 - Time for Generating toolchain IDE Files: 1121mS.
2026-04-08 01:25:00,580 [INFO] ProjectBuilder:3181 - Time for Copy CMSIS : 1mS.
2026-04-08 01:25:00,583 [INFO] ProjectBuilder:3181 - Time for Copy CMSIS : 0mS.
2026-04-08 01:32:10,499 [INFO] NvicIntPanel:101 - NVIC parent = com.st.microxplorer.plugins.ip.nvic.MultiNvicIntPanel[,0,0,0x0,invalid,layout=javax.swing.BoxLayout,alignmentX=0.0,alignmentY=0.0,border=,flags=9,maximumSize=,minimumSize=,preferredSize=]
2026-04-08 01:32:10,546 [INFO] I2sManager:658 - 1.1875E8
2026-04-08 01:32:10,546 [INFO] I2sManager:195 - I2S Clock Value : 1.1875E8
2026-04-08 01:32:10,546 [INFO] I2sManager:553 - AudioClock : 31990Divider : 58Odd : 0
2026-04-08 01:32:10,609 [INFO] NvicIntPanel:101 - NVIC parent = com.st.microxplorer.plugins.ip.nvic.MultiNvicIntPanel[,0,0,0x0,invalid,layout=javax.swing.BoxLayout,alignmentX=0.0,alignmentY=0.0,border=,flags=9,maximumSize=,minimumSize=,preferredSize=]
2026-04-08 01:32:15,217 [INFO] NvicIntPanel:101 - NVIC parent = com.st.microxplorer.plugins.ip.nvic.MultiNvicIntPanel[,0,0,0x0,invalid,layout=javax.swing.BoxLayout,alignmentX=0.0,alignmentY=0.0,border=,flags=9,maximumSize=,minimumSize=,preferredSize=]
2026-04-08 01:32:29,861 [INFO] UtilMem:75 - End SaveConfig() Used Memory: 940082672 Bytes (1073741824)
2026-04-08 01:32:30,939 [INFO] UtilMem:75 - End SaveConfig() Used Memory: 961580528 Bytes (1073741824)
2026-04-08 01:32:34,267 [INFO] UtilMem:75 - End SaveConfig() Used Memory: 868528104 Bytes (1073741824)
2026-04-08 01:32:34,473 [INFO] BlockDiagram:2775 - set Specific Code input for plugin: NVIC
2026-04-08 01:32:34,475 [INFO] BlockDiagram:2775 - set Specific Code input for plugin: DMA
2026-04-08 01:32:34,475 [INFO] BlockDiagram:2775 - set Specific Code input for plugin: TIM1_8
2026-04-08 01:32:34,475 [INFO] BlockDiagram:2775 - set Specific Code input for plugin: TIM1_8
2026-04-08 01:32:34,475 [INFO] BlockDiagram:2775 - set Specific Code input for plugin: TIM1_8
2026-04-08 01:32:34,475 [INFO] BlockDiagram:2775 - set Specific Code input for plugin: I2S
2026-04-08 01:32:34,475 [INFO] BlockDiagram:2775 - set Specific Code input for plugin: SYS
2026-04-08 01:32:34,475 [INFO] BlockDiagram:2775 - set Specific Code input for plugin: GPIO
2026-04-08 01:32:34,475 [INFO] BlockDiagram:2775 - set Specific Code input for plugin: ADC
2026-04-08 01:32:34,475 [INFO] BlockDiagram:2775 - set Specific Code input for plugin: RCC
2026-04-08 01:32:34,476 [INFO] CodeGenerator:882 - code generatio: config db path: C:\ST\STM32CubeIDE_1.10.1\STM32CubeIDE\plugins\com.st.stm32cube.common.mx_6.14.1.202504091515\\db\
2026-04-08 01:32:34,484 [INFO] Argument:325 - Argument : hdmavalue: null
2026-04-08 01:32:34,485 [INFO] Argument:327 - 	 sub Args: 
2026-04-08 01:32:34,485 [INFO] Argument:325 - Argument : Instancevalue: DMA2_Stream0
2026-04-08 01:32:34,485 [INFO] Argument:335 - Argument : Instancevalue: DMA2_Stream0
2026-04-08 01:32:34,485 [INFO] Argument:325 - Argument : Initvalue: null
2026-04-08 01:32:34,485 [INFO] Argument:327 - 	 sub Args: 
2026-04-08 01:32:34,485 [INFO] Argument:325 - Argument : Channelvalue: DMA_CHANNEL_0
2026-04-08 01:32:34,485 [INFO] Argument:335 - Argument : Channelvalue: DMA_CHANNEL_0
2026-04-08 01:32:34,485 [INFO] Argument:325 - Argument : Directionvalue: DMA_PERIPH_TO_MEMORY
2026-04-08 01:32:34,485 [INFO] Argument:335 - Argument : Directionvalue: DMA_PERIPH_TO_MEMORY
2026-04-08 01:32:34,485 [INFO] Argument:325 - Argument : PeriphIncvalue: DMA_PINC_DISABLE
2026-04-08 01:32:34,485 [INFO] Argument:335 - Argument : PeriphIncvalue: DMA_PINC_DISABLE
2026-04-08 01:32:34,485 [INFO] Argument:325 - Argument : MemIncvalue: DMA_MINC_ENABLE
2026-04-08 01:32:34,485 [INFO] Argument:335 - Argument : MemIncvalue: DMA_MINC_ENABLE
2026-04-08 01:32:34,485 [INFO] Argument:325 - Argument : PeriphDataAlignmentvalue: DMA_PDATAALIGN_HALFWORD
2026-04-08 01:32:34,485 [INFO] Argument:335 - Argument : PeriphDataAlignmentvalue: DMA_PDATAALIGN_HALFWORD
2026-04-08 01:32:34,485 [INFO] Argument:325 - Argument : MemDataAlignmentvalue: DMA_MDATAALIGN_HALFWORD
2026-04-08 01:32:34,485 [INFO] Argument:335 - Argument : MemDataAlignmentvalue: DMA_MDATAALIGN_HALFWORD
2026-04-08 01:32:34,485 [INFO] Argument:325 - Argument : Modevalue: DMA_CIRCULAR
2026-04-08 01:32:34,485 [INFO] Argument:335 - Argument : Modevalue: DMA_CIRCULAR
2026-04-08 01:32:34,485 [INFO] Argument:325 - Argument : Priorityvalue: DMA_PRIORITY_LOW
2026-04-08 01:32:34,485 [INFO] Argument:335 - Argument : Priorityvalue: DMA_PRIORITY_LOW
2026-04-08 01:32:34,485 [INFO] Argument:325 - Argument : FIFOModevalue: DMA_FIFOMODE_DISABLE
2026-04-08 01:32:34,485 [INFO] Argument:335 - Argument : FIFOModevalue: DMA_FIFOMODE_DISABLE
2026-04-08 01:32:34,485 [INFO] Argument:325 - Argument : FIFOThresholdvalue: null
2026-04-08 01:32:34,485 [INFO] Argument:335 - Argument : FIFOThresholdvalue: null
2026-04-08 01:32:34,485 [INFO] Argument:325 - Argument : MemBurstvalue: null
2026-04-08 01:32:34,485 [INFO] Argument:335 - Argument : MemBurstvalue: null
2026-04-08 01:32:34,485 [INFO] Argument:325 - Argument : PeriphBurstvalue: null
2026-04-08 01:32:34,485 [INFO] Argument:335 - Argument : PeriphBurstvalue: null
2026-04-08 01:32:34,485 [INFO] Argument:325 - Argument : Lockvalue: null
2026-04-08 01:32:34,485 [INFO] Argument:335 - Argument : Lockvalue: null
2026-04-08 01:32:34,485 [INFO] Argument:325 - Argument : Statevalue: null
2026-04-08 01:32:34,485 [INFO] Argument:335 - Argument : Statevalue: null
2026-04-08 01:32:34,485 [INFO] Argument:325 - Argument : Parentvalue: null
2026-04-08 01:32:34,485 [INFO] Argument:335 - Argument : Parentvalue: null
2026-04-08 01:32:34,485 [INFO] Argument:325 - Argument : XferCpltCallbackvalue: null
2026-04-08 01:32:34,485 [INFO] Argument:335 - Argument : XferCpltCallbackvalue: null
2026-04-08 01:32:34,485 [INFO] Argument:325 - Argument : XferHalfCpltCallbackvalue: null
2026-04-08 01:32:34,485 [INFO] Argument:335 - Argument : XferHalfCpltCallbackvalue: null
2026-04-08 01:32:34,485 [INFO] Argument:325 - Argument : XferM1CpltCallbackvalue: null
2026-04-08 01:32:34,485 [INFO] Argument:335 - Argument : XferM1CpltCallbackvalue: null
2026-04-08 01:32:34,485 [INFO] Argument:325 - Argument : XferErrorCallbackvalue: null
2026-04-08 01:32:34,485 [INFO] Argument:335 - Argument : XferErrorCallbackvalue: null
2026-04-08 01:32:34,487 [INFO] Argument:325 - Argument : ErrorCodevalue: null
2026-04-08 01:32:34,487 [INFO] Argument:335 - Argument : ErrorCodevalue: null
2026-04-08 01:32:34,489 [INFO] Argument:325 - Argument : hdmavalue: null
2026-04-08 01:32:34,489 [INFO] Argument:327 - 	 sub Args: 
2026-04-08 01:32:34,489 [INFO] Argument:325 - Argument : Instancevalue: DMA1_Stream4
2026-04-08 01:32:34,489 [INFO] Argument:335 - Argument : Instancevalue: DMA1_Stream4
2026-04-08 01:32:34,489 [INFO] Argument:325 - Argument : Initvalue: null
2026-04-08 01:32:34,489 [INFO] Argument:327 - 	 sub Args: 
2026-04-08 01:32:34,489 [INFO] Argument:325 - Argument : Channelvalue: DMA_CHANNEL_0
2026-04-08 01:32:34,489 [INFO] Argument:335 - Argument : Channelvalue: DMA_CHANNEL_0
2026-04-08 01:32:34,489 [INFO] Argument:325 - Argument : Directionvalue: DMA_MEMORY_TO_PERIPH
2026-04-08 01:32:34,489 [INFO] Argument:335 - Argument : Directionvalue: DMA_MEMORY_TO_PERIPH
2026-04-08 01:32:34,489 [INFO] Argument:325 - Argument : PeriphIncvalue: DMA_PINC_DISABLE
2026-04-08 01:32:34,489 [INFO] Argument:335 - Argument : PeriphIncvalue: DMA_PINC_DISABLE
2026-04-08 01:32:34,489 [INFO] Argument:325 - Argument : MemIncvalue: DMA_MINC_ENABLE
2026-04-08 01:32:34,489 [INFO] Argument:335 - Argument : MemIncvalue: DMA_MINC_ENABLE
2026-04-08 01:32:34,489 [INFO] Argument:325 - Argument : PeriphDataAlignmentvalue: DMA_PDATAALIGN_HALFWORD
2026-04-08 01:32:34,489 [INFO] Argument:335 - Argument : PeriphDataAlignmentvalue: DMA_PDATAALIGN_HALFWORD
2026-04-08 01:32:34,489 [INFO] Argument:325 - Argument : MemDataAlignmentvalue: DMA_MDATAALIGN_HALFWORD
2026-04-08 01:32:34,489 [INFO] Argument:335 - Argument : MemDataAlignmentvalue: DMA_MDATAALIGN_HALFWORD
2026-04-08 01:32:34,489 [INFO] Argument:325 - Argument : Modevalue: DMA_CIRCULAR
2026-04-08 01:32:34,489 [INFO] Argument:335 - Argument : Modevalue: DMA_CIRCULAR
2026-04-08 01:32:34,489 [INFO] Argument:325 - Argument : Priorityvalue: DMA_PRIORITY_VERY_HIGH
2026-04-08 01:32:34,489 [INFO] Argument:335 - Argument : Priorityvalue: DMA_PRIORITY_VERY_HIGH
2026-04-08 01:32:34,491 [INFO] Argument:325 - Argument : FIFOModevalue: DMA_FIFOMODE_DISABLE
2026-04-08 01:32:34,491 [INFO] Argument:335 - Argument : FIFOModevalue: DMA_FIFOMODE_DISABLE
2026-04-08 01:32:34,491 [INFO] Argument:325 - Argument : FIFOThresholdvalue: null
2026-04-08 01:32:34,491 [INFO] Argument:335 - Argument : FIFOThresholdvalue: null
2026-04-08 01:32:34,491 [INFO] Argument:325 - Argument : MemBurstvalue: null
2026-04-08 01:32:34,491 [INFO] Argument:335 - Argument : MemBurstvalue: null
2026-04-08 01:32:34,491 [INFO] Argument:325 - Argument : PeriphBurstvalue: null
2026-04-08 01:32:34,491 [INFO] Argument:335 - Argument : PeriphBurstvalue: null
2026-04-08 01:32:34,491 [INFO] Argument:325 - Argument : Lockvalue: null
2026-04-08 01:32:34,491 [INFO] Argument:335 - Argument : Lockvalue: null
2026-04-08 01:32:34,491 [INFO] Argument:325 - Argument : Statevalue: null
2026-04-08 01:32:34,491 [INFO] Argument:335 - Argument : Statevalue: null
2026-04-08 01:32:34,491 [INFO] Argument:325 - Argument : Parentvalue: null
2026-04-08 01:32:34,491 [INFO] Argument:335 - Argument : Parentvalue: null
2026-04-08 01:32:34,491 [INFO] Argument:325 - Argument : XferCpltCallbackvalue: null
2026-04-08 01:32:34,491 [INFO] Argument:335 - Argument : XferCpltCallbackvalue: null
2026-04-08 01:32:34,491 [INFO] Argument:325 - Argument : XferHalfCpltCallbackvalue: null
2026-04-08 01:32:34,491 [INFO] Argument:335 - Argument : XferHalfCpltCallbackvalue: null
2026-04-08 01:32:34,491 [INFO] Argument:325 - Argument : XferM1CpltCallbackvalue: null
2026-04-08 01:32:34,491 [INFO] Argument:335 - Argument : XferM1CpltCallbackvalue: null
2026-04-08 01:32:34,491 [INFO] Argument:325 - Argument : XferErrorCallbackvalue: null
2026-04-08 01:32:34,491 [INFO] Argument:335 - Argument : XferErrorCallbackvalue: null
2026-04-08 01:32:34,491 [INFO] Argument:325 - Argument : ErrorCodevalue: null
2026-04-08 01:32:34,491 [INFO] Argument:335 - Argument : ErrorCodevalue: null
2026-04-08 01:32:34,653 [INFO] CodeEngine:263 - oldGeneratedFile, D:\Projects\Ventures\Mruda\01_Technical\MCU_Software\MCU_3.1.0\Mruda_f411\MXTmpFiles\license.tmp_save
2026-04-08 01:32:34,769 [INFO] CodeEngine:287 - Generated code: D:\Projects\Ventures\Mruda\01_Technical\MCU_Software\MCU_3.1.0\Mruda_f411\MXTmpFiles\license.tmp
2026-04-08 01:32:34,847 [INFO] CodeEngine:263 - oldGeneratedFile, D:\Projects\Ventures\Mruda\01_Technical\MCU_Software\MCU_3.1.0\Mruda_f411\MXTmpFiles\gpio.tmp_save
2026-04-08 01:32:34,965 [INFO] CodeEngine:287 - Generated code: D:\Projects\Ventures\Mruda\01_Technical\MCU_Software\MCU_3.1.0\Mruda_f411\MXTmpFiles\gpio.tmp
2026-04-08 01:32:35,317 [INFO] CodeEngine:263 - oldGeneratedFile, D:\Projects\Ventures\Mruda\01_Technical\MCU_Software\MCU_3.1.0\Mruda_f411\MXTmpFiles\dma.tmp_save
2026-04-08 01:32:35,410 [INFO] CodeEngine:287 - Generated code: D:\Projects\Ventures\Mruda\01_Technical\MCU_Software\MCU_3.1.0\Mruda_f411\MXTmpFiles\dma.tmp
2026-04-08 01:32:35,423 [INFO] CodeEngine:263 - oldGeneratedFile, D:\Projects\Ventures\Mruda\01_Technical\MCU_Software\MCU_3.1.0\Mruda_f411\MXTmpFiles\dma_GV.tmp_save
2026-04-08 01:32:35,500 [INFO] CodeEngine:287 - Generated code: D:\Projects\Ventures\Mruda\01_Technical\MCU_Software\MCU_3.1.0\Mruda_f411\MXTmpFiles\dma_GV.tmp
2026-04-08 01:32:35,545 [INFO] CodeEngine:263 - oldGeneratedFile, D:\Projects\Ventures\Mruda\01_Technical\MCU_Software\MCU_3.1.0\Mruda_f411\Core\Src\stm32f4xx_it.c_save
2026-04-08 01:32:35,741 [INFO] CodeEngine:287 - Generated code: D:\Projects\Ventures\Mruda\01_Technical\MCU_Software\MCU_3.1.0\Mruda_f411\Core\Src\stm32f4xx_it.c
2026-04-08 01:32:35,766 [INFO] CodeEngine:263 - oldGeneratedFile, D:\Projects\Ventures\Mruda\01_Technical\MCU_Software\MCU_3.1.0\Mruda_f411\Core\Inc\stm32f4xx_it.h_save
2026-04-08 01:32:35,887 [INFO] CodeEngine:287 - Generated code: D:\Projects\Ventures\Mruda\01_Technical\MCU_Software\MCU_3.1.0\Mruda_f411\Core\Inc\stm32f4xx_it.h
2026-04-08 01:32:35,925 [INFO] CodeEngine:263 - oldGeneratedFile, D:\Projects\Ventures\Mruda\01_Technical\MCU_Software\MCU_3.1.0\Mruda_f411\Core\Src\stm32f4xx_hal_msp.c_save
2026-04-08 01:32:36,122 [INFO] CodeEngine:287 - Generated code: D:\Projects\Ventures\Mruda\01_Technical\MCU_Software\MCU_3.1.0\Mruda_f411\Core\Src\stm32f4xx_hal_msp.c
2026-04-08 01:32:36,150 [INFO] CodeEngine:263 - oldGeneratedFile, D:\Projects\Ventures\Mruda\01_Technical\MCU_Software\MCU_3.1.0\Mruda_f411\MXTmpFiles\system.tmp_save
2026-04-08 01:32:36,230 [INFO] CodeEngine:287 - Generated code: D:\Projects\Ventures\Mruda\01_Technical\MCU_Software\MCU_3.1.0\Mruda_f411\MXTmpFiles\system.tmp
2026-04-08 01:32:36,269 [INFO] CodeEngine:319 - oldGeneratedFile, D:\Projects\Ventures\Mruda\01_Technical\MCU_Software\MCU_3.1.0\Mruda_f411\Core\Inc\stm32f4xx_hal_conf.h_save
2026-04-08 01:32:36,370 [INFO] CodeEngine:343 - Generated code: D:\Projects\Ventures\Mruda\01_Technical\MCU_Software\MCU_3.1.0\Mruda_f411\Core\Inc\stm32f4xx_hal_conf.h
2026-04-08 01:32:36,400 [WARN] IPConfigManager:3790 - IP not found : TIM
2026-04-08 01:32:36,401 [WARN] CodeGenerator:4198 - IP not found : null
2026-04-08 01:32:36,437 [INFO] CodeEngine:263 - oldGeneratedFile, D:\Projects\Ventures\Mruda\01_Technical\MCU_Software\MCU_3.1.0\Mruda_f411\Core\Inc\main.h_save
2026-04-08 01:32:36,543 [INFO] CodeEngine:287 - Generated code: D:\Projects\Ventures\Mruda\01_Technical\MCU_Software\MCU_3.1.0\Mruda_f411\Core\Inc\main.h
2026-04-08 01:32:36,567 [INFO] CodeEngine:263 - oldGeneratedFile, D:\Projects\Ventures\Mruda\01_Technical\MCU_Software\MCU_3.1.0\Mruda_f411\Core\Src\main.c_save
2026-04-08 01:32:36,762 [INFO] CodeEngine:287 - Generated code: D:\Projects\Ventures\Mruda\01_Technical\MCU_Software\MCU_3.1.0\Mruda_f411\Core\Src\main.c
2026-04-08 01:32:37,187 [INFO] ProjectBuilder:3324 - Time for Copy HAL[1] : 255mS.
2026-04-08 01:32:37,191 [INFO] ProjectBuilder:4912 - Project Generator version: 4.6.0.1-B1
2026-04-08 01:32:37,288 [INFO] ConfigFileManager:1590 - The Die is : DIE431
2026-04-08 01:32:38,258 [INFO] ProjectBuilder:5191 - Time for Generating toolchain IDE Files: 1067mS.
2026-04-08 01:32:38,258 [INFO] ProjectBuilder:3181 - Time for Copy CMSIS : 0mS.
2026-04-08 01:32:38,261 [INFO] ProjectBuilder:3181 - Time for Copy CMSIS : 0mS.
2026-04-08 09:52:28,414 [INFO] WebApp:194 - Connection lost
2026-04-08 09:52:38,360 [INFO] WebApp:191 - Connection restablished
2026-04-08 09:52:38,393 [INFO] WebApp:194 - Connection lost
2026-04-08 09:52:38,842 [INFO] WebApp:191 - Connection restablished
