2026-05-14 01:30:09,455 [INFO] LogOutputStream:77 - [STDOUT_REDIRECT] 
2026-05-14 01:30:11,602 [INFO] ProjectBuilder:5191 - Time for Generating toolchain IDE Files: 3249mS.
2026-05-14 01:30:11,603 [INFO] ProjectBuilder:3181 - Time for Copy CMSIS : 1mS.
2026-05-14 01:30:11,613 [INFO] ProjectBuilder:3181 - Time for Copy CMSIS : 0mS.
2026-05-14 01:44:54,356 [INFO] MainUpdater:2872 - connection check result : 10
2026-05-14 01:44:54,356 [INFO] MainUpdater:2872 - connection check result : 10
2026-05-14 01:44:54,369 [INFO] I2sManager:658 - 1.1875E8
2026-05-14 01:44:54,369 [INFO] I2sManager:195 - I2S Clock Value : 1.1875E8
2026-05-14 01:44:54,369 [INFO] I2sManager:553 - AudioClock : 15995Divider : 116Odd : 0
2026-05-14 01:44:54,372 [INFO] MicroXplorer:468 - Change Database Path : 
2026-05-14 01:44:54,372 [INFO] MicroXplorer:498 - Change Database Version : DB.6.0.141
2026-05-14 01:44:54,396 [ERROR] ProjectManagerView:395 - 
java.lang.NullPointerException: Cannot invoke "javax.swing.JTextField.getText()" because the return value of "java.util.List.get(int)" is null
	at com.st.microxplorer.plugins.projectmanager.gui.ProjectChoiceTab$9.caretUpdate(ProjectChoiceTab.java:2678) ~[filemanager.jar:?]
	at javax.swing.text.JTextComponent.fireCaretUpdate(JTextComponent.java:408) ~[?:?]
	at javax.swing.text.JTextComponent$MutableCaretEvent.fire(JTextComponent.java:4484) ~[?:?]
	at javax.swing.text.JTextComponent$MutableCaretEvent.stateChanged(JTextComponent.java:4506) ~[?:?]
	at javax.swing.text.DefaultCaret.fireStateChanged(DefaultCaret.java:857) ~[?:?]
	at javax.swing.text.DefaultCaret.changeCaretPosition(DefaultCaret.java:1343) ~[?:?]
	at javax.swing.text.DefaultCaret.handleSetDot(DefaultCaret.java:1242) ~[?:?]
	at javax.swing.text.DefaultCaret.setDot(DefaultCaret.java:1223) ~[?:?]
	at javax.swing.text.DefaultCaret$Handler.insertUpdate(DefaultCaret.java:1819) ~[?:?]
	at javax.swing.text.AbstractDocument.fireInsertUpdate(AbstractDocument.java:227) ~[?:?]
	at javax.swing.text.AbstractDocument.handleInsertString(AbstractDocument.java:781) ~[?:?]
	at javax.swing.text.AbstractDocument.insertString(AbstractDocument.java:740) ~[?:?]
	at javax.swing.text.PlainDocument.insertString(PlainDocument.java:131) ~[?:?]
	at javax.swing.text.AbstractDocument.replace(AbstractDocument.java:699) ~[?:?]
	at javax.swing.text.JTextComponent.setText(JTextComponent.java:1725) ~[?:?]
	at com.st.microxplorer.plugins.projectmanager.gui.ProjectChoiceTab.createHeapStackFields(ProjectChoiceTab.java:979) ~[filemanager.jar:?]
	at com.st.microxplorer.plugins.projectmanager.gui.ProjectChoiceTab.buildLinkSettingsPanel(ProjectChoiceTab.java:3766) ~[filemanager.jar:?]
	at com.st.microxplorer.plugins.projectmanager.gui.ProjectChoiceTab.defineWindowsFields(ProjectChoiceTab.java:1962) ~[filemanager.jar:?]
	at com.st.microxplorer.plugins.projectmanager.gui.ProjectChoiceTab.updateSettings(ProjectChoiceTab.java:555) ~[filemanager.jar:?]
	at com.st.microxplorer.plugins.projectmanager.gui.ProjectSettingsPanel.UpdateDialog(ProjectSettingsPanel.java:245) ~[filemanager.jar:?]
	at com.st.microxplorer.plugins.projectmanager.ProjectManagerView.propertyChange(ProjectManagerView.java:392) ~[filemanager.jar:?]
	at java.beans.PropertyChangeSupport.fire(PropertyChangeSupport.java:343) ~[?:?]
	at java.beans.PropertyChangeSupport.firePropertyChange(PropertyChangeSupport.java:335) ~[?:?]
	at java.beans.PropertyChangeSupport.firePropertyChange(PropertyChangeSupport.java:268) ~[?:?]
	at com.st.microxplorer.util.MXPropertyChangeSupport.firePropertyChange(MXPropertyChangeSupport.java:54) ~[STM32CubeMX.jar:?]
	at com.st.microxplorer.mxsystem.MxSystem.closeConfig(MxSystem.java:899) ~[STM32CubeMX.jar:?]
	at com.st.microxplorer.maingui.MainPanel.closeConfig(MainPanel.java:789) ~[STM32CubeMX.jar:?]
	at com.st.microxplorer.plugins.filemanager.engine.OpenFileManager.loadConfigurationFile(OpenFileManager.java:287) ~[filemanager.jar:?]
	at com.st.microxplorer.plugins.filemanager.engine.MainFileManager.userLoadConfig(MainFileManager.java:341) ~[filemanager.jar:?]
	at com.st.microxplorer.plugins.filemanager.engine.MainFileManager.userLoadConfig(MainFileManager.java:319) ~[filemanager.jar:?]
	at com.st.microxplorer.plugins.filemanager.FileManagerView.getSpecificTask(FileManagerView.java:246) ~[filemanager.jar:?]
	at com.st.stm32cube.common.mx.editor.CubeMxEditor.getMxTabbedPaneInstance(CubeMxEditor.java:1198) ~[com.st.stm32cube.common.mx_6.14.1.202504091515/:?]
	at com.st.stm32cube.common.mx.editor.CubeMxEditor$12$1.createSwingComponent(CubeMxEditor.java:1068) ~[com.st.stm32cube.common.mx_6.14.1.202504091515/:?]
	at com.st.stm32cube.common.mx.oss.core.awtswtbridge.EmbeddedSwingComposite.doComponentCreation(EmbeddedSwingComposite.java:492) ~[com.st.stm32cube.common.mx.oss_6.14.1.202504091515/:?]
	at com.st.stm32cube.common.mx.oss.core.awtswtbridge.EmbeddedSwingComposite$4.run(EmbeddedSwingComposite.java:291) ~[com.st.stm32cube.common.mx.oss_6.14.1.202504091515/:?]
	at com.st.stm32cube.common.mx.oss.core.awtswtbridge.AwtEnvironment$2.run(AwtEnvironment.java:166) ~[com.st.stm32cube.common.mx.oss_6.14.1.202504091515/:?]
	at java.awt.event.InvocationEvent.dispatch(InvocationEvent.java:318) ~[?:?]
	at java.awt.EventQueue.dispatchEventImpl(EventQueue.java:773) ~[?:?]
	at java.awt.EventQueue$4.run(EventQueue.java:720) ~[?:?]
	at java.awt.EventQueue$4.run(EventQueue.java:714) ~[?:?]
	at java.security.AccessController.doPrivileged(AccessController.java:400) ~[?:?]
	at java.security.ProtectionDomain$JavaSecurityAccessImpl.doIntersectionPrivilege(ProtectionDomain.java:87) ~[?:?]
	at java.awt.EventQueue.dispatchEvent(EventQueue.java:742) ~[?:?]
	at java.awt.EventDispatchThread.pumpOneEventForFilters(EventDispatchThread.java:203) ~[?:?]
	at java.awt.EventDispatchThread.pumpEventsForFilter(EventDispatchThread.java:124) ~[?:?]
	at java.awt.EventDispatchThread.pumpEventsForHierarchy(EventDispatchThread.java:113) ~[?:?]
	at java.awt.EventDispatchThread.pumpEvents(EventDispatchThread.java:109) ~[?:?]
	at java.awt.EventDispatchThread.pumpEvents(EventDispatchThread.java:101) ~[?:?]
	at java.awt.EventDispatchThread.run(EventDispatchThread.java:90) ~[?:?]
2026-05-14 01:44:54,397 [WARN] ThirdParty:871 - waiting for thirdparty lock release [close project]
2026-05-14 01:44:54,397 [INFO] ThirdParty:873 - entering critical section [close project]
2026-05-14 01:44:54,397 [INFO] ThirdParty:883 - exiting critical section [close project]
2026-05-14 01:44:54,399 [INFO] PinOutPanel:1589 - setPackage(No Configuration,No Configuration)
2026-05-14 01:44:54,407 [WARN] IpParametersView:155 - Warning: This peripheral hasn't parameters
2026-05-14 01:44:54,416 [WARN] MainPanel:289 - <html><b><center>Warning: This peripheral has no parameters to be configured<br></b></html>
2026-05-14 01:44:54,419 [INFO] UtilMem:75 - Begin LoadConfig() Used Memory: 802954016 Bytes (1073741824)
2026-05-14 01:44:54,421 [INFO] MicroXplorer:468 - Change Database Path : 
2026-05-14 01:44:54,422 [INFO] MicroXplorer:498 - Change Database Version : DB.6.0.141
2026-05-14 01:44:54,422 [INFO] OpenFileManager:354 - Change cursor
2026-05-14 01:44:54,445 [INFO] RulesReader:64 - Compatibility file has been processed (302 Rules)
2026-05-14 01:44:54,447 [INFO] Mcu:2011 - Initializing MCU STM32F411C(C-E)Ux STM32F411CEUx STM32F411CEU6
2026-05-14 01:44:55,453 [INFO] Context:756 - Trying to add GPIOservice into a context  which must be forbidden
2026-05-14 01:44:55,835 [INFO] ImportTextPane:218 - (OptionalMessage_ERROR) Pin26 (VP_RIF_VS_RIF1) cannot be retrieved for this MCU
2026-05-14 01:44:55,942 [INFO] RtosManager:558 - Registered RTOS mode: class=CMSIS, group=RTOS, mode=CMSIS_V1, owner=FREERTOS
2026-05-14 01:44:55,942 [INFO] RtosManager:558 - Registered RTOS mode: class=CMSIS, group=RTOS2, mode=CMSIS_V2, owner=FREERTOS
2026-05-14 01:44:55,942 [INFO] RtosManager:558 - Registered RTOS mode: class=RTOS, group=Core, mode=CMSIS_V1, owner=FREERTOS
2026-05-14 01:44:55,942 [INFO] RtosManager:558 - Registered RTOS mode: class=RTOS, group=Core, mode=CMSIS_V2, owner=FREERTOS
2026-05-14 01:44:55,942 [WARN] ModelIntegratedComponent:184 - Missing modes for component STMicroelectronics:FreeRTOS:0.0.1:STMicroelectronics:RTOS:FreeRTOS:Core:::10.2.0:
2026-05-14 01:44:55,947 [WARN] ModelIntegratedComponent:63 - No mode defined for component null
2026-05-14 01:44:55,948 [WARN] ModelIntegratedComponent:63 - No mode defined for component null
2026-05-14 01:44:55,948 [WARN] ModelIntegratedComponent:63 - No mode defined for component null
2026-05-14 01:44:55,948 [WARN] ModelIntegratedComponent:63 - No mode defined for component null
2026-05-14 01:44:55,948 [WARN] ModelIntegratedComponent:63 - No mode defined for component null
2026-05-14 01:44:55,948 [WARN] ModelIntegratedComponent:63 - No mode defined for component null
2026-05-14 01:44:55,948 [WARN] ModelIntegratedComponent:63 - No mode defined for component null
2026-05-14 01:44:55,948 [WARN] ModelIntegratedComponent:63 - No mode defined for component null
2026-05-14 01:44:55,948 [WARN] ModelIntegratedComponent:63 - No mode defined for component null
2026-05-14 01:44:55,948 [WARN] ModelIntegratedComponent:63 - No mode defined for component null
2026-05-14 01:44:55,948 [WARN] ModelIntegratedComponent:63 - No mode defined for component null
2026-05-14 01:44:55,948 [WARN] ModelIntegratedComponent:63 - No mode defined for component null
2026-05-14 01:44:55,948 [WARN] ModelIntegratedComponent:63 - No mode defined for component null
2026-05-14 01:44:55,948 [WARN] ModelIntegratedComponent:63 - No mode defined for component null
2026-05-14 01:44:55,948 [WARN] ModelIntegratedComponent:63 - No mode defined for component null
2026-05-14 01:44:55,948 [WARN] ModelIntegratedComponent:63 - No mode defined for component null
2026-05-14 01:44:55,948 [WARN] ModelIntegratedComponent:63 - No mode defined for component null
2026-05-14 01:44:55,948 [WARN] ModelIntegratedComponent:63 - No mode defined for component null
2026-05-14 01:44:55,948 [WARN] ModelIntegratedComponent:63 - No mode defined for component null
2026-05-14 01:44:55,948 [WARN] ModelIntegratedComponent:63 - No mode defined for component null
2026-05-14 01:44:55,948 [WARN] ModelIntegratedComponent:63 - No mode defined for component null
2026-05-14 01:44:55,948 [WARN] ModelIntegratedComponent:63 - No mode defined for component null
2026-05-14 01:44:55,948 [WARN] ModelIntegratedComponent:63 - No mode defined for component null
2026-05-14 01:44:55,948 [WARN] ModelIntegratedComponent:63 - No mode defined for component null
2026-05-14 01:44:55,948 [WARN] ModelIntegratedComponent:63 - No mode defined for component null
2026-05-14 01:44:55,948 [WARN] ModelIntegratedComponent:63 - No mode defined for component null
2026-05-14 01:44:55,948 [WARN] ModelIntegratedComponent:63 - No mode defined for component null
2026-05-14 01:44:55,948 [WARN] ModelIntegratedComponent:63 - No mode defined for component null
2026-05-14 01:44:55,948 [WARN] ModelIntegratedComponent:63 - No mode defined for component null
2026-05-14 01:44:55,948 [WARN] ModelIntegratedComponent:63 - No mode defined for component null
2026-05-14 01:44:55,948 [WARN] ModelIntegratedComponent:63 - No mode defined for component null
2026-05-14 01:44:55,948 [WARN] ModelIntegratedComponent:63 - No mode defined for component null
2026-05-14 01:44:55,948 [WARN] ModelIntegratedComponent:63 - No mode defined for component null
2026-05-14 01:44:55,948 [WARN] ModelIntegratedComponent:63 - No mode defined for component null
2026-05-14 01:44:55,948 [WARN] ModelIntegratedComponent:63 - No mode defined for component null
2026-05-14 01:44:55,948 [WARN] ModelPack:524 - Component already loaded: STMicroelectronics:HAL Drivers:0.0.0:STMicroelectronics:Device:STMicro_Driver:XSPI:HAL::0.0.1:HAL_XSPI
2026-05-14 01:44:56,037 [WARN] ModelIntegratedComponent:182 - Modes not found for component STMicroelectronics:USB_DEVICE:1.0.0:STMicroelectronics:USB::USB Device:Audio HS::1.0:USB_DEVICE_1_0_RESTRICTED_HS
2026-05-14 01:44:56,037 [WARN] ModelIntegratedComponent:188 - Modes not found for component STMicroelectronics:USB_DEVICE:1.0.0:STMicroelectronics:USB::USB Device:Audio HS::1.0:USB_DEVICE_1_0_RESTRICTED_HS
2026-05-14 01:44:56,037 [WARN] ModelIntegratedComponent:182 - Modes not found for component STMicroelectronics:USB_DEVICE:1.0.0:STMicroelectronics:USB::USB Device:CDC HS::1.0:USB_DEVICE_1_0_RESTRICTED_HS
2026-05-14 01:44:56,037 [WARN] ModelIntegratedComponent:188 - Modes not found for component STMicroelectronics:USB_DEVICE:1.0.0:STMicroelectronics:USB::USB Device:CDC HS::1.0:USB_DEVICE_1_0_RESTRICTED_HS
2026-05-14 01:44:56,037 [WARN] ModelIntegratedComponent:182 - Modes not found for component STMicroelectronics:USB_DEVICE:1.0.0:STMicroelectronics:USB::USB Device:DFU HS::1.0:USB_DEVICE_1_0_RESTRICTED_HS
2026-05-14 01:44:56,037 [WARN] ModelIntegratedComponent:188 - Modes not found for component STMicroelectronics:USB_DEVICE:1.0.0:STMicroelectronics:USB::USB Device:DFU HS::1.0:USB_DEVICE_1_0_RESTRICTED_HS
2026-05-14 01:44:56,037 [WARN] ModelIntegratedComponent:182 - Modes not found for component STMicroelectronics:USB_DEVICE:1.0.0:STMicroelectronics:USB::USB Device:HID HS::1.0:USB_DEVICE_1_0_RESTRICTED_HS
2026-05-14 01:44:56,037 [WARN] ModelIntegratedComponent:188 - Modes not found for component STMicroelectronics:USB_DEVICE:1.0.0:STMicroelectronics:USB::USB Device:HID HS::1.0:USB_DEVICE_1_0_RESTRICTED_HS
2026-05-14 01:44:56,037 [WARN] ModelIntegratedComponent:182 - Modes not found for component STMicroelectronics:USB_DEVICE:1.0.0:STMicroelectronics:USB::USB Device:Custom HID HS::1.0:USB_DEVICE_1_0_RESTRICTED_HS
2026-05-14 01:44:56,037 [WARN] ModelIntegratedComponent:188 - Modes not found for component STMicroelectronics:USB_DEVICE:1.0.0:STMicroelectronics:USB::USB Device:Custom HID HS::1.0:USB_DEVICE_1_0_RESTRICTED_HS
2026-05-14 01:44:56,037 [WARN] ModelIntegratedComponent:182 - Modes not found for component STMicroelectronics:USB_DEVICE:1.0.0:STMicroelectronics:USB::USB Device:MSC HS::1.0:USB_DEVICE_1_0_RESTRICTED_HS
2026-05-14 01:44:56,037 [WARN] ModelIntegratedComponent:188 - Modes not found for component STMicroelectronics:USB_DEVICE:1.0.0:STMicroelectronics:USB::USB Device:MSC HS::1.0:USB_DEVICE_1_0_RESTRICTED_HS
2026-05-14 01:44:56,130 [WARN] ModelIntegratedComponent:182 - Modes not found for component STMicroelectronics:USB_HOST:1.0.0:STMicroelectronics:USB::USB Host:Audio HS::1.0:USB_HOST_1_0_RESTRICTED_HS
2026-05-14 01:44:56,130 [WARN] ModelIntegratedComponent:188 - Modes not found for component STMicroelectronics:USB_HOST:1.0.0:STMicroelectronics:USB::USB Host:Audio HS::1.0:USB_HOST_1_0_RESTRICTED_HS
2026-05-14 01:44:56,130 [WARN] ModelIntegratedComponent:182 - Modes not found for component STMicroelectronics:USB_HOST:1.0.0:STMicroelectronics:USB::USB Host:CDC HS::1.0:USB_HOST_1_0_RESTRICTED_HS
2026-05-14 01:44:56,130 [WARN] ModelIntegratedComponent:188 - Modes not found for component STMicroelectronics:USB_HOST:1.0.0:STMicroelectronics:USB::USB Host:CDC HS::1.0:USB_HOST_1_0_RESTRICTED_HS
2026-05-14 01:44:56,130 [WARN] ModelIntegratedComponent:182 - Modes not found for component STMicroelectronics:USB_HOST:1.0.0:STMicroelectronics:USB::USB Host:MSC HS::1.0:USB_HOST_1_0_RESTRICTED_HS
2026-05-14 01:44:56,130 [WARN] ModelIntegratedComponent:188 - Modes not found for component STMicroelectronics:USB_HOST:1.0.0:STMicroelectronics:USB::USB Host:MSC HS::1.0:USB_HOST_1_0_RESTRICTED_HS
2026-05-14 01:44:56,130 [WARN] ModelIntegratedComponent:182 - Modes not found for component STMicroelectronics:USB_HOST:1.0.0:STMicroelectronics:USB::USB Host:HID HS::1.0:USB_HOST_1_0_RESTRICTED_HS
2026-05-14 01:44:56,130 [WARN] ModelIntegratedComponent:188 - Modes not found for component STMicroelectronics:USB_HOST:1.0.0:STMicroelectronics:USB::USB Host:HID HS::1.0:USB_HOST_1_0_RESTRICTED_HS
2026-05-14 01:44:56,130 [WARN] ModelIntegratedComponent:182 - Modes not found for component STMicroelectronics:USB_HOST:1.0.0:STMicroelectronics:USB::USB Host:MTP HS::1.0:USB_HOST_1_0_RESTRICTED_HS
2026-05-14 01:44:56,130 [WARN] ModelIntegratedComponent:188 - Modes not found for component STMicroelectronics:USB_HOST:1.0.0:STMicroelectronics:USB::USB Host:MTP HS::1.0:USB_HOST_1_0_RESTRICTED_HS
2026-05-14 01:44:56,376 [INFO] ThirdPartyModel:298 - Start build external matchings
2026-05-14 01:45:01,579 [INFO] ThirdPartyModel:316 - End build external matchings
2026-05-14 01:45:01,731 [INFO] ImportTextPane:218 - (OptionalMessage_ERROR) IP (DMA) : Parameter (Instance) has Id (SPI2_TX) currently not set
2026-05-14 01:45:01,731 [INFO] ImportTextPane:218 - (OptionalMessage_ERROR) IP (DMA) : Parameter (Channel) has Id (SPI2_TX) currently not set
2026-05-14 01:45:01,731 [INFO] ImportTextPane:218 - (OptionalMessage_ERROR) IP (DMA) : Parameter (Direction) has Id (SPI2_TX) currently not set
2026-05-14 01:45:01,731 [INFO] ImportTextPane:218 - (OptionalMessage_ERROR) IP (DMA) : Parameter (PeriphInc) has Id (SPI2_TX) currently not set
2026-05-14 01:45:01,731 [INFO] ImportTextPane:218 - (OptionalMessage_ERROR) IP (DMA) : Parameter (MemInc) has Id (SPI2_TX) currently not set
2026-05-14 01:45:01,732 [INFO] ImportTextPane:218 - (OptionalMessage_ERROR) IP (DMA) : Parameter (PeriphDataAlignment) has Id (SPI2_TX) currently not set
2026-05-14 01:45:01,733 [INFO] ImportTextPane:218 - (OptionalMessage_ERROR) IP (DMA) : Parameter (MemDataAlignment) has Id (SPI2_TX) currently not set
2026-05-14 01:45:01,733 [INFO] ImportTextPane:218 - (OptionalMessage_ERROR) IP (DMA) : Parameter (Mode) has Id (SPI2_TX) currently not set
2026-05-14 01:45:01,733 [INFO] ImportTextPane:218 - (OptionalMessage_ERROR) IP (DMA) : Parameter (Priority) has Id (SPI2_TX) currently not set
2026-05-14 01:45:01,733 [INFO] ImportTextPane:218 - (OptionalMessage_ERROR) IP (DMA) : Parameter (FIFOMode) has Id (SPI2_TX) currently not set
2026-05-14 01:45:01,733 [INFO] ImportTextPane:218 - (OptionalMessage_ERROR) IP (DMA) : Parameter (Instance) has Id (ADC1) currently not set
2026-05-14 01:45:01,734 [INFO] ImportTextPane:218 - (OptionalMessage_ERROR) IP (DMA) : Parameter (Channel) has Id (ADC1) currently not set
2026-05-14 01:45:01,734 [INFO] ImportTextPane:218 - (OptionalMessage_ERROR) IP (DMA) : Parameter (Direction) has Id (ADC1) currently not set
2026-05-14 01:45:01,734 [INFO] ImportTextPane:218 - (OptionalMessage_ERROR) IP (DMA) : Parameter (PeriphInc) has Id (ADC1) currently not set
2026-05-14 01:45:01,734 [INFO] ImportTextPane:218 - (OptionalMessage_ERROR) IP (DMA) : Parameter (MemInc) has Id (ADC1) currently not set
2026-05-14 01:45:01,734 [INFO] ImportTextPane:218 - (OptionalMessage_ERROR) IP (DMA) : Parameter (PeriphDataAlignment) has Id (ADC1) currently not set
2026-05-14 01:45:01,734 [INFO] ImportTextPane:218 - (OptionalMessage_ERROR) IP (DMA) : Parameter (MemDataAlignment) has Id (ADC1) currently not set
2026-05-14 01:45:01,734 [INFO] ImportTextPane:218 - (OptionalMessage_ERROR) IP (DMA) : Parameter (Mode) has Id (ADC1) currently not set
2026-05-14 01:45:01,734 [INFO] ImportTextPane:218 - (OptionalMessage_ERROR) IP (DMA) : Parameter (Priority) has Id (ADC1) currently not set
2026-05-14 01:45:01,734 [INFO] ImportTextPane:218 - (OptionalMessage_ERROR) IP (DMA) : Parameter (FIFOMode) has Id (ADC1) currently not set
2026-05-14 01:45:01,741 [INFO] ImportTextPane:218 - (OptionalMessage_ERROR) IP (RCC) : Parameter (RTCHSEDivFreq_Value) has invalid value (12500000)
2026-05-14 01:45:01,759 [WARN] IP:2250 - DEVICE_SERIAL0_HID_FS not found: check if there is a RefParameter without a condition.
2026-05-14 01:45:01,759 [WARN] IP:2250 - DEVICE_SERIAL1_HID_FS not found: check if there is a RefParameter without a condition.
2026-05-14 01:45:01,759 [WARN] IP:2250 - DEVICE_SERIAL2_HID_FS not found: check if there is a RefParameter without a condition.
2026-05-14 01:45:02,026 [INFO] UtilMem:75 - End LoadConfig() Used Memory: 979435656 Bytes (1073741824)
2026-05-14 01:45:02,044 [WARN] ThirdParty:833 - waiting for thirdparty lock release [change project]
2026-05-14 01:45:02,044 [INFO] ThirdParty:835 - entering critical section [change project]
2026-05-14 01:45:02,044 [INFO] ThirdParty:1030 - CMSIS Pack Vendor :STMicroelectronics X-CUBE-AZRTOS-H7 3.5.0
2026-05-14 01:45:02,044 [INFO] ThirdParty:1030 - CMSIS Pack Vendor :STMicroelectronics X-CUBE-PM33A1 1.0.0
2026-05-14 01:45:02,044 [INFO] ThirdParty:1030 - CMSIS Pack Vendor :STMicroelectronics USBPD 4.1
2026-05-14 01:45:02,044 [INFO] ThirdParty:1030 - CMSIS Pack Vendor :STMicroelectronics X-CUBE-GNSS1 6.0.0
2026-05-14 01:45:02,044 [INFO] ThirdParty:1030 - CMSIS Pack Vendor :STMicroelectronics USB_HOST 2.0.0
2026-05-14 01:45:02,044 [INFO] ThirdParty:1030 - CMSIS Pack Vendor :STMicroelectronics FP-SNS-MOTENVWB1 1.4.0
2026-05-14 01:45:02,044 [INFO] ThirdParty:1030 - CMSIS Pack Vendor :STMicroelectronics X-CUBE-AZRTOS-F4 1.1.0
2026-05-14 01:45:02,045 [INFO] ThirdParty:1030 - CMSIS Pack Vendor :STMicroelectronics LIBJPEG 8.0.0
2026-05-14 01:45:02,045 [INFO] ThirdParty:1030 - CMSIS Pack Vendor :STMicroelectronics FP-ATR-ASTRA1 2.0.2
2026-05-14 01:45:02,045 [INFO] ThirdParty:1030 - CMSIS Pack Vendor :STMicroelectronics FP-ATR-ASTRA1 2.0.1
2026-05-14 01:45:02,045 [INFO] ThirdParty:1030 - CMSIS Pack Vendor :Avnet-IotConnect X-CUBE-IoTC-DA16k-PMOD 1.0.0
2026-05-14 01:45:02,045 [INFO] ThirdParty:1030 - CMSIS Pack Vendor :STMicroelectronics X-CUBE-SMBUS 2.1.0
2026-05-14 01:45:02,045 [INFO] ThirdParty:1030 - CMSIS Pack Vendor :STMicroelectronics X-CUBE-WB05N 1.1.0
2026-05-14 01:45:02,045 [INFO] ThirdParty:1030 - CMSIS Pack Vendor :STMicroelectronics X-CUBE-ISPU 2.1.0
2026-05-14 01:45:02,045 [INFO] ThirdParty:1030 - CMSIS Pack Vendor :STMicroelectronics eDS-WB_DPC_TT-BIDIR 2.1.1
2026-05-14 01:45:02,045 [INFO] ThirdParty:1030 - CMSIS Pack Vendor :STMicroelectronics X-CUBE-FREERTOS 1.2.0
2026-05-14 01:45:02,045 [INFO] ThirdParty:1030 - CMSIS Pack Vendor :STMicroelectronics X-CUBE-ST60 1.0.0
2026-05-14 01:45:02,045 [INFO] ThirdParty:1030 - CMSIS Pack Vendor :STMicroelectronics X-CUBE-NFC12 1.0.0
2026-05-14 01:45:02,045 [INFO] ThirdParty:1030 - CMSIS Pack Vendor :STMicroelectronics X-CUBE-BLEMGR 1.2.0
2026-05-14 01:45:02,045 [INFO] ThirdParty:1030 - CMSIS Pack Vendor :STMicroelectronics X-CUBE-TOUCHGFX 4.23.2
2026-05-14 01:45:02,045 [INFO] ThirdParty:1030 - CMSIS Pack Vendor :STMicroelectronics X-CUBE-AZRTOS-F7 1.1.0
2026-05-14 01:45:02,045 [INFO] ThirdParty:1030 - CMSIS Pack Vendor :STMicroelectronics X-CUBE-AZRTOS-L5 2.0.0
2026-05-14 01:45:02,045 [INFO] ThirdParty:1030 - CMSIS Pack Vendor :STMicroelectronics USB_DEVICE 2.0.0
2026-05-14 01:45:02,045 [INFO] ThirdParty:1030 - CMSIS Pack Vendor :STMicroelectronics X-CUBE-NFC6 3.1.0
2026-05-14 01:45:02,045 [INFO] ThirdParty:1030 - CMSIS Pack Vendor :STMicroelectronics X-CUBE-BLE1 6.2.3
2026-05-14 01:45:02,045 [INFO] ThirdParty:1030 - CMSIS Pack Vendor :STMicroelectronics X-CUBE-MEMS1 11.0.0
2026-05-14 01:45:02,045 [INFO] ThirdParty:1030 - CMSIS Pack Vendor :STMicroelectronics X-CUBE-BLE1 6.2.4
2026-05-14 01:45:02,045 [INFO] ThirdParty:1030 - CMSIS Pack Vendor :STMicroelectronics FreeRTOS 0.0.1
2026-05-14 01:45:02,045 [INFO] ThirdParty:1030 - CMSIS Pack Vendor :STMicroelectronics X-CUBE-BLEMGR 2.0.0
2026-05-14 01:45:02,045 [INFO] ThirdParty:1030 - CMSIS Pack Vendor :STMicroelectronics X-CUBE-DPower 1.2.0
2026-05-14 01:45:02,045 [INFO] ThirdParty:1030 - CMSIS Pack Vendor :STMicroelectronics eDS-WB_DPC_VIENNA 1.2.0
2026-05-14 01:45:02,045 [INFO] ThirdParty:1030 - CMSIS Pack Vendor :STMicroelectronics FP-SNS-FLIGHT1 5.0.2
2026-05-14 01:45:02,045 [INFO] ThirdParty:1030 - CMSIS Pack Vendor :STMicroelectronics eDS-WB_DPC_3PH2L-BIDIR 1.1.1
2026-05-14 01:45:02,045 [INFO] ThirdParty:1030 - CMSIS Pack Vendor :STMicroelectronics X-CUBE-NFC4 2.0.4
2026-05-14 01:45:02,045 [INFO] ThirdParty:1030 - CMSIS Pack Vendor :STMicroelectronics X-CUBE-AI 9.0.0
2026-05-14 01:45:02,045 [INFO] ThirdParty:1030 - CMSIS Pack Vendor :STMicroelectronics X-CUBE-AZRTOS-H7 3.1.0
2026-05-14 01:45:02,045 [INFO] ThirdParty:1030 - CMSIS Pack Vendor :STMicroelectronics PDM2PCM 3.3.0
2026-05-14 01:45:02,045 [INFO] ThirdParty:1030 - CMSIS Pack Vendor :STMicroelectronics X-CUBE-TOF1 3.1.0
2026-05-14 01:45:02,045 [INFO] ThirdParty:1030 - CMSIS Pack Vendor :STMicroelectronics X-CUBE-AZRTOS-H7 3.4.0
2026-05-14 01:45:02,045 [INFO] ThirdParty:1030 - CMSIS Pack Vendor :STMicroelectronics X-CUBE-DISPLAY 3.0.0
2026-05-14 01:45:02,045 [INFO] ThirdParty:1030 - CMSIS Pack Vendor :STMicroelectronics X-CUBE-GNSS1 7.1.1
2026-05-14 01:45:02,045 [INFO] ThirdParty:1030 - CMSIS Pack Vendor :STMicroelectronics X-CUBE-BLE1 7.0.0
2026-05-14 01:45:02,045 [INFO] ThirdParty:1030 - CMSIS Pack Vendor :STMicroelectronics X-CUBE-NFC10 1.0.0
2026-05-14 01:45:02,046 [INFO] ThirdParty:1030 - CMSIS Pack Vendor :wolfSSL I-CUBE-wolfSSL 5.5.1
2026-05-14 01:45:02,046 [INFO] ThirdParty:1030 - CMSIS Pack Vendor :STMicroelectronics X-CUBE-BLEMGR 4.0.0
2026-05-14 01:45:02,046 [INFO] ThirdParty:1030 - CMSIS Pack Vendor :STMicroelectronics X-CUBE-FREERTOS 1.3.1
2026-05-14 01:45:02,046 [INFO] ThirdParty:1030 - CMSIS Pack Vendor :STMicroelectronics HAL Drivers 0.0.0
2026-05-14 01:45:02,046 [INFO] ThirdParty:1030 - CMSIS Pack Vendor :STMicroelectronics X-CUBE-ST60 1.1.0
2026-05-14 01:45:02,046 [INFO] ThirdParty:1030 - CMSIS Pack Vendor :STMicroelectronics X-CUBE-FREERTOS 1.3.0
2026-05-14 01:45:02,046 [INFO] ThirdParty:1030 - CMSIS Pack Vendor :STMicroelectronics X-CUBE-NFC7 1.0.1
2026-05-14 01:45:02,046 [INFO] ThirdParty:1030 - CMSIS Pack Vendor :STMicroelectronics MBEDTLS 2.14.1
2026-05-14 01:45:02,046 [INFO] ThirdParty:1030 - CMSIS Pack Vendor :STMicroelectronics X-CUBE-GNSS1 7.1.0
2026-05-14 01:45:02,046 [INFO] ThirdParty:1030 - CMSIS Pack Vendor :STMicroelectronics X-CUBE-NFC7 1.0.0
2026-05-14 01:45:02,046 [INFO] ThirdParty:1030 - CMSIS Pack Vendor :STMicroelectronics X-CUBE-TOUCHGFX 4.26.0
2026-05-14 01:45:02,046 [INFO] ThirdParty:1030 - CMSIS Pack Vendor :STMicroelectronics X-CUBE-MEMS1 9.3.0
2026-05-14 01:45:02,046 [INFO] ThirdParty:1030 - CMSIS Pack Vendor :STMicroelectronics X-CUBE-TOUCHGFX 4.26.1
2026-05-14 01:45:02,046 [INFO] ThirdParty:1030 - CMSIS Pack Vendor :STMicroelectronics X-CUBE-EEPRMA1 4.1.0
2026-05-14 01:45:02,046 [INFO] ThirdParty:1030 - CMSIS Pack Vendor :STMicroelectronics X-CUBE-AI 7.2.0
2026-05-14 01:45:02,046 [INFO] ThirdParty:1030 - CMSIS Pack Vendor :STMicroelectronics X-CUBE-BLEMGR 3.1.0
2026-05-14 01:45:02,046 [INFO] ThirdParty:1030 - CMSIS Pack Vendor :STMicroelectronics X-CUBE-AI 10.0.0
2026-05-14 01:45:02,046 [INFO] ThirdParty:1030 - CMSIS Pack Vendor :STMicroelectronics FP-SNS-STAIOTCFT 1.0.0
2026-05-14 01:45:02,046 [INFO] ThirdParty:1030 - CMSIS Pack Vendor :STMicroelectronics FP-SNS-SMARTAG2 1.2.0
2026-05-14 01:45:02,046 [INFO] ThirdParty:1030 - CMSIS Pack Vendor :STMicroelectronics FP-SNS-FLIGHT1 5.1.0
2026-05-14 01:45:02,046 [INFO] ThirdParty:1030 - CMSIS Pack Vendor :STMicroelectronics X-CUBE-MEMS1 11.1.0
2026-05-14 01:45:02,046 [INFO] ThirdParty:1030 - CMSIS Pack Vendor :STMicroelectronics X-CUBE-AZRTOS-WL 2.0.0
2026-05-14 01:45:02,046 [INFO] ThirdParty:1030 - CMSIS Pack Vendor :STMicroelectronics X-CUBE-DPower 1.3.0
2026-05-14 01:45:02,046 [INFO] ThirdParty:1030 - CMSIS Pack Vendor :STMicroelectronics FP-SNS-MOTENV1 5.0.0
2026-05-14 01:45:02,046 [INFO] ThirdParty:1030 - CMSIS Pack Vendor :STMicroelectronics USB_DEVICE 1.0.0
2026-05-14 01:45:02,046 [INFO] ThirdParty:1030 - CMSIS Pack Vendor :STMicroelectronics X-CUBE-AZRTOS-H7RS 1.2.0
2026-05-14 01:45:02,046 [INFO] ThirdParty:1030 - CMSIS Pack Vendor :wolfSSL I-CUBE-wolfMQTT 1.19.0
2026-05-14 01:45:02,046 [INFO] ThirdParty:1030 - CMSIS Pack Vendor :STMicroelectronics X-CUBE-AZRTOS-L4 2.0.0
2026-05-14 01:45:02,046 [INFO] ThirdParty:1030 - CMSIS Pack Vendor :STMicroelectronics ThreadX 0.0.2
2026-05-14 01:45:02,046 [INFO] ThirdParty:1030 - CMSIS Pack Vendor :WES I-CUBE-Cesium 1.3.0
2026-05-14 01:45:02,046 [INFO] ThirdParty:1030 - CMSIS Pack Vendor :STMicroelectronics lwIP 2.1.2
2026-05-14 01:45:02,046 [INFO] ThirdParty:1030 - CMSIS Pack Vendor :STMicroelectronics X-CUBE-SFXS2LP1 4.0.0
2026-05-14 01:45:02,046 [INFO] ThirdParty:1030 - CMSIS Pack Vendor :STMicroelectronics X-CUBE-BLE2 3.3.0
2026-05-14 01:45:02,046 [INFO] ThirdParty:1030 - CMSIS Pack Vendor :Avnet-IOTCONNECT X-CUBE-iotc-st67-sdk 1.0.0
2026-05-14 01:45:02,046 [INFO] ThirdParty:1030 - CMSIS Pack Vendor :STMicroelectronics X-CUBE-DISPLAY 2.2.0
2026-05-14 01:45:02,046 [INFO] ThirdParty:1030 - CMSIS Pack Vendor :STMicroelectronics X-CUBE-TOF1 3.2.0
2026-05-14 01:45:02,046 [INFO] ThirdParty:1030 - CMSIS Pack Vendor :STMicroelectronics PDM2PCM 3.2.0
2026-05-14 01:45:02,046 [INFO] ThirdParty:1030 - CMSIS Pack Vendor :STMicroelectronics X-CUBE-ISPU 1.0.0
2026-05-14 01:45:02,047 [INFO] ThirdParty:1030 - CMSIS Pack Vendor :STMicroelectronics X-CUBE-WB05N 2.1.0
2026-05-14 01:45:02,047 [INFO] ThirdParty:1030 - CMSIS Pack Vendor :STMicroelectronics X-CUBE-ISPU 1.1.0
2026-05-14 01:45:02,047 [INFO] ThirdParty:1030 - CMSIS Pack Vendor :STMicroelectronics X-CUBE-AZRTOS-H7 3.3.0
2026-05-14 01:45:02,047 [INFO] ThirdParty:1030 - CMSIS Pack Vendor :RoweBots I-CUBE-UNISONRTOS 5.5.0-4
2026-05-14 01:45:02,047 [INFO] ThirdParty:1030 - CMSIS Pack Vendor :STMicroelectronics X-CUBE-NFC9 1.0.0
2026-05-14 01:45:02,047 [INFO] ThirdParty:1030 - CMSIS Pack Vendor :STMicroelectronics X-CUBE-AZRTOS-H7 2.1.0
2026-05-14 01:45:02,047 [INFO] ThirdParty:1030 - CMSIS Pack Vendor :STMicroelectronics X-CUBE-BLE1 7.1.0
2026-05-14 01:45:02,047 [INFO] ThirdParty:1030 - CMSIS Pack Vendor :STMicroelectronics USB_DEVICE 3.0.0
2026-05-14 01:45:02,047 [INFO] ThirdParty:1030 - CMSIS Pack Vendor :STMicroelectronics X-CUBE-TCPP 4.1.0
2026-05-14 01:45:02,047 [INFO] ThirdParty:1030 - CMSIS Pack Vendor :STMicroelectronics X-CUBE-EEPRMA1 5.2.0
2026-05-14 01:45:02,047 [INFO] ThirdParty:1030 - CMSIS Pack Vendor :STMicroelectronics X-CUBE-BLEMGR 4.1.0
2026-05-14 01:45:02,047 [INFO] ThirdParty:1030 - CMSIS Pack Vendor :STMicroelectronics X-CUBE-AI 8.0.0
2026-05-14 01:45:02,047 [INFO] ThirdParty:1030 - CMSIS Pack Vendor :STMicroelectronics X-CUBE-IPS 3.0.0
2026-05-14 01:45:02,047 [INFO] ThirdParty:1030 - CMSIS Pack Vendor :STMicroelectronics X-CUBE-AZRTOS-WB 2.0.0
2026-05-14 01:45:02,047 [INFO] ThirdParty:1030 - CMSIS Pack Vendor :STMicroelectronics X-CUBE-FREERTOS 1.0.1
2026-05-14 01:45:02,047 [INFO] ThirdParty:1030 - CMSIS Pack Vendor :STMicroelectronics X-CUBE-GNSS1 7.0.0
2026-05-14 01:45:02,047 [INFO] ThirdParty:1030 - CMSIS Pack Vendor :STMicroelectronics X-CUBE-GNSS1 7.0.1
2026-05-14 01:45:02,047 [INFO] ThirdParty:1030 - CMSIS Pack Vendor :STMicroelectronics X-CUBE-TOUCHGFX 4.21.3
2026-05-14 01:45:02,047 [INFO] ThirdParty:1030 - CMSIS Pack Vendor :STMicroelectronics X-CUBE-TOUCHGFX 4.25.0
2026-05-14 01:45:02,047 [INFO] ThirdParty:1030 - CMSIS Pack Vendor :STMicroelectronics X-CUBE-AI 7.3.0
2026-05-14 01:45:02,047 [INFO] ThirdParty:1030 - CMSIS Pack Vendor :STMicroelectronics X-CUBE-AI 10.1.0
2026-05-14 01:45:02,047 [INFO] ThirdParty:1030 - CMSIS Pack Vendor :STMicroelectronics FP-SNS-STBOX1 2.0.0
2026-05-14 01:45:02,047 [INFO] ThirdParty:1030 - CMSIS Pack Vendor :STMicroelectronics X-CUBE-MEMS1 12.0.0
2026-05-14 01:45:02,047 [INFO] ThirdParty:1030 - CMSIS Pack Vendor :STMicroelectronics X-CUBE-ALGOBUILD 1.3.0
2026-05-14 01:45:02,047 [INFO] ThirdParty:1030 - CMSIS Pack Vendor :STMicroelectronics X-CUBE-STSE01 2.0.0
2026-05-14 01:45:02,047 [INFO] ThirdParty:1030 - CMSIS Pack Vendor :STMicroelectronics X-CUBE-AZRTOS-L5 1.1.0
2026-05-14 01:45:02,047 [INFO] ThirdParty:1030 - CMSIS Pack Vendor :STMicroelectronics X-CUBE-MEMS1 11.2.0
2026-05-14 01:45:02,047 [INFO] ThirdParty:1030 - CMSIS Pack Vendor :STMicroelectronics X-CUBE-AZRTOS-G0 1.1.0
2026-05-14 01:45:02,047 [INFO] ThirdParty:1030 - CMSIS Pack Vendor :STMicroelectronics X-CUBE-SAFEA1 1.2.2
2026-05-14 01:45:02,047 [INFO] ThirdParty:1030 - CMSIS Pack Vendor :STMicroelectronics X-CUBE-NFC4 3.0.0
2026-05-14 01:45:02,047 [INFO] ThirdParty:1030 - CMSIS Pack Vendor :STMicroelectronics X-CUBE-SUBG2 5.0.0
2026-05-14 01:45:02,047 [INFO] ThirdParty:1030 - CMSIS Pack Vendor :STMicroelectronics X-CUBE-AZRTOS-H7RS 1.1.0
2026-05-14 01:45:02,047 [INFO] ThirdParty:1030 - CMSIS Pack Vendor :STMicroelectronics STM32_WPAN 1.0.0
2026-05-14 01:45:02,047 [INFO] ThirdParty:1030 - CMSIS Pack Vendor :SEGGER I-CUBE-embOS 1.2.1
2026-05-14 01:45:02,047 [INFO] ThirdParty:1030 - CMSIS Pack Vendor :wolfSSL I-CUBE-wolfMQTT 1.18.0
2026-05-14 01:45:02,047 [INFO] ThirdParty:1030 - CMSIS Pack Vendor :EmbeddedOffice I-CUBE-FS-RTOS 1.0.1
2026-05-14 01:45:02,047 [INFO] ThirdParty:1030 - CMSIS Pack Vendor :STMicroelectronics lwIP 2.0.3
2026-05-14 01:45:02,047 [INFO] ThirdParty:1030 - CMSIS Pack Vendor :Cesanta I-CUBE-Mongoose 7.13.0
2026-05-14 01:45:02,047 [INFO] ThirdParty:1030 - CMSIS Pack Vendor :STMicroelectronics USB_HOST 1.0.0
2026-05-14 01:45:02,047 [INFO] ThirdParty:1030 - CMSIS Pack Vendor :STMicroelectronics X-CUBE-AZRTOS-G4 2.0.0
2026-05-14 01:45:02,048 [INFO] ThirdParty:1030 - CMSIS Pack Vendor :STMicroelectronics X-CUBE-WB05N 2.0.0
2026-05-14 01:45:02,048 [INFO] ThirdParty:1030 - CMSIS Pack Vendor :STMicroelectronics PDM2PCM 3.1.0
2026-05-14 01:45:02,048 [INFO] ThirdParty:1030 - CMSIS Pack Vendor :STMicroelectronics X-CUBE-TOF1 3.3.0
2026-05-14 01:45:02,048 [INFO] ThirdParty:1030 - CMSIS Pack Vendor :STMicroelectronics FP-ATR-ASTRA1 1.1.1
2026-05-14 01:45:02,048 [INFO] ThirdParty:1030 - CMSIS Pack Vendor :STMicroelectronics X-CUBE-NFC7 2.0.0
2026-05-14 01:45:02,048 [INFO] ThirdParty:1030 - CMSIS Pack Vendor :STMicroelectronics X-CUBE-TCPP 4.2.0
2026-05-14 01:45:02,048 [INFO] ThirdParty:1030 - CMSIS Pack Vendor :RealThread X-CUBE-RT-Thread_Nano 4.1.1
2026-05-14 01:45:02,048 [INFO] ThirdParty:1030 - CMSIS Pack Vendor :STMicroelectronics FP-ATR-SIGFOX1 3.2.0
2026-05-14 01:45:02,048 [INFO] ThirdParty:1030 - CMSIS Pack Vendor :STMicroelectronics X-CUBE-AZRTOS-G4 1.0.0
2026-05-14 01:45:02,048 [INFO] ThirdParty:1030 - CMSIS Pack Vendor :STMicroelectronics X-CUBE-AZRTOS-L4 1.0.0
2026-05-14 01:45:02,048 [INFO] ThirdParty:1030 - CMSIS Pack Vendor :quantropi X-CUBE-qispace-sdk-base 1.9.3
2026-05-14 01:45:02,048 [INFO] ThirdParty:1030 - CMSIS Pack Vendor :STMicroelectronics X-CUBE-ISPU 2.0.0
2026-05-14 01:45:02,048 [INFO] ThirdParty:1030 - CMSIS Pack Vendor :STMicroelectronics X-CUBE-EEPRMA1 5.1.0
2026-05-14 01:45:02,048 [INFO] ThirdParty:1030 - CMSIS Pack Vendor :STMicroelectronics MBEDTLS 2.16.2
2026-05-14 01:45:02,048 [INFO] ThirdParty:1030 - CMSIS Pack Vendor :STMicroelectronics X-CUBE-IPS 3.1.0
2026-05-14 01:45:02,048 [INFO] ThirdParty:1030 - CMSIS Pack Vendor :STMicroelectronics X-CUBE-ALS 1.0.2
2026-05-14 01:45:02,048 [INFO] ThirdParty:1030 - CMSIS Pack Vendor :emotas I-CUBE-CANOPEN 1.1.2
2026-05-14 01:45:02,048 [INFO] ThirdParty:1030 - CMSIS Pack Vendor :STMicroelectronics X-CUBE-TOUCHGFX 4.20.0
2026-05-14 01:45:02,048 [INFO] ThirdParty:1030 - CMSIS Pack Vendor :STMicroelectronics X-CUBE-MEMS1 10.0.0
2026-05-14 01:45:02,048 [INFO] ThirdParty:1030 - CMSIS Pack Vendor :ITTIA_DB I-CUBE-ITTIADB 8.9.0
2026-05-14 01:45:02,048 [INFO] ThirdParty:1030 - CMSIS Pack Vendor :STMicroelectronics X-CUBE-TOUCHGFX 4.24.2
2026-05-14 01:45:02,048 [INFO] ThirdParty:1030 - CMSIS Pack Vendor :STMicroelectronics X-CUBE-AZRTOS-WL 1.0.0
2026-05-14 01:45:02,048 [INFO] ThirdParty:1030 - CMSIS Pack Vendor :STMicroelectronics X-CUBE-TOUCHGFX 4.24.1
2026-05-14 01:45:02,048 [INFO] ThirdParty:1030 - CMSIS Pack Vendor :STMicroelectronics X-CUBE-STSE01 1.0.0
2026-05-14 01:45:02,048 [INFO] ThirdParty:1030 - CMSIS Pack Vendor :wolfSSL I-CUBE-wolfTPM 3.4.0
2026-05-14 01:45:02,048 [INFO] ThirdParty:1030 - CMSIS Pack Vendor :portGmbH I-Cube-SoM-uGOAL 1.1.0
2026-05-14 01:45:02,048 [INFO] ThirdParty:1030 - CMSIS Pack Vendor :STMicroelectronics X-CUBE-ALS 1.0.1
2026-05-14 01:45:02,048 [INFO] ThirdParty:1030 - CMSIS Pack Vendor :STMicroelectronics X-CUBE-NFC6 3.2.0
2026-05-14 01:45:02,048 [INFO] ThirdParty:1030 - CMSIS Pack Vendor :STMicroelectronics X-CUBE-MEMS1 9.5.0
2026-05-14 01:45:02,048 [INFO] ThirdParty:1030 - CMSIS Pack Vendor :STMicroelectronics X-CUBE-ST67W61 1.0.0
2026-05-14 01:45:02,048 [INFO] ThirdParty:1030 - CMSIS Pack Vendor :STMicroelectronics X-CUBE-AI 10.2.0
2026-05-14 01:45:02,048 [INFO] ThirdParty:1030 - CMSIS Pack Vendor :STMicroelectronics ThreadX 1.0.0
2026-05-14 01:45:02,048 [INFO] ThirdParty:1030 - CMSIS Pack Vendor :STMicroelectronics X-CUBE-MEMS1 12.1.0
2026-05-14 01:45:02,048 [INFO] ThirdParty:1030 - CMSIS Pack Vendor :STMicroelectronics X-CUBE-AZRTOS-WB 1.1.0
2026-05-14 01:45:02,048 [INFO] ThirdParty:1030 - CMSIS Pack Vendor :SEGGER I-CUBE-embOS 1.3.1
2026-05-14 01:45:02,049 [INFO] ThirdParty:1030 - CMSIS Pack Vendor :STMicroelectronics X-CUBE-ALGOBUILD 1.4.0
2026-05-14 01:45:02,049 [INFO] ThirdParty:1030 - CMSIS Pack Vendor :STMicroelectronics X-CUBE-MEMS1 11.3.0
2026-05-14 01:45:02,049 [INFO] ThirdParty:1030 - CMSIS Pack Vendor :STMicroelectronics X-CUBE-AZRTOS-L5 1.0.0
2026-05-14 01:45:02,049 [INFO] ThirdParty:1030 - CMSIS Pack Vendor :STMicroelectronics X-CUBE-EEPRMA1 3.1.1
2026-05-14 01:45:02,049 [INFO] ThirdParty:1030 - CMSIS Pack Vendor :STMicroelectronics X-CUBE-AZRTOS-H7RS 1.0.0
2026-05-14 01:45:02,049 [INFO] ThirdParty:1030 - CMSIS Pack Vendor :STMicroelectronics FP-ATR-ASTRA1 2.0.0
2026-05-14 01:45:02,049 [INFO] ThirdParty:1030 - CMSIS Pack Vendor :STMicroelectronics X-CUBE-TOF1 3.4.2
2026-05-14 01:45:02,049 [INFO] ThirdParty:1030 - CMSIS Pack Vendor :STMicroelectronics X-CUBE-TOF1 3.4.3
2026-05-14 01:45:02,049 [INFO] ThirdParty:1030 - CMSIS Pack Vendor :STMicroelectronics X-CUBE-AI 9.1.0
2026-05-14 01:45:02,049 [INFO] ThirdParty:1030 - CMSIS Pack Vendor :STMicroelectronics X-CUBE-TOF1 3.4.1
2026-05-14 01:45:02,049 [INFO] ThirdParty:1030 - CMSIS Pack Vendor :STMicroelectronics X-CUBE-AZRTOS-H7 3.2.0
2026-05-14 01:45:02,049 [INFO] ThirdParty:1030 - CMSIS Pack Vendor :Infineon AIROC-Wi-Fi-Bluetooth-STM32 1.6.0
2026-05-14 01:45:02,049 [INFO] ThirdParty:1030 - CMSIS Pack Vendor :wolfSSL I-CUBE-wolfSSH 1.4.17
2026-05-14 01:45:02,049 [INFO] ThirdParty:841 - exiting critical section [change project]
2026-05-14 01:45:02,514 [INFO] PinOutPanel:1589 - setPackage(No Configuration,No Configuration)
2026-05-14 01:45:02,516 [INFO] PinOutPanel:1589 - setPackage(STM32F411CEUx,UFQFPN48)
2026-05-14 01:45:02,916 [INFO] UtilMem:75 - Before build in PCC Used Memory: 969410560 Bytes (1073741824)
2026-05-14 01:45:03,355 [INFO] UtilMem:75 - After build in PCC Used Memory: 977799168 Bytes (1073741824)
2026-05-14 01:45:03,406 [INFO] ApiDbMcu:508 - Load IP Config File for USB_DEVICE
2026-05-14 01:45:03,440 [INFO] IPUIPlugin:80 - create IPUIPlugin
2026-05-14 01:45:03,440 [INFO] IPUIPlugin:80 - create IPUIPlugin
2026-05-14 01:45:03,440 [INFO] IPUIPlugin:80 - create IPUIPlugin
2026-05-14 01:45:03,440 [INFO] IPUIPlugin:80 - create IPUIPlugin
2026-05-14 01:45:03,441 [INFO] IPUIPlugin:80 - create IPUIPlugin
2026-05-14 01:45:03,441 [INFO] IPUIPlugin:80 - create IPUIPlugin
2026-05-14 01:45:03,442 [INFO] IPUIPlugin:80 - create IPUIPlugin
2026-05-14 01:45:03,442 [INFO] IPUIPlugin:80 - create IPUIPlugin
2026-05-14 01:45:03,442 [INFO] IPUIPlugin:80 - create IPUIPlugin
2026-05-14 01:45:03,442 [INFO] IPUIPlugin:80 - create IPUIPlugin
2026-05-14 01:45:03,442 [INFO] IPUIPlugin:80 - create IPUIPlugin
2026-05-14 01:45:03,443 [INFO] IPUIPlugin:80 - create IPUIPlugin
2026-05-14 01:45:03,443 [INFO] IPUIPlugin:80 - create IPUIPlugin
2026-05-14 01:45:03,443 [INFO] IPUIPlugin:80 - create IPUIPlugin
2026-05-14 01:45:03,443 [INFO] IPUIPlugin:80 - create IPUIPlugin
2026-05-14 01:45:03,443 [INFO] IPUIPlugin:80 - create IPUIPlugin
2026-05-14 01:45:03,443 [INFO] IPUIPlugin:80 - create IPUIPlugin
2026-05-14 01:45:03,444 [INFO] IPUIPlugin:80 - create IPUIPlugin
2026-05-14 01:45:03,444 [INFO] IPUIPlugin:80 - create IPUIPlugin
2026-05-14 01:45:03,444 [INFO] IPUIPlugin:80 - create IPUIPlugin
2026-05-14 01:45:03,444 [INFO] IPUIPlugin:80 - create IPUIPlugin
2026-05-14 01:45:03,444 [INFO] IPUIPlugin:80 - create IPUIPlugin
2026-05-14 01:45:03,444 [INFO] IPUIPlugin:80 - create IPUIPlugin
2026-05-14 01:45:03,445 [INFO] IPUIPlugin:80 - create IPUIPlugin
2026-05-14 01:45:03,445 [INFO] IPUIPlugin:80 - create IPUIPlugin
2026-05-14 01:45:03,445 [INFO] IPUIPlugin:80 - create IPUIPlugin
2026-05-14 01:45:03,445 [INFO] IPUIPlugin:80 - create IPUIPlugin
2026-05-14 01:45:03,445 [INFO] IPUIPlugin:80 - create IPUIPlugin
2026-05-14 01:45:03,446 [INFO] IPUIPlugin:80 - create IPUIPlugin
2026-05-14 01:45:03,446 [INFO] IPUIPlugin:80 - create IPUIPlugin
2026-05-14 01:45:03,446 [INFO] IPUIPlugin:80 - create IPUIPlugin
2026-05-14 01:45:03,446 [INFO] IPUIPlugin:80 - create IPUIPlugin
2026-05-14 01:45:03,446 [INFO] IPUIPlugin:80 - create IPUIPlugin
2026-05-14 01:45:03,447 [INFO] IPUIPlugin:80 - create IPUIPlugin
2026-05-14 01:45:03,447 [INFO] IPUIPlugin:80 - create IPUIPlugin
2026-05-14 01:45:03,447 [INFO] IPUIPlugin:80 - create IPUIPlugin
2026-05-14 01:45:03,447 [INFO] IPUIPlugin:80 - create IPUIPlugin
2026-05-14 01:45:03,448 [INFO] IPUIPlugin:80 - create IPUIPlugin
2026-05-14 01:45:03,448 [INFO] IPUIPlugin:80 - create IPUIPlugin
2026-05-14 01:45:03,448 [INFO] IPUIPlugin:80 - create IPUIPlugin
2026-05-14 01:45:03,448 [INFO] IPUIPlugin:80 - create IPUIPlugin
2026-05-14 01:45:03,449 [INFO] IPUIPlugin:80 - create IPUIPlugin
2026-05-14 01:45:03,449 [INFO] IPUIPlugin:80 - create IPUIPlugin
2026-05-14 01:45:03,455 [INFO] ApiDbMcu:508 - Load IP Config File for PDM2PCM
2026-05-14 01:45:03,458 [INFO] I2sManager:658 - 1.1875E8
2026-05-14 01:45:03,459 [INFO] I2sManager:195 - I2S Clock Value : 1.1875E8
2026-05-14 01:45:03,459 [INFO] I2sManager:553 - AudioClock : 15995Divider : 116Odd : 0
2026-05-14 01:45:03,577 [INFO] CADModel:165 - CPN selected for project levelSTM32F411CEU6
2026-05-14 01:45:03,577 [INFO] CADModel:114 - Register for checkConnection events
2026-05-14 01:45:03,616 [INFO] OpenFileManager:385 - Restore cursor
2026-05-14 01:45:03,842 [WARN] IP:2250 - DEVICE_SERIAL0_HID_FS not found: check if there is a RefParameter without a condition.
2026-05-14 01:45:03,842 [WARN] IP:2250 - DEVICE_SERIAL1_HID_FS not found: check if there is a RefParameter without a condition.
2026-05-14 01:45:03,842 [WARN] IP:2250 - DEVICE_SERIAL2_HID_FS not found: check if there is a RefParameter without a condition.
2026-05-14 01:45:03,843 [WARN] IP:2250 - DEVICE_SERIAL0_HID_FS not found: check if there is a RefParameter without a condition.
2026-05-14 01:45:03,843 [WARN] IP:2250 - DEVICE_SERIAL1_HID_FS not found: check if there is a RefParameter without a condition.
2026-05-14 01:45:03,843 [WARN] IP:2250 - DEVICE_SERIAL2_HID_FS not found: check if there is a RefParameter without a condition.
2026-05-14 04:40:43,872 [INFO] WebApp:194 - Connection lost
2026-05-14 04:40:44,182 [INFO] WebApp:191 - Connection restablished
2026-05-14 04:40:45,819 [INFO] WebApp:194 - Connection lost
2026-05-14 04:40:46,019 [INFO] WebApp:191 - Connection restablished
2026-05-14 10:11:07,914 [INFO] WebApp:194 - Connection lost
2026-05-14 10:11:09,875 [INFO] WebApp:191 - Connection restablished
2026-05-14 10:12:07,953 [INFO] WebApp:194 - Connection lost
2026-05-14 10:12:08,681 [INFO] WebApp:191 - Connection restablished
2026-05-14 10:13:08,489 [INFO] WebApp:194 - Connection lost
2026-05-14 10:13:08,714 [INFO] WebApp:191 - Connection restablished
2026-05-14 10:14:07,437 [INFO] WebApp:194 - Connection lost
2026-05-14 10:14:07,607 [INFO] WebApp:191 - Connection restablished
2026-05-14 10:15:05,443 [INFO] WebApp:194 - Connection lost
2026-05-14 10:15:05,629 [INFO] WebApp:191 - Connection restablished
2026-05-14 12:34:30,798 [INFO] WebApp:194 - Connection lost
2026-05-14 12:34:34,736 [INFO] WebApp:191 - Connection restablished
2026-05-14 12:34:37,740 [INFO] WebApp:194 - Connection lost
2026-05-14 12:34:37,941 [INFO] WebApp:191 - Connection restablished
2026-05-14 12:35:20,858 [INFO] WebApp:194 - Connection lost
2026-05-14 12:35:21,100 [INFO] WebApp:191 - Connection restablished
2026-05-14 14:39:53,668 [INFO] WebApp:194 - Connection lost
2026-05-14 14:39:54,013 [INFO] WebApp:191 - Connection restablished
2026-05-14 14:39:57,475 [INFO] WebApp:194 - Connection lost
2026-05-14 14:39:57,848 [INFO] WebApp:191 - Connection restablished
2026-05-14 17:07:27,969 [INFO] WebApp:194 - Connection lost
2026-05-14 17:07:43,339 [INFO] WebApp:191 - Connection restablished
2026-05-14 17:07:43,414 [INFO] WebApp:194 - Connection lost
2026-05-14 17:07:44,758 [INFO] WebApp:191 - Connection restablished
2026-05-14 17:11:11,873 [ERROR] LogOutputStream:75 - [STDERR_REDIRECT] 
2026-05-14 17:20:30,597 [INFO] Activator:176 - 


2026-05-14 17:20:30,599 [INFO] Activator:177 - !SESSION log4j initialized
2026-05-14 17:20:38,841 [INFO] LogOutputStream:77 - [STDOUT_REDIRECT] 
2026-05-14 17:20:49,375 [INFO] ApplicationProperties:184 - Using Application install path: C:\ST\STM32CubeIDE_1.10.1\STM32CubeIDE\plugins\com.st.stm32cube.common.mx_6.14.1.202504091515
2026-05-14 17:20:49,390 [INFO] DbMcusXml:78 - Set database path to: C:\ST\STM32CubeIDE_1.10.1\STM32CubeIDE\plugins\com.st.stm32cube.common.mx_6.14.1.202504091515\\db\/mcu/
2026-05-14 17:20:49,390 [INFO] ApiDb:274 - Set plugin database path to: C:\ST\STM32CubeIDE_1.10.1\STM32CubeIDE\plugins\com.st.stm32cube.common.mx_6.14.1.202504091515\\db\/plugins/boardmanager/
2026-05-14 17:20:49,390 [WARN] ApiDb:259 - Overriding images path with different value:  => C:\ST\STM32CubeIDE_1.10.1\STM32CubeIDE\plugins\com.st.stm32cube.common.mx_6.14.1.202504091515\\db\/plugins/mcufinder/images/
2026-05-14 17:20:49,396 [INFO] ApiDb:250 - Set database path to: C:\Users\abhil\.stmcufinder\plugins\mcufinder//mcu/
2026-05-14 17:20:49,397 [INFO] DbMcusAds:125 - Set database path to: C:\Users\abhil\.stmcufinder\plugins\mcufinder//mcu/
2026-05-14 17:20:49,403 [INFO] CrossReferenceDbSqlite:203 - Set database path to: C:\Users\abhil\.stmcufinder\plugins\mcufinder//mcu/cs/
2026-05-14 17:20:49,527 [INFO] RulesReader:64 - Compatibility file has been processed (302 Rules)
2026-05-14 17:20:49,616 [INFO] DbMcusXml:78 - Set database path to: C:\ST\STM32CubeIDE_1.10.1\STM32CubeIDE\plugins\com.st.stm32cube.common.mx_6.14.1.202504091515\\db\/mcu/
2026-05-14 17:20:49,616 [INFO] ApiDb:274 - Set plugin database path to: C:\ST\STM32CubeIDE_1.10.1\STM32CubeIDE\plugins\com.st.stm32cube.common.mx_6.14.1.202504091515\\db\/plugins/boardmanager/
2026-05-14 17:20:49,616 [INFO] ApiDb:261 - Set plugin images path to: C:\ST\STM32CubeIDE_1.10.1\STM32CubeIDE\plugins\com.st.stm32cube.common.mx_6.14.1.202504091515\\db\/plugins/mcufinder/images/
2026-05-14 17:20:49,616 [WARN] DbFile:41 - Overriding database path with different value: C:\Users\abhil\.stmcufinder\plugins\mcufinder/ => C:\Users\abhil\.stmcufinder\plugins\mcufinder
2026-05-14 17:20:49,616 [INFO] ApiDb:250 - Set database path to: C:\Users\abhil\.stmcufinder\plugins\mcufinder//mcu/
2026-05-14 17:20:49,617 [WARN] DbFile:41 - Overriding database path with different value: C:\Users\abhil\.stmcufinder\plugins\mcufinder/ => C:\Users\abhil\.stmcufinder\plugins\mcufinder
2026-05-14 17:20:49,617 [INFO] DbMcusAds:125 - Set database path to: C:\Users\abhil\.stmcufinder\plugins\mcufinder//mcu/
2026-05-14 17:20:49,617 [WARN] DbFile:41 - Overriding database path with different value: C:\Users\abhil\.stmcufinder\plugins\mcufinder/ => C:\Users\abhil\.stmcufinder\plugins\mcufinder
2026-05-14 17:20:49,617 [WARN] DbFile:41 - Overriding database path with different value: C:\Users\abhil\.stmcufinder\plugins\mcufinder/ => C:\Users\abhil\.stmcufinder\plugins\mcufinder
2026-05-14 17:20:49,617 [INFO] CrossReferenceDbSqlite:203 - Set database path to: C:\Users\abhil\.stmcufinder\plugins\mcufinder//mcu/cs/
2026-05-14 17:20:49,710 [INFO] MainPanel:272 - HeapMemory: 268435456
2026-05-14 17:20:49,809 [INFO] DbMcusXml:78 - Set database path to: C:\ST\STM32CubeIDE_1.10.1\STM32CubeIDE\plugins\com.st.stm32cube.common.mx_6.14.1.202504091515\\db\/mcu/
2026-05-14 17:20:49,809 [INFO] ApiDb:274 - Set plugin database path to: C:\ST\STM32CubeIDE_1.10.1\STM32CubeIDE\plugins\com.st.stm32cube.common.mx_6.14.1.202504091515\\db\/plugins/boardmanager/
2026-05-14 17:20:49,809 [INFO] ApiDb:261 - Set plugin images path to: C:\ST\STM32CubeIDE_1.10.1\STM32CubeIDE\plugins\com.st.stm32cube.common.mx_6.14.1.202504091515\\db\/plugins/mcufinder/images/
2026-05-14 17:20:49,811 [WARN] DbFile:41 - Overriding database path with different value: C:\Users\abhil\.stmcufinder\plugins\mcufinder/ => C:\Users\abhil\.stmcufinder\plugins\mcufinder
2026-05-14 17:20:49,811 [INFO] ApiDb:250 - Set database path to: C:\Users\abhil\.stmcufinder\plugins\mcufinder//mcu/
2026-05-14 17:20:49,811 [WARN] DbFile:41 - Overriding database path with different value: C:\Users\abhil\.stmcufinder\plugins\mcufinder/ => C:\Users\abhil\.stmcufinder\plugins\mcufinder
2026-05-14 17:20:49,811 [INFO] DbMcusAds:125 - Set database path to: C:\Users\abhil\.stmcufinder\plugins\mcufinder//mcu/
2026-05-14 17:20:49,811 [WARN] DbFile:41 - Overriding database path with different value: C:\Users\abhil\.stmcufinder\plugins\mcufinder/ => C:\Users\abhil\.stmcufinder\plugins\mcufinder
2026-05-14 17:20:49,811 [WARN] DbFile:41 - Overriding database path with different value: C:\Users\abhil\.stmcufinder\plugins\mcufinder/ => C:\Users\abhil\.stmcufinder\plugins\mcufinder
2026-05-14 17:20:49,811 [INFO] CrossReferenceDbSqlite:203 - Set database path to: C:\Users\abhil\.stmcufinder\plugins\mcufinder//mcu/cs/
2026-05-14 17:20:49,833 [INFO] ApplicationProperties:184 - Using Application install path: C:\ST\STM32CubeIDE_1.10.1\STM32CubeIDE\plugins\com.st.stm32cube.common.mx_6.14.1.202504091515
2026-05-14 17:20:49,835 [INFO] PluginManage:196 - Search for loadable plugins [exclusion list=, ]
2026-05-14 17:20:49,837 [INFO] PluginManage:310 - Check plugin analytics
2026-05-14 17:20:59,582 [INFO] AnalyticsPlugin:253 - Accepted Software Licenses: 
2026-05-14 17:20:59,582 [INFO] AnalyticsPlugin:255 - Accepted CMSIS Pack Licenses: 
2026-05-14 17:20:59,582 [INFO] AnalyticsPlugin:257 - Accepted Firmware Licenses: FW.F4.1.27.0,FW.H7.1.10.0,FW.H7.1.12.0,FW.F4.1.28.0
2026-05-14 17:20:59,586 [INFO] PluginManage:359 - Loaded plugin analytics (category:tool,tabindex:-1)
2026-05-14 17:20:59,587 [INFO] PluginManage:310 - Check plugin cadmodel
2026-05-14 17:20:59,592 [INFO] CADModel:105 - Init CAD model plugin
2026-05-14 17:20:59,592 [INFO] PluginManage:359 - Loaded plugin cadmodel (category:power,tabindex:5)
2026-05-14 17:20:59,592 [INFO] PluginManage:310 - Check plugin clock
2026-05-14 17:20:59,604 [INFO] PluginManage:359 - Loaded plugin clock (category:base,tabindex:2)
2026-05-14 17:20:59,604 [INFO] PluginManage:310 - Check plugin ddr
2026-05-14 17:20:59,606 [INFO] PluginManage:359 - Loaded plugin ddr (category:tool,tabindex:6)
2026-05-14 17:20:59,606 [INFO] PluginManage:310 - Check plugin filemanager
2026-05-14 17:20:59,757 [INFO] PluginManage:359 - Loaded plugin filemanager (category:base,tabindex:10)
2026-05-14 17:20:59,757 [INFO] PluginManage:310 - Check plugin ipmanager
2026-05-14 17:20:59,766 [INFO] PluginManage:359 - Loaded plugin ipmanager (category:base,tabindex:5)
2026-05-14 17:20:59,766 [INFO] PluginManage:310 - Check plugin lpbam
2026-05-14 17:20:59,775 [INFO] PluginManage:359 - Loaded plugin lpbam (category:base,tabindex:0)
2026-05-14 17:20:59,775 [INFO] PluginManage:310 - Check plugin memorymap
2026-05-14 17:20:59,786 [INFO] PluginManage:359 - Loaded plugin memorymap (category:base,tabindex:4)
2026-05-14 17:20:59,786 [INFO] PluginManage:310 - Check plugin pinoutandconfiguration
2026-05-14 17:20:59,794 [INFO] PluginManage:359 - Loaded plugin pinoutandconfiguration (category:base,tabindex:1)
2026-05-14 17:20:59,794 [INFO] PluginManage:310 - Check plugin pinoutconfig
2026-05-14 17:20:59,900 [WARN] SupportedApi:132 - Cannot load RTOS API schema: s4s-elt-must-match.1: The content of 'definitions' must match (annotation?, (simpleType | complexType)?, (unique | key | keyref)*)). A problem was found starting at: attribute.
2026-05-14 17:21:00,052 [INFO] PluginManage:359 - Loaded plugin pinoutconfig (category:base,tabindex:0)
2026-05-14 17:21:00,052 [INFO] PluginManage:310 - Check plugin power
2026-05-14 17:21:00,063 [INFO] PluginManage:359 - Loaded plugin power (category:power,tabindex:4)
2026-05-14 17:21:00,063 [INFO] PluginManage:310 - Check plugin projectmanager
2026-05-14 17:21:00,079 [INFO] PluginManage:359 - Loaded plugin projectmanager (category:projectmanager,tabindex:4)
2026-05-14 17:21:00,083 [INFO] PluginManage:310 - Check plugin rif
2026-05-14 17:21:00,090 [INFO] PluginManage:359 - Loaded plugin rif (category:base,tabindex:3)
2026-05-14 17:21:00,090 [INFO] PluginManage:310 - Check plugin thirdparty
2026-05-14 17:21:00,249 [INFO] PluginManage:359 - Loaded plugin thirdparty (category:base,tabindex:-1)
2026-05-14 17:21:00,249 [WARN] IntegrityCheckThread:84 - waiting for thirdparty lock release [integrity check]
2026-05-14 17:21:00,249 [INFO] PluginManage:310 - Check plugin tools
2026-05-14 17:21:00,249 [INFO] IntegrityCheckThread:86 - entering critical section [integrity check]
2026-05-14 17:21:00,249 [INFO] ThirdPartyUpdaterWithRetryManager:70 - Updater plugin not ready yet. [1/15]
2026-05-14 17:21:00,255 [INFO] PluginManage:359 - Loaded plugin tools (category:base,tabindex:7)
2026-05-14 17:21:00,255 [INFO] PluginManage:310 - Check plugin tutovideos
2026-05-14 17:21:00,426 [INFO] PluginManage:359 - Loaded plugin tutovideos (category:base,tabindex:-1)
2026-05-14 17:21:00,426 [INFO] PluginManage:310 - Check plugin updater
2026-05-14 17:21:00,448 [INFO] PluginManage:359 - Loaded plugin updater (category:base,tabindex:12)
2026-05-14 17:21:00,448 [INFO] PluginManage:310 - Check plugin userauth
2026-05-14 17:21:00,450 [INFO] UserAuth:118 - Init User Auth plugin
2026-05-14 17:21:00,450 [INFO] PluginManage:359 - Loaded plugin userauth (category:base,tabindex:14)
2026-05-14 17:21:00,450 [INFO] PluginManage:283 - PluginManage : Loaded plugins [18]
2026-05-14 17:21:00,676 [INFO] PinOutPanel:1589 - setPackage(No Configuration,No Configuration)
2026-05-14 17:21:00,777 [INFO] CADModel:165 - CPN selected for project level
2026-05-14 17:21:00,777 [INFO] CADModel:114 - Register for checkConnection events
2026-05-14 17:21:00,797 [INFO] IPUIPlugin:80 - create IPUIPlugin
2026-05-14 17:21:00,797 [INFO] PluginManager:220 - loadIPPluginJar : add adc
2026-05-14 17:21:00,800 [INFO] IPUIPlugin:80 - create IPUIPlugin
2026-05-14 17:21:00,800 [INFO] PluginManager:220 - loadIPPluginJar : add aes
2026-05-14 17:21:00,804 [INFO] IPUIPlugin:80 - create IPUIPlugin
2026-05-14 17:21:00,804 [INFO] PluginManager:220 - loadIPPluginJar : add can
2026-05-14 17:21:00,806 [INFO] IPUIPlugin:80 - create IPUIPlugin
2026-05-14 17:21:00,806 [INFO] PluginManager:220 - loadIPPluginJar : add comp
2026-05-14 17:21:00,810 [INFO] IPUIPlugin:80 - create IPUIPlugin
2026-05-14 17:21:00,810 [INFO] PluginManager:220 - loadIPPluginJar : add cryp
2026-05-14 17:21:00,813 [INFO] IPUIPlugin:80 - create IPUIPlugin
2026-05-14 17:21:00,813 [INFO] PluginManager:220 - loadIPPluginJar : add ddr_ctrl_phy
2026-05-14 17:21:00,817 [INFO] IPUIPlugin:80 - create IPUIPlugin
2026-05-14 17:21:00,817 [INFO] PluginManager:220 - loadIPPluginJar : add dfsdm
2026-05-14 17:21:00,821 [INFO] IPUIPlugin:80 - create IPUIPlugin
2026-05-14 17:21:00,823 [INFO] PluginManager:220 - loadIPPluginJar : add dma
2026-05-14 17:21:00,823 [INFO] IPUIPlugin:80 - create IPUIPlugin
2026-05-14 17:21:00,823 [INFO] PluginManager:220 - loadIPPluginJar : add dma3
2026-05-14 17:21:00,829 [INFO] IPUIPlugin:80 - create IPUIPlugin
2026-05-14 17:21:00,829 [INFO] PluginManager:220 - loadIPPluginJar : add extmemmanager
2026-05-14 17:21:00,831 [INFO] IPUIPlugin:80 - create IPUIPlugin
2026-05-14 17:21:00,831 [INFO] PluginManager:220 - loadIPPluginJar : add fatfs
2026-05-14 17:21:00,837 [INFO] IPUIPlugin:80 - create IPUIPlugin
2026-05-14 17:21:00,837 [INFO] PluginManager:220 - loadIPPluginJar : add fmc
2026-05-14 17:21:00,842 [INFO] IPUIPlugin:80 - create IPUIPlugin
2026-05-14 17:21:00,842 [INFO] PluginManager:220 - loadIPPluginJar : add freertos
2026-05-14 17:21:00,844 [INFO] IPUIPlugin:80 - create IPUIPlugin
2026-05-14 17:21:00,844 [INFO] PluginManager:220 - loadIPPluginJar : add genericplugin
2026-05-14 17:21:00,847 [INFO] IPUIPlugin:80 - create IPUIPlugin
2026-05-14 17:21:00,847 [INFO] PluginManager:220 - loadIPPluginJar : add gfxmmu
2026-05-14 17:21:00,849 [INFO] IPUIPlugin:80 - create IPUIPlugin
2026-05-14 17:21:00,849 [INFO] PluginManager:220 - loadIPPluginJar : add gic
2026-05-14 17:21:00,849 [INFO] IPUIPlugin:80 - create IPUIPlugin
2026-05-14 17:21:00,849 [INFO] PluginManager:220 - loadIPPluginJar : add gpio
2026-05-14 17:21:00,859 [INFO] IPUIPlugin:80 - create IPUIPlugin
2026-05-14 17:21:00,859 [INFO] PluginManager:220 - loadIPPluginJar : add gtzc
2026-05-14 17:21:00,865 [INFO] IPUIPlugin:80 - create IPUIPlugin
2026-05-14 17:21:00,865 [INFO] PluginManager:220 - loadIPPluginJar : add hash
2026-05-14 17:21:00,868 [INFO] IPUIPlugin:80 - create IPUIPlugin
2026-05-14 17:21:00,868 [INFO] PluginManager:220 - loadIPPluginJar : add i2c
2026-05-14 17:21:00,870 [INFO] IPUIPlugin:80 - create IPUIPlugin
2026-05-14 17:21:00,871 [INFO] PluginManager:220 - loadIPPluginJar : add i2s
2026-05-14 17:21:00,871 [INFO] IPUIPlugin:80 - create IPUIPlugin
2026-05-14 17:21:00,871 [INFO] PluginManager:220 - loadIPPluginJar : add i3c
2026-05-14 17:21:00,871 [INFO] IPUIPlugin:80 - create IPUIPlugin
2026-05-14 17:21:00,871 [INFO] PluginManager:220 - loadIPPluginJar : add ipddr
2026-05-14 17:21:00,885 [INFO] IPUIPlugin:80 - create IPUIPlugin
2026-05-14 17:21:00,885 [INFO] PluginManager:220 - loadIPPluginJar : add linkedlist
2026-05-14 17:21:00,889 [INFO] IPUIPlugin:80 - create IPUIPlugin
2026-05-14 17:21:00,889 [INFO] PluginManager:220 - loadIPPluginJar : add lorawan
2026-05-14 17:21:00,892 [INFO] IPUIPlugin:80 - create IPUIPlugin
2026-05-14 17:21:00,892 [INFO] PluginManager:220 - loadIPPluginJar : add ltdc
2026-05-14 17:21:00,898 [INFO] IPUIPlugin:80 - create IPUIPlugin
2026-05-14 17:21:00,898 [INFO] PluginManager:220 - loadIPPluginJar : add mdma
2026-05-14 17:21:00,901 [INFO] IPUIPlugin:80 - create IPUIPlugin
2026-05-14 17:21:00,903 [INFO] PluginManager:220 - loadIPPluginJar : add nvic
2026-05-14 17:21:00,905 [INFO] IPUIPlugin:80 - create IPUIPlugin
2026-05-14 17:21:00,905 [INFO] PluginManager:220 - loadIPPluginJar : add opamp
2026-05-14 17:21:00,909 [INFO] IPUIPlugin:80 - create IPUIPlugin
2026-05-14 17:21:00,909 [INFO] PluginManager:220 - loadIPPluginJar : add openamp
2026-05-14 17:21:00,913 [INFO] IPUIPlugin:80 - create IPUIPlugin
2026-05-14 17:21:00,913 [INFO] PluginManager:220 - loadIPPluginJar : add pdm2pcm
2026-05-14 17:21:00,920 [INFO] IPUIPlugin:80 - create IPUIPlugin
2026-05-14 17:21:00,925 [INFO] PluginManager:220 - loadIPPluginJar : add plateformsettings
2026-05-14 17:21:00,927 [INFO] IPUIPlugin:80 - create IPUIPlugin
2026-05-14 17:21:00,927 [INFO] PluginManager:220 - loadIPPluginJar : add quadspi
2026-05-14 17:21:00,929 [INFO] IPUIPlugin:80 - create IPUIPlugin
2026-05-14 17:21:00,929 [INFO] PluginManager:220 - loadIPPluginJar : add radio
2026-05-14 17:21:00,935 [INFO] IPUIPlugin:80 - create IPUIPlugin
2026-05-14 17:21:00,935 [INFO] PluginManager:220 - loadIPPluginJar : add resmgrutility
2026-05-14 17:21:00,937 [INFO] IPUIPlugin:80 - create IPUIPlugin
2026-05-14 17:21:00,937 [INFO] PluginManager:220 - loadIPPluginJar : add sai
2026-05-14 17:21:00,941 [INFO] IPUIPlugin:80 - create IPUIPlugin
2026-05-14 17:21:00,941 [INFO] PluginManager:220 - loadIPPluginJar : add spi
2026-05-14 17:21:00,950 [INFO] IPUIPlugin:80 - create IPUIPlugin
2026-05-14 17:21:00,950 [INFO] PluginManager:220 - loadIPPluginJar : add stm32_wpan
2026-05-14 17:21:00,954 [INFO] IPUIPlugin:80 - create IPUIPlugin
2026-05-14 17:21:00,954 [INFO] PluginManager:220 - loadIPPluginJar : add tim
2026-05-14 17:21:00,956 [INFO] IPUIPlugin:80 - create IPUIPlugin
2026-05-14 17:21:00,961 [INFO] PluginManager:220 - loadIPPluginJar : add touchsensing
2026-05-14 17:21:00,961 [INFO] IPUIPlugin:80 - create IPUIPlugin
2026-05-14 17:21:00,964 [INFO] PluginManager:220 - loadIPPluginJar : add tracer_emb
2026-05-14 17:21:00,966 [INFO] IPUIPlugin:80 - create IPUIPlugin
2026-05-14 17:21:00,966 [INFO] PluginManager:220 - loadIPPluginJar : add ts
2026-05-14 17:21:00,968 [INFO] IPUIPlugin:80 - create IPUIPlugin
2026-05-14 17:21:00,968 [INFO] PluginManager:220 - loadIPPluginJar : add tsc
2026-05-14 17:21:00,970 [INFO] IPUIPlugin:80 - create IPUIPlugin
2026-05-14 17:21:00,970 [INFO] PluginManager:220 - loadIPPluginJar : add ucpd
2026-05-14 17:21:00,974 [INFO] IPUIPlugin:80 - create IPUIPlugin
2026-05-14 17:21:00,974 [INFO] PluginManager:220 - loadIPPluginJar : add usart
2026-05-14 17:21:00,978 [INFO] IPUIPlugin:80 - create IPUIPlugin
2026-05-14 17:21:00,978 [INFO] PluginManager:220 - loadIPPluginJar : add usbx
2026-05-14 17:21:01,122 [FATAL] Updater:351 - Updater called before beeing initialized
2026-05-14 17:21:01,168 [INFO] RulesReader:64 - Compatibility file has been processed (302 Rules)
2026-05-14 17:21:01,193 [INFO] RulesReader:64 - Compatibility file has been processed (302 Rules)
2026-05-14 17:21:01,205 [INFO] CADModel:165 - CPN selected for project level
2026-05-14 17:21:01,205 [INFO] CADModel:114 - Register for checkConnection events
2026-05-14 17:21:01,205 [FATAL] Updater:351 - Updater called before beeing initialized
2026-05-14 17:21:01,206 [ERROR] CADModel:125 - Updater not yet initialized, retry later 
2026-05-14 17:21:01,343 [FATAL] Updater:351 - Updater called before beeing initialized
2026-05-14 17:21:01,345 [INFO] CADModel:165 - CPN selected for project level
2026-05-14 17:21:01,345 [INFO] CADModel:114 - Register for checkConnection events
2026-05-14 17:21:01,345 [FATAL] Updater:351 - Updater called before beeing initialized
2026-05-14 17:21:01,345 [ERROR] CADModel:125 - Updater not yet initialized, retry later 
2026-05-14 17:21:01,348 [FATAL] Updater:351 - Updater called before beeing initialized
2026-05-14 17:21:01,495 [FATAL] Updater:351 - Updater called before beeing initialized
2026-05-14 17:21:01,501 [INFO] DbMcusAds:53 - JSON generation date=Thu Mar 05 20:02:53 IST 2026 (1772721173050)
2026-05-14 17:21:01,501 [FATAL] Updater:351 - Updater called before beeing initialized
2026-05-14 17:21:01,540 [WARN] DetailPanel:346 - Failed to get advertising image, set to default
2026-05-14 17:21:01,847 [FATAL] Updater:351 - Updater called before beeing initialized
2026-05-14 17:21:01,851 [FATAL] Updater:351 - Updater called before beeing initialized
2026-05-14 17:21:01,851 [FATAL] Updater:351 - Updater called before beeing initialized
2026-05-14 17:21:01,851 [WARN] DetailPanel:346 - Failed to get advertising image, set to default
2026-05-14 17:21:01,851 [FATAL] Updater:351 - Updater called before beeing initialized
2026-05-14 17:21:01,910 [ERROR] Updater:1198 - MainUpdater not yet initialized. External WinMGr cannot be set.
2026-05-14 17:21:01,913 [INFO] Updater:1134 - Updater Version found : 6.14.1
2026-05-14 17:21:01,930 [INFO] ApplicationProperties:184 - Using Application install path: C:\ST\STM32CubeIDE_1.10.1\STM32CubeIDE\plugins\com.st.stm32cube.common.mx_6.14.1.202504091515
2026-05-14 17:21:02,232 [INFO] MainUpdater:2872 - connection check result : 10
2026-05-14 17:21:02,235 [INFO] MainUpdater:289 - Updater Check For Update Now.
2026-05-14 17:21:02,235 [INFO] MicroXplorer:498 - Change Database Version : DB.6.0.141
2026-05-14 17:21:02,249 [INFO] McuFinderGlobals:63 - Set McuFinder mode to 2 (CubeIDE integrated)
2026-05-14 17:21:02,251 [INFO] UserAuth:484 - Internet connection configuration mode: 1
2026-05-14 17:21:02,287 [INFO] JxBrowserEngine:152 - Initiate JxBrowser Engine with user profile folder
2026-05-14 17:21:02,471 [INFO] CheckServerUpdateThread:120 - End of CheckServer Thread
2026-05-14 17:21:03,038 [INFO] WebApp:169 - Instantiating new browser for Auth
2026-05-14 17:21:03,918 [WARN] PackLoader:240 - Cannot read IP mode file for STMicroelectronics.X-CUBE-AZRTOS-H7.3.5.0
2026-05-14 17:21:03,940 [WARN] PackLoader:240 - Cannot read IP mode file for STMicroelectronics.FP-SNS-MOTENVWB1.1.4.0
2026-05-14 17:21:03,958 [WARN] PackLoader:240 - Cannot read IP mode file for STMicroelectronics.FP-ATR-ASTRA1.2.0.2
2026-05-14 17:21:03,964 [WARN] PackLoader:240 - Cannot read IP mode file for STMicroelectronics.FP-ATR-ASTRA1.2.0.1
2026-05-14 17:21:03,978 [WARN] PackLoader:240 - Cannot read IP mode file for STMicroelectronics.X-CUBE-SMBUS.2.1.0
2026-05-14 17:21:03,978 [INFO] WebApp:463 - Apply proxy settings
2026-05-14 17:21:03,980 [INFO] WebApp:548 - Chromium requires no authentication
2026-05-14 17:21:03,992 [WARN] PackLoader:240 - Cannot read IP mode file for STMicroelectronics.X-CUBE-WB05N.1.1.0
2026-05-14 17:21:03,994 [INFO] WebApp:491 - Direct internet connection detected
2026-05-14 17:21:04,003 [WARN] PackLoader:240 - Cannot read IP mode file for STMicroelectronics.X-CUBE-ST60.1.0.0
2026-05-14 17:21:04,012 [WARN] PackLoader:240 - Cannot read IP mode file for STMicroelectronics.X-CUBE-TOUCHGFX.4.23.2
2026-05-14 17:21:04,042 [WARN] PackLoader:240 - Cannot read IP mode file for STMicroelectronics.X-CUBE-AZRTOS-F7.1.1.0
2026-05-14 17:21:04,042 [INFO] WebApp:894 - Register for checkConnection events
2026-05-14 17:21:04,042 [INFO] WebApp:463 - Apply proxy settings
2026-05-14 17:21:04,042 [INFO] WebApp:548 - Chromium requires no authentication
2026-05-14 17:21:04,047 [INFO] WebApp:491 - Direct internet connection detected
2026-05-14 17:21:04,054 [WARN] PackLoader:240 - Cannot read IP mode file for STMicroelectronics.X-CUBE-BLE1.6.2.3
2026-05-14 17:21:04,124 [WARN] PackLoader:240 - Cannot read IP mode file for STMicroelectronics.X-CUBE-MEMS1.11.0.0
2026-05-14 17:21:04,265 [WARN] PackLoader:240 - Cannot read IP mode file for STMicroelectronics.X-CUBE-BLE1.6.2.4
2026-05-14 17:21:04,267 [ERROR] Engine:466 - C:\Users\abhil\.stm32cubemx\thirdparties\pdsc\STMicroelectronics.FP-SNS-MOTENV1.5.1.0.pdsc: PDSC version is not supported
2026-05-14 17:21:04,277 [WARN] PackLoader:240 - Cannot read IP mode file for STMicroelectronics.FP-SNS-FLIGHT1.5.0.2
2026-05-14 17:21:04,285 [WARN] PackLoader:240 - Cannot read IP mode file for STMicroelectronics.X-CUBE-TOF1.3.1.0
2026-05-14 17:21:04,314 [WARN] PackLoader:240 - Cannot read IP mode file for STMicroelectronics.X-CUBE-AZRTOS-H7.3.4.0
2026-05-14 17:21:04,327 [WARN] PackLoader:240 - Cannot read IP mode file for STMicroelectronics.X-CUBE-DISPLAY.3.0.0
2026-05-14 17:21:04,339 [WARN] PackLoader:240 - Cannot read IP mode file for STMicroelectronics.X-CUBE-GNSS1.7.1.1
2026-05-14 17:21:04,343 [ERROR] Engine:466 - C:\Users\abhil\.stm32cubemx\thirdparties\pdsc\STMicroelectronics.FP-SNS-MOTENVWB1.1.5.0.pdsc: PDSC version is not supported
2026-05-14 17:21:04,349 [WARN] PackLoader:240 - Cannot read IP mode file for STMicroelectronics.X-CUBE-BLE1.7.0.0
2026-05-14 17:21:04,357 [WARN] PackLoader:240 - Cannot read IP mode file for STMicroelectronics.X-CUBE-NFC10.1.0.0
2026-05-14 17:21:04,371 [WARN] PackLoader:240 - Cannot read IP mode file for STMicroelectronics.X-CUBE-BLEMGR.4.0.0
2026-05-14 17:21:04,404 [WARN] PackLoader:240 - Cannot read IP mode file for STMicroelectronics.X-CUBE-ST60.1.1.0
2026-05-14 17:21:04,416 [WARN] PackLoader:240 - Cannot read IP mode file for STMicroelectronics.X-CUBE-GNSS1.7.1.0
2026-05-14 17:21:04,462 [WARN] PackLoader:240 - Cannot read IP mode file for STMicroelectronics.X-CUBE-MEMS1.9.3.0
2026-05-14 17:21:04,467 [INFO] WebApp:191 - Connection restablished
2026-05-14 17:21:04,537 [INFO] WebApp:225 - Starting web application
2026-05-14 17:21:04,537 [INFO] WebApp:593 - Web application path used C:\ST\STM32CubeIDE_1.10.1\STM32CubeIDE\plugins\com.st.stm32cube.common.mx_6.14.1.202504091515\db\plugins\mcufinder\reactClient1\index.html
2026-05-14 17:21:04,668 [WARN] PackLoader:240 - Cannot read IP mode file for STMicroelectronics.X-CUBE-AI.7.2.0
2026-05-14 17:21:04,695 [WARN] PackLoader:240 - Cannot read IP mode file for STMicroelectronics.X-CUBE-BLEMGR.3.1.0
2026-05-14 17:21:04,704 [WARN] PackLoader:240 - Cannot read IP mode file for STMicroelectronics.X-CUBE-AI.10.0.0
2026-05-14 17:21:04,710 [ERROR] Engine:466 - C:\Users\abhil\.stm32cubemx\thirdparties\pdsc\STMicroelectronics.FP-SNS-STBOX1.2.1.0.pdsc: PDSC version is not supported
2026-05-14 17:21:04,714 [WARN] PackLoader:240 - Cannot read IP mode file for STMicroelectronics.FP-SNS-SMARTAG2.1.2.0
2026-05-14 17:21:04,722 [WARN] PackLoader:240 - Cannot read IP mode file for STMicroelectronics.FP-SNS-FLIGHT1.5.1.0
2026-05-14 17:21:04,780 [WARN] PackLoader:240 - Cannot read IP mode file for STMicroelectronics.X-CUBE-MEMS1.11.1.0
2026-05-14 17:21:04,799 [INFO] UserAuth:484 - Internet connection configuration mode: 1
2026-05-14 17:21:04,973 [INFO] LogOutputStream:77 - [STDOUT_REDIRECT] 1 : Invalid condition id : UX_CORESTACK_Condition cause : null
2026-05-14 17:21:04,975 [INFO] LogOutputStream:77 - [STDOUT_REDIRECT] 1 : Invalid condition id : UX_CORESTACK_Condition cause : null
2026-05-14 17:21:04,977 [INFO] LogOutputStream:77 - [STDOUT_REDIRECT] 1 : Invalid condition id : UX_CORESTACK_Condition cause : null
2026-05-14 17:21:04,979 [INFO] LogOutputStream:77 - [STDOUT_REDIRECT] 1 : Invalid condition id : UX_CORESTACK_Condition cause : null
2026-05-14 17:21:04,981 [INFO] LogOutputStream:77 - [STDOUT_REDIRECT] 1 : Invalid condition id : UX_CORESTACK_Condition cause : null
2026-05-14 17:21:04,985 [WARN] PackLoader:240 - Cannot read IP mode file for STMicroelectronics.X-CUBE-AZRTOS-WL.2.0.0
2026-05-14 17:21:04,995 [WARN] PackLoader:240 - Cannot read IP mode file for STMicroelectronics.FP-SNS-MOTENV1.5.0.0
2026-05-14 17:21:05,024 [WARN] PackLoader:240 - Cannot read IP mode file for STMicroelectronics.X-CUBE-AZRTOS-H7RS.1.2.0
2026-05-14 17:21:05,037 [WARN] PackLoader:240 - Cannot read IP mode file for wolfSSL.I-CUBE-wolfMQTT.1.19.0
2026-05-14 17:21:05,054 [WARN] PackLoader:240 - Cannot read IP mode file for WES.I-CUBE-Cesium.1.3.0
2026-05-14 17:21:05,061 [WARN] PackLoader:240 - Cannot read IP mode file for STMicroelectronics.X-CUBE-BLE2.3.3.0
2026-05-14 17:21:05,103 [WARN] PackLoader:240 - Cannot read IP mode file for STMicroelectronics.X-CUBE-DISPLAY.2.2.0
2026-05-14 17:21:05,114 [WARN] PackLoader:240 - Cannot read IP mode file for STMicroelectronics.X-CUBE-TOF1.3.2.0
2026-05-14 17:21:05,127 [WARN] PackLoader:240 - Cannot read IP mode file for STMicroelectronics.X-CUBE-ISPU.1.0.0
2026-05-14 17:21:05,136 [WARN] PackLoader:240 - Cannot read IP mode file for STMicroelectronics.X-CUBE-NFC9.1.0.0
2026-05-14 17:21:05,153 [WARN] PackLoader:240 - Cannot read IP mode file for STMicroelectronics.X-CUBE-AZRTOS-H7.2.1.0
2026-05-14 17:21:05,161 [WARN] PackLoader:240 - Cannot read IP mode file for STMicroelectronics.X-CUBE-BLE1.7.1.0
2026-05-14 17:21:05,170 [WARN] PackLoader:240 - Cannot read IP mode file for STMicroelectronics.X-CUBE-TCPP.4.1.0
2026-05-14 17:21:05,172 [ERROR] Engine:466 - C:\Users\abhil\.stm32cubemx\thirdparties\pdsc\STMicroelectronics.X-CUBE-FREERTOS.1.4.0.pdsc: PDSC version is not supported
2026-05-14 17:21:05,180 [WARN] PackLoader:240 - Cannot read IP mode file for STMicroelectronics.X-CUBE-EEPRMA1.5.2.0
2026-05-14 17:21:05,183 [WARN] PackLoader:240 - Cannot read IP mode file for STMicroelectronics.X-CUBE-TOUCHGFX.4.21.3
2026-05-14 17:21:05,190 [WARN] PackLoader:240 - Cannot read IP mode file for STMicroelectronics.X-CUBE-AI.7.3.0
2026-05-14 17:21:05,201 [ERROR] Engine:466 - C:\Users\abhil\.stm32cubemx\thirdparties\pdsc\STMicroelectronics.X-CUBE-ST67W61.1.1.0.pdsc: PDSC version is not supported
2026-05-14 17:21:05,205 [WARN] PackLoader:240 - Cannot read IP mode file for STMicroelectronics.X-CUBE-AI.10.1.0
2026-05-14 17:21:05,207 [ERROR] Engine:466 - C:\Users\abhil\.stm32cubemx\thirdparties\pdsc\STMicroelectronics.FP-SNS-STAIOTCFT.1.1.0.pdsc: PDSC version is not supported
2026-05-14 17:21:05,254 [WARN] PackLoader:240 - Cannot read IP mode file for STMicroelectronics.X-CUBE-MEMS1.12.0.0
2026-05-14 17:21:05,324 [WARN] PackLoader:240 - Cannot read IP mode file for STMicroelectronics.X-CUBE-ALGOBUILD.1.3.0
2026-05-14 17:21:05,366 [WARN] PackLoader:240 - Cannot read IP mode file for STMicroelectronics.X-CUBE-MEMS1.11.2.0
2026-05-14 17:21:05,504 [WARN] PackLoader:240 - Cannot read IP mode file for STMicroelectronics.X-CUBE-AZRTOS-G0.1.1.0
2026-05-14 17:21:05,516 [WARN] PackLoader:240 - Cannot read IP mode file for STMicroelectronics.X-CUBE-SAFEA1.1.2.2
2026-05-14 17:21:05,521 [WARN] PackLoader:240 - Cannot read IP mode file for STMicroelectronics.X-CUBE-NFC4.3.0.0
2026-05-14 17:21:05,556 [WARN] PackLoader:240 - Cannot read IP mode file for SEGGER.I-CUBE-embOS.1.2.1
2026-05-14 17:21:05,605 [WARN] PackLoader:240 - Cannot read IP mode file for wolfSSL.I-CUBE-wolfMQTT.1.18.0
2026-05-14 17:21:05,616 [WARN] PackLoader:240 - Cannot read IP mode file for EmbeddedOffice.I-CUBE-FS-RTOS.1.0.1
2026-05-14 17:21:05,631 [WARN] PackLoader:240 - Cannot read IP mode file for STMicroelectronics.X-CUBE-WB05N.2.0.0
2026-05-14 17:21:05,637 [WARN] PackLoader:240 - Cannot read IP mode file for STMicroelectronics.X-CUBE-TCPP.4.2.0
2026-05-14 17:21:05,645 [WARN] PackLoader:240 - Cannot read IP mode file for RealThread.X-CUBE-RT-Thread_Nano.4.1.1
2026-05-14 17:21:05,651 [WARN] PackLoader:240 - Cannot read IP mode file for STMicroelectronics.FP-ATR-SIGFOX1.3.2.0
2026-05-14 17:21:05,658 [WARN] ConditionMgr:438 - getConditionDescription Invalid condition id : Cortex-A Device cause : null
2026-05-14 17:21:05,686 [WARN] ConditionMgr:1044 - genDependencies : Invalid condition id : Cortex-A Device cause : null
2026-05-14 17:21:05,686 [WARN] ConditionMgr:1044 - genDependencies : Invalid condition id : Cortex-A Device cause : null
2026-05-14 17:21:05,686 [WARN] ConditionMgr:1044 - genDependencies : Invalid condition id : Cortex-A Device cause : null
2026-05-14 17:21:05,690 [WARN] PackLoader:240 - Cannot read IP mode file for STMicroelectronics.X-CUBE-EEPRMA1.5.1.0
2026-05-14 17:21:05,694 [ERROR] Engine:466 - C:\Users\abhil\.stm32cubemx\thirdparties\pdsc\STMicroelectronics.X-CUBE-FREERTOS.1.5.0.pdsc: PDSC version is not supported
2026-05-14 17:21:05,703 [WARN] PackLoader:240 - Cannot read IP mode file for emotas.I-CUBE-CANOPEN.1.1.2
2026-05-14 17:21:05,707 [WARN] PackLoader:240 - Cannot read IP mode file for STMicroelectronics.X-CUBE-TOUCHGFX.4.20.0
2026-05-14 17:21:05,716 [WARN] PackLoader:240 - Cannot read IP mode file for ITTIA_DB.I-CUBE-ITTIADB.8.9.0
2026-05-14 17:21:05,723 [WARN] PackLoader:240 - Cannot read IP mode file for STMicroelectronics.X-CUBE-NFC6.3.2.0
2026-05-14 17:21:05,757 [WARN] PackLoader:240 - Cannot read IP mode file for STMicroelectronics.X-CUBE-MEMS1.9.5.0
2026-05-14 17:21:05,878 [WARN] PackLoader:240 - Cannot read IP mode file for STMicroelectronics.X-CUBE-ST67W61.1.0.0
2026-05-14 17:21:05,889 [WARN] PackLoader:240 - Cannot read IP mode file for STMicroelectronics.X-CUBE-AI.10.2.0
2026-05-14 17:21:05,933 [WARN] PackLoader:240 - Cannot read IP mode file for STMicroelectronics.X-CUBE-MEMS1.12.1.0
2026-05-14 17:21:06,025 [WARN] PackLoader:240 - Cannot read IP mode file for SEGGER.I-CUBE-embOS.1.3.1
2026-05-14 17:21:06,058 [WARN] PackLoader:240 - Cannot read IP mode file for STMicroelectronics.X-CUBE-ALGOBUILD.1.4.0
2026-05-14 17:21:06,110 [WARN] PackLoader:240 - Cannot read IP mode file for STMicroelectronics.X-CUBE-MEMS1.11.3.0
2026-05-14 17:21:06,258 [WARN] PackLoader:240 - Cannot read IP mode file for STMicroelectronics.X-CUBE-AI.9.1.0
2026-05-14 17:21:06,267 [WARN] PackLoader:240 - Cannot read IP mode file for STMicroelectronics.X-CUBE-PM33A1.1.0.0
2026-05-14 17:21:06,272 [WARN] PackLoader:240 - Cannot read IP mode file for STMicroelectronics.X-CUBE-GNSS1.6.0.0
2026-05-14 17:21:06,288 [WARN] PackLoader:240 - Cannot read IP mode file for STMicroelectronics.X-CUBE-AZRTOS-F4.1.1.0
2026-05-14 17:21:06,296 [WARN] PackLoader:240 - Cannot read IP mode file for Avnet-IotConnect.X-CUBE-IoTC-DA16k-PMOD.1.0.0
2026-05-14 17:21:06,302 [WARN] PackLoader:240 - Cannot read IP mode file for STMicroelectronics.X-CUBE-ISPU.2.1.0
2026-05-14 17:21:06,306 [ERROR] Engine:466 - C:\Users\abhil\.stm32cubemx\thirdparties\pdsc\STMicroelectronics.X-CUBE-IPS.3.2.0.pdsc: PDSC version is not supported
2026-05-14 17:21:06,310 [WARN] PackLoader:240 - Cannot read IP mode file for STMicroelectronics.eDS-WB_DPC_TT-BIDIR.2.1.1
2026-05-14 17:21:06,319 [WARN] PackLoader:240 - Cannot read IP mode file for STMicroelectronics.X-CUBE-FREERTOS.1.2.0
2026-05-14 17:21:06,326 [WARN] PackLoader:240 - Cannot read IP mode file for STMicroelectronics.X-CUBE-NFC12.1.0.0
2026-05-14 17:21:06,334 [WARN] PackLoader:240 - Cannot read IP mode file for STMicroelectronics.X-CUBE-BLEMGR.1.2.0
2026-05-14 17:21:06,352 [WARN] PackLoader:240 - Cannot read IP mode file for STMicroelectronics.X-CUBE-AZRTOS-L5.2.0.0
2026-05-14 17:21:06,359 [WARN] PackLoader:240 - Cannot read IP mode file for STMicroelectronics.X-CUBE-NFC6.3.1.0
2026-05-14 17:21:06,366 [WARN] PackLoader:240 - Cannot read IP mode file for STMicroelectronics.X-CUBE-BLEMGR.2.0.0
2026-05-14 17:21:06,376 [WARN] PackLoader:240 - Cannot read IP mode file for STMicroelectronics.X-CUBE-DPower.1.2.0
2026-05-14 17:21:06,381 [WARN] PackLoader:240 - Cannot read IP mode file for STMicroelectronics.eDS-WB_DPC_VIENNA.1.2.0
2026-05-14 17:21:06,386 [WARN] PackLoader:240 - Cannot read IP mode file for STMicroelectronics.eDS-WB_DPC_3PH2L-BIDIR.1.1.1
2026-05-14 17:21:06,388 [WARN] PackLoader:240 - Cannot read IP mode file for STMicroelectronics.X-CUBE-NFC4.2.0.4
2026-05-14 17:21:06,396 [WARN] PackLoader:240 - Cannot read IP mode file for STMicroelectronics.X-CUBE-AI.9.0.0
2026-05-14 17:21:06,412 [WARN] ConditionMgr:438 - getConditionDescription Invalid condition id : UX DEVICE CLASS RTOS Condition cause : null
2026-05-14 17:21:06,412 [WARN] ConditionMgr:438 - getConditionDescription Invalid condition id : UX DEVICE CLASS RTOS Condition cause : null
2026-05-14 17:21:06,417 [WARN] PackLoader:240 - Cannot read IP mode file for STMicroelectronics.X-CUBE-AZRTOS-H7.3.1.0
2026-05-14 17:21:06,417 [WARN] ConditionMgr:1044 - genDependencies : Invalid condition id : UX DEVICE CLASS RTOS Condition cause : null
2026-05-14 17:21:06,417 [WARN] ConditionMgr:1044 - genDependencies : Invalid condition id : UX DEVICE CLASS RTOS Condition cause : null
2026-05-14 17:21:06,420 [WARN] ConditionMgr:1044 - genDependencies : Invalid condition id : UX DEVICE CLASS RTOS Condition cause : null
2026-05-14 17:21:06,420 [WARN] ConditionMgr:1044 - genDependencies : Invalid condition id : UX DEVICE CLASS RTOS Condition cause : null
2026-05-14 17:21:06,420 [WARN] ConditionMgr:1044 - genDependencies : Invalid condition id : UX DEVICE CLASS RTOS Condition cause : null
2026-05-14 17:21:06,424 [ERROR] Engine:466 - C:\Users\abhil\.stm32cubemx\thirdparties\pdsc\STMicroelectronics.X-CUBE-ST67W61.1.3.0.pdsc: PDSC version is not supported
2026-05-14 17:21:06,428 [WARN] PackLoader:240 - Cannot read IP mode file for wolfSSL.I-CUBE-wolfSSL.5.5.1
2026-05-14 17:21:06,437 [WARN] PackLoader:240 - Cannot read IP mode file for STMicroelectronics.X-CUBE-FREERTOS.1.3.1
2026-05-14 17:21:06,442 [WARN] PackLoader:240 - Cannot read IP mode file for STMicroelectronics.X-CUBE-FREERTOS.1.3.0
2026-05-14 17:21:06,451 [WARN] PackLoader:240 - Cannot read IP mode file for STMicroelectronics.X-CUBE-NFC7.1.0.1
2026-05-14 17:21:06,456 [WARN] PackLoader:240 - Cannot read IP mode file for STMicroelectronics.X-CUBE-NFC7.1.0.0
2026-05-14 17:21:06,460 [WARN] PackLoader:240 - Cannot read IP mode file for STMicroelectronics.X-CUBE-TOUCHGFX.4.26.0
2026-05-14 17:21:06,466 [WARN] PackLoader:240 - Cannot read IP mode file for STMicroelectronics.X-CUBE-TOUCHGFX.4.26.1
2026-05-14 17:21:06,470 [WARN] PackLoader:240 - Cannot read IP mode file for STMicroelectronics.X-CUBE-EEPRMA1.4.1.0
2026-05-14 17:21:06,476 [WARN] PackLoader:240 - Cannot read IP mode file for STMicroelectronics.FP-SNS-STAIOTCFT.1.0.0
2026-05-14 17:21:06,483 [WARN] PackLoader:240 - Cannot read IP mode file for STMicroelectronics.X-CUBE-DPower.1.3.0
2026-05-14 17:21:06,503 [WARN] ConditionMgr:438 - getConditionDescription Invalid condition id : LAN8742 Phy interface Condition cause : null
2026-05-14 17:21:06,503 [WARN] PackLoader:240 - Cannot read IP mode file for STMicroelectronics.X-CUBE-AZRTOS-L4.2.0.0
2026-05-14 17:21:06,506 [WARN] ConditionMgr:1044 - genDependencies : Invalid condition id : LAN8742 Phy interface Condition cause : null
2026-05-14 17:21:06,506 [WARN] ConditionMgr:1044 - genDependencies : Invalid condition id : LAN8742 Phy interface Condition cause : null
2026-05-14 17:21:06,506 [WARN] ConditionMgr:1044 - genDependencies : Invalid condition id : LAN8742 Phy interface Condition cause : null
2026-05-14 17:21:06,515 [WARN] PackLoader:240 - Cannot read IP mode file for STMicroelectronics.X-CUBE-SFXS2LP1.4.0.0
2026-05-14 17:21:06,520 [WARN] PackLoader:240 - Cannot read IP mode file for STMicroelectronics.X-CUBE-WB05N.2.1.0
2026-05-14 17:21:06,520 [ERROR] Engine:466 - C:\Users\abhil\.stm32cubemx\thirdparties\pdsc\STMicroelectronics.X-CUBE-ST67W61.1.2.0.pdsc: PDSC version is not supported
2026-05-14 17:21:06,525 [WARN] PackLoader:240 - Cannot read IP mode file for STMicroelectronics.X-CUBE-ISPU.1.1.0
2026-05-14 17:21:06,544 [WARN] PackLoader:240 - Cannot read IP mode file for STMicroelectronics.X-CUBE-AZRTOS-H7.3.3.0
2026-05-14 17:21:06,554 [WARN] PackLoader:240 - Cannot read IP mode file for RoweBots.I-CUBE-UNISONRTOS.5.5.0-4
2026-05-14 17:21:06,563 [WARN] PackLoader:240 - Cannot read IP mode file for STMicroelectronics.X-CUBE-BLEMGR.4.1.0
2026-05-14 17:21:06,569 [WARN] PackLoader:240 - Cannot read IP mode file for STMicroelectronics.X-CUBE-AI.8.0.0
2026-05-14 17:21:06,577 [WARN] PackLoader:240 - Cannot read IP mode file for STMicroelectronics.X-CUBE-IPS.3.0.0
2026-05-14 17:21:06,590 [WARN] ConditionMgr:438 - getConditionDescription Invalid condition id : UX DEVICE CLASS RTOS Condition cause : null
2026-05-14 17:21:06,590 [WARN] ConditionMgr:438 - getConditionDescription Invalid condition id : UX DEVICE CLASS RTOS Condition cause : null
2026-05-14 17:21:06,594 [WARN] PackLoader:240 - Cannot read IP mode file for STMicroelectronics.X-CUBE-AZRTOS-WB.2.0.0
2026-05-14 17:21:06,594 [WARN] ConditionMgr:1044 - genDependencies : Invalid condition id : UX DEVICE CLASS RTOS Condition cause : null
2026-05-14 17:21:06,594 [WARN] ConditionMgr:1044 - genDependencies : Invalid condition id : UX DEVICE CLASS RTOS Condition cause : null
2026-05-14 17:21:06,594 [WARN] ConditionMgr:1044 - genDependencies : Invalid condition id : UX DEVICE CLASS RTOS Condition cause : null
2026-05-14 17:21:06,596 [WARN] ConditionMgr:1044 - genDependencies : Invalid condition id : UX DEVICE CLASS RTOS Condition cause : null
2026-05-14 17:21:06,596 [WARN] ConditionMgr:1044 - genDependencies : Invalid condition id : UX DEVICE CLASS RTOS Condition cause : null
2026-05-14 17:21:06,600 [WARN] PackLoader:240 - Cannot read IP mode file for STMicroelectronics.X-CUBE-FREERTOS.1.0.1
2026-05-14 17:21:06,603 [WARN] PackLoader:240 - Cannot read IP mode file for STMicroelectronics.X-CUBE-GNSS1.7.0.0
2026-05-14 17:21:06,612 [WARN] PackLoader:240 - Cannot read IP mode file for STMicroelectronics.X-CUBE-GNSS1.7.0.1
2026-05-14 17:21:06,619 [WARN] PackLoader:240 - Cannot read IP mode file for STMicroelectronics.X-CUBE-TOUCHGFX.4.25.0
2026-05-14 17:21:06,624 [WARN] PackLoader:240 - Cannot read IP mode file for STMicroelectronics.FP-SNS-STBOX1.2.0.0
2026-05-14 17:21:06,633 [WARN] PackLoader:240 - Cannot read IP mode file for STMicroelectronics.X-CUBE-STSE01.2.0.0
2026-05-14 17:21:06,649 [WARN] PackLoader:240 - Cannot read IP mode file for STMicroelectronics.X-CUBE-AZRTOS-L5.1.1.0
2026-05-14 17:21:06,660 [WARN] PackLoader:240 - Cannot read IP mode file for STMicroelectronics.X-CUBE-SUBG2.5.0.0
2026-05-14 17:21:06,679 [WARN] PackLoader:240 - Cannot read IP mode file for STMicroelectronics.X-CUBE-AZRTOS-H7RS.1.1.0
2026-05-14 17:21:06,687 [WARN] PackLoader:240 - Cannot read IP mode file for Cesanta.I-CUBE-Mongoose.7.13.0
2026-05-14 17:21:06,699 [WARN] PackLoader:240 - Cannot read IP mode file for STMicroelectronics.X-CUBE-AZRTOS-G4.2.0.0
2026-05-14 17:21:06,709 [WARN] PackLoader:240 - Cannot read IP mode file for STMicroelectronics.X-CUBE-TOF1.3.3.0
2026-05-14 17:21:06,715 [WARN] PackLoader:240 - Cannot read IP mode file for STMicroelectronics.FP-ATR-ASTRA1.1.1.1
2026-05-14 17:21:06,723 [WARN] PackLoader:240 - Cannot read IP mode file for STMicroelectronics.X-CUBE-NFC7.2.0.0
2026-05-14 17:21:06,731 [WARN] PackLoader:240 - Cannot read IP mode file for STMicroelectronics.X-CUBE-AZRTOS-G4.1.0.0
2026-05-14 17:21:06,744 [WARN] PackLoader:240 - Cannot read IP mode file for STMicroelectronics.X-CUBE-AZRTOS-L4.1.0.0
2026-05-14 17:21:06,751 [WARN] PackLoader:240 - Cannot read IP mode file for STMicroelectronics.X-CUBE-ISPU.2.0.0
2026-05-14 17:21:06,760 [WARN] PackLoader:240 - Cannot read IP mode file for STMicroelectronics.X-CUBE-IPS.3.1.0
2026-05-14 17:21:06,764 [WARN] PackLoader:240 - Cannot read IP mode file for STMicroelectronics.X-CUBE-ALS.1.0.2
2026-05-14 17:21:06,801 [WARN] PackLoader:240 - Cannot read IP mode file for STMicroelectronics.X-CUBE-MEMS1.10.0.0
2026-05-14 17:21:06,874 [WARN] PackLoader:240 - Cannot read IP mode file for STMicroelectronics.X-CUBE-TOUCHGFX.4.24.2
2026-05-14 17:21:06,885 [WARN] PackLoader:240 - Cannot read IP mode file for STMicroelectronics.X-CUBE-AZRTOS-WL.1.0.0
2026-05-14 17:21:06,886 [WARN] PackLoader:240 - Cannot read IP mode file for STMicroelectronics.X-CUBE-TOUCHGFX.4.24.1
2026-05-14 17:21:06,894 [WARN] PackLoader:240 - Cannot read IP mode file for STMicroelectronics.X-CUBE-STSE01.1.0.0
2026-05-14 17:21:06,902 [WARN] PackLoader:240 - Cannot read IP mode file for wolfSSL.I-CUBE-wolfTPM.3.4.0
2026-05-14 17:21:06,909 [WARN] PackLoader:240 - Cannot read IP mode file for portGmbH.I-Cube-SoM-uGOAL.1.1.0
2026-05-14 17:21:06,911 [WARN] PackLoader:240 - Cannot read IP mode file for STMicroelectronics.X-CUBE-ALS.1.0.1
2026-05-14 17:21:06,923 [WARN] PackLoader:240 - Cannot read IP mode file for STMicroelectronics.X-CUBE-AZRTOS-WB.1.1.0
2026-05-14 17:21:06,933 [WARN] PackLoader:240 - Cannot read IP mode file for STMicroelectronics.X-CUBE-AZRTOS-L5.1.0.0
2026-05-14 17:21:06,938 [WARN] PackLoader:240 - Cannot read IP mode file for STMicroelectronics.X-CUBE-EEPRMA1.3.1.1
2026-05-14 17:21:06,951 [WARN] PackLoader:240 - Cannot read IP mode file for STMicroelectronics.X-CUBE-AZRTOS-H7RS.1.0.0
2026-05-14 17:21:06,957 [WARN] PackLoader:240 - Cannot read IP mode file for STMicroelectronics.FP-ATR-ASTRA1.2.0.0
2026-05-14 17:21:06,964 [WARN] PackLoader:240 - Cannot read IP mode file for STMicroelectronics.X-CUBE-TOF1.3.4.2
2026-05-14 17:21:06,981 [WARN] PackLoader:240 - Cannot read IP mode file for STMicroelectronics.X-CUBE-TOF1.3.4.3
2026-05-14 17:21:07,007 [WARN] PackLoader:240 - Cannot read IP mode file for STMicroelectronics.X-CUBE-TOF1.3.4.1
2026-05-14 17:21:07,044 [WARN] PackLoader:240 - Cannot read IP mode file for STMicroelectronics.X-CUBE-AZRTOS-H7.3.2.0
2026-05-14 17:21:07,063 [WARN] PackLoader:240 - Cannot read IP mode file for Infineon.AIROC-Wi-Fi-Bluetooth-STM32.1.6.0
2026-05-14 17:21:07,073 [WARN] PackLoader:240 - Cannot read IP mode file for wolfSSL.I-CUBE-wolfSSH.1.4.17
2026-05-14 17:21:07,075 [INFO] ThirdParty:978 - Integrity check success = true
2026-05-14 17:21:07,075 [INFO] IntegrityCheckThread:100 - exiting critical section [integrity check]
2026-05-14 17:21:07,075 [INFO] IntegrityCheckThread:103 - End integrity checks thread
2026-05-14 17:33:21,941 [INFO] McuFinderGlobals:63 - Set McuFinder mode to 2 (CubeIDE integrated)
2026-05-14 17:33:21,973 [INFO] MainUpdater:2872 - connection check result : 10
2026-05-14 17:33:21,982 [INFO] MainUpdater:2872 - connection check result : 10
2026-05-14 17:33:22,183 [INFO] MicroXplorer:468 - Change Database Path : 
2026-05-14 17:33:22,183 [INFO] MicroXplorer:498 - Change Database Version : DB.6.0.141
2026-05-14 17:33:22,189 [WARN] ThirdParty:871 - waiting for thirdparty lock release [close project]
2026-05-14 17:33:22,189 [INFO] ThirdParty:873 - entering critical section [close project]
2026-05-14 17:33:22,191 [INFO] ThirdParty:883 - exiting critical section [close project]
2026-05-14 17:33:22,194 [INFO] PinOutPanel:1589 - setPackage(No Configuration,No Configuration)
2026-05-14 17:33:22,201 [INFO] UtilMem:75 - Begin LoadConfig() Used Memory: 767226048 Bytes (1073741824)
2026-05-14 17:33:22,202 [INFO] MicroXplorer:468 - Change Database Path : 
2026-05-14 17:33:22,202 [INFO] MicroXplorer:498 - Change Database Version : DB.6.0.141
2026-05-14 17:33:22,203 [INFO] OpenFileManager:354 - Change cursor
2026-05-14 17:33:22,251 [INFO] Mcu:2011 - Initializing MCU STM32F411C(C-E)Ux STM32F411CEUx STM32F411CEU6
2026-05-14 17:33:24,159 [INFO] Context:756 - Trying to add GPIOservice into a context  which must be forbidden
2026-05-14 17:33:24,636 [INFO] ImportTextPane:218 - (OptionalMessage_ERROR) Pin26 (VP_RIF_VS_RIF1) cannot be retrieved for this MCU
2026-05-14 17:33:24,843 [INFO] RtosManager:558 - Registered RTOS mode: class=CMSIS, group=RTOS, mode=CMSIS_V1, owner=FREERTOS
2026-05-14 17:33:24,844 [INFO] RtosManager:558 - Registered RTOS mode: class=CMSIS, group=RTOS2, mode=CMSIS_V2, owner=FREERTOS
2026-05-14 17:33:24,845 [INFO] RtosManager:558 - Registered RTOS mode: class=RTOS, group=Core, mode=CMSIS_V1, owner=FREERTOS
2026-05-14 17:33:24,846 [INFO] RtosManager:558 - Registered RTOS mode: class=RTOS, group=Core, mode=CMSIS_V2, owner=FREERTOS
2026-05-14 17:33:24,846 [WARN] ModelIntegratedComponent:184 - Missing modes for component STMicroelectronics:FreeRTOS:0.0.1:STMicroelectronics:RTOS:FreeRTOS:Core:::10.2.0:
2026-05-14 17:33:24,860 [WARN] ModelIntegratedComponent:63 - No mode defined for component null
2026-05-14 17:33:24,860 [WARN] ModelIntegratedComponent:63 - No mode defined for component null
2026-05-14 17:33:24,860 [WARN] ModelIntegratedComponent:63 - No mode defined for component null
2026-05-14 17:33:24,860 [WARN] ModelIntegratedComponent:63 - No mode defined for component null
2026-05-14 17:33:24,860 [WARN] ModelIntegratedComponent:63 - No mode defined for component null
2026-05-14 17:33:24,860 [WARN] ModelIntegratedComponent:63 - No mode defined for component null
2026-05-14 17:33:24,860 [WARN] ModelIntegratedComponent:63 - No mode defined for component null
2026-05-14 17:33:24,860 [WARN] ModelIntegratedComponent:63 - No mode defined for component null
2026-05-14 17:33:24,860 [WARN] ModelIntegratedComponent:63 - No mode defined for component null
2026-05-14 17:33:24,860 [WARN] ModelIntegratedComponent:63 - No mode defined for component null
2026-05-14 17:33:24,860 [WARN] ModelIntegratedComponent:63 - No mode defined for component null
2026-05-14 17:33:24,861 [WARN] ModelIntegratedComponent:63 - No mode defined for component null
2026-05-14 17:33:24,862 [WARN] ModelIntegratedComponent:63 - No mode defined for component null
2026-05-14 17:33:24,863 [WARN] ModelIntegratedComponent:63 - No mode defined for component null
2026-05-14 17:33:24,863 [WARN] ModelIntegratedComponent:63 - No mode defined for component null
2026-05-14 17:33:24,863 [WARN] ModelIntegratedComponent:63 - No mode defined for component null
2026-05-14 17:33:24,863 [WARN] ModelIntegratedComponent:63 - No mode defined for component null
2026-05-14 17:33:24,863 [WARN] ModelIntegratedComponent:63 - No mode defined for component null
2026-05-14 17:33:24,863 [WARN] ModelIntegratedComponent:63 - No mode defined for component null
2026-05-14 17:33:24,863 [WARN] ModelIntegratedComponent:63 - No mode defined for component null
2026-05-14 17:33:24,863 [WARN] ModelIntegratedComponent:63 - No mode defined for component null
2026-05-14 17:33:24,863 [WARN] ModelIntegratedComponent:63 - No mode defined for component null
2026-05-14 17:33:24,863 [WARN] ModelIntegratedComponent:63 - No mode defined for component null
2026-05-14 17:33:24,863 [WARN] ModelIntegratedComponent:63 - No mode defined for component null
2026-05-14 17:33:24,863 [WARN] ModelIntegratedComponent:63 - No mode defined for component null
2026-05-14 17:33:24,863 [WARN] ModelIntegratedComponent:63 - No mode defined for component null
2026-05-14 17:33:24,863 [WARN] ModelIntegratedComponent:63 - No mode defined for component null
2026-05-14 17:33:24,863 [WARN] ModelIntegratedComponent:63 - No mode defined for component null
2026-05-14 17:33:24,863 [WARN] ModelIntegratedComponent:63 - No mode defined for component null
2026-05-14 17:33:24,863 [WARN] ModelIntegratedComponent:63 - No mode defined for component null
2026-05-14 17:33:24,863 [WARN] ModelIntegratedComponent:63 - No mode defined for component null
2026-05-14 17:33:24,863 [WARN] ModelIntegratedComponent:63 - No mode defined for component null
2026-05-14 17:33:24,863 [WARN] ModelIntegratedComponent:63 - No mode defined for component null
2026-05-14 17:33:24,863 [WARN] ModelIntegratedComponent:63 - No mode defined for component null
2026-05-14 17:33:24,863 [WARN] ModelIntegratedComponent:63 - No mode defined for component null
2026-05-14 17:33:24,865 [WARN] ModelPack:524 - Component already loaded: STMicroelectronics:HAL Drivers:0.0.0:STMicroelectronics:Device:STMicro_Driver:XSPI:HAL::0.0.1:HAL_XSPI
2026-05-14 17:33:25,005 [WARN] ModelIntegratedComponent:182 - Modes not found for component STMicroelectronics:USB_DEVICE:1.0.0:STMicroelectronics:USB::USB Device:Audio HS::1.0:USB_DEVICE_1_0_RESTRICTED_HS
2026-05-14 17:33:25,005 [WARN] ModelIntegratedComponent:188 - Modes not found for component STMicroelectronics:USB_DEVICE:1.0.0:STMicroelectronics:USB::USB Device:Audio HS::1.0:USB_DEVICE_1_0_RESTRICTED_HS
2026-05-14 17:33:25,005 [WARN] ModelIntegratedComponent:182 - Modes not found for component STMicroelectronics:USB_DEVICE:1.0.0:STMicroelectronics:USB::USB Device:CDC HS::1.0:USB_DEVICE_1_0_RESTRICTED_HS
2026-05-14 17:33:25,005 [WARN] ModelIntegratedComponent:188 - Modes not found for component STMicroelectronics:USB_DEVICE:1.0.0:STMicroelectronics:USB::USB Device:CDC HS::1.0:USB_DEVICE_1_0_RESTRICTED_HS
2026-05-14 17:33:25,005 [WARN] ModelIntegratedComponent:182 - Modes not found for component STMicroelectronics:USB_DEVICE:1.0.0:STMicroelectronics:USB::USB Device:DFU HS::1.0:USB_DEVICE_1_0_RESTRICTED_HS
2026-05-14 17:33:25,005 [WARN] ModelIntegratedComponent:188 - Modes not found for component STMicroelectronics:USB_DEVICE:1.0.0:STMicroelectronics:USB::USB Device:DFU HS::1.0:USB_DEVICE_1_0_RESTRICTED_HS
2026-05-14 17:33:25,005 [WARN] ModelIntegratedComponent:182 - Modes not found for component STMicroelectronics:USB_DEVICE:1.0.0:STMicroelectronics:USB::USB Device:HID HS::1.0:USB_DEVICE_1_0_RESTRICTED_HS
2026-05-14 17:33:25,005 [WARN] ModelIntegratedComponent:188 - Modes not found for component STMicroelectronics:USB_DEVICE:1.0.0:STMicroelectronics:USB::USB Device:HID HS::1.0:USB_DEVICE_1_0_RESTRICTED_HS
2026-05-14 17:33:25,005 [WARN] ModelIntegratedComponent:182 - Modes not found for component STMicroelectronics:USB_DEVICE:1.0.0:STMicroelectronics:USB::USB Device:Custom HID HS::1.0:USB_DEVICE_1_0_RESTRICTED_HS
2026-05-14 17:33:25,005 [WARN] ModelIntegratedComponent:188 - Modes not found for component STMicroelectronics:USB_DEVICE:1.0.0:STMicroelectronics:USB::USB Device:Custom HID HS::1.0:USB_DEVICE_1_0_RESTRICTED_HS
2026-05-14 17:33:25,006 [WARN] ModelIntegratedComponent:182 - Modes not found for component STMicroelectronics:USB_DEVICE:1.0.0:STMicroelectronics:USB::USB Device:MSC HS::1.0:USB_DEVICE_1_0_RESTRICTED_HS
2026-05-14 17:33:25,006 [WARN] ModelIntegratedComponent:188 - Modes not found for component STMicroelectronics:USB_DEVICE:1.0.0:STMicroelectronics:USB::USB Device:MSC HS::1.0:USB_DEVICE_1_0_RESTRICTED_HS
2026-05-14 17:33:25,149 [WARN] ModelIntegratedComponent:182 - Modes not found for component STMicroelectronics:USB_HOST:1.0.0:STMicroelectronics:USB::USB Host:Audio HS::1.0:USB_HOST_1_0_RESTRICTED_HS
2026-05-14 17:33:25,149 [WARN] ModelIntegratedComponent:188 - Modes not found for component STMicroelectronics:USB_HOST:1.0.0:STMicroelectronics:USB::USB Host:Audio HS::1.0:USB_HOST_1_0_RESTRICTED_HS
2026-05-14 17:33:25,149 [WARN] ModelIntegratedComponent:182 - Modes not found for component STMicroelectronics:USB_HOST:1.0.0:STMicroelectronics:USB::USB Host:CDC HS::1.0:USB_HOST_1_0_RESTRICTED_HS
2026-05-14 17:33:25,149 [WARN] ModelIntegratedComponent:188 - Modes not found for component STMicroelectronics:USB_HOST:1.0.0:STMicroelectronics:USB::USB Host:CDC HS::1.0:USB_HOST_1_0_RESTRICTED_HS
2026-05-14 17:33:25,149 [WARN] ModelIntegratedComponent:182 - Modes not found for component STMicroelectronics:USB_HOST:1.0.0:STMicroelectronics:USB::USB Host:MSC HS::1.0:USB_HOST_1_0_RESTRICTED_HS
2026-05-14 17:33:25,149 [WARN] ModelIntegratedComponent:188 - Modes not found for component STMicroelectronics:USB_HOST:1.0.0:STMicroelectronics:USB::USB Host:MSC HS::1.0:USB_HOST_1_0_RESTRICTED_HS
2026-05-14 17:33:25,149 [WARN] ModelIntegratedComponent:182 - Modes not found for component STMicroelectronics:USB_HOST:1.0.0:STMicroelectronics:USB::USB Host:HID HS::1.0:USB_HOST_1_0_RESTRICTED_HS
2026-05-14 17:33:25,149 [WARN] ModelIntegratedComponent:188 - Modes not found for component STMicroelectronics:USB_HOST:1.0.0:STMicroelectronics:USB::USB Host:HID HS::1.0:USB_HOST_1_0_RESTRICTED_HS
2026-05-14 17:33:25,149 [WARN] ModelIntegratedComponent:182 - Modes not found for component STMicroelectronics:USB_HOST:1.0.0:STMicroelectronics:USB::USB Host:MTP HS::1.0:USB_HOST_1_0_RESTRICTED_HS
2026-05-14 17:33:25,149 [WARN] ModelIntegratedComponent:188 - Modes not found for component STMicroelectronics:USB_HOST:1.0.0:STMicroelectronics:USB::USB Host:MTP HS::1.0:USB_HOST_1_0_RESTRICTED_HS
2026-05-14 17:33:25,500 [INFO] ThirdPartyModel:298 - Start build external matchings
2026-05-14 17:33:31,048 [INFO] ThirdPartyModel:316 - End build external matchings
2026-05-14 17:33:31,191 [INFO] ImportTextPane:218 - (OptionalMessage_ERROR) IP (DMA) : Parameter (Instance) has Id (SPI2_TX) currently not set
2026-05-14 17:33:31,191 [INFO] ImportTextPane:218 - (OptionalMessage_ERROR) IP (DMA) : Parameter (Channel) has Id (SPI2_TX) currently not set
2026-05-14 17:33:31,191 [INFO] ImportTextPane:218 - (OptionalMessage_ERROR) IP (DMA) : Parameter (Direction) has Id (SPI2_TX) currently not set
2026-05-14 17:33:31,192 [INFO] ImportTextPane:218 - (OptionalMessage_ERROR) IP (DMA) : Parameter (PeriphInc) has Id (SPI2_TX) currently not set
2026-05-14 17:33:31,192 [INFO] ImportTextPane:218 - (OptionalMessage_ERROR) IP (DMA) : Parameter (MemInc) has Id (SPI2_TX) currently not set
2026-05-14 17:33:31,192 [INFO] ImportTextPane:218 - (OptionalMessage_ERROR) IP (DMA) : Parameter (PeriphDataAlignment) has Id (SPI2_TX) currently not set
2026-05-14 17:33:31,192 [INFO] ImportTextPane:218 - (OptionalMessage_ERROR) IP (DMA) : Parameter (MemDataAlignment) has Id (SPI2_TX) currently not set
2026-05-14 17:33:31,192 [INFO] ImportTextPane:218 - (OptionalMessage_ERROR) IP (DMA) : Parameter (Mode) has Id (SPI2_TX) currently not set
2026-05-14 17:33:31,192 [INFO] ImportTextPane:218 - (OptionalMessage_ERROR) IP (DMA) : Parameter (Priority) has Id (SPI2_TX) currently not set
2026-05-14 17:33:31,192 [INFO] ImportTextPane:218 - (OptionalMessage_ERROR) IP (DMA) : Parameter (FIFOMode) has Id (SPI2_TX) currently not set
2026-05-14 17:33:31,192 [INFO] ImportTextPane:218 - (OptionalMessage_ERROR) IP (DMA) : Parameter (Instance) has Id (ADC1) currently not set
2026-05-14 17:33:31,192 [INFO] ImportTextPane:218 - (OptionalMessage_ERROR) IP (DMA) : Parameter (Channel) has Id (ADC1) currently not set
2026-05-14 17:33:31,193 [INFO] ImportTextPane:218 - (OptionalMessage_ERROR) IP (DMA) : Parameter (Direction) has Id (ADC1) currently not set
2026-05-14 17:33:31,193 [INFO] ImportTextPane:218 - (OptionalMessage_ERROR) IP (DMA) : Parameter (PeriphInc) has Id (ADC1) currently not set
2026-05-14 17:33:31,193 [INFO] ImportTextPane:218 - (OptionalMessage_ERROR) IP (DMA) : Parameter (MemInc) has Id (ADC1) currently not set
2026-05-14 17:33:31,193 [INFO] ImportTextPane:218 - (OptionalMessage_ERROR) IP (DMA) : Parameter (PeriphDataAlignment) has Id (ADC1) currently not set
2026-05-14 17:33:31,193 [INFO] ImportTextPane:218 - (OptionalMessage_ERROR) IP (DMA) : Parameter (MemDataAlignment) has Id (ADC1) currently not set
2026-05-14 17:33:31,193 [INFO] ImportTextPane:218 - (OptionalMessage_ERROR) IP (DMA) : Parameter (Mode) has Id (ADC1) currently not set
2026-05-14 17:33:31,193 [INFO] ImportTextPane:218 - (OptionalMessage_ERROR) IP (DMA) : Parameter (Priority) has Id (ADC1) currently not set
2026-05-14 17:33:31,193 [INFO] ImportTextPane:218 - (OptionalMessage_ERROR) IP (DMA) : Parameter (FIFOMode) has Id (ADC1) currently not set
2026-05-14 17:33:31,198 [INFO] ImportTextPane:218 - (OptionalMessage_ERROR) IP (RCC) : Parameter (RTCHSEDivFreq_Value) has invalid value (12500000)
2026-05-14 17:33:31,218 [WARN] IP:2250 - DEVICE_SERIAL0_HID_FS not found: check if there is a RefParameter without a condition.
2026-05-14 17:33:31,218 [WARN] IP:2250 - DEVICE_SERIAL1_HID_FS not found: check if there is a RefParameter without a condition.
2026-05-14 17:33:31,218 [WARN] IP:2250 - DEVICE_SERIAL2_HID_FS not found: check if there is a RefParameter without a condition.
2026-05-14 17:33:31,627 [INFO] ApiDb:581 - Connected to CubeFinder SQLite database (C:\Users\abhil\.stmcufinder\plugins\mcufinder\mcu\cube-finder-db.db)
2026-05-14 17:33:31,758 [INFO] ApiDb:668 - CubeFinder database Data Model version=2.1
2026-05-14 17:33:31,758 [INFO] ApiDb:669 - CubeFinder database Configuration version=3.0.42
2026-05-14 17:33:31,759 [INFO] ApiDb:670 - CubeFinder database generation date=2026-02-13 (1770995876)
2026-05-14 17:33:31,760 [INFO] ApiDb:671 - CubeFinder database FW Pack versions=[FP-ATR-ASTRA1_V2.0.0, FP-SNS-FLIGHT1_V5.1.0, FP-SNS-MOTENV1_V5.1.0, FP-SNS-MOTENVWB1_V1.4.0, FP-SNS-SMARTAG2_V1.2.0, FP-SNS-STBOX1_V2.1.0, STM32Cube_FW_C0_V1.4.0, STM32Cube_FW_F4_V1.28.3, STM32Cube_FW_F7_V1.17.4, STM32Cube_FW_G0_V1.6.2, STM32Cube_FW_G4_V1.6.1, STM32Cube_FW_H5_V1.6.0, STM32Cube_FW_H7RS_V1.3.0, STM32Cube_FW_H7_V1.13.0, STM32Cube_FW_L0_V1.12.2, STM32Cube_FW_L4_V1.18.2, STM32Cube_FW_L5_V1.6.0, STM32Cube_FW_N6_V1.3.0, STM32Cube_FW_U0_V1.3.0, STM32Cube_FW_U3_V1.3.0, STM32Cube_FW_U5_V1.8.0, STM32Cube_FW_WB0_V1.4.0, STM32Cube_FW_WBA_V1.9.0, STM32Cube_FW_WB_V1.24.0, STM32Cube_FW_WL3_V1.4.0, STM32Cube_FW_WL_V1.5.0, X-CUBE-ALGOBUILD_V1.4.0, X-CUBE-ALS_V1.0.2, X-CUBE-AZRTOS-F4_V1.1.0, X-CUBE-AZRTOS-F7_V1.1.0, X-CUBE-AZRTOS-G0_V1.1.0, X-CUBE-AZRTOS-G4_V2.0.0, X-CUBE-AZRTOS-H7RS_V1.1.0, X-CUBE-AZRTOS-H7_V3.4.0, X-CUBE-AZRTOS-L4_V2.0.0, X-CUBE-AZRTOS-L5_V2.0.0, X-CUBE-AZRTOS-WB_V2.0.0, X-CUBE-AZRTOS-WL_V2.0.0, X-CUBE-BLE1_V7.1.0, X-CUBE-BLE2_V3.3.0, X-CUBE-BLEMGR_V4.1.0, X-CUBE-EEPRMA1_V5.2.0, X-CUBE-FREERTOS_V1.3.1, X-CUBE-GNSS1_V6.0.0, X-CUBE-MEMS1_V12.0.0, X-CUBE-NFC4_V3.0.0, X-CUBE-NFC7_V2.0.0, X-CUBE-SFXS2LP1_V4.0.0, X-CUBE-ST67W61_V1.1.0, X-CUBE-SUBG2_V5.0.0, X-CUBE-TOF1_V3.4.3]
2026-05-14 17:33:31,937 [INFO] DbBoardsSqlite:226 - include board P-NUCLEO-WB55-NUCLEO as a kit item of type 'Nucleo-64'
2026-05-14 17:33:31,937 [INFO] DbBoardsSqlite:226 - include board P-NUCLEO-WB55-USBDONGLE as a kit item of type 'Nucleo USB Dongle'
2026-05-14 17:33:31,938 [INFO] DbBoardsSqlite:226 - include board STEVAL-IDP005V1 as a kit item of type 'Evaluation Board'
2026-05-14 17:33:31,939 [INFO] DbBoardsSqlite:226 - include board STEVAL-IDP005V2 as a kit item of type 'Evaluation Board'
2026-05-14 17:33:32,511 [INFO] ApiDb:240 - Found 895 in-development CPN: [B-G473E-ZEST1S, B-WB1M-WPAN1, B-WBA5M-WPAN, B-WL5M-SUBG1, NUCLEO-C031C6, NUCLEO-C051C8, NUCLEO-C071RB, NUCLEO-C092RC, NUCLEO-H503RB, NUCLEO-H533RE, NUCLEO-H563ZI, NUCLEO-H7S3L8, NUCLEO-N657X0-Q, NUCLEO-U031R8, NUCLEO-U083RC, NUCLEO-U385RG-Q, NUCLEO-U545RE-Q, NUCLEO-U5A5ZJ-Q, NUCLEO-WB05KZ, NUCLEO-WB07CC, NUCLEO-WB09KE, NUCLEO-WBA52CG, NUCLEO-WBA55CG, NUCLEO-WBA65RI, NUCLEO-WL33CC1, NUCLEO-WL33CC2, STEVAL-PROTEUS1, STEVAL-SMARTAG2, STEVAL-STWINBX1, STM320518-EVAL, STM32C0116-DK, STM32C011D6Y3TR, STM32C011D6Y6TR, STM32C011F4P3, STM32C011F4P6, STM32C011F4U3, STM32C011F4U6TR, STM32C011F6P3, STM32C011F6P6, STM32C011F6U3, STM32C011F6U6TR, STM32C011J4M3, STM32C011J4M6, STM32C011J6M3, STM32C011J6M6, STM32C0316-DK, STM32C031C4T3, STM32C031C4T6, STM32C031C4U3, STM32C031C4U6, STM32C031C6T3, STM32C031C6T6, STM32C031C6U3, STM32C031C6U6, STM32C031F4P3, STM32C031F4P6, STM32C031F6P3, STM32C031F6P6, STM32C031G4U3, STM32C031G4U6, STM32C031G6U3, STM32C031G6U6, STM32C031K4T3, STM32C031K4T6, STM32C031K4U3, STM32C031K4U6, STM32C031K6T3, STM32C031K6T6, STM32C031K6U3, STM32C031K6U6, STM32C051C6T6, STM32C051C6U6, STM32C051C8T6, STM32C051C8U6, STM32C051D8Y6TR, STM32C051F6P6, STM32C051F8P6, STM32C051G6U6, STM32C051G8U6, STM32C051K6T6, STM32C051K6U6, STM32C051K8T6, STM32C071C8T6, STM32C071C8T6N, STM32C071C8U6, STM32C071C8U6N, STM32C071CBT6, STM32C071CBT6N, STM32C071CBU6, STM32C071CBU6N, STM32C071F8P6, STM32C071F8P6N, STM32C071FBP6, STM32C071FBP6N, STM32C071FBY6TR, STM32C071G8U6, STM32C071G8U6N, STM32C071GBU6, STM32C071GBU6N, STM32C071K8T6, STM32C071K8T6N, STM32C071K8U6, STM32C071K8U6N, STM32C071KBT6, STM32C071KBT6N, STM32C071KBU6, STM32C071KBU6N, STM32C071R8T6, STM32C071R8T6N, STM32C071RBI6N, STM32C071RBT6, STM32C071RBT6N, STM32C091CBT6, STM32C091CBU6, STM32C091CCT6, STM32C091CCU6, STM32C091ECY6TR, STM32C091FBP6, STM32C091FCP6, STM32C091GBU6, STM32C091GCU6, STM32C091KBT6, STM32C091KBU6, STM32C091KCT6, STM32C091KCU6, STM32C091RBT6, STM32C091RCI6, STM32C091RCT6, STM32C092CBT6, STM32C092CBU6, STM32C092CCT6, STM32C092CCU6, STM32C092ECY6TR, STM32C092FBP6, STM32C092FCP6, STM32C092GBU6, STM32C092GCU6, STM32C092KBT6, STM32C092KBU6, STM32C092KCT6, STM32C092KCU6, STM32C092RBT6, STM32C092RCI6, STM32C092RCT6, STM32G071K8TXN, STM32G071K8UXN, STM32G081GBU6N, STM32G081KBT6N, STM32G081KBUXN, STM32G0B1CCT6N, STM32G0B1KCT6, STM32G0B1NEY6TR, STM32G0B1RCT6N, STM32G0C1CCT6, STM32G0C1CCT6N, STM32G0C1CCU6N, STM32G0C1CET6N, STM32G0C1CEU6N, STM32G0C1KCT6, STM32G0C1NEY6TR, STM32G0C1RCI6N, STM32G0C1RCT6N, STM32G0C1REI6N, STM32G0C1RET6N, STM32G0C1VCI6, STM32G0C1VEI6, STM32G411C6T3, STM32G411C6T6, STM32G411C6U3, STM32G411C6U6, STM32G411C8T3, STM32G411C8T6, STM32G411C8U3, STM32G411C8U6, STM32G411CBT3, STM32G411CBT6, STM32G411CBU3, STM32G411CBU6, STM32G411CCT3, STM32G411CCT6, STM32G411CCU3, STM32G411CCU6, STM32G411K6T3, STM32G411K6T6, STM32G411K6U3, STM32G411K6U6, STM32G411K8T3, STM32G411K8T6, STM32G411K8U3, STM32G411K8U6, STM32G411KBT3, STM32G411KBT6, STM32G411KBU3, STM32G411KBU6, STM32G411M6T3, STM32G411M6T6, STM32G411M8T3, STM32G411M8T6, STM32G411MBT3, STM32G411MBT6, STM32G411MCT3, STM32G411MCT6, STM32G411R6T3, STM32G411R6T6, STM32G411R8T3, STM32G411R8T6, STM32G411RBT3, STM32G411RBT6, STM32G411RCT3, STM32G411RCT6, STM32G414CBT3, STM32G414CBT6, STM32G414CBU3, STM32G414CBU6, STM32G414CCT3, STM32G414CCT6, STM32G414CCU3, STM32G414CCU6, STM32G414MBT3, STM32G414MBT6, STM32G414MCT3, STM32G414MCT6, STM32G414RBT3, STM32G414RBT6, STM32G414RCT3, STM32G414RCT6, STM32G414VBT3, STM32G414VBT6, STM32G414VCT3, STM32G414VCT6, STM32G431CBT3Z, STM32G431RBT3Z, STM32G471CCT6, STM32G471CCU6, STM32G471CET3, STM32G471CET6, STM32G471CEU3, STM32G471CEU6, STM32G471MCT6, STM32G471MET3, STM32G471MET6, STM32G471MEY6TR, STM32G471QCT6, STM32G471QET3, STM32G471RCT6, STM32G471RET3, STM32G471RET6, STM32G471VCH6, STM32G471VCI6, STM32G471VCT6, STM32G471VEH3, STM32G471VEH6, STM32G471VEI3, STM32G471VEI6, STM32G471VET3, STM32G471VET6, STM32G473QET3Z, STM32G473RET3Z, STM32G474CCT6, STM32G491RET3Z, STM32H503CBT6, STM32H503CBU6, STM32H503EBY6TR, STM32H503KBU6, STM32H503RBT6, STM32H523CCT6, STM32H523CCU6, STM32H523CET6, STM32H523CEU6, STM32H523HEY6TR, STM32H523RCT6, STM32H523RET6, STM32H523VCI6, STM32H523VCT6, STM32H523VEI6, STM32H523VET6, STM32H523ZCJ6, STM32H523ZCT6, STM32H523ZEJ6, STM32H523ZET6, STM32H533CET6, STM32H533CEU6, STM32H533HEY6TR, STM32H533RET6, STM32H533VEI6, STM32H533VET6, STM32H533ZEJ6, STM32H533ZET6, STM32H562AGI6, STM32H562AII6, STM32H562IGK6, STM32H562IGT6, STM32H562IIK6, STM32H562IIT6, STM32H562RGT6, STM32H562RGV6, STM32H562RIT6, STM32H562RIV6, STM32H562VGT6, STM32H562VIT6, STM32H562ZGT6, STM32H562ZIT6, STM32H563AGI6, STM32H563AII3Q, STM32H563AII6, STM32H563IGK6, STM32H563IGT6, STM32H563IIK3Q, STM32H563IIK6, STM32H563IIT3Q, STM32H563IIT6, STM32H563MIY3QTR, STM32H563RGT6, STM32H563RGV6, STM32H563RIT6, STM32H563RIV6, STM32H563VGT6, STM32H563VIT3Q, STM32H563VIT6, STM32H563ZGT6, STM32H563ZIT3Q, STM32H563ZIT6, STM32H573AII3Q, STM32H573AII6, STM32H573I-DK, STM32H573IIK3Q, STM32H573IIK6, STM32H573IIT3Q, STM32H573IIT6, STM32H573MIY3QTR, STM32H573RIT6, STM32H573RIV6, STM32H573VIT3Q, STM32H573VIT6, STM32H573ZIT3Q, STM32H573ZIT6, STM32H7R3A8I6, STM32H7R3I8K6, STM32H7R3I8T6, STM32H7R3L8H6, STM32H7R3L8H6H, STM32H7R3R8V6, STM32H7R3V8H6, STM32H7R3V8T6, STM32H7R3V8Y6TR, STM32H7R3Z8J6, STM32H7R3Z8T6, STM32H7R7A8I6, STM32H7R7I8K6, STM32H7R7I8T6, STM32H7R7L8H6, STM32H7R7L8H6H, STM32H7R7Z8J6, STM32H7S3A8I6, STM32H7S3I8K6, STM32H7S3I8T6, STM32H7S3L8H6, STM32H7S3L8H6H, STM32H7S3R8V6, STM32H7S3V8H6, STM32H7S3V8T6, STM32H7S3V8Y6TR, STM32H7S3Z8J6, STM32H7S3Z8T6, STM32H7S78-DK, STM32H7S7A8I6, STM32H7S7I8K6, STM32H7S7I8T6, STM32H7S7L8H6, STM32H7S7L8H6H, STM32H7S7Z8J6, STM32L4R5QGI6STR, STM32MP131AAE3, STM32MP131AAF3, STM32MP131AAG3, STM32MP131CAE3, STM32MP131CAF3, STM32MP131CAG3, STM32MP131DAE7, STM32MP131DAF7, STM32MP131DAG7, STM32MP131FAE7, STM32MP131FAF7, STM32MP131FAG7, STM32MP133AAE3, STM32MP133AAF3, STM32MP133AAG3, STM32MP133CAE3, STM32MP133CAF3, STM32MP133CAG3, STM32MP133DAE7, STM32MP133DAF7, STM32MP133DAG7, STM32MP133FAE7, STM32MP133FAF7, STM32MP133FAG7, STM32MP135AAE3, STM32MP135AAF3, STM32MP135AAG3, STM32MP135CAE3, STM32MP135CAF3, STM32MP135CAG3, STM32MP135DAE7, STM32MP135DAF7, STM32MP135DAG7, STM32MP135F-DK, STM32MP135FAE7, STM32MP135FAF7, STM32MP135FAF7T, STM32MP135FAF7U, STM32MP135FAG7, STM32MP231AAJ3, STM32MP231AAK3, STM32MP231AAL3, STM32MP231CAJ3, STM32MP231CAK3, STM32MP231CAL3, STM32MP231DAJ3, STM32MP231DAK3, STM32MP231DAL3, STM32MP231FAJ3, STM32MP231FAK3, STM32MP231FAL3, STM32MP233AAJ3, STM32MP233AAK3, STM32MP233AAL3, STM32MP233CAJ3, STM32MP233CAK3, STM32MP233CAL3, STM32MP233DAJ3, STM32MP233DAK3, STM32MP233DAL3, STM32MP233FAJ3, STM32MP233FAK3, STM32MP233FAL3, STM32MP235AAJ3, STM32MP235AAK3, STM32MP235AAL3, STM32MP235CAJ3, STM32MP235CAK3, STM32MP235CAL3, STM32MP235DAJ3, STM32MP235DAK3, STM32MP235DAL3, STM32MP235FAJ3, STM32MP235FAK3, STM32MP235FAL3, STM32MP251AAI3, STM32MP251AAJ3, STM32MP251AAK3, STM32MP251AAL3, STM32MP251CAI3, STM32MP251CAJ3, STM32MP251CAK3, STM32MP251CAL3, STM32MP251DAI3, STM32MP251DAJ3, STM32MP251DAK3, STM32MP251DAL3, STM32MP251FAI3, STM32MP251FAJ3, STM32MP251FAK3, STM32MP251FAL3, STM32MP253AAI3, STM32MP253AAJ3, STM32MP253AAK3, STM32MP253AAL3, STM32MP253CAI3, STM32MP253CAJ3, STM32MP253CAK3, STM32MP253CAL3, STM32MP253DAI3, STM32MP253DAJ3, STM32MP253DAK3, STM32MP253DAL3, STM32MP253FAI3, STM32MP253FAJ3, STM32MP253FAK3, STM32MP253FAL3, STM32MP255AAI3, STM32MP255AAJ3, STM32MP255AAK3, STM32MP255AAL3, STM32MP255CAI3, STM32MP255CAJ3, STM32MP255CAK3, STM32MP255CAL3, STM32MP255DAI3, STM32MP255DAJ3, STM32MP255DAK3, STM32MP255DAL3, STM32MP255FAI3, STM32MP255FAJ3, STM32MP255FAK3, STM32MP255FAL3, STM32MP257AAI3, STM32MP257AAJ3, STM32MP257AAK3, STM32MP257AAL3, STM32MP257CAI3, STM32MP257CAJ3, STM32MP257CAK3, STM32MP257CAL3, STM32MP257DAI3, STM32MP257DAJ3, STM32MP257DAK3, STM32MP257DAL3, STM32MP257F-DK, STM32MP257F-EV1, STM32MP257FAI3, STM32MP257FAJ3, STM32MP257FAK3, STM32MP257FAL3, STM32N645A0H3Q, STM32N645B0H3Q, STM32N645I0H3Q, STM32N645L0H3Q, STM32N645X0H3Q, STM32N645Z0H3Q, STM32N647A0H3Q, STM32N647B0H3Q, STM32N647I0H3Q, STM32N647L0H3Q, STM32N647X0H3Q, STM32N647Z0H3Q, STM32N655A0H3Q, STM32N655B0H3Q, STM32N655I0H3Q, STM32N655L0H3Q, STM32N655X0H3Q, STM32N655Z0H3Q, STM32N6570-DK, STM32N657A0H3Q, STM32N657B0H3Q, STM32N657I0H3Q, STM32N657L0H3Q, STM32N657X0H3Q, STM32N657Z0H3Q, STM32U031C6T6, STM32U031C6U6, STM32U031C8T6, STM32U031C8U6, STM32U031F4P6, STM32U031F6P6, STM32U031F8P6, STM32U031G6Y6TR, STM32U031G8Y6TR, STM32U031K4U6, STM32U031K6U6, STM32U031K8U6, STM32U031R6I6, STM32U031R6T6, STM32U031R8I6, STM32U031R8T6, STM32U073C8T6, STM32U073C8U6, STM32U073CBT6, STM32U073CBU6, STM32U073CCT6, STM32U073CCU6, STM32U073H8Y6TR, STM32U073HBY6TR, STM32U073HCY6TR, STM32U073K8U6, STM32U073KBU6, STM32U073KCU6, STM32U073M8I6, STM32U073M8T6, STM32U073MBI6, STM32U073MBT6, STM32U073MCI6, STM32U073MCT6, STM32U073R8I6, STM32U073R8T6, STM32U073RBI6, STM32U073RBT6, STM32U073RCI6, STM32U073RCT6, STM32U083C-DK, STM32U083CCT6, STM32U083CCU6, STM32U083HCY6TR, STM32U083KCU6, STM32U083MCI6, STM32U083MCT6, STM32U083RCI6, STM32U083RCT6, STM32U375CET6, STM32U375CET6Q, STM32U375CEU6, STM32U375CEU6Q, STM32U375CEY6QTR, STM32U375CGT6, STM32U375CGT6Q, STM32U375CGU6, STM32U375CGU6Q, STM32U375CGY6QTR, STM32U375KEU6, STM32U375KGU6, STM32U375REI6, STM32U375REI6Q, STM32U375RET6, STM32U375RET6Q, STM32U375REY6GTR, STM32U375REY6QTR, STM32U375RGI6, STM32U375RGI6Q, STM32U375RGT6, STM32U375RGT6Q, STM32U375RGY6GTR, STM32U375RGY6QTR, STM32U375VEI6, STM32U375VEI6Q, STM32U375VET6, STM32U375VET6Q, STM32U375VGI6, STM32U375VGI6Q, STM32U375VGT6, STM32U375VGT6Q, STM32U385CGT6, STM32U385CGT6Q, STM32U385CGU6, STM32U385CGU6Q, STM32U385CGY6QTR, STM32U385KGU6, STM32U385RGI6, STM32U385RGI6Q, STM32U385RGT6, STM32U385RGT6Q, STM32U385RGY6GTR, STM32U385RGY6QTR, STM32U385VGI6, STM32U385VGI6Q, STM32U385VGT6, STM32U385VGT6Q, STM32U535CBT6, STM32U535CBT6Q, STM32U535CBU6, STM32U535CBU6Q, STM32U535CCT6, STM32U535CCT6Q, STM32U535CCU6, STM32U535CCU6Q, STM32U535CET6, STM32U535CET6Q, STM32U535CEU6, STM32U535CEU6Q, STM32U535JEY6QTR, STM32U535NCY6QTR, STM32U535NEY6QTR, STM32U535RBI6, STM32U535RBI6Q, STM32U535RBT6, STM32U535RBT6Q, STM32U535RCI6, STM32U535RCI6Q, STM32U535RCT6, STM32U535RCT6Q, STM32U535REI6, STM32U535REI6Q, STM32U535RET6, STM32U535RET6Q, STM32U535VCI6, STM32U535VCI6Q, STM32U535VCT6, STM32U535VCT6Q, STM32U535VEI6, STM32U535VEI6Q, STM32U535VET6, STM32U535VET6Q, STM32U545CET6, STM32U545CET6Q, STM32U545CEU6, STM32U545CEU6Q, STM32U545JEY6QTR, STM32U545NEY6QTR, STM32U545REI6, STM32U545REI6Q, STM32U545RET6, STM32U545RET6Q, STM32U545VEI6, STM32U545VEI6Q, STM32U545VET6, STM32U545VET6Q, STM32U595AIH6, STM32U595AIH6Q, STM32U595AJH6, STM32U595AJH6Q, STM32U595QII6, STM32U595QII6Q, STM32U595QJI6, STM32U595QJI6Q, STM32U595RIT6, STM32U595RIT6Q, STM32U595RJT6, STM32U595RJT6Q, STM32U595VIT6, STM32U595VIT6Q, STM32U595VJT6, STM32U595VJT6Q, STM32U595ZIT6, STM32U595ZIT6Q, STM32U595ZIY6QTR, STM32U595ZJT6, STM32U595ZJT6Q, STM32U595ZJY6QTR, STM32U599BJY6QTR, STM32U599NIH6Q, STM32U599NJH6Q, STM32U599VIT6Q, STM32U599VJT6, STM32U599VJT6Q, STM32U599ZIT6Q, STM32U599ZIY6QTR, STM32U599ZJT6Q, STM32U599ZJY6QTR, STM32U5A5AJH6, STM32U5A5AJH6Q, STM32U5A5QII3Q , STM32U5A5QJI6, STM32U5A5QJI6Q, STM32U5A5RJT6, STM32U5A5RJT6Q, STM32U5A5VJT6, STM32U5A5VJT6Q, STM32U5A5ZJT6, STM32U5A5ZJT6Q, STM32U5A5ZJY6QTR, STM32U5A9BJY6QTR, STM32U5A9J-DK, STM32U5A9NJH6Q, STM32U5A9VJT6Q, STM32U5A9ZJT6Q, STM32U5A9ZJY6QTR, STM32U5F7VIT6, STM32U5F7VIT6Q, STM32U5F7VJT6, STM32U5F7VJT6Q, STM32U5F9BJY6QTR, STM32U5F9NJH6Q, STM32U5F9VIT6Q, STM32U5F9VJT6Q, STM32U5F9ZIJ6QTR, STM32U5F9ZIT6Q, STM32U5F9ZJJ6QTR, STM32U5F9ZJT6Q, STM32U5G7VJT6, STM32U5G7VJT6Q, STM32U5G9BJY6QTR, STM32U5G9J-DK1, STM32U5G9J-DK2, STM32U5G9NJH6Q, STM32U5G9VJT6Q, STM32U5G9ZJJ6QTR, STM32U5G9ZJT6Q, STM32WB05KZV6TR, STM32WB05KZV7TR, STM32WB05TZF6TR, STM32WB05TZF7TR, STM32WB06CCF6TR, STM32WB06CCF7TR, STM32WB06CCV6TR, STM32WB06CCV7TR, STM32WB06KCV6TR, STM32WB06KCV7TR, STM32WB07CCF6TR, STM32WB07CCF7TR, STM32WB07CCV6TR, STM32WB07CCV7TR, STM32WB07KCV6TR, STM32WB07KCV7TR, STM32WB09KEV6TR, STM32WB09KEV7TR, STM32WB09TEF6TR, STM32WB09TEF7TR, STM32WB1MMCH6, STM32WBA50KGU6, STM32WBA50KGU6TR, STM32WBA52CEU6, STM32WBA52CEU6TR, STM32WBA52CEU7, STM32WBA52CEU7TR, STM32WBA52CGU6, STM32WBA52CGU6TR, STM32WBA52CGU6U, STM32WBA52CGU7, STM32WBA52CGU7TR, STM32WBA52KEU6, STM32WBA52KEU6TR, STM32WBA52KGU6, STM32WBA52KGU6TR, STM32WBA54CEU6, STM32WBA54CEU6TR, STM32WBA54CEU7, STM32WBA54CEU7TR, STM32WBA54CGU6, STM32WBA54CGU6TR, STM32WBA54CGU7, STM32WBA54CGU7TR, STM32WBA54KEU6, STM32WBA54KEU6TR, STM32WBA54KEU7, STM32WBA54KEU7TR, STM32WBA54KGU6, STM32WBA54KGU6TR, STM32WBA54KGU7, STM32WBA54KGU7TR, STM32WBA55CEU6, STM32WBA55CEU6TR, STM32WBA55CEU7, STM32WBA55CEU7TR, STM32WBA55CGU6, STM32WBA55CGU6TR, STM32WBA55CGU6U, STM32WBA55CGU7, STM32WBA55CGU7TR, STM32WBA55G-DK1, STM32WBA55HEF6, STM32WBA55HEF7, STM32WBA55HGF6, STM32WBA55HGF7, STM32WBA55UEI6, STM32WBA55UEI6TR, STM32WBA55UEI7, STM32WBA55UEI7TR, STM32WBA55UGI6, STM32WBA55UGI6TR, STM32WBA55UGI7, STM32WBA55UGI7TR, STM32WBA5MJGH6TR, STM32WBA62CGU6, STM32WBA62CIU6, STM32WBA62MGF6, STM32WBA62MIF6, STM32WBA62PGI6, STM32WBA62PII6, STM32WBA63CGU6, STM32WBA63CGU7, STM32WBA63CIU6, STM32WBA63CIU7, STM32WBA64CGU6, STM32WBA64CGU7, STM32WBA64CIU6, STM32WBA64CIU7, STM32WBA65CGU6, STM32WBA65CGU7, STM32WBA65CIU6, STM32WBA65CIU7, STM32WBA65I-DK1, STM32WBA65MGF6, STM32WBA65MGF7, STM32WBA65MIF6, STM32WBA65MIF7, STM32WBA65PGI6, STM32WBA65PGI7, STM32WBA65PII6, STM32WBA65PII7, STM32WBA65RGV6, STM32WBA65RGV7, STM32WBA65RIV6, STM32WBA65RIV7, STM32WL30K8V6, STM32WL30KBV6, STM32WL31C8V6, STM32WL31CBV6, STM32WL31K8V6, STM32WL31KBV6, STM32WL33C8V6, STM32WL33C8V6TR, STM32WL33C8V7, STM32WL33C8V7TR, STM32WL33CBV6, STM32WL33CBV6TR, STM32WL33CBV7, STM32WL33CBV7TR, STM32WL33CCV6, STM32WL33CCV6TR, STM32WL33CCV7, STM32WL33CCV7A, STM32WL33CCV7ATR, STM32WL33CCV7TR, STM32WL33K8V6, STM32WL33K8V6TR, STM32WL33K8V7, STM32WL33K8V7TR, STM32WL33KBV6, STM32WL33KBV6TR, STM32WL33KBV7, STM32WL33KBV7TR, STM32WL33KCV6, STM32WL33KCV6TR, STM32WL33KCV7, STM32WL33KCV7TR, STM32WL5MOCH6, STM32WL5MOCH6TR]
2026-05-14 17:33:32,517 [INFO] ApiDb:668 - CubeFinder database Data Model version=2.1
2026-05-14 17:33:32,518 [INFO] ApiDb:669 - CubeFinder database Configuration version=3.0.42
2026-05-14 17:33:32,518 [INFO] ApiDb:670 - CubeFinder database generation date=2026-02-13 (1770995876)
2026-05-14 17:33:32,518 [INFO] ApiDb:671 - CubeFinder database FW Pack versions=[FP-ATR-ASTRA1_V2.0.0, FP-SNS-FLIGHT1_V5.1.0, FP-SNS-MOTENV1_V5.1.0, FP-SNS-MOTENVWB1_V1.4.0, FP-SNS-SMARTAG2_V1.2.0, FP-SNS-STBOX1_V2.1.0, STM32Cube_FW_C0_V1.4.0, STM32Cube_FW_F4_V1.28.3, STM32Cube_FW_F7_V1.17.4, STM32Cube_FW_G0_V1.6.2, STM32Cube_FW_G4_V1.6.1, STM32Cube_FW_H5_V1.6.0, STM32Cube_FW_H7RS_V1.3.0, STM32Cube_FW_H7_V1.13.0, STM32Cube_FW_L0_V1.12.2, STM32Cube_FW_L4_V1.18.2, STM32Cube_FW_L5_V1.6.0, STM32Cube_FW_N6_V1.3.0, STM32Cube_FW_U0_V1.3.0, STM32Cube_FW_U3_V1.3.0, STM32Cube_FW_U5_V1.8.0, STM32Cube_FW_WB0_V1.4.0, STM32Cube_FW_WBA_V1.9.0, STM32Cube_FW_WB_V1.24.0, STM32Cube_FW_WL3_V1.4.0, STM32Cube_FW_WL_V1.5.0, X-CUBE-ALGOBUILD_V1.4.0, X-CUBE-ALS_V1.0.2, X-CUBE-AZRTOS-F4_V1.1.0, X-CUBE-AZRTOS-F7_V1.1.0, X-CUBE-AZRTOS-G0_V1.1.0, X-CUBE-AZRTOS-G4_V2.0.0, X-CUBE-AZRTOS-H7RS_V1.1.0, X-CUBE-AZRTOS-H7_V3.4.0, X-CUBE-AZRTOS-L4_V2.0.0, X-CUBE-AZRTOS-L5_V2.0.0, X-CUBE-AZRTOS-WB_V2.0.0, X-CUBE-AZRTOS-WL_V2.0.0, X-CUBE-BLE1_V7.1.0, X-CUBE-BLE2_V3.3.0, X-CUBE-BLEMGR_V4.1.0, X-CUBE-EEPRMA1_V5.2.0, X-CUBE-FREERTOS_V1.3.1, X-CUBE-GNSS1_V6.0.0, X-CUBE-MEMS1_V12.0.0, X-CUBE-NFC4_V3.0.0, X-CUBE-NFC7_V2.0.0, X-CUBE-SFXS2LP1_V4.0.0, X-CUBE-ST67W61_V1.1.0, X-CUBE-SUBG2_V5.0.0, X-CUBE-TOF1_V3.4.3]
2026-05-14 17:33:35,709 [INFO] ApiDb:240 - Found 895 in-development CPN: [B-G473E-ZEST1S, B-WB1M-WPAN1, B-WBA5M-WPAN, B-WL5M-SUBG1, NUCLEO-C031C6, NUCLEO-C051C8, NUCLEO-C071RB, NUCLEO-C092RC, NUCLEO-H503RB, NUCLEO-H533RE, NUCLEO-H563ZI, NUCLEO-H7S3L8, NUCLEO-N657X0-Q, NUCLEO-U031R8, NUCLEO-U083RC, NUCLEO-U385RG-Q, NUCLEO-U545RE-Q, NUCLEO-U5A5ZJ-Q, NUCLEO-WB05KZ, NUCLEO-WB07CC, NUCLEO-WB09KE, NUCLEO-WBA52CG, NUCLEO-WBA55CG, NUCLEO-WBA65RI, NUCLEO-WL33CC1, NUCLEO-WL33CC2, STEVAL-PROTEUS1, STEVAL-SMARTAG2, STEVAL-STWINBX1, STM320518-EVAL, STM32C0116-DK, STM32C011D6Y3TR, STM32C011D6Y6TR, STM32C011F4P3, STM32C011F4P6, STM32C011F4U3, STM32C011F4U6TR, STM32C011F6P3, STM32C011F6P6, STM32C011F6U3, STM32C011F6U6TR, STM32C011J4M3, STM32C011J4M6, STM32C011J6M3, STM32C011J6M6, STM32C0316-DK, STM32C031C4T3, STM32C031C4T6, STM32C031C4U3, STM32C031C4U6, STM32C031C6T3, STM32C031C6T6, STM32C031C6U3, STM32C031C6U6, STM32C031F4P3, STM32C031F4P6, STM32C031F6P3, STM32C031F6P6, STM32C031G4U3, STM32C031G4U6, STM32C031G6U3, STM32C031G6U6, STM32C031K4T3, STM32C031K4T6, STM32C031K4U3, STM32C031K4U6, STM32C031K6T3, STM32C031K6T6, STM32C031K6U3, STM32C031K6U6, STM32C051C6T6, STM32C051C6U6, STM32C051C8T6, STM32C051C8U6, STM32C051D8Y6TR, STM32C051F6P6, STM32C051F8P6, STM32C051G6U6, STM32C051G8U6, STM32C051K6T6, STM32C051K6U6, STM32C051K8T6, STM32C071C8T6, STM32C071C8T6N, STM32C071C8U6, STM32C071C8U6N, STM32C071CBT6, STM32C071CBT6N, STM32C071CBU6, STM32C071CBU6N, STM32C071F8P6, STM32C071F8P6N, STM32C071FBP6, STM32C071FBP6N, STM32C071FBY6TR, STM32C071G8U6, STM32C071G8U6N, STM32C071GBU6, STM32C071GBU6N, STM32C071K8T6, STM32C071K8T6N, STM32C071K8U6, STM32C071K8U6N, STM32C071KBT6, STM32C071KBT6N, STM32C071KBU6, STM32C071KBU6N, STM32C071R8T6, STM32C071R8T6N, STM32C071RBI6N, STM32C071RBT6, STM32C071RBT6N, STM32C091CBT6, STM32C091CBU6, STM32C091CCT6, STM32C091CCU6, STM32C091ECY6TR, STM32C091FBP6, STM32C091FCP6, STM32C091GBU6, STM32C091GCU6, STM32C091KBT6, STM32C091KBU6, STM32C091KCT6, STM32C091KCU6, STM32C091RBT6, STM32C091RCI6, STM32C091RCT6, STM32C092CBT6, STM32C092CBU6, STM32C092CCT6, STM32C092CCU6, STM32C092ECY6TR, STM32C092FBP6, STM32C092FCP6, STM32C092GBU6, STM32C092GCU6, STM32C092KBT6, STM32C092KBU6, STM32C092KCT6, STM32C092KCU6, STM32C092RBT6, STM32C092RCI6, STM32C092RCT6, STM32G071K8TXN, STM32G071K8UXN, STM32G081GBU6N, STM32G081KBT6N, STM32G081KBUXN, STM32G0B1CCT6N, STM32G0B1KCT6, STM32G0B1NEY6TR, STM32G0B1RCT6N, STM32G0C1CCT6, STM32G0C1CCT6N, STM32G0C1CCU6N, STM32G0C1CET6N, STM32G0C1CEU6N, STM32G0C1KCT6, STM32G0C1NEY6TR, STM32G0C1RCI6N, STM32G0C1RCT6N, STM32G0C1REI6N, STM32G0C1RET6N, STM32G0C1VCI6, STM32G0C1VEI6, STM32G411C6T3, STM32G411C6T6, STM32G411C6U3, STM32G411C6U6, STM32G411C8T3, STM32G411C8T6, STM32G411C8U3, STM32G411C8U6, STM32G411CBT3, STM32G411CBT6, STM32G411CBU3, STM32G411CBU6, STM32G411CCT3, STM32G411CCT6, STM32G411CCU3, STM32G411CCU6, STM32G411K6T3, STM32G411K6T6, STM32G411K6U3, STM32G411K6U6, STM32G411K8T3, STM32G411K8T6, STM32G411K8U3, STM32G411K8U6, STM32G411KBT3, STM32G411KBT6, STM32G411KBU3, STM32G411KBU6, STM32G411M6T3, STM32G411M6T6, STM32G411M8T3, STM32G411M8T6, STM32G411MBT3, STM32G411MBT6, STM32G411MCT3, STM32G411MCT6, STM32G411R6T3, STM32G411R6T6, STM32G411R8T3, STM32G411R8T6, STM32G411RBT3, STM32G411RBT6, STM32G411RCT3, STM32G411RCT6, STM32G414CBT3, STM32G414CBT6, STM32G414CBU3, STM32G414CBU6, STM32G414CCT3, STM32G414CCT6, STM32G414CCU3, STM32G414CCU6, STM32G414MBT3, STM32G414MBT6, STM32G414MCT3, STM32G414MCT6, STM32G414RBT3, STM32G414RBT6, STM32G414RCT3, STM32G414RCT6, STM32G414VBT3, STM32G414VBT6, STM32G414VCT3, STM32G414VCT6, STM32G431CBT3Z, STM32G431RBT3Z, STM32G471CCT6, STM32G471CCU6, STM32G471CET3, STM32G471CET6, STM32G471CEU3, STM32G471CEU6, STM32G471MCT6, STM32G471MET3, STM32G471MET6, STM32G471MEY6TR, STM32G471QCT6, STM32G471QET3, STM32G471RCT6, STM32G471RET3, STM32G471RET6, STM32G471VCH6, STM32G471VCI6, STM32G471VCT6, STM32G471VEH3, STM32G471VEH6, STM32G471VEI3, STM32G471VEI6, STM32G471VET3, STM32G471VET6, STM32G473QET3Z, STM32G473RET3Z, STM32G474CCT6, STM32G491RET3Z, STM32H503CBT6, STM32H503CBU6, STM32H503EBY6TR, STM32H503KBU6, STM32H503RBT6, STM32H523CCT6, STM32H523CCU6, STM32H523CET6, STM32H523CEU6, STM32H523HEY6TR, STM32H523RCT6, STM32H523RET6, STM32H523VCI6, STM32H523VCT6, STM32H523VEI6, STM32H523VET6, STM32H523ZCJ6, STM32H523ZCT6, STM32H523ZEJ6, STM32H523ZET6, STM32H533CET6, STM32H533CEU6, STM32H533HEY6TR, STM32H533RET6, STM32H533VEI6, STM32H533VET6, STM32H533ZEJ6, STM32H533ZET6, STM32H562AGI6, STM32H562AII6, STM32H562IGK6, STM32H562IGT6, STM32H562IIK6, STM32H562IIT6, STM32H562RGT6, STM32H562RGV6, STM32H562RIT6, STM32H562RIV6, STM32H562VGT6, STM32H562VIT6, STM32H562ZGT6, STM32H562ZIT6, STM32H563AGI6, STM32H563AII3Q, STM32H563AII6, STM32H563IGK6, STM32H563IGT6, STM32H563IIK3Q, STM32H563IIK6, STM32H563IIT3Q, STM32H563IIT6, STM32H563MIY3QTR, STM32H563RGT6, STM32H563RGV6, STM32H563RIT6, STM32H563RIV6, STM32H563VGT6, STM32H563VIT3Q, STM32H563VIT6, STM32H563ZGT6, STM32H563ZIT3Q, STM32H563ZIT6, STM32H573AII3Q, STM32H573AII6, STM32H573I-DK, STM32H573IIK3Q, STM32H573IIK6, STM32H573IIT3Q, STM32H573IIT6, STM32H573MIY3QTR, STM32H573RIT6, STM32H573RIV6, STM32H573VIT3Q, STM32H573VIT6, STM32H573ZIT3Q, STM32H573ZIT6, STM32H7R3A8I6, STM32H7R3I8K6, STM32H7R3I8T6, STM32H7R3L8H6, STM32H7R3L8H6H, STM32H7R3R8V6, STM32H7R3V8H6, STM32H7R3V8T6, STM32H7R3V8Y6TR, STM32H7R3Z8J6, STM32H7R3Z8T6, STM32H7R7A8I6, STM32H7R7I8K6, STM32H7R7I8T6, STM32H7R7L8H6, STM32H7R7L8H6H, STM32H7R7Z8J6, STM32H7S3A8I6, STM32H7S3I8K6, STM32H7S3I8T6, STM32H7S3L8H6, STM32H7S3L8H6H, STM32H7S3R8V6, STM32H7S3V8H6, STM32H7S3V8T6, STM32H7S3V8Y6TR, STM32H7S3Z8J6, STM32H7S3Z8T6, STM32H7S78-DK, STM32H7S7A8I6, STM32H7S7I8K6, STM32H7S7I8T6, STM32H7S7L8H6, STM32H7S7L8H6H, STM32H7S7Z8J6, STM32L4R5QGI6STR, STM32MP131AAE3, STM32MP131AAF3, STM32MP131AAG3, STM32MP131CAE3, STM32MP131CAF3, STM32MP131CAG3, STM32MP131DAE7, STM32MP131DAF7, STM32MP131DAG7, STM32MP131FAE7, STM32MP131FAF7, STM32MP131FAG7, STM32MP133AAE3, STM32MP133AAF3, STM32MP133AAG3, STM32MP133CAE3, STM32MP133CAF3, STM32MP133CAG3, STM32MP133DAE7, STM32MP133DAF7, STM32MP133DAG7, STM32MP133FAE7, STM32MP133FAF7, STM32MP133FAG7, STM32MP135AAE3, STM32MP135AAF3, STM32MP135AAG3, STM32MP135CAE3, STM32MP135CAF3, STM32MP135CAG3, STM32MP135DAE7, STM32MP135DAF7, STM32MP135DAG7, STM32MP135F-DK, STM32MP135FAE7, STM32MP135FAF7, STM32MP135FAF7T, STM32MP135FAF7U, STM32MP135FAG7, STM32MP231AAJ3, STM32MP231AAK3, STM32MP231AAL3, STM32MP231CAJ3, STM32MP231CAK3, STM32MP231CAL3, STM32MP231DAJ3, STM32MP231DAK3, STM32MP231DAL3, STM32MP231FAJ3, STM32MP231FAK3, STM32MP231FAL3, STM32MP233AAJ3, STM32MP233AAK3, STM32MP233AAL3, STM32MP233CAJ3, STM32MP233CAK3, STM32MP233CAL3, STM32MP233DAJ3, STM32MP233DAK3, STM32MP233DAL3, STM32MP233FAJ3, STM32MP233FAK3, STM32MP233FAL3, STM32MP235AAJ3, STM32MP235AAK3, STM32MP235AAL3, STM32MP235CAJ3, STM32MP235CAK3, STM32MP235CAL3, STM32MP235DAJ3, STM32MP235DAK3, STM32MP235DAL3, STM32MP235FAJ3, STM32MP235FAK3, STM32MP235FAL3, STM32MP251AAI3, STM32MP251AAJ3, STM32MP251AAK3, STM32MP251AAL3, STM32MP251CAI3, STM32MP251CAJ3, STM32MP251CAK3, STM32MP251CAL3, STM32MP251DAI3, STM32MP251DAJ3, STM32MP251DAK3, STM32MP251DAL3, STM32MP251FAI3, STM32MP251FAJ3, STM32MP251FAK3, STM32MP251FAL3, STM32MP253AAI3, STM32MP253AAJ3, STM32MP253AAK3, STM32MP253AAL3, STM32MP253CAI3, STM32MP253CAJ3, STM32MP253CAK3, STM32MP253CAL3, STM32MP253DAI3, STM32MP253DAJ3, STM32MP253DAK3, STM32MP253DAL3, STM32MP253FAI3, STM32MP253FAJ3, STM32MP253FAK3, STM32MP253FAL3, STM32MP255AAI3, STM32MP255AAJ3, STM32MP255AAK3, STM32MP255AAL3, STM32MP255CAI3, STM32MP255CAJ3, STM32MP255CAK3, STM32MP255CAL3, STM32MP255DAI3, STM32MP255DAJ3, STM32MP255DAK3, STM32MP255DAL3, STM32MP255FAI3, STM32MP255FAJ3, STM32MP255FAK3, STM32MP255FAL3, STM32MP257AAI3, STM32MP257AAJ3, STM32MP257AAK3, STM32MP257AAL3, STM32MP257CAI3, STM32MP257CAJ3, STM32MP257CAK3, STM32MP257CAL3, STM32MP257DAI3, STM32MP257DAJ3, STM32MP257DAK3, STM32MP257DAL3, STM32MP257F-DK, STM32MP257F-EV1, STM32MP257FAI3, STM32MP257FAJ3, STM32MP257FAK3, STM32MP257FAL3, STM32N645A0H3Q, STM32N645B0H3Q, STM32N645I0H3Q, STM32N645L0H3Q, STM32N645X0H3Q, STM32N645Z0H3Q, STM32N647A0H3Q, STM32N647B0H3Q, STM32N647I0H3Q, STM32N647L0H3Q, STM32N647X0H3Q, STM32N647Z0H3Q, STM32N655A0H3Q, STM32N655B0H3Q, STM32N655I0H3Q, STM32N655L0H3Q, STM32N655X0H3Q, STM32N655Z0H3Q, STM32N6570-DK, STM32N657A0H3Q, STM32N657B0H3Q, STM32N657I0H3Q, STM32N657L0H3Q, STM32N657X0H3Q, STM32N657Z0H3Q, STM32U031C6T6, STM32U031C6U6, STM32U031C8T6, STM32U031C8U6, STM32U031F4P6, STM32U031F6P6, STM32U031F8P6, STM32U031G6Y6TR, STM32U031G8Y6TR, STM32U031K4U6, STM32U031K6U6, STM32U031K8U6, STM32U031R6I6, STM32U031R6T6, STM32U031R8I6, STM32U031R8T6, STM32U073C8T6, STM32U073C8U6, STM32U073CBT6, STM32U073CBU6, STM32U073CCT6, STM32U073CCU6, STM32U073H8Y6TR, STM32U073HBY6TR, STM32U073HCY6TR, STM32U073K8U6, STM32U073KBU6, STM32U073KCU6, STM32U073M8I6, STM32U073M8T6, STM32U073MBI6, STM32U073MBT6, STM32U073MCI6, STM32U073MCT6, STM32U073R8I6, STM32U073R8T6, STM32U073RBI6, STM32U073RBT6, STM32U073RCI6, STM32U073RCT6, STM32U083C-DK, STM32U083CCT6, STM32U083CCU6, STM32U083HCY6TR, STM32U083KCU6, STM32U083MCI6, STM32U083MCT6, STM32U083RCI6, STM32U083RCT6, STM32U375CET6, STM32U375CET6Q, STM32U375CEU6, STM32U375CEU6Q, STM32U375CEY6QTR, STM32U375CGT6, STM32U375CGT6Q, STM32U375CGU6, STM32U375CGU6Q, STM32U375CGY6QTR, STM32U375KEU6, STM32U375KGU6, STM32U375REI6, STM32U375REI6Q, STM32U375RET6, STM32U375RET6Q, STM32U375REY6GTR, STM32U375REY6QTR, STM32U375RGI6, STM32U375RGI6Q, STM32U375RGT6, STM32U375RGT6Q, STM32U375RGY6GTR, STM32U375RGY6QTR, STM32U375VEI6, STM32U375VEI6Q, STM32U375VET6, STM32U375VET6Q, STM32U375VGI6, STM32U375VGI6Q, STM32U375VGT6, STM32U375VGT6Q, STM32U385CGT6, STM32U385CGT6Q, STM32U385CGU6, STM32U385CGU6Q, STM32U385CGY6QTR, STM32U385KGU6, STM32U385RGI6, STM32U385RGI6Q, STM32U385RGT6, STM32U385RGT6Q, STM32U385RGY6GTR, STM32U385RGY6QTR, STM32U385VGI6, STM32U385VGI6Q, STM32U385VGT6, STM32U385VGT6Q, STM32U535CBT6, STM32U535CBT6Q, STM32U535CBU6, STM32U535CBU6Q, STM32U535CCT6, STM32U535CCT6Q, STM32U535CCU6, STM32U535CCU6Q, STM32U535CET6, STM32U535CET6Q, STM32U535CEU6, STM32U535CEU6Q, STM32U535JEY6QTR, STM32U535NCY6QTR, STM32U535NEY6QTR, STM32U535RBI6, STM32U535RBI6Q, STM32U535RBT6, STM32U535RBT6Q, STM32U535RCI6, STM32U535RCI6Q, STM32U535RCT6, STM32U535RCT6Q, STM32U535REI6, STM32U535REI6Q, STM32U535RET6, STM32U535RET6Q, STM32U535VCI6, STM32U535VCI6Q, STM32U535VCT6, STM32U535VCT6Q, STM32U535VEI6, STM32U535VEI6Q, STM32U535VET6, STM32U535VET6Q, STM32U545CET6, STM32U545CET6Q, STM32U545CEU6, STM32U545CEU6Q, STM32U545JEY6QTR, STM32U545NEY6QTR, STM32U545REI6, STM32U545REI6Q, STM32U545RET6, STM32U545RET6Q, STM32U545VEI6, STM32U545VEI6Q, STM32U545VET6, STM32U545VET6Q, STM32U595AIH6, STM32U595AIH6Q, STM32U595AJH6, STM32U595AJH6Q, STM32U595QII6, STM32U595QII6Q, STM32U595QJI6, STM32U595QJI6Q, STM32U595RIT6, STM32U595RIT6Q, STM32U595RJT6, STM32U595RJT6Q, STM32U595VIT6, STM32U595VIT6Q, STM32U595VJT6, STM32U595VJT6Q, STM32U595ZIT6, STM32U595ZIT6Q, STM32U595ZIY6QTR, STM32U595ZJT6, STM32U595ZJT6Q, STM32U595ZJY6QTR, STM32U599BJY6QTR, STM32U599NIH6Q, STM32U599NJH6Q, STM32U599VIT6Q, STM32U599VJT6, STM32U599VJT6Q, STM32U599ZIT6Q, STM32U599ZIY6QTR, STM32U599ZJT6Q, STM32U599ZJY6QTR, STM32U5A5AJH6, STM32U5A5AJH6Q, STM32U5A5QII3Q , STM32U5A5QJI6, STM32U5A5QJI6Q, STM32U5A5RJT6, STM32U5A5RJT6Q, STM32U5A5VJT6, STM32U5A5VJT6Q, STM32U5A5ZJT6, STM32U5A5ZJT6Q, STM32U5A5ZJY6QTR, STM32U5A9BJY6QTR, STM32U5A9J-DK, STM32U5A9NJH6Q, STM32U5A9VJT6Q, STM32U5A9ZJT6Q, STM32U5A9ZJY6QTR, STM32U5F7VIT6, STM32U5F7VIT6Q, STM32U5F7VJT6, STM32U5F7VJT6Q, STM32U5F9BJY6QTR, STM32U5F9NJH6Q, STM32U5F9VIT6Q, STM32U5F9VJT6Q, STM32U5F9ZIJ6QTR, STM32U5F9ZIT6Q, STM32U5F9ZJJ6QTR, STM32U5F9ZJT6Q, STM32U5G7VJT6, STM32U5G7VJT6Q, STM32U5G9BJY6QTR, STM32U5G9J-DK1, STM32U5G9J-DK2, STM32U5G9NJH6Q, STM32U5G9VJT6Q, STM32U5G9ZJJ6QTR, STM32U5G9ZJT6Q, STM32WB05KZV6TR, STM32WB05KZV7TR, STM32WB05TZF6TR, STM32WB05TZF7TR, STM32WB06CCF6TR, STM32WB06CCF7TR, STM32WB06CCV6TR, STM32WB06CCV7TR, STM32WB06KCV6TR, STM32WB06KCV7TR, STM32WB07CCF6TR, STM32WB07CCF7TR, STM32WB07CCV6TR, STM32WB07CCV7TR, STM32WB07KCV6TR, STM32WB07KCV7TR, STM32WB09KEV6TR, STM32WB09KEV7TR, STM32WB09TEF6TR, STM32WB09TEF7TR, STM32WB1MMCH6, STM32WBA50KGU6, STM32WBA50KGU6TR, STM32WBA52CEU6, STM32WBA52CEU6TR, STM32WBA52CEU7, STM32WBA52CEU7TR, STM32WBA52CGU6, STM32WBA52CGU6TR, STM32WBA52CGU6U, STM32WBA52CGU7, STM32WBA52CGU7TR, STM32WBA52KEU6, STM32WBA52KEU6TR, STM32WBA52KGU6, STM32WBA52KGU6TR, STM32WBA54CEU6, STM32WBA54CEU6TR, STM32WBA54CEU7, STM32WBA54CEU7TR, STM32WBA54CGU6, STM32WBA54CGU6TR, STM32WBA54CGU7, STM32WBA54CGU7TR, STM32WBA54KEU6, STM32WBA54KEU6TR, STM32WBA54KEU7, STM32WBA54KEU7TR, STM32WBA54KGU6, STM32WBA54KGU6TR, STM32WBA54KGU7, STM32WBA54KGU7TR, STM32WBA55CEU6, STM32WBA55CEU6TR, STM32WBA55CEU7, STM32WBA55CEU7TR, STM32WBA55CGU6, STM32WBA55CGU6TR, STM32WBA55CGU6U, STM32WBA55CGU7, STM32WBA55CGU7TR, STM32WBA55G-DK1, STM32WBA55HEF6, STM32WBA55HEF7, STM32WBA55HGF6, STM32WBA55HGF7, STM32WBA55UEI6, STM32WBA55UEI6TR, STM32WBA55UEI7, STM32WBA55UEI7TR, STM32WBA55UGI6, STM32WBA55UGI6TR, STM32WBA55UGI7, STM32WBA55UGI7TR, STM32WBA5MJGH6TR, STM32WBA62CGU6, STM32WBA62CIU6, STM32WBA62MGF6, STM32WBA62MIF6, STM32WBA62PGI6, STM32WBA62PII6, STM32WBA63CGU6, STM32WBA63CGU7, STM32WBA63CIU6, STM32WBA63CIU7, STM32WBA64CGU6, STM32WBA64CGU7, STM32WBA64CIU6, STM32WBA64CIU7, STM32WBA65CGU6, STM32WBA65CGU7, STM32WBA65CIU6, STM32WBA65CIU7, STM32WBA65I-DK1, STM32WBA65MGF6, STM32WBA65MGF7, STM32WBA65MIF6, STM32WBA65MIF7, STM32WBA65PGI6, STM32WBA65PGI7, STM32WBA65PII6, STM32WBA65PII7, STM32WBA65RGV6, STM32WBA65RGV7, STM32WBA65RIV6, STM32WBA65RIV7, STM32WL30K8V6, STM32WL30KBV6, STM32WL31C8V6, STM32WL31CBV6, STM32WL31K8V6, STM32WL31KBV6, STM32WL33C8V6, STM32WL33C8V6TR, STM32WL33C8V7, STM32WL33C8V7TR, STM32WL33CBV6, STM32WL33CBV6TR, STM32WL33CBV7, STM32WL33CBV7TR, STM32WL33CCV6, STM32WL33CCV6TR, STM32WL33CCV7, STM32WL33CCV7A, STM32WL33CCV7ATR, STM32WL33CCV7TR, STM32WL33K8V6, STM32WL33K8V6TR, STM32WL33K8V7, STM32WL33K8V7TR, STM32WL33KBV6, STM32WL33KBV6TR, STM32WL33KBV7, STM32WL33KBV7TR, STM32WL33KCV6, STM32WL33KCV6TR, STM32WL33KCV7, STM32WL33KCV7TR, STM32WL5MOCH6, STM32WL5MOCH6TR]
2026-05-14 17:33:35,718 [INFO] DbMcus:218 - Found 4918 MCUs, 4918 are supported
2026-05-14 17:33:35,719 [INFO] ApiDb:423 - Load user favorites file C:\Users\abhil/.stm32cubeide/favorites.mcus.txt: 0 item(s)
2026-05-14 17:33:35,719 [INFO] ApiDb:427 - User favorites MCUs=[]
2026-05-14 17:33:35,719 [INFO] DbMcus:224 - Set 0 / 0 favorites MCUs
2026-05-14 17:33:36,739 [INFO] BoardInfo:889 - No configuration file found for board P-NUCLEO-WB55
2026-05-14 17:33:36,741 [INFO] DbBoards:161 - Kit is not supported: P-NUCLEO-WB55
2026-05-14 17:33:36,753 [INFO] BoardInfo:889 - No configuration file found for board STEVAL-BFA001V1B
2026-05-14 17:33:36,755 [INFO] DbBoards:161 - Kit is not supported: STEVAL-BFA001V1B
2026-05-14 17:33:36,756 [INFO] BoardInfo:889 - No configuration file found for board STEVAL-BFA001V2B
2026-05-14 17:33:36,758 [INFO] DbBoards:161 - Kit is not supported: STEVAL-BFA001V2B
2026-05-14 17:33:37,105 [INFO] BoardInfo:889 - No configuration file found for board STM32MP215F-DK
2026-05-14 17:33:37,107 [INFO] DbBoards:161 - Board is not supported: STM32MP215F-DK
2026-05-14 17:33:37,149 [INFO] DbBoards:168 - Found 212 boards, 208 are supported
2026-05-14 17:33:37,149 [INFO] DbBoards:169 - Found 212 boards, 43 of them is supported for  Bsp
2026-05-14 17:33:37,153 [INFO] ApiDb:423 - Load user favorites file C:\Users\abhil/.stm32cubeide/favorites.boards.txt: 0 item(s)
2026-05-14 17:33:37,153 [INFO] ApiDb:427 - User favorites Boards=[]
2026-05-14 17:33:37,153 [INFO] DbBoards:198 - Set 0 / 0 favorites Boards
2026-05-14 17:33:37,196 [INFO] UtilMem:75 - End LoadConfig() Used Memory: 852942856 Bytes (1073741824)
2026-05-14 17:33:37,416 [WARN] ThirdParty:833 - waiting for thirdparty lock release [change project]
2026-05-14 17:33:37,416 [INFO] ThirdParty:835 - entering critical section [change project]
2026-05-14 17:33:37,416 [INFO] ThirdParty:1030 - CMSIS Pack Vendor :STMicroelectronics X-CUBE-AZRTOS-H7 3.5.0
2026-05-14 17:33:37,416 [INFO] ThirdParty:1030 - CMSIS Pack Vendor :STMicroelectronics X-CUBE-PM33A1 1.0.0
2026-05-14 17:33:37,416 [INFO] ThirdParty:1030 - CMSIS Pack Vendor :STMicroelectronics USBPD 4.1
2026-05-14 17:33:37,416 [INFO] ThirdParty:1030 - CMSIS Pack Vendor :STMicroelectronics X-CUBE-GNSS1 6.0.0
2026-05-14 17:33:37,416 [INFO] ThirdParty:1030 - CMSIS Pack Vendor :STMicroelectronics USB_HOST 2.0.0
2026-05-14 17:33:37,416 [INFO] ThirdParty:1030 - CMSIS Pack Vendor :STMicroelectronics FP-SNS-MOTENVWB1 1.4.0
2026-05-14 17:33:37,416 [INFO] ThirdParty:1030 - CMSIS Pack Vendor :STMicroelectronics X-CUBE-AZRTOS-F4 1.1.0
2026-05-14 17:33:37,416 [INFO] ThirdParty:1030 - CMSIS Pack Vendor :STMicroelectronics LIBJPEG 8.0.0
2026-05-14 17:33:37,416 [INFO] ThirdParty:1030 - CMSIS Pack Vendor :STMicroelectronics FP-ATR-ASTRA1 2.0.2
2026-05-14 17:33:37,417 [INFO] ThirdParty:1030 - CMSIS Pack Vendor :STMicroelectronics FP-ATR-ASTRA1 2.0.1
2026-05-14 17:33:37,417 [INFO] ThirdParty:1030 - CMSIS Pack Vendor :Avnet-IotConnect X-CUBE-IoTC-DA16k-PMOD 1.0.0
2026-05-14 17:33:37,417 [INFO] ThirdParty:1030 - CMSIS Pack Vendor :STMicroelectronics X-CUBE-SMBUS 2.1.0
2026-05-14 17:33:37,417 [INFO] ThirdParty:1030 - CMSIS Pack Vendor :STMicroelectronics X-CUBE-WB05N 1.1.0
2026-05-14 17:33:37,417 [INFO] ThirdParty:1030 - CMSIS Pack Vendor :STMicroelectronics X-CUBE-ISPU 2.1.0
2026-05-14 17:33:37,417 [INFO] ThirdParty:1030 - CMSIS Pack Vendor :STMicroelectronics eDS-WB_DPC_TT-BIDIR 2.1.1
2026-05-14 17:33:37,417 [INFO] ThirdParty:1030 - CMSIS Pack Vendor :STMicroelectronics X-CUBE-FREERTOS 1.2.0
2026-05-14 17:33:37,417 [INFO] ThirdParty:1030 - CMSIS Pack Vendor :STMicroelectronics X-CUBE-ST60 1.0.0
2026-05-14 17:33:37,417 [INFO] ThirdParty:1030 - CMSIS Pack Vendor :STMicroelectronics X-CUBE-NFC12 1.0.0
2026-05-14 17:33:37,417 [INFO] ThirdParty:1030 - CMSIS Pack Vendor :STMicroelectronics X-CUBE-BLEMGR 1.2.0
2026-05-14 17:33:37,417 [INFO] ThirdParty:1030 - CMSIS Pack Vendor :STMicroelectronics X-CUBE-TOUCHGFX 4.23.2
2026-05-14 17:33:37,417 [INFO] ThirdParty:1030 - CMSIS Pack Vendor :STMicroelectronics X-CUBE-AZRTOS-F7 1.1.0
2026-05-14 17:33:37,417 [INFO] ThirdParty:1030 - CMSIS Pack Vendor :STMicroelectronics X-CUBE-AZRTOS-L5 2.0.0
2026-05-14 17:33:37,417 [INFO] ThirdParty:1030 - CMSIS Pack Vendor :STMicroelectronics USB_DEVICE 2.0.0
2026-05-14 17:33:37,417 [INFO] ThirdParty:1030 - CMSIS Pack Vendor :STMicroelectronics X-CUBE-NFC6 3.1.0
2026-05-14 17:33:37,417 [INFO] ThirdParty:1030 - CMSIS Pack Vendor :STMicroelectronics X-CUBE-BLE1 6.2.3
2026-05-14 17:33:37,417 [INFO] ThirdParty:1030 - CMSIS Pack Vendor :STMicroelectronics X-CUBE-MEMS1 11.0.0
2026-05-14 17:33:37,417 [INFO] ThirdParty:1030 - CMSIS Pack Vendor :STMicroelectronics X-CUBE-BLE1 6.2.4
2026-05-14 17:33:37,417 [INFO] ThirdParty:1030 - CMSIS Pack Vendor :STMicroelectronics FreeRTOS 0.0.1
2026-05-14 17:33:37,417 [INFO] ThirdParty:1030 - CMSIS Pack Vendor :STMicroelectronics X-CUBE-BLEMGR 2.0.0
2026-05-14 17:33:37,417 [INFO] ThirdParty:1030 - CMSIS Pack Vendor :STMicroelectronics X-CUBE-DPower 1.2.0
2026-05-14 17:33:37,418 [INFO] ThirdParty:1030 - CMSIS Pack Vendor :STMicroelectronics eDS-WB_DPC_VIENNA 1.2.0
2026-05-14 17:33:37,418 [INFO] ThirdParty:1030 - CMSIS Pack Vendor :STMicroelectronics FP-SNS-FLIGHT1 5.0.2
2026-05-14 17:33:37,418 [INFO] ThirdParty:1030 - CMSIS Pack Vendor :STMicroelectronics eDS-WB_DPC_3PH2L-BIDIR 1.1.1
2026-05-14 17:33:37,418 [INFO] ThirdParty:1030 - CMSIS Pack Vendor :STMicroelectronics X-CUBE-NFC4 2.0.4
2026-05-14 17:33:37,418 [INFO] ThirdParty:1030 - CMSIS Pack Vendor :STMicroelectronics X-CUBE-AI 9.0.0
2026-05-14 17:33:37,418 [INFO] ThirdParty:1030 - CMSIS Pack Vendor :STMicroelectronics X-CUBE-AZRTOS-H7 3.1.0
2026-05-14 17:33:37,418 [INFO] ThirdParty:1030 - CMSIS Pack Vendor :STMicroelectronics PDM2PCM 3.3.0
2026-05-14 17:33:37,418 [INFO] ThirdParty:1030 - CMSIS Pack Vendor :STMicroelectronics X-CUBE-TOF1 3.1.0
2026-05-14 17:33:37,418 [INFO] ThirdParty:1030 - CMSIS Pack Vendor :STMicroelectronics X-CUBE-AZRTOS-H7 3.4.0
2026-05-14 17:33:37,418 [INFO] ThirdParty:1030 - CMSIS Pack Vendor :STMicroelectronics X-CUBE-DISPLAY 3.0.0
2026-05-14 17:33:37,418 [INFO] ThirdParty:1030 - CMSIS Pack Vendor :STMicroelectronics X-CUBE-GNSS1 7.1.1
2026-05-14 17:33:37,418 [INFO] ThirdParty:1030 - CMSIS Pack Vendor :STMicroelectronics X-CUBE-BLE1 7.0.0
2026-05-14 17:33:37,418 [INFO] ThirdParty:1030 - CMSIS Pack Vendor :STMicroelectronics X-CUBE-NFC10 1.0.0
2026-05-14 17:33:37,418 [INFO] ThirdParty:1030 - CMSIS Pack Vendor :wolfSSL I-CUBE-wolfSSL 5.5.1
2026-05-14 17:33:37,418 [INFO] ThirdParty:1030 - CMSIS Pack Vendor :STMicroelectronics X-CUBE-BLEMGR 4.0.0
2026-05-14 17:33:37,418 [INFO] ThirdParty:1030 - CMSIS Pack Vendor :STMicroelectronics X-CUBE-FREERTOS 1.3.1
2026-05-14 17:33:37,418 [INFO] ThirdParty:1030 - CMSIS Pack Vendor :STMicroelectronics HAL Drivers 0.0.0
2026-05-14 17:33:37,418 [INFO] ThirdParty:1030 - CMSIS Pack Vendor :STMicroelectronics X-CUBE-ST60 1.1.0
2026-05-14 17:33:37,418 [INFO] ThirdParty:1030 - CMSIS Pack Vendor :STMicroelectronics X-CUBE-FREERTOS 1.3.0
2026-05-14 17:33:37,418 [INFO] ThirdParty:1030 - CMSIS Pack Vendor :STMicroelectronics X-CUBE-NFC7 1.0.1
2026-05-14 17:33:37,418 [INFO] ThirdParty:1030 - CMSIS Pack Vendor :STMicroelectronics MBEDTLS 2.14.1
2026-05-14 17:33:37,418 [INFO] ThirdParty:1030 - CMSIS Pack Vendor :STMicroelectronics X-CUBE-GNSS1 7.1.0
2026-05-14 17:33:37,418 [INFO] ThirdParty:1030 - CMSIS Pack Vendor :STMicroelectronics X-CUBE-NFC7 1.0.0
2026-05-14 17:33:37,418 [INFO] ThirdParty:1030 - CMSIS Pack Vendor :STMicroelectronics X-CUBE-TOUCHGFX 4.26.0
2026-05-14 17:33:37,420 [INFO] ThirdParty:1030 - CMSIS Pack Vendor :STMicroelectronics X-CUBE-MEMS1 9.3.0
2026-05-14 17:33:37,420 [INFO] ThirdParty:1030 - CMSIS Pack Vendor :STMicroelectronics X-CUBE-TOUCHGFX 4.26.1
2026-05-14 17:33:37,420 [INFO] ThirdParty:1030 - CMSIS Pack Vendor :STMicroelectronics X-CUBE-EEPRMA1 4.1.0
2026-05-14 17:33:37,420 [INFO] ThirdParty:1030 - CMSIS Pack Vendor :STMicroelectronics X-CUBE-AI 7.2.0
2026-05-14 17:33:37,420 [INFO] ThirdParty:1030 - CMSIS Pack Vendor :STMicroelectronics X-CUBE-BLEMGR 3.1.0
2026-05-14 17:33:37,420 [INFO] ThirdParty:1030 - CMSIS Pack Vendor :STMicroelectronics X-CUBE-AI 10.0.0
2026-05-14 17:33:37,420 [INFO] ThirdParty:1030 - CMSIS Pack Vendor :STMicroelectronics FP-SNS-STAIOTCFT 1.0.0
2026-05-14 17:33:37,420 [INFO] ThirdParty:1030 - CMSIS Pack Vendor :STMicroelectronics FP-SNS-SMARTAG2 1.2.0
2026-05-14 17:33:37,420 [INFO] ThirdParty:1030 - CMSIS Pack Vendor :STMicroelectronics FP-SNS-FLIGHT1 5.1.0
2026-05-14 17:33:37,420 [INFO] ThirdParty:1030 - CMSIS Pack Vendor :STMicroelectronics X-CUBE-MEMS1 11.1.0
2026-05-14 17:33:37,420 [INFO] ThirdParty:1030 - CMSIS Pack Vendor :STMicroelectronics X-CUBE-AZRTOS-WL 2.0.0
2026-05-14 17:33:37,420 [INFO] ThirdParty:1030 - CMSIS Pack Vendor :STMicroelectronics X-CUBE-DPower 1.3.0
2026-05-14 17:33:37,420 [INFO] ThirdParty:1030 - CMSIS Pack Vendor :STMicroelectronics FP-SNS-MOTENV1 5.0.0
2026-05-14 17:33:37,420 [INFO] ThirdParty:1030 - CMSIS Pack Vendor :STMicroelectronics USB_DEVICE 1.0.0
2026-05-14 17:33:37,420 [INFO] ThirdParty:1030 - CMSIS Pack Vendor :STMicroelectronics X-CUBE-AZRTOS-H7RS 1.2.0
2026-05-14 17:33:37,420 [INFO] ThirdParty:1030 - CMSIS Pack Vendor :wolfSSL I-CUBE-wolfMQTT 1.19.0
2026-05-14 17:33:37,420 [INFO] ThirdParty:1030 - CMSIS Pack Vendor :STMicroelectronics X-CUBE-AZRTOS-L4 2.0.0
2026-05-14 17:33:37,420 [INFO] ThirdParty:1030 - CMSIS Pack Vendor :STMicroelectronics ThreadX 0.0.2
2026-05-14 17:33:37,420 [INFO] ThirdParty:1030 - CMSIS Pack Vendor :WES I-CUBE-Cesium 1.3.0
2026-05-14 17:33:37,420 [INFO] ThirdParty:1030 - CMSIS Pack Vendor :STMicroelectronics lwIP 2.1.2
2026-05-14 17:33:37,420 [INFO] ThirdParty:1030 - CMSIS Pack Vendor :STMicroelectronics X-CUBE-SFXS2LP1 4.0.0
2026-05-14 17:33:37,420 [INFO] ThirdParty:1030 - CMSIS Pack Vendor :STMicroelectronics X-CUBE-BLE2 3.3.0
2026-05-14 17:33:37,420 [INFO] ThirdParty:1030 - CMSIS Pack Vendor :Avnet-IOTCONNECT X-CUBE-iotc-st67-sdk 1.0.0
2026-05-14 17:33:37,420 [INFO] ThirdParty:1030 - CMSIS Pack Vendor :STMicroelectronics X-CUBE-DISPLAY 2.2.0
2026-05-14 17:33:37,420 [INFO] ThirdParty:1030 - CMSIS Pack Vendor :STMicroelectronics X-CUBE-TOF1 3.2.0
2026-05-14 17:33:37,420 [INFO] ThirdParty:1030 - CMSIS Pack Vendor :STMicroelectronics PDM2PCM 3.2.0
2026-05-14 17:33:37,420 [INFO] ThirdParty:1030 - CMSIS Pack Vendor :STMicroelectronics X-CUBE-ISPU 1.0.0
2026-05-14 17:33:37,420 [INFO] ThirdParty:1030 - CMSIS Pack Vendor :STMicroelectronics X-CUBE-WB05N 2.1.0
2026-05-14 17:33:37,420 [INFO] ThirdParty:1030 - CMSIS Pack Vendor :STMicroelectronics X-CUBE-ISPU 1.1.0
2026-05-14 17:33:37,421 [INFO] ThirdParty:1030 - CMSIS Pack Vendor :STMicroelectronics X-CUBE-AZRTOS-H7 3.3.0
2026-05-14 17:33:37,421 [INFO] ThirdParty:1030 - CMSIS Pack Vendor :RoweBots I-CUBE-UNISONRTOS 5.5.0-4
2026-05-14 17:33:37,421 [INFO] ThirdParty:1030 - CMSIS Pack Vendor :STMicroelectronics X-CUBE-NFC9 1.0.0
2026-05-14 17:33:37,421 [INFO] ThirdParty:1030 - CMSIS Pack Vendor :STMicroelectronics X-CUBE-AZRTOS-H7 2.1.0
2026-05-14 17:33:37,421 [INFO] ThirdParty:1030 - CMSIS Pack Vendor :STMicroelectronics X-CUBE-BLE1 7.1.0
2026-05-14 17:33:37,421 [INFO] ThirdParty:1030 - CMSIS Pack Vendor :STMicroelectronics USB_DEVICE 3.0.0
2026-05-14 17:33:37,421 [INFO] ThirdParty:1030 - CMSIS Pack Vendor :STMicroelectronics X-CUBE-TCPP 4.1.0
2026-05-14 17:33:37,421 [INFO] ThirdParty:1030 - CMSIS Pack Vendor :STMicroelectronics X-CUBE-EEPRMA1 5.2.0
2026-05-14 17:33:37,421 [INFO] ThirdParty:1030 - CMSIS Pack Vendor :STMicroelectronics X-CUBE-BLEMGR 4.1.0
2026-05-14 17:33:37,421 [INFO] ThirdParty:1030 - CMSIS Pack Vendor :STMicroelectronics X-CUBE-AI 8.0.0
2026-05-14 17:33:37,421 [INFO] ThirdParty:1030 - CMSIS Pack Vendor :STMicroelectronics X-CUBE-IPS 3.0.0
2026-05-14 17:33:37,421 [INFO] ThirdParty:1030 - CMSIS Pack Vendor :STMicroelectronics X-CUBE-AZRTOS-WB 2.0.0
2026-05-14 17:33:37,421 [INFO] ThirdParty:1030 - CMSIS Pack Vendor :STMicroelectronics X-CUBE-FREERTOS 1.0.1
2026-05-14 17:33:37,421 [INFO] ThirdParty:1030 - CMSIS Pack Vendor :STMicroelectronics X-CUBE-GNSS1 7.0.0
2026-05-14 17:33:37,421 [INFO] ThirdParty:1030 - CMSIS Pack Vendor :STMicroelectronics X-CUBE-GNSS1 7.0.1
2026-05-14 17:33:37,421 [INFO] ThirdParty:1030 - CMSIS Pack Vendor :STMicroelectronics X-CUBE-TOUCHGFX 4.21.3
2026-05-14 17:33:37,421 [INFO] ThirdParty:1030 - CMSIS Pack Vendor :STMicroelectronics X-CUBE-TOUCHGFX 4.25.0
2026-05-14 17:33:37,421 [INFO] ThirdParty:1030 - CMSIS Pack Vendor :STMicroelectronics X-CUBE-AI 7.3.0
2026-05-14 17:33:37,421 [INFO] ThirdParty:1030 - CMSIS Pack Vendor :STMicroelectronics X-CUBE-AI 10.1.0
2026-05-14 17:33:37,421 [INFO] ThirdParty:1030 - CMSIS Pack Vendor :STMicroelectronics FP-SNS-STBOX1 2.0.0
2026-05-14 17:33:37,421 [INFO] ThirdParty:1030 - CMSIS Pack Vendor :STMicroelectronics X-CUBE-MEMS1 12.0.0
2026-05-14 17:33:37,421 [INFO] ThirdParty:1030 - CMSIS Pack Vendor :STMicroelectronics X-CUBE-ALGOBUILD 1.3.0
2026-05-14 17:33:37,421 [INFO] ThirdParty:1030 - CMSIS Pack Vendor :STMicroelectronics X-CUBE-STSE01 2.0.0
2026-05-14 17:33:37,421 [INFO] ThirdParty:1030 - CMSIS Pack Vendor :STMicroelectronics X-CUBE-AZRTOS-L5 1.1.0
2026-05-14 17:33:37,422 [INFO] ThirdParty:1030 - CMSIS Pack Vendor :STMicroelectronics X-CUBE-MEMS1 11.2.0
2026-05-14 17:33:37,422 [INFO] ThirdParty:1030 - CMSIS Pack Vendor :STMicroelectronics X-CUBE-AZRTOS-G0 1.1.0
2026-05-14 17:33:37,422 [INFO] ThirdParty:1030 - CMSIS Pack Vendor :STMicroelectronics X-CUBE-SAFEA1 1.2.2
2026-05-14 17:33:37,422 [INFO] ThirdParty:1030 - CMSIS Pack Vendor :STMicroelectronics X-CUBE-NFC4 3.0.0
2026-05-14 17:33:37,422 [INFO] ThirdParty:1030 - CMSIS Pack Vendor :STMicroelectronics X-CUBE-SUBG2 5.0.0
2026-05-14 17:33:37,422 [INFO] ThirdParty:1030 - CMSIS Pack Vendor :STMicroelectronics X-CUBE-AZRTOS-H7RS 1.1.0
2026-05-14 17:33:37,422 [INFO] ThirdParty:1030 - CMSIS Pack Vendor :STMicroelectronics STM32_WPAN 1.0.0
2026-05-14 17:33:37,422 [INFO] ThirdParty:1030 - CMSIS Pack Vendor :SEGGER I-CUBE-embOS 1.2.1
2026-05-14 17:33:37,422 [INFO] ThirdParty:1030 - CMSIS Pack Vendor :wolfSSL I-CUBE-wolfMQTT 1.18.0
2026-05-14 17:33:37,422 [INFO] ThirdParty:1030 - CMSIS Pack Vendor :EmbeddedOffice I-CUBE-FS-RTOS 1.0.1
2026-05-14 17:33:37,422 [INFO] ThirdParty:1030 - CMSIS Pack Vendor :STMicroelectronics lwIP 2.0.3
2026-05-14 17:33:37,422 [INFO] ThirdParty:1030 - CMSIS Pack Vendor :Cesanta I-CUBE-Mongoose 7.13.0
2026-05-14 17:33:37,422 [INFO] ThirdParty:1030 - CMSIS Pack Vendor :STMicroelectronics USB_HOST 1.0.0
2026-05-14 17:33:37,422 [INFO] ThirdParty:1030 - CMSIS Pack Vendor :STMicroelectronics X-CUBE-AZRTOS-G4 2.0.0
2026-05-14 17:33:37,422 [INFO] ThirdParty:1030 - CMSIS Pack Vendor :STMicroelectronics X-CUBE-WB05N 2.0.0
2026-05-14 17:33:37,422 [INFO] ThirdParty:1030 - CMSIS Pack Vendor :STMicroelectronics PDM2PCM 3.1.0
2026-05-14 17:33:37,422 [INFO] ThirdParty:1030 - CMSIS Pack Vendor :STMicroelectronics X-CUBE-TOF1 3.3.0
2026-05-14 17:33:37,422 [INFO] ThirdParty:1030 - CMSIS Pack Vendor :STMicroelectronics FP-ATR-ASTRA1 1.1.1
2026-05-14 17:33:37,422 [INFO] ThirdParty:1030 - CMSIS Pack Vendor :STMicroelectronics X-CUBE-NFC7 2.0.0
2026-05-14 17:33:37,422 [INFO] ThirdParty:1030 - CMSIS Pack Vendor :STMicroelectronics X-CUBE-TCPP 4.2.0
2026-05-14 17:33:37,422 [INFO] ThirdParty:1030 - CMSIS Pack Vendor :RealThread X-CUBE-RT-Thread_Nano 4.1.1
2026-05-14 17:33:37,422 [INFO] ThirdParty:1030 - CMSIS Pack Vendor :STMicroelectronics FP-ATR-SIGFOX1 3.2.0
2026-05-14 17:33:37,422 [INFO] ThirdParty:1030 - CMSIS Pack Vendor :STMicroelectronics X-CUBE-AZRTOS-G4 1.0.0
2026-05-14 17:33:37,422 [INFO] ThirdParty:1030 - CMSIS Pack Vendor :STMicroelectronics X-CUBE-AZRTOS-L4 1.0.0
2026-05-14 17:33:37,422 [INFO] ThirdParty:1030 - CMSIS Pack Vendor :quantropi X-CUBE-qispace-sdk-base 1.9.3
2026-05-14 17:33:37,422 [INFO] ThirdParty:1030 - CMSIS Pack Vendor :STMicroelectronics X-CUBE-ISPU 2.0.0
2026-05-14 17:33:37,422 [INFO] ThirdParty:1030 - CMSIS Pack Vendor :STMicroelectronics X-CUBE-EEPRMA1 5.1.0
2026-05-14 17:33:37,423 [INFO] ThirdParty:1030 - CMSIS Pack Vendor :STMicroelectronics MBEDTLS 2.16.2
2026-05-14 17:33:37,423 [INFO] ThirdParty:1030 - CMSIS Pack Vendor :STMicroelectronics X-CUBE-IPS 3.1.0
2026-05-14 17:33:37,423 [INFO] ThirdParty:1030 - CMSIS Pack Vendor :STMicroelectronics X-CUBE-ALS 1.0.2
2026-05-14 17:33:37,423 [INFO] ThirdParty:1030 - CMSIS Pack Vendor :emotas I-CUBE-CANOPEN 1.1.2
2026-05-14 17:33:37,423 [INFO] ThirdParty:1030 - CMSIS Pack Vendor :STMicroelectronics X-CUBE-TOUCHGFX 4.20.0
2026-05-14 17:33:37,423 [INFO] ThirdParty:1030 - CMSIS Pack Vendor :STMicroelectronics X-CUBE-MEMS1 10.0.0
2026-05-14 17:33:37,423 [INFO] ThirdParty:1030 - CMSIS Pack Vendor :ITTIA_DB I-CUBE-ITTIADB 8.9.0
2026-05-14 17:33:37,423 [INFO] ThirdParty:1030 - CMSIS Pack Vendor :STMicroelectronics X-CUBE-TOUCHGFX 4.24.2
2026-05-14 17:33:37,423 [INFO] ThirdParty:1030 - CMSIS Pack Vendor :STMicroelectronics X-CUBE-AZRTOS-WL 1.0.0
2026-05-14 17:33:37,423 [INFO] ThirdParty:1030 - CMSIS Pack Vendor :STMicroelectronics X-CUBE-TOUCHGFX 4.24.1
2026-05-14 17:33:37,423 [INFO] ThirdParty:1030 - CMSIS Pack Vendor :STMicroelectronics X-CUBE-STSE01 1.0.0
2026-05-14 17:33:37,423 [INFO] ThirdParty:1030 - CMSIS Pack Vendor :wolfSSL I-CUBE-wolfTPM 3.4.0
2026-05-14 17:33:37,423 [INFO] ThirdParty:1030 - CMSIS Pack Vendor :portGmbH I-Cube-SoM-uGOAL 1.1.0
2026-05-14 17:33:37,423 [INFO] ThirdParty:1030 - CMSIS Pack Vendor :STMicroelectronics X-CUBE-ALS 1.0.1
2026-05-14 17:33:37,423 [INFO] ThirdParty:1030 - CMSIS Pack Vendor :STMicroelectronics X-CUBE-NFC6 3.2.0
2026-05-14 17:33:37,423 [INFO] ThirdParty:1030 - CMSIS Pack Vendor :STMicroelectronics X-CUBE-MEMS1 9.5.0
2026-05-14 17:33:37,423 [INFO] ThirdParty:1030 - CMSIS Pack Vendor :STMicroelectronics X-CUBE-ST67W61 1.0.0
2026-05-14 17:33:37,423 [INFO] ThirdParty:1030 - CMSIS Pack Vendor :STMicroelectronics X-CUBE-AI 10.2.0
2026-05-14 17:33:37,423 [INFO] ThirdParty:1030 - CMSIS Pack Vendor :STMicroelectronics ThreadX 1.0.0
2026-05-14 17:33:37,423 [INFO] ThirdParty:1030 - CMSIS Pack Vendor :STMicroelectronics X-CUBE-MEMS1 12.1.0
2026-05-14 17:33:37,423 [INFO] ThirdParty:1030 - CMSIS Pack Vendor :STMicroelectronics X-CUBE-AZRTOS-WB 1.1.0
2026-05-14 17:33:37,423 [INFO] ThirdParty:1030 - CMSIS Pack Vendor :SEGGER I-CUBE-embOS 1.3.1
2026-05-14 17:33:37,423 [INFO] ThirdParty:1030 - CMSIS Pack Vendor :STMicroelectronics X-CUBE-ALGOBUILD 1.4.0
2026-05-14 17:33:37,423 [INFO] ThirdParty:1030 - CMSIS Pack Vendor :STMicroelectronics X-CUBE-MEMS1 11.3.0
2026-05-14 17:33:37,423 [INFO] ThirdParty:1030 - CMSIS Pack Vendor :STMicroelectronics X-CUBE-AZRTOS-L5 1.0.0
2026-05-14 17:33:37,423 [INFO] ThirdParty:1030 - CMSIS Pack Vendor :STMicroelectronics X-CUBE-EEPRMA1 3.1.1
2026-05-14 17:33:37,424 [INFO] ThirdParty:1030 - CMSIS Pack Vendor :STMicroelectronics X-CUBE-AZRTOS-H7RS 1.0.0
2026-05-14 17:33:37,424 [INFO] ThirdParty:1030 - CMSIS Pack Vendor :STMicroelectronics FP-ATR-ASTRA1 2.0.0
2026-05-14 17:33:37,424 [INFO] ThirdParty:1030 - CMSIS Pack Vendor :STMicroelectronics X-CUBE-TOF1 3.4.2
2026-05-14 17:33:37,424 [INFO] ThirdParty:1030 - CMSIS Pack Vendor :STMicroelectronics X-CUBE-TOF1 3.4.3
2026-05-14 17:33:37,424 [INFO] ThirdParty:1030 - CMSIS Pack Vendor :STMicroelectronics X-CUBE-AI 9.1.0
2026-05-14 17:33:37,424 [INFO] ThirdParty:1030 - CMSIS Pack Vendor :STMicroelectronics X-CUBE-TOF1 3.4.1
2026-05-14 17:33:37,424 [INFO] ThirdParty:1030 - CMSIS Pack Vendor :STMicroelectronics X-CUBE-AZRTOS-H7 3.2.0
2026-05-14 17:33:37,424 [INFO] ThirdParty:1030 - CMSIS Pack Vendor :Infineon AIROC-Wi-Fi-Bluetooth-STM32 1.6.0
2026-05-14 17:33:37,424 [INFO] ThirdParty:1030 - CMSIS Pack Vendor :wolfSSL I-CUBE-wolfSSH 1.4.17
2026-05-14 17:33:37,425 [INFO] ThirdParty:841 - exiting critical section [change project]
2026-05-14 17:33:38,004 [INFO] PinOutPanel:1589 - setPackage(No Configuration,No Configuration)
2026-05-14 17:33:38,006 [INFO] PinOutPanel:1589 - setPackage(STM32F411CEUx,UFQFPN48)
2026-05-14 17:33:38,639 [INFO] UtilMem:75 - Before build in PCC Used Memory: 836880712 Bytes (1073741824)
2026-05-14 17:33:39,690 [INFO] UtilMem:75 - After build in PCC Used Memory: 920362224 Bytes (1073741824)
2026-05-14 17:33:39,849 [INFO] ApiDbMcu:508 - Load IP Config File for USB_DEVICE
2026-05-14 17:33:39,886 [INFO] IPUIPlugin:80 - create IPUIPlugin
2026-05-14 17:33:39,886 [INFO] IPUIPlugin:80 - create IPUIPlugin
2026-05-14 17:33:39,886 [INFO] IPUIPlugin:80 - create IPUIPlugin
2026-05-14 17:33:39,886 [INFO] IPUIPlugin:80 - create IPUIPlugin
2026-05-14 17:33:39,887 [INFO] IPUIPlugin:80 - create IPUIPlugin
2026-05-14 17:33:39,887 [INFO] IPUIPlugin:80 - create IPUIPlugin
2026-05-14 17:33:39,887 [INFO] IPUIPlugin:80 - create IPUIPlugin
2026-05-14 17:33:39,887 [INFO] IPUIPlugin:80 - create IPUIPlugin
2026-05-14 17:33:39,888 [INFO] IPUIPlugin:80 - create IPUIPlugin
2026-05-14 17:33:39,888 [INFO] IPUIPlugin:80 - create IPUIPlugin
2026-05-14 17:33:39,888 [INFO] IPUIPlugin:80 - create IPUIPlugin
2026-05-14 17:33:39,888 [INFO] IPUIPlugin:80 - create IPUIPlugin
2026-05-14 17:33:39,888 [INFO] IPUIPlugin:80 - create IPUIPlugin
2026-05-14 17:33:39,888 [INFO] IPUIPlugin:80 - create IPUIPlugin
2026-05-14 17:33:39,888 [INFO] IPUIPlugin:80 - create IPUIPlugin
2026-05-14 17:33:39,889 [INFO] IPUIPlugin:80 - create IPUIPlugin
2026-05-14 17:33:39,889 [INFO] IPUIPlugin:80 - create IPUIPlugin
2026-05-14 17:33:39,889 [INFO] IPUIPlugin:80 - create IPUIPlugin
2026-05-14 17:33:39,889 [INFO] IPUIPlugin:80 - create IPUIPlugin
2026-05-14 17:33:39,890 [INFO] IPUIPlugin:80 - create IPUIPlugin
2026-05-14 17:33:39,890 [INFO] IPUIPlugin:80 - create IPUIPlugin
2026-05-14 17:33:39,890 [INFO] IPUIPlugin:80 - create IPUIPlugin
2026-05-14 17:33:39,891 [INFO] IPUIPlugin:80 - create IPUIPlugin
2026-05-14 17:33:39,891 [INFO] IPUIPlugin:80 - create IPUIPlugin
2026-05-14 17:33:39,891 [INFO] IPUIPlugin:80 - create IPUIPlugin
2026-05-14 17:33:39,891 [INFO] IPUIPlugin:80 - create IPUIPlugin
2026-05-14 17:33:39,891 [INFO] IPUIPlugin:80 - create IPUIPlugin
2026-05-14 17:33:39,891 [INFO] IPUIPlugin:80 - create IPUIPlugin
2026-05-14 17:33:39,891 [INFO] IPUIPlugin:80 - create IPUIPlugin
2026-05-14 17:33:39,892 [INFO] IPUIPlugin:80 - create IPUIPlugin
2026-05-14 17:33:39,892 [INFO] IPUIPlugin:80 - create IPUIPlugin
2026-05-14 17:33:39,892 [INFO] IPUIPlugin:80 - create IPUIPlugin
2026-05-14 17:33:39,892 [INFO] IPUIPlugin:80 - create IPUIPlugin
2026-05-14 17:33:39,892 [INFO] IPUIPlugin:80 - create IPUIPlugin
2026-05-14 17:33:39,893 [INFO] IPUIPlugin:80 - create IPUIPlugin
2026-05-14 17:33:39,893 [INFO] IPUIPlugin:80 - create IPUIPlugin
2026-05-14 17:33:39,893 [INFO] IPUIPlugin:80 - create IPUIPlugin
2026-05-14 17:33:39,894 [INFO] IPUIPlugin:80 - create IPUIPlugin
2026-05-14 17:33:39,895 [INFO] IPUIPlugin:80 - create IPUIPlugin
2026-05-14 17:33:39,896 [INFO] IPUIPlugin:80 - create IPUIPlugin
2026-05-14 17:33:39,896 [INFO] IPUIPlugin:80 - create IPUIPlugin
2026-05-14 17:33:39,896 [INFO] IPUIPlugin:80 - create IPUIPlugin
2026-05-14 17:33:39,898 [INFO] IPUIPlugin:80 - create IPUIPlugin
2026-05-14 17:33:39,925 [INFO] ApiDbMcu:508 - Load IP Config File for PDM2PCM
2026-05-14 17:33:39,943 [INFO] I2sManager:658 - 1.1875E8
2026-05-14 17:33:39,945 [INFO] I2sManager:195 - I2S Clock Value : 1.1875E8
2026-05-14 17:33:39,950 [INFO] I2sManager:553 - AudioClock : 15995Divider : 116Odd : 0
2026-05-14 17:33:40,252 [INFO] CADModel:165 - CPN selected for project levelSTM32F411CEU6
2026-05-14 17:33:40,252 [INFO] CADModel:114 - Register for checkConnection events
2026-05-14 17:33:40,290 [INFO] OpenFileManager:385 - Restore cursor
2026-05-14 17:33:40,541 [WARN] IP:2250 - DEVICE_SERIAL0_HID_FS not found: check if there is a RefParameter without a condition.
2026-05-14 17:33:40,542 [WARN] IP:2250 - DEVICE_SERIAL1_HID_FS not found: check if there is a RefParameter without a condition.
2026-05-14 17:33:40,542 [WARN] IP:2250 - DEVICE_SERIAL2_HID_FS not found: check if there is a RefParameter without a condition.
2026-05-14 17:33:40,543 [WARN] IP:2250 - DEVICE_SERIAL0_HID_FS not found: check if there is a RefParameter without a condition.
2026-05-14 17:33:40,543 [WARN] IP:2250 - DEVICE_SERIAL1_HID_FS not found: check if there is a RefParameter without a condition.
2026-05-14 17:33:40,543 [WARN] IP:2250 - DEVICE_SERIAL2_HID_FS not found: check if there is a RefParameter without a condition.
2026-05-14 22:07:09,103 [INFO] MainUpdater:2872 - connection check result : 10
2026-05-14 22:07:09,106 [INFO] MainUpdater:2872 - connection check result : 10
2026-05-14 22:07:09,156 [INFO] I2sManager:658 - 1.1875E8
2026-05-14 22:07:09,157 [INFO] I2sManager:195 - I2S Clock Value : 1.1875E8
2026-05-14 22:07:09,158 [INFO] I2sManager:553 - AudioClock : 15995Divider : 116Odd : 0
2026-05-14 22:07:09,188 [INFO] MicroXplorer:468 - Change Database Path : 
2026-05-14 22:07:09,189 [INFO] MicroXplorer:498 - Change Database Version : DB.6.0.141
2026-05-14 22:07:09,378 [ERROR] ProjectManagerView:395 - 
java.lang.NullPointerException: Cannot invoke "javax.swing.JTextField.getText()" because the return value of "java.util.List.get(int)" is null
	at com.st.microxplorer.plugins.projectmanager.gui.ProjectChoiceTab$9.caretUpdate(ProjectChoiceTab.java:2678) ~[filemanager.jar:?]
	at javax.swing.text.JTextComponent.fireCaretUpdate(JTextComponent.java:408) ~[?:?]
	at javax.swing.text.JTextComponent$MutableCaretEvent.fire(JTextComponent.java:4484) ~[?:?]
	at javax.swing.text.JTextComponent$MutableCaretEvent.stateChanged(JTextComponent.java:4506) ~[?:?]
	at javax.swing.text.DefaultCaret.fireStateChanged(DefaultCaret.java:857) ~[?:?]
	at javax.swing.text.DefaultCaret.changeCaretPosition(DefaultCaret.java:1343) ~[?:?]
	at javax.swing.text.DefaultCaret.handleSetDot(DefaultCaret.java:1242) ~[?:?]
	at javax.swing.text.DefaultCaret.setDot(DefaultCaret.java:1223) ~[?:?]
	at javax.swing.text.DefaultCaret$Handler.insertUpdate(DefaultCaret.java:1819) ~[?:?]
	at javax.swing.text.AbstractDocument.fireInsertUpdate(AbstractDocument.java:227) ~[?:?]
	at javax.swing.text.AbstractDocument.handleInsertString(AbstractDocument.java:781) ~[?:?]
	at javax.swing.text.AbstractDocument.insertString(AbstractDocument.java:740) ~[?:?]
	at javax.swing.text.PlainDocument.insertString(PlainDocument.java:131) ~[?:?]
	at javax.swing.text.AbstractDocument.replace(AbstractDocument.java:699) ~[?:?]
	at javax.swing.text.JTextComponent.setText(JTextComponent.java:1725) ~[?:?]
	at com.st.microxplorer.plugins.projectmanager.gui.ProjectChoiceTab.createHeapStackFields(ProjectChoiceTab.java:979) ~[filemanager.jar:?]
	at com.st.microxplorer.plugins.projectmanager.gui.ProjectChoiceTab.buildLinkSettingsPanel(ProjectChoiceTab.java:3766) ~[filemanager.jar:?]
	at com.st.microxplorer.plugins.projectmanager.gui.ProjectChoiceTab.defineWindowsFields(ProjectChoiceTab.java:1962) ~[filemanager.jar:?]
	at com.st.microxplorer.plugins.projectmanager.gui.ProjectChoiceTab.updateSettings(ProjectChoiceTab.java:555) ~[filemanager.jar:?]
	at com.st.microxplorer.plugins.projectmanager.gui.ProjectSettingsPanel.UpdateDialog(ProjectSettingsPanel.java:245) ~[filemanager.jar:?]
	at com.st.microxplorer.plugins.projectmanager.ProjectManagerView.propertyChange(ProjectManagerView.java:392) ~[filemanager.jar:?]
	at java.beans.PropertyChangeSupport.fire(PropertyChangeSupport.java:343) ~[?:?]
	at java.beans.PropertyChangeSupport.firePropertyChange(PropertyChangeSupport.java:335) ~[?:?]
	at java.beans.PropertyChangeSupport.firePropertyChange(PropertyChangeSupport.java:268) ~[?:?]
	at com.st.microxplorer.util.MXPropertyChangeSupport.firePropertyChange(MXPropertyChangeSupport.java:54) ~[STM32CubeMX.jar:?]
	at com.st.microxplorer.mxsystem.MxSystem.closeConfig(MxSystem.java:899) ~[STM32CubeMX.jar:?]
	at com.st.microxplorer.maingui.MainPanel.closeConfig(MainPanel.java:789) ~[STM32CubeMX.jar:?]
	at com.st.microxplorer.plugins.filemanager.engine.OpenFileManager.loadConfigurationFile(OpenFileManager.java:287) ~[filemanager.jar:?]
	at com.st.microxplorer.plugins.filemanager.engine.MainFileManager.userLoadConfig(MainFileManager.java:341) ~[filemanager.jar:?]
	at com.st.microxplorer.plugins.filemanager.engine.MainFileManager.userLoadConfig(MainFileManager.java:319) ~[filemanager.jar:?]
	at com.st.microxplorer.plugins.filemanager.FileManagerView.getSpecificTask(FileManagerView.java:246) ~[filemanager.jar:?]
	at com.st.stm32cube.common.mx.editor.CubeMxEditor.getMxTabbedPaneInstance(CubeMxEditor.java:1198) ~[com.st.stm32cube.common.mx_6.14.1.202504091515/:?]
	at com.st.stm32cube.common.mx.editor.CubeMxEditor$12$1.createSwingComponent(CubeMxEditor.java:1068) ~[com.st.stm32cube.common.mx_6.14.1.202504091515/:?]
	at com.st.stm32cube.common.mx.oss.core.awtswtbridge.EmbeddedSwingComposite.doComponentCreation(EmbeddedSwingComposite.java:492) ~[com.st.stm32cube.common.mx.oss_6.14.1.202504091515/:?]
	at com.st.stm32cube.common.mx.oss.core.awtswtbridge.EmbeddedSwingComposite$4.run(EmbeddedSwingComposite.java:291) ~[com.st.stm32cube.common.mx.oss_6.14.1.202504091515/:?]
	at com.st.stm32cube.common.mx.oss.core.awtswtbridge.AwtEnvironment$2.run(AwtEnvironment.java:166) ~[com.st.stm32cube.common.mx.oss_6.14.1.202504091515/:?]
	at java.awt.event.InvocationEvent.dispatch(InvocationEvent.java:318) ~[?:?]
	at java.awt.EventQueue.dispatchEventImpl(EventQueue.java:773) ~[?:?]
	at java.awt.EventQueue$4.run(EventQueue.java:720) ~[?:?]
	at java.awt.EventQueue$4.run(EventQueue.java:714) ~[?:?]
	at java.security.AccessController.doPrivileged(AccessController.java:400) ~[?:?]
	at java.security.ProtectionDomain$JavaSecurityAccessImpl.doIntersectionPrivilege(ProtectionDomain.java:87) ~[?:?]
	at java.awt.EventQueue.dispatchEvent(EventQueue.java:742) ~[?:?]
	at java.awt.EventDispatchThread.pumpOneEventForFilters(EventDispatchThread.java:203) ~[?:?]
	at java.awt.EventDispatchThread.pumpEventsForFilter(EventDispatchThread.java:124) ~[?:?]
	at java.awt.EventDispatchThread.pumpEventsForHierarchy(EventDispatchThread.java:113) ~[?:?]
	at java.awt.EventDispatchThread.pumpEvents(EventDispatchThread.java:109) ~[?:?]
	at java.awt.EventDispatchThread.pumpEvents(EventDispatchThread.java:101) ~[?:?]
	at java.awt.EventDispatchThread.run(EventDispatchThread.java:90) ~[?:?]
2026-05-14 22:07:09,396 [WARN] ThirdParty:871 - waiting for thirdparty lock release [close project]
2026-05-14 22:07:09,396 [INFO] ThirdParty:873 - entering critical section [close project]
2026-05-14 22:07:09,397 [INFO] ThirdParty:883 - exiting critical section [close project]
2026-05-14 22:07:09,402 [INFO] PinOutPanel:1589 - setPackage(No Configuration,No Configuration)
2026-05-14 22:07:09,452 [WARN] IpParametersView:155 - Warning: This peripheral hasn't parameters
2026-05-14 22:07:09,486 [WARN] MainPanel:289 - <html><b><center>Warning: This peripheral has no parameters to be configured<br></b></html>
2026-05-14 22:07:09,506 [INFO] UtilMem:75 - Begin LoadConfig() Used Memory: 817370176 Bytes (1073741824)
2026-05-14 22:07:09,507 [INFO] MicroXplorer:468 - Change Database Path : 
2026-05-14 22:07:09,509 [INFO] MicroXplorer:498 - Change Database Version : DB.6.0.141
2026-05-14 22:07:09,509 [INFO] OpenFileManager:354 - Change cursor
2026-05-14 22:07:09,561 [INFO] Mcu:2011 - Initializing MCU STM32F411C(C-E)Ux STM32F411CEUx STM32F411CEU6
2026-05-14 22:07:11,170 [INFO] Context:756 - Trying to add GPIOservice into a context  which must be forbidden
2026-05-14 22:07:11,609 [INFO] ImportTextPane:218 - (OptionalMessage_ERROR) Pin26 (VP_RIF_VS_RIF1) cannot be retrieved for this MCU
2026-05-14 22:07:11,704 [INFO] RtosManager:558 - Registered RTOS mode: class=CMSIS, group=RTOS, mode=CMSIS_V1, owner=FREERTOS
2026-05-14 22:07:11,704 [INFO] RtosManager:558 - Registered RTOS mode: class=CMSIS, group=RTOS2, mode=CMSIS_V2, owner=FREERTOS
2026-05-14 22:07:11,704 [INFO] RtosManager:558 - Registered RTOS mode: class=RTOS, group=Core, mode=CMSIS_V1, owner=FREERTOS
2026-05-14 22:07:11,705 [INFO] RtosManager:558 - Registered RTOS mode: class=RTOS, group=Core, mode=CMSIS_V2, owner=FREERTOS
2026-05-14 22:07:11,705 [WARN] ModelIntegratedComponent:184 - Missing modes for component STMicroelectronics:FreeRTOS:0.0.1:STMicroelectronics:RTOS:FreeRTOS:Core:::10.2.0:
2026-05-14 22:07:11,713 [WARN] ModelIntegratedComponent:63 - No mode defined for component null
2026-05-14 22:07:11,714 [WARN] ModelIntegratedComponent:63 - No mode defined for component null
2026-05-14 22:07:11,714 [WARN] ModelIntegratedComponent:63 - No mode defined for component null
2026-05-14 22:07:11,714 [WARN] ModelIntegratedComponent:63 - No mode defined for component null
2026-05-14 22:07:11,714 [WARN] ModelIntegratedComponent:63 - No mode defined for component null
2026-05-14 22:07:11,714 [WARN] ModelIntegratedComponent:63 - No mode defined for component null
2026-05-14 22:07:11,714 [WARN] ModelIntegratedComponent:63 - No mode defined for component null
2026-05-14 22:07:11,714 [WARN] ModelIntegratedComponent:63 - No mode defined for component null
2026-05-14 22:07:11,714 [WARN] ModelIntegratedComponent:63 - No mode defined for component null
2026-05-14 22:07:11,714 [WARN] ModelIntegratedComponent:63 - No mode defined for component null
2026-05-14 22:07:11,714 [WARN] ModelIntegratedComponent:63 - No mode defined for component null
2026-05-14 22:07:11,714 [WARN] ModelIntegratedComponent:63 - No mode defined for component null
2026-05-14 22:07:11,714 [WARN] ModelIntegratedComponent:63 - No mode defined for component null
2026-05-14 22:07:11,714 [WARN] ModelIntegratedComponent:63 - No mode defined for component null
2026-05-14 22:07:11,715 [WARN] ModelIntegratedComponent:63 - No mode defined for component null
2026-05-14 22:07:11,715 [WARN] ModelIntegratedComponent:63 - No mode defined for component null
2026-05-14 22:07:11,715 [WARN] ModelIntegratedComponent:63 - No mode defined for component null
2026-05-14 22:07:11,715 [WARN] ModelIntegratedComponent:63 - No mode defined for component null
2026-05-14 22:07:11,715 [WARN] ModelIntegratedComponent:63 - No mode defined for component null
2026-05-14 22:07:11,715 [WARN] ModelIntegratedComponent:63 - No mode defined for component null
2026-05-14 22:07:11,715 [WARN] ModelIntegratedComponent:63 - No mode defined for component null
2026-05-14 22:07:11,715 [WARN] ModelIntegratedComponent:63 - No mode defined for component null
2026-05-14 22:07:11,715 [WARN] ModelIntegratedComponent:63 - No mode defined for component null
2026-05-14 22:07:11,715 [WARN] ModelIntegratedComponent:63 - No mode defined for component null
2026-05-14 22:07:11,715 [WARN] ModelIntegratedComponent:63 - No mode defined for component null
2026-05-14 22:07:11,715 [WARN] ModelIntegratedComponent:63 - No mode defined for component null
2026-05-14 22:07:11,715 [WARN] ModelIntegratedComponent:63 - No mode defined for component null
2026-05-14 22:07:11,715 [WARN] ModelIntegratedComponent:63 - No mode defined for component null
2026-05-14 22:07:11,715 [WARN] ModelIntegratedComponent:63 - No mode defined for component null
2026-05-14 22:07:11,715 [WARN] ModelIntegratedComponent:63 - No mode defined for component null
2026-05-14 22:07:11,715 [WARN] ModelIntegratedComponent:63 - No mode defined for component null
2026-05-14 22:07:11,715 [WARN] ModelIntegratedComponent:63 - No mode defined for component null
2026-05-14 22:07:11,716 [WARN] ModelIntegratedComponent:63 - No mode defined for component null
2026-05-14 22:07:11,716 [WARN] ModelIntegratedComponent:63 - No mode defined for component null
2026-05-14 22:07:11,716 [WARN] ModelIntegratedComponent:63 - No mode defined for component null
2026-05-14 22:07:11,716 [WARN] ModelPack:524 - Component already loaded: STMicroelectronics:HAL Drivers:0.0.0:STMicroelectronics:Device:STMicro_Driver:XSPI:HAL::0.0.1:HAL_XSPI
2026-05-14 22:07:11,813 [WARN] ModelIntegratedComponent:182 - Modes not found for component STMicroelectronics:USB_DEVICE:1.0.0:STMicroelectronics:USB::USB Device:Audio HS::1.0:USB_DEVICE_1_0_RESTRICTED_HS
2026-05-14 22:07:11,813 [WARN] ModelIntegratedComponent:188 - Modes not found for component STMicroelectronics:USB_DEVICE:1.0.0:STMicroelectronics:USB::USB Device:Audio HS::1.0:USB_DEVICE_1_0_RESTRICTED_HS
2026-05-14 22:07:11,813 [WARN] ModelIntegratedComponent:182 - Modes not found for component STMicroelectronics:USB_DEVICE:1.0.0:STMicroelectronics:USB::USB Device:CDC HS::1.0:USB_DEVICE_1_0_RESTRICTED_HS
2026-05-14 22:07:11,815 [WARN] ModelIntegratedComponent:188 - Modes not found for component STMicroelectronics:USB_DEVICE:1.0.0:STMicroelectronics:USB::USB Device:CDC HS::1.0:USB_DEVICE_1_0_RESTRICTED_HS
2026-05-14 22:07:11,815 [WARN] ModelIntegratedComponent:182 - Modes not found for component STMicroelectronics:USB_DEVICE:1.0.0:STMicroelectronics:USB::USB Device:DFU HS::1.0:USB_DEVICE_1_0_RESTRICTED_HS
2026-05-14 22:07:11,815 [WARN] ModelIntegratedComponent:188 - Modes not found for component STMicroelectronics:USB_DEVICE:1.0.0:STMicroelectronics:USB::USB Device:DFU HS::1.0:USB_DEVICE_1_0_RESTRICTED_HS
2026-05-14 22:07:11,815 [WARN] ModelIntegratedComponent:182 - Modes not found for component STMicroelectronics:USB_DEVICE:1.0.0:STMicroelectronics:USB::USB Device:HID HS::1.0:USB_DEVICE_1_0_RESTRICTED_HS
2026-05-14 22:07:11,815 [WARN] ModelIntegratedComponent:188 - Modes not found for component STMicroelectronics:USB_DEVICE:1.0.0:STMicroelectronics:USB::USB Device:HID HS::1.0:USB_DEVICE_1_0_RESTRICTED_HS
2026-05-14 22:07:11,815 [WARN] ModelIntegratedComponent:182 - Modes not found for component STMicroelectronics:USB_DEVICE:1.0.0:STMicroelectronics:USB::USB Device:Custom HID HS::1.0:USB_DEVICE_1_0_RESTRICTED_HS
2026-05-14 22:07:11,815 [WARN] ModelIntegratedComponent:188 - Modes not found for component STMicroelectronics:USB_DEVICE:1.0.0:STMicroelectronics:USB::USB Device:Custom HID HS::1.0:USB_DEVICE_1_0_RESTRICTED_HS
2026-05-14 22:07:11,815 [WARN] ModelIntegratedComponent:182 - Modes not found for component STMicroelectronics:USB_DEVICE:1.0.0:STMicroelectronics:USB::USB Device:MSC HS::1.0:USB_DEVICE_1_0_RESTRICTED_HS
2026-05-14 22:07:11,815 [WARN] ModelIntegratedComponent:188 - Modes not found for component STMicroelectronics:USB_DEVICE:1.0.0:STMicroelectronics:USB::USB Device:MSC HS::1.0:USB_DEVICE_1_0_RESTRICTED_HS
2026-05-14 22:07:11,909 [WARN] ModelIntegratedComponent:182 - Modes not found for component STMicroelectronics:USB_HOST:1.0.0:STMicroelectronics:USB::USB Host:Audio HS::1.0:USB_HOST_1_0_RESTRICTED_HS
2026-05-14 22:07:11,910 [WARN] ModelIntegratedComponent:188 - Modes not found for component STMicroelectronics:USB_HOST:1.0.0:STMicroelectronics:USB::USB Host:Audio HS::1.0:USB_HOST_1_0_RESTRICTED_HS
2026-05-14 22:07:11,910 [WARN] ModelIntegratedComponent:182 - Modes not found for component STMicroelectronics:USB_HOST:1.0.0:STMicroelectronics:USB::USB Host:CDC HS::1.0:USB_HOST_1_0_RESTRICTED_HS
2026-05-14 22:07:11,910 [WARN] ModelIntegratedComponent:188 - Modes not found for component STMicroelectronics:USB_HOST:1.0.0:STMicroelectronics:USB::USB Host:CDC HS::1.0:USB_HOST_1_0_RESTRICTED_HS
2026-05-14 22:07:11,910 [WARN] ModelIntegratedComponent:182 - Modes not found for component STMicroelectronics:USB_HOST:1.0.0:STMicroelectronics:USB::USB Host:MSC HS::1.0:USB_HOST_1_0_RESTRICTED_HS
2026-05-14 22:07:11,910 [WARN] ModelIntegratedComponent:188 - Modes not found for component STMicroelectronics:USB_HOST:1.0.0:STMicroelectronics:USB::USB Host:MSC HS::1.0:USB_HOST_1_0_RESTRICTED_HS
2026-05-14 22:07:11,910 [WARN] ModelIntegratedComponent:182 - Modes not found for component STMicroelectronics:USB_HOST:1.0.0:STMicroelectronics:USB::USB Host:HID HS::1.0:USB_HOST_1_0_RESTRICTED_HS
2026-05-14 22:07:11,910 [WARN] ModelIntegratedComponent:188 - Modes not found for component STMicroelectronics:USB_HOST:1.0.0:STMicroelectronics:USB::USB Host:HID HS::1.0:USB_HOST_1_0_RESTRICTED_HS
2026-05-14 22:07:11,910 [WARN] ModelIntegratedComponent:182 - Modes not found for component STMicroelectronics:USB_HOST:1.0.0:STMicroelectronics:USB::USB Host:MTP HS::1.0:USB_HOST_1_0_RESTRICTED_HS
2026-05-14 22:07:11,910 [WARN] ModelIntegratedComponent:188 - Modes not found for component STMicroelectronics:USB_HOST:1.0.0:STMicroelectronics:USB::USB Host:MTP HS::1.0:USB_HOST_1_0_RESTRICTED_HS
2026-05-14 22:07:12,137 [INFO] ThirdPartyModel:298 - Start build external matchings
2026-05-14 22:07:17,186 [INFO] ThirdPartyModel:316 - End build external matchings
2026-05-14 22:07:17,322 [INFO] ImportTextPane:218 - (OptionalMessage_ERROR) IP (DMA) : Parameter (Instance) has Id (SPI2_TX) currently not set
2026-05-14 22:07:17,323 [INFO] ImportTextPane:218 - (OptionalMessage_ERROR) IP (DMA) : Parameter (Channel) has Id (SPI2_TX) currently not set
2026-05-14 22:07:17,323 [INFO] ImportTextPane:218 - (OptionalMessage_ERROR) IP (DMA) : Parameter (Direction) has Id (SPI2_TX) currently not set
2026-05-14 22:07:17,323 [INFO] ImportTextPane:218 - (OptionalMessage_ERROR) IP (DMA) : Parameter (PeriphInc) has Id (SPI2_TX) currently not set
2026-05-14 22:07:17,323 [INFO] ImportTextPane:218 - (OptionalMessage_ERROR) IP (DMA) : Parameter (MemInc) has Id (SPI2_TX) currently not set
2026-05-14 22:07:17,323 [INFO] ImportTextPane:218 - (OptionalMessage_ERROR) IP (DMA) : Parameter (PeriphDataAlignment) has Id (SPI2_TX) currently not set
2026-05-14 22:07:17,323 [INFO] ImportTextPane:218 - (OptionalMessage_ERROR) IP (DMA) : Parameter (MemDataAlignment) has Id (SPI2_TX) currently not set
2026-05-14 22:07:17,323 [INFO] ImportTextPane:218 - (OptionalMessage_ERROR) IP (DMA) : Parameter (Mode) has Id (SPI2_TX) currently not set
2026-05-14 22:07:17,323 [INFO] ImportTextPane:218 - (OptionalMessage_ERROR) IP (DMA) : Parameter (Priority) has Id (SPI2_TX) currently not set
2026-05-14 22:07:17,324 [INFO] ImportTextPane:218 - (OptionalMessage_ERROR) IP (DMA) : Parameter (FIFOMode) has Id (SPI2_TX) currently not set
2026-05-14 22:07:17,324 [INFO] ImportTextPane:218 - (OptionalMessage_ERROR) IP (DMA) : Parameter (Instance) has Id (ADC1) currently not set
2026-05-14 22:07:17,324 [INFO] ImportTextPane:218 - (OptionalMessage_ERROR) IP (DMA) : Parameter (Channel) has Id (ADC1) currently not set
2026-05-14 22:07:17,324 [INFO] ImportTextPane:218 - (OptionalMessage_ERROR) IP (DMA) : Parameter (Direction) has Id (ADC1) currently not set
2026-05-14 22:07:17,324 [INFO] ImportTextPane:218 - (OptionalMessage_ERROR) IP (DMA) : Parameter (PeriphInc) has Id (ADC1) currently not set
2026-05-14 22:07:17,324 [INFO] ImportTextPane:218 - (OptionalMessage_ERROR) IP (DMA) : Parameter (MemInc) has Id (ADC1) currently not set
2026-05-14 22:07:17,324 [INFO] ImportTextPane:218 - (OptionalMessage_ERROR) IP (DMA) : Parameter (PeriphDataAlignment) has Id (ADC1) currently not set
2026-05-14 22:07:17,324 [INFO] ImportTextPane:218 - (OptionalMessage_ERROR) IP (DMA) : Parameter (MemDataAlignment) has Id (ADC1) currently not set
2026-05-14 22:07:17,324 [INFO] ImportTextPane:218 - (OptionalMessage_ERROR) IP (DMA) : Parameter (Mode) has Id (ADC1) currently not set
2026-05-14 22:07:17,324 [INFO] ImportTextPane:218 - (OptionalMessage_ERROR) IP (DMA) : Parameter (Priority) has Id (ADC1) currently not set
2026-05-14 22:07:17,324 [INFO] ImportTextPane:218 - (OptionalMessage_ERROR) IP (DMA) : Parameter (FIFOMode) has Id (ADC1) currently not set
2026-05-14 22:07:17,327 [INFO] ImportTextPane:218 - (OptionalMessage_ERROR) IP (RCC) : Parameter (RTCHSEDivFreq_Value) has invalid value (12500000)
2026-05-14 22:07:17,338 [WARN] IP:2250 - DEVICE_SERIAL0_HID_FS not found: check if there is a RefParameter without a condition.
2026-05-14 22:07:17,339 [WARN] IP:2250 - DEVICE_SERIAL1_HID_FS not found: check if there is a RefParameter without a condition.
2026-05-14 22:07:17,339 [WARN] IP:2250 - DEVICE_SERIAL2_HID_FS not found: check if there is a RefParameter without a condition.
2026-05-14 22:07:17,559 [INFO] UtilMem:75 - End LoadConfig() Used Memory: 881227664 Bytes (1073741824)
2026-05-14 22:07:17,606 [WARN] ThirdParty:833 - waiting for thirdparty lock release [change project]
2026-05-14 22:07:17,607 [INFO] ThirdParty:835 - entering critical section [change project]
2026-05-14 22:07:17,607 [INFO] ThirdParty:1030 - CMSIS Pack Vendor :STMicroelectronics X-CUBE-AZRTOS-H7 3.5.0
2026-05-14 22:07:17,607 [INFO] ThirdParty:1030 - CMSIS Pack Vendor :STMicroelectronics X-CUBE-PM33A1 1.0.0
2026-05-14 22:07:17,607 [INFO] ThirdParty:1030 - CMSIS Pack Vendor :STMicroelectronics USBPD 4.1
2026-05-14 22:07:17,607 [INFO] ThirdParty:1030 - CMSIS Pack Vendor :STMicroelectronics X-CUBE-GNSS1 6.0.0
2026-05-14 22:07:17,607 [INFO] ThirdParty:1030 - CMSIS Pack Vendor :STMicroelectronics USB_HOST 2.0.0
2026-05-14 22:07:17,607 [INFO] ThirdParty:1030 - CMSIS Pack Vendor :STMicroelectronics FP-SNS-MOTENVWB1 1.4.0
2026-05-14 22:07:17,607 [INFO] ThirdParty:1030 - CMSIS Pack Vendor :STMicroelectronics X-CUBE-AZRTOS-F4 1.1.0
2026-05-14 22:07:17,607 [INFO] ThirdParty:1030 - CMSIS Pack Vendor :STMicroelectronics LIBJPEG 8.0.0
2026-05-14 22:07:17,607 [INFO] ThirdParty:1030 - CMSIS Pack Vendor :STMicroelectronics FP-ATR-ASTRA1 2.0.2
2026-05-14 22:07:17,607 [INFO] ThirdParty:1030 - CMSIS Pack Vendor :STMicroelectronics FP-ATR-ASTRA1 2.0.1
2026-05-14 22:07:17,607 [INFO] ThirdParty:1030 - CMSIS Pack Vendor :Avnet-IotConnect X-CUBE-IoTC-DA16k-PMOD 1.0.0
2026-05-14 22:07:17,607 [INFO] ThirdParty:1030 - CMSIS Pack Vendor :STMicroelectronics X-CUBE-SMBUS 2.1.0
2026-05-14 22:07:17,607 [INFO] ThirdParty:1030 - CMSIS Pack Vendor :STMicroelectronics X-CUBE-WB05N 1.1.0
2026-05-14 22:07:17,607 [INFO] ThirdParty:1030 - CMSIS Pack Vendor :STMicroelectronics X-CUBE-ISPU 2.1.0
2026-05-14 22:07:17,608 [INFO] ThirdParty:1030 - CMSIS Pack Vendor :STMicroelectronics eDS-WB_DPC_TT-BIDIR 2.1.1
2026-05-14 22:07:17,608 [INFO] ThirdParty:1030 - CMSIS Pack Vendor :STMicroelectronics X-CUBE-FREERTOS 1.2.0
2026-05-14 22:07:17,608 [INFO] ThirdParty:1030 - CMSIS Pack Vendor :STMicroelectronics X-CUBE-ST60 1.0.0
2026-05-14 22:07:17,608 [INFO] ThirdParty:1030 - CMSIS Pack Vendor :STMicroelectronics X-CUBE-NFC12 1.0.0
2026-05-14 22:07:17,608 [INFO] ThirdParty:1030 - CMSIS Pack Vendor :STMicroelectronics X-CUBE-BLEMGR 1.2.0
2026-05-14 22:07:17,608 [INFO] ThirdParty:1030 - CMSIS Pack Vendor :STMicroelectronics X-CUBE-TOUCHGFX 4.23.2
2026-05-14 22:07:17,608 [INFO] ThirdParty:1030 - CMSIS Pack Vendor :STMicroelectronics X-CUBE-AZRTOS-F7 1.1.0
2026-05-14 22:07:17,608 [INFO] ThirdParty:1030 - CMSIS Pack Vendor :STMicroelectronics X-CUBE-AZRTOS-L5 2.0.0
2026-05-14 22:07:17,608 [INFO] ThirdParty:1030 - CMSIS Pack Vendor :STMicroelectronics USB_DEVICE 2.0.0
2026-05-14 22:07:17,608 [INFO] ThirdParty:1030 - CMSIS Pack Vendor :STMicroelectronics X-CUBE-NFC6 3.1.0
2026-05-14 22:07:17,608 [INFO] ThirdParty:1030 - CMSIS Pack Vendor :STMicroelectronics X-CUBE-BLE1 6.2.3
2026-05-14 22:07:17,608 [INFO] ThirdParty:1030 - CMSIS Pack Vendor :STMicroelectronics X-CUBE-MEMS1 11.0.0
2026-05-14 22:07:17,608 [INFO] ThirdParty:1030 - CMSIS Pack Vendor :STMicroelectronics X-CUBE-BLE1 6.2.4
2026-05-14 22:07:17,608 [INFO] ThirdParty:1030 - CMSIS Pack Vendor :STMicroelectronics FreeRTOS 0.0.1
2026-05-14 22:07:17,608 [INFO] ThirdParty:1030 - CMSIS Pack Vendor :STMicroelectronics X-CUBE-BLEMGR 2.0.0
2026-05-14 22:07:17,608 [INFO] ThirdParty:1030 - CMSIS Pack Vendor :STMicroelectronics X-CUBE-DPower 1.2.0
2026-05-14 22:07:17,608 [INFO] ThirdParty:1030 - CMSIS Pack Vendor :STMicroelectronics eDS-WB_DPC_VIENNA 1.2.0
2026-05-14 22:07:17,608 [INFO] ThirdParty:1030 - CMSIS Pack Vendor :STMicroelectronics FP-SNS-FLIGHT1 5.0.2
2026-05-14 22:07:17,608 [INFO] ThirdParty:1030 - CMSIS Pack Vendor :STMicroelectronics eDS-WB_DPC_3PH2L-BIDIR 1.1.1
2026-05-14 22:07:17,608 [INFO] ThirdParty:1030 - CMSIS Pack Vendor :STMicroelectronics X-CUBE-NFC4 2.0.4
2026-05-14 22:07:17,608 [INFO] ThirdParty:1030 - CMSIS Pack Vendor :STMicroelectronics X-CUBE-AI 9.0.0
2026-05-14 22:07:17,609 [INFO] ThirdParty:1030 - CMSIS Pack Vendor :STMicroelectronics X-CUBE-AZRTOS-H7 3.1.0
2026-05-14 22:07:17,609 [INFO] ThirdParty:1030 - CMSIS Pack Vendor :STMicroelectronics PDM2PCM 3.3.0
2026-05-14 22:07:17,609 [INFO] ThirdParty:1030 - CMSIS Pack Vendor :STMicroelectronics X-CUBE-TOF1 3.1.0
2026-05-14 22:07:17,609 [INFO] ThirdParty:1030 - CMSIS Pack Vendor :STMicroelectronics X-CUBE-AZRTOS-H7 3.4.0
2026-05-14 22:07:17,609 [INFO] ThirdParty:1030 - CMSIS Pack Vendor :STMicroelectronics X-CUBE-DISPLAY 3.0.0
2026-05-14 22:07:17,609 [INFO] ThirdParty:1030 - CMSIS Pack Vendor :STMicroelectronics X-CUBE-GNSS1 7.1.1
2026-05-14 22:07:17,609 [INFO] ThirdParty:1030 - CMSIS Pack Vendor :STMicroelectronics X-CUBE-BLE1 7.0.0
2026-05-14 22:07:17,609 [INFO] ThirdParty:1030 - CMSIS Pack Vendor :STMicroelectronics X-CUBE-NFC10 1.0.0
2026-05-14 22:07:17,609 [INFO] ThirdParty:1030 - CMSIS Pack Vendor :wolfSSL I-CUBE-wolfSSL 5.5.1
2026-05-14 22:07:17,609 [INFO] ThirdParty:1030 - CMSIS Pack Vendor :STMicroelectronics X-CUBE-BLEMGR 4.0.0
2026-05-14 22:07:17,609 [INFO] ThirdParty:1030 - CMSIS Pack Vendor :STMicroelectronics X-CUBE-FREERTOS 1.3.1
2026-05-14 22:07:17,609 [INFO] ThirdParty:1030 - CMSIS Pack Vendor :STMicroelectronics HAL Drivers 0.0.0
2026-05-14 22:07:17,609 [INFO] ThirdParty:1030 - CMSIS Pack Vendor :STMicroelectronics X-CUBE-ST60 1.1.0
2026-05-14 22:07:17,609 [INFO] ThirdParty:1030 - CMSIS Pack Vendor :STMicroelectronics X-CUBE-FREERTOS 1.3.0
2026-05-14 22:07:17,609 [INFO] ThirdParty:1030 - CMSIS Pack Vendor :STMicroelectronics X-CUBE-NFC7 1.0.1
2026-05-14 22:07:17,609 [INFO] ThirdParty:1030 - CMSIS Pack Vendor :STMicroelectronics MBEDTLS 2.14.1
2026-05-14 22:07:17,609 [INFO] ThirdParty:1030 - CMSIS Pack Vendor :STMicroelectronics X-CUBE-GNSS1 7.1.0
2026-05-14 22:07:17,609 [INFO] ThirdParty:1030 - CMSIS Pack Vendor :STMicroelectronics X-CUBE-NFC7 1.0.0
2026-05-14 22:07:17,609 [INFO] ThirdParty:1030 - CMSIS Pack Vendor :STMicroelectronics X-CUBE-TOUCHGFX 4.26.0
2026-05-14 22:07:17,609 [INFO] ThirdParty:1030 - CMSIS Pack Vendor :STMicroelectronics X-CUBE-MEMS1 9.3.0
2026-05-14 22:07:17,609 [INFO] ThirdParty:1030 - CMSIS Pack Vendor :STMicroelectronics X-CUBE-TOUCHGFX 4.26.1
2026-05-14 22:07:17,609 [INFO] ThirdParty:1030 - CMSIS Pack Vendor :STMicroelectronics X-CUBE-EEPRMA1 4.1.0
2026-05-14 22:07:17,609 [INFO] ThirdParty:1030 - CMSIS Pack Vendor :STMicroelectronics X-CUBE-AI 7.2.0
2026-05-14 22:07:17,610 [INFO] ThirdParty:1030 - CMSIS Pack Vendor :STMicroelectronics X-CUBE-BLEMGR 3.1.0
2026-05-14 22:07:17,610 [INFO] ThirdParty:1030 - CMSIS Pack Vendor :STMicroelectronics X-CUBE-AI 10.0.0
2026-05-14 22:07:17,610 [INFO] ThirdParty:1030 - CMSIS Pack Vendor :STMicroelectronics FP-SNS-STAIOTCFT 1.0.0
2026-05-14 22:07:17,610 [INFO] ThirdParty:1030 - CMSIS Pack Vendor :STMicroelectronics FP-SNS-SMARTAG2 1.2.0
2026-05-14 22:07:17,610 [INFO] ThirdParty:1030 - CMSIS Pack Vendor :STMicroelectronics FP-SNS-FLIGHT1 5.1.0
2026-05-14 22:07:17,610 [INFO] ThirdParty:1030 - CMSIS Pack Vendor :STMicroelectronics X-CUBE-MEMS1 11.1.0
2026-05-14 22:07:17,610 [INFO] ThirdParty:1030 - CMSIS Pack Vendor :STMicroelectronics X-CUBE-AZRTOS-WL 2.0.0
2026-05-14 22:07:17,610 [INFO] ThirdParty:1030 - CMSIS Pack Vendor :STMicroelectronics X-CUBE-DPower 1.3.0
2026-05-14 22:07:17,610 [INFO] ThirdParty:1030 - CMSIS Pack Vendor :STMicroelectronics FP-SNS-MOTENV1 5.0.0
2026-05-14 22:07:17,610 [INFO] ThirdParty:1030 - CMSIS Pack Vendor :STMicroelectronics USB_DEVICE 1.0.0
2026-05-14 22:07:17,610 [INFO] ThirdParty:1030 - CMSIS Pack Vendor :STMicroelectronics X-CUBE-AZRTOS-H7RS 1.2.0
2026-05-14 22:07:17,610 [INFO] ThirdParty:1030 - CMSIS Pack Vendor :wolfSSL I-CUBE-wolfMQTT 1.19.0
2026-05-14 22:07:17,610 [INFO] ThirdParty:1030 - CMSIS Pack Vendor :STMicroelectronics X-CUBE-AZRTOS-L4 2.0.0
2026-05-14 22:07:17,610 [INFO] ThirdParty:1030 - CMSIS Pack Vendor :STMicroelectronics ThreadX 0.0.2
2026-05-14 22:07:17,610 [INFO] ThirdParty:1030 - CMSIS Pack Vendor :WES I-CUBE-Cesium 1.3.0
2026-05-14 22:07:17,610 [INFO] ThirdParty:1030 - CMSIS Pack Vendor :STMicroelectronics lwIP 2.1.2
2026-05-14 22:07:17,611 [INFO] ThirdParty:1030 - CMSIS Pack Vendor :STMicroelectronics X-CUBE-SFXS2LP1 4.0.0
2026-05-14 22:07:17,611 [INFO] ThirdParty:1030 - CMSIS Pack Vendor :STMicroelectronics X-CUBE-BLE2 3.3.0
2026-05-14 22:07:17,611 [INFO] ThirdParty:1030 - CMSIS Pack Vendor :Avnet-IOTCONNECT X-CUBE-iotc-st67-sdk 1.0.0
2026-05-14 22:07:17,612 [INFO] ThirdParty:1030 - CMSIS Pack Vendor :STMicroelectronics X-CUBE-DISPLAY 2.2.0
2026-05-14 22:07:17,612 [INFO] ThirdParty:1030 - CMSIS Pack Vendor :STMicroelectronics X-CUBE-TOF1 3.2.0
2026-05-14 22:07:17,613 [INFO] ThirdParty:1030 - CMSIS Pack Vendor :STMicroelectronics PDM2PCM 3.2.0
2026-05-14 22:07:17,613 [INFO] ThirdParty:1030 - CMSIS Pack Vendor :STMicroelectronics X-CUBE-ISPU 1.0.0
2026-05-14 22:07:17,613 [INFO] ThirdParty:1030 - CMSIS Pack Vendor :STMicroelectronics X-CUBE-WB05N 2.1.0
2026-05-14 22:07:17,614 [INFO] ThirdParty:1030 - CMSIS Pack Vendor :STMicroelectronics X-CUBE-ISPU 1.1.0
2026-05-14 22:07:17,614 [INFO] ThirdParty:1030 - CMSIS Pack Vendor :STMicroelectronics X-CUBE-AZRTOS-H7 3.3.0
2026-05-14 22:07:17,614 [INFO] ThirdParty:1030 - CMSIS Pack Vendor :RoweBots I-CUBE-UNISONRTOS 5.5.0-4
2026-05-14 22:07:17,614 [INFO] ThirdParty:1030 - CMSIS Pack Vendor :STMicroelectronics X-CUBE-NFC9 1.0.0
2026-05-14 22:07:17,614 [INFO] ThirdParty:1030 - CMSIS Pack Vendor :STMicroelectronics X-CUBE-AZRTOS-H7 2.1.0
2026-05-14 22:07:17,614 [INFO] ThirdParty:1030 - CMSIS Pack Vendor :STMicroelectronics X-CUBE-BLE1 7.1.0
2026-05-14 22:07:17,614 [INFO] ThirdParty:1030 - CMSIS Pack Vendor :STMicroelectronics USB_DEVICE 3.0.0
2026-05-14 22:07:17,614 [INFO] ThirdParty:1030 - CMSIS Pack Vendor :STMicroelectronics X-CUBE-TCPP 4.1.0
2026-05-14 22:07:17,614 [INFO] ThirdParty:1030 - CMSIS Pack Vendor :STMicroelectronics X-CUBE-EEPRMA1 5.2.0
2026-05-14 22:07:17,614 [INFO] ThirdParty:1030 - CMSIS Pack Vendor :STMicroelectronics X-CUBE-BLEMGR 4.1.0
2026-05-14 22:07:17,614 [INFO] ThirdParty:1030 - CMSIS Pack Vendor :STMicroelectronics X-CUBE-AI 8.0.0
2026-05-14 22:07:17,614 [INFO] ThirdParty:1030 - CMSIS Pack Vendor :STMicroelectronics X-CUBE-IPS 3.0.0
2026-05-14 22:07:17,615 [INFO] ThirdParty:1030 - CMSIS Pack Vendor :STMicroelectronics X-CUBE-AZRTOS-WB 2.0.0
2026-05-14 22:07:17,615 [INFO] ThirdParty:1030 - CMSIS Pack Vendor :STMicroelectronics X-CUBE-FREERTOS 1.0.1
2026-05-14 22:07:17,615 [INFO] ThirdParty:1030 - CMSIS Pack Vendor :STMicroelectronics X-CUBE-GNSS1 7.0.0
2026-05-14 22:07:17,615 [INFO] ThirdParty:1030 - CMSIS Pack Vendor :STMicroelectronics X-CUBE-GNSS1 7.0.1
2026-05-14 22:07:17,615 [INFO] ThirdParty:1030 - CMSIS Pack Vendor :STMicroelectronics X-CUBE-TOUCHGFX 4.21.3
2026-05-14 22:07:17,615 [INFO] ThirdParty:1030 - CMSIS Pack Vendor :STMicroelectronics X-CUBE-TOUCHGFX 4.25.0
2026-05-14 22:07:17,615 [INFO] ThirdParty:1030 - CMSIS Pack Vendor :STMicroelectronics X-CUBE-AI 7.3.0
2026-05-14 22:07:17,615 [INFO] ThirdParty:1030 - CMSIS Pack Vendor :STMicroelectronics X-CUBE-AI 10.1.0
2026-05-14 22:07:17,615 [INFO] ThirdParty:1030 - CMSIS Pack Vendor :STMicroelectronics FP-SNS-STBOX1 2.0.0
2026-05-14 22:07:17,615 [INFO] ThirdParty:1030 - CMSIS Pack Vendor :STMicroelectronics X-CUBE-MEMS1 12.0.0
2026-05-14 22:07:17,615 [INFO] ThirdParty:1030 - CMSIS Pack Vendor :STMicroelectronics X-CUBE-ALGOBUILD 1.3.0
2026-05-14 22:07:17,615 [INFO] ThirdParty:1030 - CMSIS Pack Vendor :STMicroelectronics X-CUBE-STSE01 2.0.0
2026-05-14 22:07:17,615 [INFO] ThirdParty:1030 - CMSIS Pack Vendor :STMicroelectronics X-CUBE-AZRTOS-L5 1.1.0
2026-05-14 22:07:17,615 [INFO] ThirdParty:1030 - CMSIS Pack Vendor :STMicroelectronics X-CUBE-MEMS1 11.2.0
2026-05-14 22:07:17,615 [INFO] ThirdParty:1030 - CMSIS Pack Vendor :STMicroelectronics X-CUBE-AZRTOS-G0 1.1.0
2026-05-14 22:07:17,615 [INFO] ThirdParty:1030 - CMSIS Pack Vendor :STMicroelectronics X-CUBE-SAFEA1 1.2.2
2026-05-14 22:07:17,615 [INFO] ThirdParty:1030 - CMSIS Pack Vendor :STMicroelectronics X-CUBE-NFC4 3.0.0
2026-05-14 22:07:17,615 [INFO] ThirdParty:1030 - CMSIS Pack Vendor :STMicroelectronics X-CUBE-SUBG2 5.0.0
2026-05-14 22:07:17,615 [INFO] ThirdParty:1030 - CMSIS Pack Vendor :STMicroelectronics X-CUBE-AZRTOS-H7RS 1.1.0
2026-05-14 22:07:17,615 [INFO] ThirdParty:1030 - CMSIS Pack Vendor :STMicroelectronics STM32_WPAN 1.0.0
2026-05-14 22:07:17,617 [INFO] ThirdParty:1030 - CMSIS Pack Vendor :SEGGER I-CUBE-embOS 1.2.1
2026-05-14 22:07:17,617 [INFO] ThirdParty:1030 - CMSIS Pack Vendor :wolfSSL I-CUBE-wolfMQTT 1.18.0
2026-05-14 22:07:17,617 [INFO] ThirdParty:1030 - CMSIS Pack Vendor :EmbeddedOffice I-CUBE-FS-RTOS 1.0.1
2026-05-14 22:07:17,617 [INFO] ThirdParty:1030 - CMSIS Pack Vendor :STMicroelectronics lwIP 2.0.3
2026-05-14 22:07:17,617 [INFO] ThirdParty:1030 - CMSIS Pack Vendor :Cesanta I-CUBE-Mongoose 7.13.0
2026-05-14 22:07:17,617 [INFO] ThirdParty:1030 - CMSIS Pack Vendor :STMicroelectronics USB_HOST 1.0.0
2026-05-14 22:07:17,617 [INFO] ThirdParty:1030 - CMSIS Pack Vendor :STMicroelectronics X-CUBE-AZRTOS-G4 2.0.0
2026-05-14 22:07:17,617 [INFO] ThirdParty:1030 - CMSIS Pack Vendor :STMicroelectronics X-CUBE-WB05N 2.0.0
2026-05-14 22:07:17,617 [INFO] ThirdParty:1030 - CMSIS Pack Vendor :STMicroelectronics PDM2PCM 3.1.0
2026-05-14 22:07:17,617 [INFO] ThirdParty:1030 - CMSIS Pack Vendor :STMicroelectronics X-CUBE-TOF1 3.3.0
2026-05-14 22:07:17,617 [INFO] ThirdParty:1030 - CMSIS Pack Vendor :STMicroelectronics FP-ATR-ASTRA1 1.1.1
2026-05-14 22:07:17,617 [INFO] ThirdParty:1030 - CMSIS Pack Vendor :STMicroelectronics X-CUBE-NFC7 2.0.0
2026-05-14 22:07:17,617 [INFO] ThirdParty:1030 - CMSIS Pack Vendor :STMicroelectronics X-CUBE-TCPP 4.2.0
2026-05-14 22:07:17,617 [INFO] ThirdParty:1030 - CMSIS Pack Vendor :RealThread X-CUBE-RT-Thread_Nano 4.1.1
2026-05-14 22:07:17,617 [INFO] ThirdParty:1030 - CMSIS Pack Vendor :STMicroelectronics FP-ATR-SIGFOX1 3.2.0
2026-05-14 22:07:17,617 [INFO] ThirdParty:1030 - CMSIS Pack Vendor :STMicroelectronics X-CUBE-AZRTOS-G4 1.0.0
2026-05-14 22:07:17,618 [INFO] ThirdParty:1030 - CMSIS Pack Vendor :STMicroelectronics X-CUBE-AZRTOS-L4 1.0.0
2026-05-14 22:07:17,618 [INFO] ThirdParty:1030 - CMSIS Pack Vendor :quantropi X-CUBE-qispace-sdk-base 1.9.3
2026-05-14 22:07:17,618 [INFO] ThirdParty:1030 - CMSIS Pack Vendor :STMicroelectronics X-CUBE-ISPU 2.0.0
2026-05-14 22:07:17,618 [INFO] ThirdParty:1030 - CMSIS Pack Vendor :STMicroelectronics X-CUBE-EEPRMA1 5.1.0
2026-05-14 22:07:17,618 [INFO] ThirdParty:1030 - CMSIS Pack Vendor :STMicroelectronics MBEDTLS 2.16.2
2026-05-14 22:07:17,618 [INFO] ThirdParty:1030 - CMSIS Pack Vendor :STMicroelectronics X-CUBE-IPS 3.1.0
2026-05-14 22:07:17,618 [INFO] ThirdParty:1030 - CMSIS Pack Vendor :STMicroelectronics X-CUBE-ALS 1.0.2
2026-05-14 22:07:17,618 [INFO] ThirdParty:1030 - CMSIS Pack Vendor :emotas I-CUBE-CANOPEN 1.1.2
2026-05-14 22:07:17,618 [INFO] ThirdParty:1030 - CMSIS Pack Vendor :STMicroelectronics X-CUBE-TOUCHGFX 4.20.0
2026-05-14 22:07:17,618 [INFO] ThirdParty:1030 - CMSIS Pack Vendor :STMicroelectronics X-CUBE-MEMS1 10.0.0
2026-05-14 22:07:17,619 [INFO] ThirdParty:1030 - CMSIS Pack Vendor :ITTIA_DB I-CUBE-ITTIADB 8.9.0
2026-05-14 22:07:17,619 [INFO] ThirdParty:1030 - CMSIS Pack Vendor :STMicroelectronics X-CUBE-TOUCHGFX 4.24.2
2026-05-14 22:07:17,619 [INFO] ThirdParty:1030 - CMSIS Pack Vendor :STMicroelectronics X-CUBE-AZRTOS-WL 1.0.0
2026-05-14 22:07:17,619 [INFO] ThirdParty:1030 - CMSIS Pack Vendor :STMicroelectronics X-CUBE-TOUCHGFX 4.24.1
2026-05-14 22:07:17,619 [INFO] ThirdParty:1030 - CMSIS Pack Vendor :STMicroelectronics X-CUBE-STSE01 1.0.0
2026-05-14 22:07:17,619 [INFO] ThirdParty:1030 - CMSIS Pack Vendor :wolfSSL I-CUBE-wolfTPM 3.4.0
2026-05-14 22:07:17,619 [INFO] ThirdParty:1030 - CMSIS Pack Vendor :portGmbH I-Cube-SoM-uGOAL 1.1.0
2026-05-14 22:07:17,619 [INFO] ThirdParty:1030 - CMSIS Pack Vendor :STMicroelectronics X-CUBE-ALS 1.0.1
2026-05-14 22:07:17,620 [INFO] ThirdParty:1030 - CMSIS Pack Vendor :STMicroelectronics X-CUBE-NFC6 3.2.0
2026-05-14 22:07:17,620 [INFO] ThirdParty:1030 - CMSIS Pack Vendor :STMicroelectronics X-CUBE-MEMS1 9.5.0
2026-05-14 22:07:17,620 [INFO] ThirdParty:1030 - CMSIS Pack Vendor :STMicroelectronics X-CUBE-ST67W61 1.0.0
2026-05-14 22:07:17,620 [INFO] ThirdParty:1030 - CMSIS Pack Vendor :STMicroelectronics X-CUBE-AI 10.2.0
2026-05-14 22:07:17,620 [INFO] ThirdParty:1030 - CMSIS Pack Vendor :STMicroelectronics ThreadX 1.0.0
2026-05-14 22:07:17,620 [INFO] ThirdParty:1030 - CMSIS Pack Vendor :STMicroelectronics X-CUBE-MEMS1 12.1.0
2026-05-14 22:07:17,620 [INFO] ThirdParty:1030 - CMSIS Pack Vendor :STMicroelectronics X-CUBE-AZRTOS-WB 1.1.0
2026-05-14 22:07:17,620 [INFO] ThirdParty:1030 - CMSIS Pack Vendor :SEGGER I-CUBE-embOS 1.3.1
2026-05-14 22:07:17,620 [INFO] ThirdParty:1030 - CMSIS Pack Vendor :STMicroelectronics X-CUBE-ALGOBUILD 1.4.0
2026-05-14 22:07:17,620 [INFO] ThirdParty:1030 - CMSIS Pack Vendor :STMicroelectronics X-CUBE-MEMS1 11.3.0
2026-05-14 22:07:17,620 [INFO] ThirdParty:1030 - CMSIS Pack Vendor :STMicroelectronics X-CUBE-AZRTOS-L5 1.0.0
2026-05-14 22:07:17,620 [INFO] ThirdParty:1030 - CMSIS Pack Vendor :STMicroelectronics X-CUBE-EEPRMA1 3.1.1
2026-05-14 22:07:17,620 [INFO] ThirdParty:1030 - CMSIS Pack Vendor :STMicroelectronics X-CUBE-AZRTOS-H7RS 1.0.0
2026-05-14 22:07:17,620 [INFO] ThirdParty:1030 - CMSIS Pack Vendor :STMicroelectronics FP-ATR-ASTRA1 2.0.0
2026-05-14 22:07:17,620 [INFO] ThirdParty:1030 - CMSIS Pack Vendor :STMicroelectronics X-CUBE-TOF1 3.4.2
2026-05-14 22:07:17,620 [INFO] ThirdParty:1030 - CMSIS Pack Vendor :STMicroelectronics X-CUBE-TOF1 3.4.3
2026-05-14 22:07:17,620 [INFO] ThirdParty:1030 - CMSIS Pack Vendor :STMicroelectronics X-CUBE-AI 9.1.0
2026-05-14 22:07:17,620 [INFO] ThirdParty:1030 - CMSIS Pack Vendor :STMicroelectronics X-CUBE-TOF1 3.4.1
2026-05-14 22:07:17,621 [INFO] ThirdParty:1030 - CMSIS Pack Vendor :STMicroelectronics X-CUBE-AZRTOS-H7 3.2.0
2026-05-14 22:07:17,621 [INFO] ThirdParty:1030 - CMSIS Pack Vendor :Infineon AIROC-Wi-Fi-Bluetooth-STM32 1.6.0
2026-05-14 22:07:17,621 [INFO] ThirdParty:1030 - CMSIS Pack Vendor :wolfSSL I-CUBE-wolfSSH 1.4.17
2026-05-14 22:07:17,621 [INFO] ThirdParty:841 - exiting critical section [change project]
2026-05-14 22:07:17,933 [INFO] PinOutPanel:1589 - setPackage(No Configuration,No Configuration)
2026-05-14 22:07:17,935 [INFO] PinOutPanel:1589 - setPackage(STM32F411CEUx,UFQFPN48)
2026-05-14 22:07:18,320 [INFO] UtilMem:75 - Before build in PCC Used Memory: 834498720 Bytes (1073741824)
2026-05-14 22:07:18,714 [INFO] UtilMem:75 - After build in PCC Used Memory: 878012576 Bytes (1073741824)
2026-05-14 22:07:18,738 [INFO] ApiDbMcu:508 - Load IP Config File for USB_DEVICE
2026-05-14 22:07:18,761 [INFO] IPUIPlugin:80 - create IPUIPlugin
2026-05-14 22:07:18,762 [INFO] IPUIPlugin:80 - create IPUIPlugin
2026-05-14 22:07:18,763 [INFO] IPUIPlugin:80 - create IPUIPlugin
2026-05-14 22:07:18,763 [INFO] IPUIPlugin:80 - create IPUIPlugin
2026-05-14 22:07:18,763 [INFO] IPUIPlugin:80 - create IPUIPlugin
2026-05-14 22:07:18,763 [INFO] IPUIPlugin:80 - create IPUIPlugin
2026-05-14 22:07:18,764 [INFO] IPUIPlugin:80 - create IPUIPlugin
2026-05-14 22:07:18,764 [INFO] IPUIPlugin:80 - create IPUIPlugin
2026-05-14 22:07:18,764 [INFO] IPUIPlugin:80 - create IPUIPlugin
2026-05-14 22:07:18,764 [INFO] IPUIPlugin:80 - create IPUIPlugin
2026-05-14 22:07:18,764 [INFO] IPUIPlugin:80 - create IPUIPlugin
2026-05-14 22:07:18,765 [INFO] IPUIPlugin:80 - create IPUIPlugin
2026-05-14 22:07:18,765 [INFO] IPUIPlugin:80 - create IPUIPlugin
2026-05-14 22:07:18,765 [INFO] IPUIPlugin:80 - create IPUIPlugin
2026-05-14 22:07:18,765 [INFO] IPUIPlugin:80 - create IPUIPlugin
2026-05-14 22:07:18,765 [INFO] IPUIPlugin:80 - create IPUIPlugin
2026-05-14 22:07:18,765 [INFO] IPUIPlugin:80 - create IPUIPlugin
2026-05-14 22:07:18,765 [INFO] IPUIPlugin:80 - create IPUIPlugin
2026-05-14 22:07:18,765 [INFO] IPUIPlugin:80 - create IPUIPlugin
2026-05-14 22:07:18,765 [INFO] IPUIPlugin:80 - create IPUIPlugin
2026-05-14 22:07:18,765 [INFO] IPUIPlugin:80 - create IPUIPlugin
2026-05-14 22:07:18,766 [INFO] IPUIPlugin:80 - create IPUIPlugin
2026-05-14 22:07:18,766 [INFO] IPUIPlugin:80 - create IPUIPlugin
2026-05-14 22:07:18,766 [INFO] IPUIPlugin:80 - create IPUIPlugin
2026-05-14 22:07:18,767 [INFO] IPUIPlugin:80 - create IPUIPlugin
2026-05-14 22:07:18,767 [INFO] IPUIPlugin:80 - create IPUIPlugin
2026-05-14 22:07:18,767 [INFO] IPUIPlugin:80 - create IPUIPlugin
2026-05-14 22:07:18,767 [INFO] IPUIPlugin:80 - create IPUIPlugin
2026-05-14 22:07:18,767 [INFO] IPUIPlugin:80 - create IPUIPlugin
2026-05-14 22:07:18,767 [INFO] IPUIPlugin:80 - create IPUIPlugin
2026-05-14 22:07:18,767 [INFO] IPUIPlugin:80 - create IPUIPlugin
2026-05-14 22:07:18,767 [INFO] IPUIPlugin:80 - create IPUIPlugin
2026-05-14 22:07:18,769 [INFO] IPUIPlugin:80 - create IPUIPlugin
2026-05-14 22:07:18,769 [INFO] IPUIPlugin:80 - create IPUIPlugin
2026-05-14 22:07:18,769 [INFO] IPUIPlugin:80 - create IPUIPlugin
2026-05-14 22:07:18,769 [INFO] IPUIPlugin:80 - create IPUIPlugin
2026-05-14 22:07:18,769 [INFO] IPUIPlugin:80 - create IPUIPlugin
2026-05-14 22:07:18,769 [INFO] IPUIPlugin:80 - create IPUIPlugin
2026-05-14 22:07:18,769 [INFO] IPUIPlugin:80 - create IPUIPlugin
2026-05-14 22:07:18,770 [INFO] IPUIPlugin:80 - create IPUIPlugin
2026-05-14 22:07:18,770 [INFO] IPUIPlugin:80 - create IPUIPlugin
2026-05-14 22:07:18,770 [INFO] IPUIPlugin:80 - create IPUIPlugin
2026-05-14 22:07:18,770 [INFO] IPUIPlugin:80 - create IPUIPlugin
2026-05-14 22:07:18,787 [INFO] ApiDbMcu:508 - Load IP Config File for PDM2PCM
2026-05-14 22:07:18,790 [INFO] I2sManager:658 - 1.1875E8
2026-05-14 22:07:18,791 [INFO] I2sManager:195 - I2S Clock Value : 1.1875E8
2026-05-14 22:07:18,791 [INFO] I2sManager:553 - AudioClock : 15995Divider : 116Odd : 0
2026-05-14 22:07:18,949 [INFO] CADModel:165 - CPN selected for project levelSTM32F411CEU6
2026-05-14 22:07:18,949 [INFO] CADModel:114 - Register for checkConnection events
2026-05-14 22:07:19,017 [INFO] OpenFileManager:385 - Restore cursor
2026-05-14 22:07:19,202 [WARN] IP:2250 - DEVICE_SERIAL0_HID_FS not found: check if there is a RefParameter without a condition.
2026-05-14 22:07:19,202 [WARN] IP:2250 - DEVICE_SERIAL1_HID_FS not found: check if there is a RefParameter without a condition.
2026-05-14 22:07:19,202 [WARN] IP:2250 - DEVICE_SERIAL2_HID_FS not found: check if there is a RefParameter without a condition.
2026-05-14 22:07:19,204 [WARN] IP:2250 - DEVICE_SERIAL0_HID_FS not found: check if there is a RefParameter without a condition.
2026-05-14 22:07:19,204 [WARN] IP:2250 - DEVICE_SERIAL1_HID_FS not found: check if there is a RefParameter without a condition.
2026-05-14 22:07:19,204 [WARN] IP:2250 - DEVICE_SERIAL2_HID_FS not found: check if there is a RefParameter without a condition.
2026-05-14 22:07:24,318 [WARN] IP:2250 - DEVICE_SERIAL0_HID_FS not found: check if there is a RefParameter without a condition.
2026-05-14 22:07:24,319 [WARN] IP:2250 - DEVICE_SERIAL1_HID_FS not found: check if there is a RefParameter without a condition.
2026-05-14 22:07:24,319 [WARN] IP:2250 - DEVICE_SERIAL2_HID_FS not found: check if there is a RefParameter without a condition.
2026-05-14 22:07:27,323 [WARN] IP:2250 - DEVICE_SERIAL0_CUSTOM_HID_FS not found: check if there is a RefParameter without a condition.
2026-05-14 22:07:27,323 [WARN] IP:2250 - DEVICE_SERIAL1_CUSTOM_HID_FS not found: check if there is a RefParameter without a condition.
2026-05-14 22:07:27,324 [WARN] IP:2250 - DEVICE_SERIAL2_CUSTOM_HID_FS not found: check if there is a RefParameter without a condition.
2026-05-14 22:07:27,346 [WARN] IP:2250 - DEVICE_SERIAL0_CUSTOM_HID_FS not found: check if there is a RefParameter without a condition.
2026-05-14 22:07:27,346 [WARN] IP:2250 - DEVICE_SERIAL1_CUSTOM_HID_FS not found: check if there is a RefParameter without a condition.
2026-05-14 22:07:27,346 [WARN] IP:2250 - DEVICE_SERIAL2_CUSTOM_HID_FS not found: check if there is a RefParameter without a condition.
2026-05-14 22:07:27,347 [WARN] IP:2250 - DEVICE_SERIAL0_CUSTOM_HID_FS not found: check if there is a RefParameter without a condition.
2026-05-14 22:07:27,347 [WARN] IP:2250 - DEVICE_SERIAL1_CUSTOM_HID_FS not found: check if there is a RefParameter without a condition.
2026-05-14 22:07:27,347 [WARN] IP:2250 - DEVICE_SERIAL2_CUSTOM_HID_FS not found: check if there is a RefParameter without a condition.
2026-05-14 22:07:27,481 [WARN] IP:2250 - DEVICE_SERIAL0_CUSTOM_HID_FS not found: check if there is a RefParameter without a condition.
2026-05-14 22:07:27,481 [WARN] IP:2250 - DEVICE_SERIAL1_CUSTOM_HID_FS not found: check if there is a RefParameter without a condition.
2026-05-14 22:07:27,481 [WARN] IP:2250 - DEVICE_SERIAL2_CUSTOM_HID_FS not found: check if there is a RefParameter without a condition.
2026-05-14 22:07:27,482 [WARN] IP:2250 - DEVICE_SERIAL0_CUSTOM_HID_FS not found: check if there is a RefParameter without a condition.
2026-05-14 22:07:27,482 [WARN] IP:2250 - DEVICE_SERIAL1_CUSTOM_HID_FS not found: check if there is a RefParameter without a condition.
2026-05-14 22:07:27,482 [WARN] IP:2250 - DEVICE_SERIAL2_CUSTOM_HID_FS not found: check if there is a RefParameter without a condition.
2026-05-14 22:07:39,527 [WARN] IP:2250 - DEVICE_SERIAL0_CUSTOM_HID_FS not found: check if there is a RefParameter without a condition.
2026-05-14 22:07:39,527 [WARN] IP:2250 - DEVICE_SERIAL1_CUSTOM_HID_FS not found: check if there is a RefParameter without a condition.
2026-05-14 22:07:39,527 [WARN] IP:2250 - DEVICE_SERIAL2_CUSTOM_HID_FS not found: check if there is a RefParameter without a condition.
2026-05-14 22:07:48,323 [WARN] IP:2250 - DEVICE_SERIAL0_CUSTOM_HID_FS not found: check if there is a RefParameter without a condition.
2026-05-14 22:07:48,323 [WARN] IP:2250 - DEVICE_SERIAL1_CUSTOM_HID_FS not found: check if there is a RefParameter without a condition.
2026-05-14 22:07:48,323 [WARN] IP:2250 - DEVICE_SERIAL2_CUSTOM_HID_FS not found: check if there is a RefParameter without a condition.
2026-05-14 22:07:48,324 [WARN] IP:2250 - DEVICE_SERIAL0_CUSTOM_HID_FS not found: check if there is a RefParameter without a condition.
2026-05-14 22:07:48,324 [WARN] IP:2250 - DEVICE_SERIAL1_CUSTOM_HID_FS not found: check if there is a RefParameter without a condition.
2026-05-14 22:07:48,324 [WARN] IP:2250 - DEVICE_SERIAL2_CUSTOM_HID_FS not found: check if there is a RefParameter without a condition.
2026-05-14 22:07:48,372 [WARN] IP:2250 - DEVICE_SERIAL0_CUSTOM_HID_FS not found: check if there is a RefParameter without a condition.
2026-05-14 22:07:48,373 [WARN] IP:2250 - DEVICE_SERIAL1_CUSTOM_HID_FS not found: check if there is a RefParameter without a condition.
2026-05-14 22:07:48,373 [WARN] IP:2250 - DEVICE_SERIAL2_CUSTOM_HID_FS not found: check if there is a RefParameter without a condition.
2026-05-14 22:07:49,616 [INFO] UtilMem:75 - End SaveConfig() Used Memory: 831332944 Bytes (1073741824)
2026-05-14 22:07:50,700 [INFO] UtilMem:75 - End SaveConfig() Used Memory: 850731600 Bytes (1073741824)
2026-05-14 22:07:52,268 [INFO] UtilMem:75 - End SaveConfig() Used Memory: 918362704 Bytes (1073741824)
2026-05-14 22:07:52,739 [INFO] BlockDiagram:2775 - set Specific Code input for plugin: USB_OTG_FS
2026-05-14 22:07:52,740 [INFO] BlockDiagram:2775 - set Specific Code input for plugin: NVIC
2026-05-14 22:07:52,740 [INFO] BlockDiagram:2775 - set Specific Code input for plugin: DMA
2026-05-14 22:07:52,740 [INFO] BlockDiagram:2775 - set Specific Code input for plugin: TIM1_8
2026-05-14 22:07:52,740 [INFO] BlockDiagram:2775 - set Specific Code input for plugin: TIM1_8
2026-05-14 22:07:52,740 [INFO] BlockDiagram:2775 - set Specific Code input for plugin: TIM1_8
2026-05-14 22:07:52,740 [INFO] BlockDiagram:2775 - set Specific Code input for plugin: USB_DEVICE
2026-05-14 22:07:52,740 [INFO] BlockDiagram:2775 - set Specific Code input for plugin: I2S
2026-05-14 22:07:52,740 [INFO] BlockDiagram:2775 - set Specific Code input for plugin: SYS
2026-05-14 22:07:52,741 [INFO] BlockDiagram:2775 - set Specific Code input for plugin: GPIO
2026-05-14 22:07:52,741 [INFO] BlockDiagram:2775 - set Specific Code input for plugin: ADC
2026-05-14 22:07:52,741 [INFO] BlockDiagram:2775 - set Specific Code input for plugin: RCC
2026-05-14 22:07:52,743 [INFO] CodeGenerator:882 - code generatio: config db path: C:\ST\STM32CubeIDE_1.10.1\STM32CubeIDE\plugins\com.st.stm32cube.common.mx_6.14.1.202504091515\\db\
2026-05-14 22:07:52,775 [WARN] IP:2250 - DEVICE_SERIAL0_CUSTOM_HID_FS not found: check if there is a RefParameter without a condition.
2026-05-14 22:07:52,775 [WARN] IP:2250 - DEVICE_SERIAL1_CUSTOM_HID_FS not found: check if there is a RefParameter without a condition.
2026-05-14 22:07:52,775 [WARN] IP:2250 - DEVICE_SERIAL2_CUSTOM_HID_FS not found: check if there is a RefParameter without a condition.
2026-05-14 22:07:52,946 [INFO] CodeEngine:263 - oldGeneratedFile, D:\Projects\Ventures\Mruda\01_Technical\MCU_Software\MCU_3.1.0\Mruda_3.0.0\MXTmpFiles\license.tmp_save
2026-05-14 22:07:53,560 [INFO] CodeEngine:287 - Generated code: D:\Projects\Ventures\Mruda\01_Technical\MCU_Software\MCU_3.1.0\Mruda_3.0.0\MXTmpFiles\license.tmp
2026-05-14 22:07:53,691 [INFO] CodeEngine:263 - oldGeneratedFile, D:\Projects\Ventures\Mruda\01_Technical\MCU_Software\MCU_3.1.0\Mruda_3.0.0\MXTmpFiles\gpio.tmp_save
2026-05-14 22:07:53,848 [INFO] CodeEngine:287 - Generated code: D:\Projects\Ventures\Mruda\01_Technical\MCU_Software\MCU_3.1.0\Mruda_3.0.0\MXTmpFiles\gpio.tmp
2026-05-14 22:07:53,939 [WARN] IPConfigManager:3217 - Warning: the RefConfig PWREx_EnableUSBVoltageDetector is not available in your config.xml file
2026-05-14 22:07:53,964 [INFO] CodeEngine:263 - oldGeneratedFile, D:\Projects\Ventures\Mruda\01_Technical\MCU_Software\MCU_3.1.0\Mruda_3.0.0\MXTmpFiles\usb_otg_fs_vars.tmp_save
2026-05-14 22:07:54,077 [INFO] CodeEngine:287 - Generated code: D:\Projects\Ventures\Mruda\01_Technical\MCU_Software\MCU_3.1.0\Mruda_3.0.0\MXTmpFiles\usb_otg_fs_vars.tmp
2026-05-14 22:07:54,090 [INFO] CodeEngine:263 - oldGeneratedFile, D:\Projects\Ventures\Mruda\01_Technical\MCU_Software\MCU_3.1.0\Mruda_3.0.0\MXTmpFiles\usb_otg_fs_inc.tmp_save
2026-05-14 22:07:54,173 [INFO] CodeEngine:287 - Generated code: D:\Projects\Ventures\Mruda\01_Technical\MCU_Software\MCU_3.1.0\Mruda_3.0.0\MXTmpFiles\usb_otg_fs_inc.tmp
2026-05-14 22:07:54,199 [INFO] CodeEngine:263 - oldGeneratedFile, D:\Projects\Ventures\Mruda\01_Technical\MCU_Software\MCU_3.1.0\Mruda_3.0.0\MXTmpFiles\usb_otg_fs_HalInit.tmp_save
2026-05-14 22:07:54,312 [INFO] CodeEngine:287 - Generated code: D:\Projects\Ventures\Mruda\01_Technical\MCU_Software\MCU_3.1.0\Mruda_3.0.0\MXTmpFiles\usb_otg_fs_HalInit.tmp
2026-05-14 22:07:54,330 [INFO] CodeEngine:263 - oldGeneratedFile, D:\Projects\Ventures\Mruda\01_Technical\MCU_Software\MCU_3.1.0\Mruda_3.0.0\MXTmpFiles\usb_otg_fs_Msp.tmp_save
2026-05-14 22:07:54,455 [INFO] CodeEngine:287 - Generated code: D:\Projects\Ventures\Mruda\01_Technical\MCU_Software\MCU_3.1.0\Mruda_3.0.0\MXTmpFiles\usb_otg_fs_Msp.tmp
2026-05-14 22:07:54,926 [INFO] Middleware:1452 - No code input for Bsp Dependency
2026-05-14 22:07:54,992 [INFO] CodeEngine:263 - oldGeneratedFile, D:\Projects\Ventures\Mruda\01_Technical\MCU_Software\MCU_3.1.0\Mruda_3.0.0\MXTmpFiles\dma.tmp_save
2026-05-14 22:07:55,102 [INFO] CodeEngine:287 - Generated code: D:\Projects\Ventures\Mruda\01_Technical\MCU_Software\MCU_3.1.0\Mruda_3.0.0\MXTmpFiles\dma.tmp
2026-05-14 22:07:55,115 [INFO] CodeEngine:263 - oldGeneratedFile, D:\Projects\Ventures\Mruda\01_Technical\MCU_Software\MCU_3.1.0\Mruda_3.0.0\MXTmpFiles\dma_GV.tmp_save
2026-05-14 22:07:55,191 [INFO] CodeEngine:287 - Generated code: D:\Projects\Ventures\Mruda\01_Technical\MCU_Software\MCU_3.1.0\Mruda_3.0.0\MXTmpFiles\dma_GV.tmp
2026-05-14 22:07:55,224 [INFO] Middleware:1452 - No code input for Bsp Dependency
2026-05-14 22:07:55,286 [INFO] CodeEngine:263 - oldGeneratedFile, D:\Projects\Ventures\Mruda\01_Technical\MCU_Software\MCU_3.1.0\Mruda_3.0.0\USB_DEVICE\App\usb_device.c_save
2026-05-14 22:07:55,401 [INFO] CodeEngine:287 - Generated code: D:\Projects\Ventures\Mruda\01_Technical\MCU_Software\MCU_3.1.0\Mruda_3.0.0\USB_DEVICE\App\usb_device.c
2026-05-14 22:07:55,426 [INFO] CodeEngine:263 - oldGeneratedFile, D:\Projects\Ventures\Mruda\01_Technical\MCU_Software\MCU_3.1.0\Mruda_3.0.0\USB_DEVICE\App\usb_device.h_save
2026-05-14 22:07:55,511 [INFO] CodeEngine:287 - Generated code: D:\Projects\Ventures\Mruda\01_Technical\MCU_Software\MCU_3.1.0\Mruda_3.0.0\USB_DEVICE\App\usb_device.h
2026-05-14 22:07:55,536 [INFO] CodeEngine:263 - oldGeneratedFile, D:\Projects\Ventures\Mruda\01_Technical\MCU_Software\MCU_3.1.0\Mruda_3.0.0\USB_DEVICE\Target\usbd_conf.h_save
2026-05-14 22:07:55,647 [INFO] CodeEngine:287 - Generated code: D:\Projects\Ventures\Mruda\01_Technical\MCU_Software\MCU_3.1.0\Mruda_3.0.0\USB_DEVICE\Target\usbd_conf.h
2026-05-14 22:07:55,673 [INFO] CodeEngine:263 - oldGeneratedFile, D:\Projects\Ventures\Mruda\01_Technical\MCU_Software\MCU_3.1.0\Mruda_3.0.0\USB_DEVICE\Target\usbd_conf.c_save
2026-05-14 22:07:55,797 [INFO] CodeEngine:287 - Generated code: D:\Projects\Ventures\Mruda\01_Technical\MCU_Software\MCU_3.1.0\Mruda_3.0.0\USB_DEVICE\Target\usbd_conf.c
2026-05-14 22:07:55,832 [INFO] CodeEngine:263 - oldGeneratedFile, D:\Projects\Ventures\Mruda\01_Technical\MCU_Software\MCU_3.1.0\Mruda_3.0.0\USB_DEVICE\App\usbd_desc.h_save
2026-05-14 22:07:55,921 [INFO] CodeEngine:287 - Generated code: D:\Projects\Ventures\Mruda\01_Technical\MCU_Software\MCU_3.1.0\Mruda_3.0.0\USB_DEVICE\App\usbd_desc.h
2026-05-14 22:07:55,948 [INFO] CodeEngine:263 - oldGeneratedFile, D:\Projects\Ventures\Mruda\01_Technical\MCU_Software\MCU_3.1.0\Mruda_3.0.0\USB_DEVICE\App\usbd_desc.c_save
2026-05-14 22:07:56,051 [INFO] CodeEngine:287 - Generated code: D:\Projects\Ventures\Mruda\01_Technical\MCU_Software\MCU_3.1.0\Mruda_3.0.0\USB_DEVICE\App\usbd_desc.c
2026-05-14 22:07:56,075 [INFO] CodeEngine:263 - oldGeneratedFile, D:\Projects\Ventures\Mruda\01_Technical\MCU_Software\MCU_3.1.0\Mruda_3.0.0\USB_DEVICE\App\usbd_custom_hid_if.h_save
2026-05-14 22:07:56,166 [INFO] CodeEngine:287 - Generated code: D:\Projects\Ventures\Mruda\01_Technical\MCU_Software\MCU_3.1.0\Mruda_3.0.0\USB_DEVICE\App\usbd_custom_hid_if.h
2026-05-14 22:07:56,180 [INFO] CodeEngine:263 - oldGeneratedFile, D:\Projects\Ventures\Mruda\01_Technical\MCU_Software\MCU_3.1.0\Mruda_3.0.0\USB_DEVICE\App\usbd_custom_hid_if.c_save
2026-05-14 22:07:56,266 [INFO] CodeEngine:287 - Generated code: D:\Projects\Ventures\Mruda\01_Technical\MCU_Software\MCU_3.1.0\Mruda_3.0.0\USB_DEVICE\App\usbd_custom_hid_if.c
2026-05-14 22:07:56,303 [INFO] CodeEngine:263 - oldGeneratedFile, D:\Projects\Ventures\Mruda\01_Technical\MCU_Software\MCU_3.1.0\Mruda_3.0.0\Core\Src\stm32f4xx_it.c_save
2026-05-14 22:07:56,417 [INFO] CodeEngine:287 - Generated code: D:\Projects\Ventures\Mruda\01_Technical\MCU_Software\MCU_3.1.0\Mruda_3.0.0\Core\Src\stm32f4xx_it.c
2026-05-14 22:07:56,440 [INFO] CodeEngine:263 - oldGeneratedFile, D:\Projects\Ventures\Mruda\01_Technical\MCU_Software\MCU_3.1.0\Mruda_3.0.0\Core\Inc\stm32f4xx_it.h_save
2026-05-14 22:07:56,524 [INFO] CodeEngine:287 - Generated code: D:\Projects\Ventures\Mruda\01_Technical\MCU_Software\MCU_3.1.0\Mruda_3.0.0\Core\Inc\stm32f4xx_it.h
2026-05-14 22:07:56,570 [INFO] CodeEngine:263 - oldGeneratedFile, D:\Projects\Ventures\Mruda\01_Technical\MCU_Software\MCU_3.1.0\Mruda_3.0.0\Core\Src\stm32f4xx_hal_msp.c_save
2026-05-14 22:07:56,722 [INFO] CodeEngine:287 - Generated code: D:\Projects\Ventures\Mruda\01_Technical\MCU_Software\MCU_3.1.0\Mruda_3.0.0\Core\Src\stm32f4xx_hal_msp.c
2026-05-14 22:07:56,737 [INFO] CodeEngine:263 - oldGeneratedFile, D:\Projects\Ventures\Mruda\01_Technical\MCU_Software\MCU_3.1.0\Mruda_3.0.0\MXTmpFiles\system.tmp_save
2026-05-14 22:07:56,809 [INFO] CodeEngine:287 - Generated code: D:\Projects\Ventures\Mruda\01_Technical\MCU_Software\MCU_3.1.0\Mruda_3.0.0\MXTmpFiles\system.tmp
2026-05-14 22:07:56,843 [INFO] CodeEngine:319 - oldGeneratedFile, D:\Projects\Ventures\Mruda\01_Technical\MCU_Software\MCU_3.1.0\Mruda_3.0.0\Core\Inc\stm32f4xx_hal_conf.h_save
2026-05-14 22:07:56,936 [INFO] CodeEngine:343 - Generated code: D:\Projects\Ventures\Mruda\01_Technical\MCU_Software\MCU_3.1.0\Mruda_3.0.0\Core\Inc\stm32f4xx_hal_conf.h
2026-05-14 22:07:56,976 [INFO] ApiDbMcu:508 - Load IP Config File for ADC1
2026-05-14 22:07:56,980 [INFO] ApiDbMcu:508 - Load IP Config File for I2S2
2026-05-14 22:07:56,989 [INFO] ApiDbMcu:508 - Load IP Config File for TIM2
2026-05-14 22:07:57,000 [INFO] ApiDbMcu:508 - Load IP Config File for TIM3
2026-05-14 22:07:57,010 [INFO] ApiDbMcu:508 - Load IP Config File for TIM4
2026-05-14 22:07:57,014 [INFO] ApiDbMcu:508 - Load IP Config File for RCC
2026-05-14 22:07:57,018 [WARN] IPConfigManager:3790 - IP not found : TIM
2026-05-14 22:07:57,019 [WARN] CodeGenerator:4198 - IP not found : null
2026-05-14 22:07:57,051 [INFO] CodeEngine:263 - oldGeneratedFile, D:\Projects\Ventures\Mruda\01_Technical\MCU_Software\MCU_3.1.0\Mruda_3.0.0\Core\Inc\main.h_save
2026-05-14 22:07:57,166 [INFO] CodeEngine:287 - Generated code: D:\Projects\Ventures\Mruda\01_Technical\MCU_Software\MCU_3.1.0\Mruda_3.0.0\Core\Inc\main.h
2026-05-14 22:07:57,192 [INFO] CodeEngine:263 - oldGeneratedFile, D:\Projects\Ventures\Mruda\01_Technical\MCU_Software\MCU_3.1.0\Mruda_3.0.0\Core\Src\main.c_save
2026-05-14 22:07:57,406 [INFO] CodeEngine:287 - Generated code: D:\Projects\Ventures\Mruda\01_Technical\MCU_Software\MCU_3.1.0\Mruda_3.0.0\Core\Src\main.c
2026-05-14 22:07:57,976 [INFO] ProjectBuilder:3324 - Time for Copy HAL[1] : 372mS.
2026-05-14 22:07:57,988 [INFO] ProjectBuilder:4912 - Project Generator version: 4.6.0.1-B1
2026-05-14 22:07:58,091 [INFO] ConfigFileManager:1590 - The Die is : DIE431
2026-05-14 22:07:58,109 [INFO] ApiDbMcu:508 - Load IP Config File for FATFS
2026-05-14 22:07:58,128 [INFO] ApiDbMcu:508 - Load IP Config File for FREERTOS
2026-05-14 22:07:58,141 [INFO] ApiDbMcu:508 - Load IP Config File for LIBJPEG
2026-05-14 22:07:58,160 [INFO] ApiDbMcu:508 - Load IP Config File for MBEDTLS
2026-05-14 22:07:58,178 [INFO] ApiDbMcu:508 - Load IP Config File for USB_HOST
2026-05-14 22:07:59,037 [INFO] LogOutputStream:77 - [STDOUT_REDIRECT] 
2026-05-14 22:08:01,593 [INFO] ProjectBuilder:5191 - Time for Generating toolchain IDE Files: 3603mS.
2026-05-14 22:08:01,595 [INFO] ProjectBuilder:3181 - Time for Copy CMSIS : 1mS.
2026-05-14 22:08:01,601 [INFO] ProjectBuilder:3181 - Time for Copy CMSIS : 0mS.
2026-05-14 22:14:46,322 [WARN] IP:2250 - DEVICE_SERIAL0_CUSTOM_HID_FS not found: check if there is a RefParameter without a condition.
2026-05-14 22:14:46,323 [WARN] IP:2250 - DEVICE_SERIAL1_CUSTOM_HID_FS not found: check if there is a RefParameter without a condition.
2026-05-14 22:14:46,323 [WARN] IP:2250 - DEVICE_SERIAL2_CUSTOM_HID_FS not found: check if there is a RefParameter without a condition.
2026-05-14 22:14:46,324 [WARN] IP:2250 - DEVICE_SERIAL0_CUSTOM_HID_FS not found: check if there is a RefParameter without a condition.
2026-05-14 22:14:46,324 [WARN] IP:2250 - DEVICE_SERIAL1_CUSTOM_HID_FS not found: check if there is a RefParameter without a condition.
2026-05-14 22:14:46,324 [WARN] IP:2250 - DEVICE_SERIAL2_CUSTOM_HID_FS not found: check if there is a RefParameter without a condition.
2026-05-14 22:14:46,347 [WARN] IP:2250 - DEVICE_SERIAL0_CUSTOM_HID_FS not found: check if there is a RefParameter without a condition.
2026-05-14 22:14:46,347 [WARN] IP:2250 - DEVICE_SERIAL1_CUSTOM_HID_FS not found: check if there is a RefParameter without a condition.
2026-05-14 22:14:46,347 [WARN] IP:2250 - DEVICE_SERIAL2_CUSTOM_HID_FS not found: check if there is a RefParameter without a condition.
2026-05-14 22:15:00,068 [WARN] IP:2250 - DEVICE_SERIAL0_CUSTOM_HID_FS not found: check if there is a RefParameter without a condition.
2026-05-14 22:15:00,068 [WARN] IP:2250 - DEVICE_SERIAL1_CUSTOM_HID_FS not found: check if there is a RefParameter without a condition.
2026-05-14 22:15:00,068 [WARN] IP:2250 - DEVICE_SERIAL2_CUSTOM_HID_FS not found: check if there is a RefParameter without a condition.
2026-05-14 22:15:03,716 [WARN] IP:2250 - DEVICE_SERIAL0_CUSTOM_HID_FS not found: check if there is a RefParameter without a condition.
2026-05-14 22:15:03,716 [WARN] IP:2250 - DEVICE_SERIAL1_CUSTOM_HID_FS not found: check if there is a RefParameter without a condition.
2026-05-14 22:15:03,716 [WARN] IP:2250 - DEVICE_SERIAL2_CUSTOM_HID_FS not found: check if there is a RefParameter without a condition.
2026-05-14 22:15:04,117 [WARN] IP:2250 - DEVICE_SERIAL0_CUSTOM_HID_FS not found: check if there is a RefParameter without a condition.
2026-05-14 22:15:04,117 [WARN] IP:2250 - DEVICE_SERIAL1_CUSTOM_HID_FS not found: check if there is a RefParameter without a condition.
2026-05-14 22:15:04,117 [WARN] IP:2250 - DEVICE_SERIAL2_CUSTOM_HID_FS not found: check if there is a RefParameter without a condition.
2026-05-14 22:15:06,518 [WARN] IP:2250 - DEVICE_SERIAL0_CUSTOM_HID_FS not found: check if there is a RefParameter without a condition.
2026-05-14 22:15:06,518 [WARN] IP:2250 - DEVICE_SERIAL1_CUSTOM_HID_FS not found: check if there is a RefParameter without a condition.
2026-05-14 22:15:06,518 [WARN] IP:2250 - DEVICE_SERIAL2_CUSTOM_HID_FS not found: check if there is a RefParameter without a condition.
2026-05-14 22:15:20,932 [INFO] UtilMem:75 - End SaveConfig() Used Memory: 967978352 Bytes (1073741824)
2026-05-14 22:15:22,328 [INFO] UtilMem:75 - End SaveConfig() Used Memory: 987097616 Bytes (1073741824)
2026-05-14 22:15:23,741 [INFO] UtilMem:75 - End SaveConfig() Used Memory: 816325568 Bytes (1073741824)
2026-05-14 22:15:23,975 [INFO] BlockDiagram:2775 - set Specific Code input for plugin: USB_OTG_FS
2026-05-14 22:15:23,975 [INFO] BlockDiagram:2775 - set Specific Code input for plugin: NVIC
2026-05-14 22:15:23,975 [INFO] BlockDiagram:2775 - set Specific Code input for plugin: DMA
2026-05-14 22:15:23,975 [INFO] BlockDiagram:2775 - set Specific Code input for plugin: TIM1_8
2026-05-14 22:15:23,975 [INFO] BlockDiagram:2775 - set Specific Code input for plugin: TIM1_8
2026-05-14 22:15:23,975 [INFO] BlockDiagram:2775 - set Specific Code input for plugin: TIM1_8
2026-05-14 22:15:23,975 [INFO] BlockDiagram:2775 - set Specific Code input for plugin: USB_DEVICE
2026-05-14 22:15:23,975 [INFO] BlockDiagram:2775 - set Specific Code input for plugin: I2S
2026-05-14 22:15:23,975 [INFO] BlockDiagram:2775 - set Specific Code input for plugin: SYS
2026-05-14 22:15:23,976 [INFO] BlockDiagram:2775 - set Specific Code input for plugin: GPIO
2026-05-14 22:15:23,976 [INFO] BlockDiagram:2775 - set Specific Code input for plugin: ADC
2026-05-14 22:15:23,976 [INFO] BlockDiagram:2775 - set Specific Code input for plugin: RCC
2026-05-14 22:15:23,978 [INFO] CodeGenerator:882 - code generatio: config db path: C:\ST\STM32CubeIDE_1.10.1\STM32CubeIDE\plugins\com.st.stm32cube.common.mx_6.14.1.202504091515\\db\
2026-05-14 22:15:23,986 [INFO] Argument:325 - Argument : hdmavalue: null
2026-05-14 22:15:23,986 [INFO] Argument:327 - 	 sub Args: 
2026-05-14 22:15:23,986 [INFO] Argument:325 - Argument : Instancevalue: DMA2_Stream0
2026-05-14 22:15:23,986 [INFO] Argument:335 - Argument : Instancevalue: DMA2_Stream0
2026-05-14 22:15:23,986 [INFO] Argument:325 - Argument : Initvalue: null
2026-05-14 22:15:23,986 [INFO] Argument:327 - 	 sub Args: 
2026-05-14 22:15:23,986 [INFO] Argument:325 - Argument : Channelvalue: DMA_CHANNEL_0
2026-05-14 22:15:23,986 [INFO] Argument:335 - Argument : Channelvalue: DMA_CHANNEL_0
2026-05-14 22:15:23,986 [INFO] Argument:325 - Argument : Directionvalue: DMA_PERIPH_TO_MEMORY
2026-05-14 22:15:23,986 [INFO] Argument:335 - Argument : Directionvalue: DMA_PERIPH_TO_MEMORY
2026-05-14 22:15:23,986 [INFO] Argument:325 - Argument : PeriphIncvalue: DMA_PINC_DISABLE
2026-05-14 22:15:23,986 [INFO] Argument:335 - Argument : PeriphIncvalue: DMA_PINC_DISABLE
2026-05-14 22:15:23,986 [INFO] Argument:325 - Argument : MemIncvalue: DMA_MINC_ENABLE
2026-05-14 22:15:23,986 [INFO] Argument:335 - Argument : MemIncvalue: DMA_MINC_ENABLE
2026-05-14 22:15:23,986 [INFO] Argument:325 - Argument : PeriphDataAlignmentvalue: DMA_PDATAALIGN_HALFWORD
2026-05-14 22:15:23,986 [INFO] Argument:335 - Argument : PeriphDataAlignmentvalue: DMA_PDATAALIGN_HALFWORD
2026-05-14 22:15:23,988 [INFO] Argument:325 - Argument : MemDataAlignmentvalue: DMA_MDATAALIGN_HALFWORD
2026-05-14 22:15:23,988 [INFO] Argument:335 - Argument : MemDataAlignmentvalue: DMA_MDATAALIGN_HALFWORD
2026-05-14 22:15:23,988 [INFO] Argument:325 - Argument : Modevalue: DMA_CIRCULAR
2026-05-14 22:15:23,988 [INFO] Argument:335 - Argument : Modevalue: DMA_CIRCULAR
2026-05-14 22:15:23,988 [INFO] Argument:325 - Argument : Priorityvalue: DMA_PRIORITY_LOW
2026-05-14 22:15:23,988 [INFO] Argument:335 - Argument : Priorityvalue: DMA_PRIORITY_LOW
2026-05-14 22:15:23,988 [INFO] Argument:325 - Argument : FIFOModevalue: DMA_FIFOMODE_DISABLE
2026-05-14 22:15:23,988 [INFO] Argument:335 - Argument : FIFOModevalue: DMA_FIFOMODE_DISABLE
2026-05-14 22:15:23,988 [INFO] Argument:325 - Argument : FIFOThresholdvalue: null
2026-05-14 22:15:23,988 [INFO] Argument:335 - Argument : FIFOThresholdvalue: null
2026-05-14 22:15:23,988 [INFO] Argument:325 - Argument : MemBurstvalue: null
2026-05-14 22:15:23,988 [INFO] Argument:335 - Argument : MemBurstvalue: null
2026-05-14 22:15:23,988 [INFO] Argument:325 - Argument : PeriphBurstvalue: null
2026-05-14 22:15:23,988 [INFO] Argument:335 - Argument : PeriphBurstvalue: null
2026-05-14 22:15:23,988 [INFO] Argument:325 - Argument : Lockvalue: null
2026-05-14 22:15:23,988 [INFO] Argument:335 - Argument : Lockvalue: null
2026-05-14 22:15:23,988 [INFO] Argument:325 - Argument : Statevalue: null
2026-05-14 22:15:23,988 [INFO] Argument:335 - Argument : Statevalue: null
2026-05-14 22:15:23,988 [INFO] Argument:325 - Argument : Parentvalue: null
2026-05-14 22:15:23,988 [INFO] Argument:335 - Argument : Parentvalue: null
2026-05-14 22:15:23,988 [INFO] Argument:325 - Argument : XferCpltCallbackvalue: null
2026-05-14 22:15:23,988 [INFO] Argument:335 - Argument : XferCpltCallbackvalue: null
2026-05-14 22:15:23,988 [INFO] Argument:325 - Argument : XferHalfCpltCallbackvalue: null
2026-05-14 22:15:23,988 [INFO] Argument:335 - Argument : XferHalfCpltCallbackvalue: null
2026-05-14 22:15:23,988 [INFO] Argument:325 - Argument : XferM1CpltCallbackvalue: null
2026-05-14 22:15:23,988 [INFO] Argument:335 - Argument : XferM1CpltCallbackvalue: null
2026-05-14 22:15:23,988 [INFO] Argument:325 - Argument : XferErrorCallbackvalue: null
2026-05-14 22:15:23,988 [INFO] Argument:335 - Argument : XferErrorCallbackvalue: null
2026-05-14 22:15:23,988 [INFO] Argument:325 - Argument : ErrorCodevalue: null
2026-05-14 22:15:23,988 [INFO] Argument:335 - Argument : ErrorCodevalue: null
2026-05-14 22:15:23,990 [INFO] Argument:325 - Argument : hdmavalue: null
2026-05-14 22:15:23,990 [INFO] Argument:327 - 	 sub Args: 
2026-05-14 22:15:23,990 [INFO] Argument:325 - Argument : Instancevalue: DMA1_Stream4
2026-05-14 22:15:23,990 [INFO] Argument:335 - Argument : Instancevalue: DMA1_Stream4
2026-05-14 22:15:23,990 [INFO] Argument:325 - Argument : Initvalue: null
2026-05-14 22:15:23,990 [INFO] Argument:327 - 	 sub Args: 
2026-05-14 22:15:23,991 [INFO] Argument:325 - Argument : Channelvalue: DMA_CHANNEL_0
2026-05-14 22:15:23,991 [INFO] Argument:335 - Argument : Channelvalue: DMA_CHANNEL_0
2026-05-14 22:15:23,991 [INFO] Argument:325 - Argument : Directionvalue: DMA_MEMORY_TO_PERIPH
2026-05-14 22:15:23,991 [INFO] Argument:335 - Argument : Directionvalue: DMA_MEMORY_TO_PERIPH
2026-05-14 22:15:23,991 [INFO] Argument:325 - Argument : PeriphIncvalue: DMA_PINC_DISABLE
2026-05-14 22:15:23,991 [INFO] Argument:335 - Argument : PeriphIncvalue: DMA_PINC_DISABLE
2026-05-14 22:15:23,991 [INFO] Argument:325 - Argument : MemIncvalue: DMA_MINC_ENABLE
2026-05-14 22:15:23,991 [INFO] Argument:335 - Argument : MemIncvalue: DMA_MINC_ENABLE
2026-05-14 22:15:23,991 [INFO] Argument:325 - Argument : PeriphDataAlignmentvalue: DMA_PDATAALIGN_HALFWORD
2026-05-14 22:15:23,991 [INFO] Argument:335 - Argument : PeriphDataAlignmentvalue: DMA_PDATAALIGN_HALFWORD
2026-05-14 22:15:23,991 [INFO] Argument:325 - Argument : MemDataAlignmentvalue: DMA_MDATAALIGN_HALFWORD
2026-05-14 22:15:23,991 [INFO] Argument:335 - Argument : MemDataAlignmentvalue: DMA_MDATAALIGN_HALFWORD
2026-05-14 22:15:23,991 [INFO] Argument:325 - Argument : Modevalue: DMA_CIRCULAR
2026-05-14 22:15:23,991 [INFO] Argument:335 - Argument : Modevalue: DMA_CIRCULAR
2026-05-14 22:15:23,991 [INFO] Argument:325 - Argument : Priorityvalue: DMA_PRIORITY_VERY_HIGH
2026-05-14 22:15:23,991 [INFO] Argument:335 - Argument : Priorityvalue: DMA_PRIORITY_VERY_HIGH
2026-05-14 22:15:23,991 [INFO] Argument:325 - Argument : FIFOModevalue: DMA_FIFOMODE_DISABLE
2026-05-14 22:15:23,991 [INFO] Argument:335 - Argument : FIFOModevalue: DMA_FIFOMODE_DISABLE
2026-05-14 22:15:23,991 [INFO] Argument:325 - Argument : FIFOThresholdvalue: null
2026-05-14 22:15:23,991 [INFO] Argument:335 - Argument : FIFOThresholdvalue: null
2026-05-14 22:15:23,991 [INFO] Argument:325 - Argument : MemBurstvalue: null
2026-05-14 22:15:23,991 [INFO] Argument:335 - Argument : MemBurstvalue: null
2026-05-14 22:15:23,991 [INFO] Argument:325 - Argument : PeriphBurstvalue: null
2026-05-14 22:15:23,991 [INFO] Argument:335 - Argument : PeriphBurstvalue: null
2026-05-14 22:15:23,991 [INFO] Argument:325 - Argument : Lockvalue: null
2026-05-14 22:15:23,991 [INFO] Argument:335 - Argument : Lockvalue: null
2026-05-14 22:15:23,991 [INFO] Argument:325 - Argument : Statevalue: null
2026-05-14 22:15:23,991 [INFO] Argument:335 - Argument : Statevalue: null
2026-05-14 22:15:23,991 [INFO] Argument:325 - Argument : Parentvalue: null
2026-05-14 22:15:23,991 [INFO] Argument:335 - Argument : Parentvalue: null
2026-05-14 22:15:23,991 [INFO] Argument:325 - Argument : XferCpltCallbackvalue: null
2026-05-14 22:15:23,991 [INFO] Argument:335 - Argument : XferCpltCallbackvalue: null
2026-05-14 22:15:23,991 [INFO] Argument:325 - Argument : XferHalfCpltCallbackvalue: null
2026-05-14 22:15:23,991 [INFO] Argument:335 - Argument : XferHalfCpltCallbackvalue: null
2026-05-14 22:15:23,991 [INFO] Argument:325 - Argument : XferM1CpltCallbackvalue: null
2026-05-14 22:15:23,991 [INFO] Argument:335 - Argument : XferM1CpltCallbackvalue: null
2026-05-14 22:15:23,991 [INFO] Argument:325 - Argument : XferErrorCallbackvalue: null
2026-05-14 22:15:23,992 [INFO] Argument:335 - Argument : XferErrorCallbackvalue: null
2026-05-14 22:15:23,992 [INFO] Argument:325 - Argument : ErrorCodevalue: null
2026-05-14 22:15:23,992 [INFO] Argument:335 - Argument : ErrorCodevalue: null
2026-05-14 22:15:24,008 [WARN] IP:2250 - DEVICE_SERIAL0_CUSTOM_HID_FS not found: check if there is a RefParameter without a condition.
2026-05-14 22:15:24,008 [WARN] IP:2250 - DEVICE_SERIAL1_CUSTOM_HID_FS not found: check if there is a RefParameter without a condition.
2026-05-14 22:15:24,008 [WARN] IP:2250 - DEVICE_SERIAL2_CUSTOM_HID_FS not found: check if there is a RefParameter without a condition.
2026-05-14 22:15:24,070 [INFO] CodeEngine:263 - oldGeneratedFile, D:\Projects\Ventures\Mruda\01_Technical\MCU_Software\MCU_3.1.0\Mruda_3.0.0\MXTmpFiles\license.tmp_save
2026-05-14 22:15:24,151 [INFO] CodeEngine:287 - Generated code: D:\Projects\Ventures\Mruda\01_Technical\MCU_Software\MCU_3.1.0\Mruda_3.0.0\MXTmpFiles\license.tmp
2026-05-14 22:15:24,175 [INFO] CodeEngine:263 - oldGeneratedFile, D:\Projects\Ventures\Mruda\01_Technical\MCU_Software\MCU_3.1.0\Mruda_3.0.0\MXTmpFiles\gpio.tmp_save
2026-05-14 22:15:24,256 [INFO] CodeEngine:287 - Generated code: D:\Projects\Ventures\Mruda\01_Technical\MCU_Software\MCU_3.1.0\Mruda_3.0.0\MXTmpFiles\gpio.tmp
2026-05-14 22:15:24,290 [WARN] IPConfigManager:3217 - Warning: the RefConfig PWREx_EnableUSBVoltageDetector is not available in your config.xml file
2026-05-14 22:15:24,302 [INFO] CodeEngine:263 - oldGeneratedFile, D:\Projects\Ventures\Mruda\01_Technical\MCU_Software\MCU_3.1.0\Mruda_3.0.0\MXTmpFiles\usb_otg_fs_vars.tmp_save
2026-05-14 22:15:24,383 [INFO] CodeEngine:287 - Generated code: D:\Projects\Ventures\Mruda\01_Technical\MCU_Software\MCU_3.1.0\Mruda_3.0.0\MXTmpFiles\usb_otg_fs_vars.tmp
2026-05-14 22:15:24,388 [INFO] CodeEngine:263 - oldGeneratedFile, D:\Projects\Ventures\Mruda\01_Technical\MCU_Software\MCU_3.1.0\Mruda_3.0.0\MXTmpFiles\usb_otg_fs_inc.tmp_save
2026-05-14 22:15:24,449 [INFO] CodeEngine:287 - Generated code: D:\Projects\Ventures\Mruda\01_Technical\MCU_Software\MCU_3.1.0\Mruda_3.0.0\MXTmpFiles\usb_otg_fs_inc.tmp
2026-05-14 22:15:24,454 [INFO] CodeEngine:263 - oldGeneratedFile, D:\Projects\Ventures\Mruda\01_Technical\MCU_Software\MCU_3.1.0\Mruda_3.0.0\MXTmpFiles\usb_otg_fs_HalInit.tmp_save
2026-05-14 22:15:24,546 [INFO] CodeEngine:287 - Generated code: D:\Projects\Ventures\Mruda\01_Technical\MCU_Software\MCU_3.1.0\Mruda_3.0.0\MXTmpFiles\usb_otg_fs_HalInit.tmp
2026-05-14 22:15:24,552 [INFO] CodeEngine:263 - oldGeneratedFile, D:\Projects\Ventures\Mruda\01_Technical\MCU_Software\MCU_3.1.0\Mruda_3.0.0\MXTmpFiles\usb_otg_fs_Msp.tmp_save
2026-05-14 22:15:24,631 [INFO] CodeEngine:287 - Generated code: D:\Projects\Ventures\Mruda\01_Technical\MCU_Software\MCU_3.1.0\Mruda_3.0.0\MXTmpFiles\usb_otg_fs_Msp.tmp
2026-05-14 22:15:24,856 [INFO] Middleware:1452 - No code input for Bsp Dependency
2026-05-14 22:15:24,892 [INFO] CodeEngine:263 - oldGeneratedFile, D:\Projects\Ventures\Mruda\01_Technical\MCU_Software\MCU_3.1.0\Mruda_3.0.0\MXTmpFiles\dma.tmp_save
2026-05-14 22:15:24,982 [INFO] CodeEngine:287 - Generated code: D:\Projects\Ventures\Mruda\01_Technical\MCU_Software\MCU_3.1.0\Mruda_3.0.0\MXTmpFiles\dma.tmp
2026-05-14 22:15:24,987 [INFO] CodeEngine:263 - oldGeneratedFile, D:\Projects\Ventures\Mruda\01_Technical\MCU_Software\MCU_3.1.0\Mruda_3.0.0\MXTmpFiles\dma_GV.tmp_save
2026-05-14 22:15:25,051 [INFO] CodeEngine:287 - Generated code: D:\Projects\Ventures\Mruda\01_Technical\MCU_Software\MCU_3.1.0\Mruda_3.0.0\MXTmpFiles\dma_GV.tmp
2026-05-14 22:15:25,075 [INFO] Middleware:1452 - No code input for Bsp Dependency
2026-05-14 22:15:25,099 [INFO] CodeEngine:263 - oldGeneratedFile, D:\Projects\Ventures\Mruda\01_Technical\MCU_Software\MCU_3.1.0\Mruda_3.0.0\USB_DEVICE\App\usb_device.c_save
2026-05-14 22:15:25,185 [INFO] CodeEngine:287 - Generated code: D:\Projects\Ventures\Mruda\01_Technical\MCU_Software\MCU_3.1.0\Mruda_3.0.0\USB_DEVICE\App\usb_device.c
2026-05-14 22:15:25,193 [INFO] CodeEngine:263 - oldGeneratedFile, D:\Projects\Ventures\Mruda\01_Technical\MCU_Software\MCU_3.1.0\Mruda_3.0.0\USB_DEVICE\App\usb_device.h_save
2026-05-14 22:15:25,307 [INFO] CodeEngine:287 - Generated code: D:\Projects\Ventures\Mruda\01_Technical\MCU_Software\MCU_3.1.0\Mruda_3.0.0\USB_DEVICE\App\usb_device.h
2026-05-14 22:15:25,316 [INFO] CodeEngine:263 - oldGeneratedFile, D:\Projects\Ventures\Mruda\01_Technical\MCU_Software\MCU_3.1.0\Mruda_3.0.0\USB_DEVICE\Target\usbd_conf.h_save
2026-05-14 22:15:25,399 [INFO] CodeEngine:287 - Generated code: D:\Projects\Ventures\Mruda\01_Technical\MCU_Software\MCU_3.1.0\Mruda_3.0.0\USB_DEVICE\Target\usbd_conf.h
2026-05-14 22:15:25,418 [INFO] CodeEngine:263 - oldGeneratedFile, D:\Projects\Ventures\Mruda\01_Technical\MCU_Software\MCU_3.1.0\Mruda_3.0.0\USB_DEVICE\Target\usbd_conf.c_save
2026-05-14 22:15:25,527 [INFO] CodeEngine:287 - Generated code: D:\Projects\Ventures\Mruda\01_Technical\MCU_Software\MCU_3.1.0\Mruda_3.0.0\USB_DEVICE\Target\usbd_conf.c
2026-05-14 22:15:25,535 [INFO] CodeEngine:263 - oldGeneratedFile, D:\Projects\Ventures\Mruda\01_Technical\MCU_Software\MCU_3.1.0\Mruda_3.0.0\USB_DEVICE\App\usbd_desc.h_save
2026-05-14 22:15:25,598 [INFO] CodeEngine:287 - Generated code: D:\Projects\Ventures\Mruda\01_Technical\MCU_Software\MCU_3.1.0\Mruda_3.0.0\USB_DEVICE\App\usbd_desc.h
2026-05-14 22:15:25,613 [INFO] CodeEngine:263 - oldGeneratedFile, D:\Projects\Ventures\Mruda\01_Technical\MCU_Software\MCU_3.1.0\Mruda_3.0.0\USB_DEVICE\App\usbd_desc.c_save
2026-05-14 22:15:25,722 [INFO] CodeEngine:287 - Generated code: D:\Projects\Ventures\Mruda\01_Technical\MCU_Software\MCU_3.1.0\Mruda_3.0.0\USB_DEVICE\App\usbd_desc.c
2026-05-14 22:15:25,739 [INFO] CodeEngine:263 - oldGeneratedFile, D:\Projects\Ventures\Mruda\01_Technical\MCU_Software\MCU_3.1.0\Mruda_3.0.0\USB_DEVICE\App\usbd_custom_hid_if.h_save
2026-05-14 22:15:25,807 [INFO] CodeEngine:287 - Generated code: D:\Projects\Ventures\Mruda\01_Technical\MCU_Software\MCU_3.1.0\Mruda_3.0.0\USB_DEVICE\App\usbd_custom_hid_if.h
2026-05-14 22:15:25,823 [INFO] CodeEngine:263 - oldGeneratedFile, D:\Projects\Ventures\Mruda\01_Technical\MCU_Software\MCU_3.1.0\Mruda_3.0.0\USB_DEVICE\App\usbd_custom_hid_if.c_save
2026-05-14 22:15:25,894 [INFO] CodeEngine:287 - Generated code: D:\Projects\Ventures\Mruda\01_Technical\MCU_Software\MCU_3.1.0\Mruda_3.0.0\USB_DEVICE\App\usbd_custom_hid_if.c
2026-05-14 22:15:25,917 [INFO] CodeEngine:263 - oldGeneratedFile, D:\Projects\Ventures\Mruda\01_Technical\MCU_Software\MCU_3.1.0\Mruda_3.0.0\Core\Src\stm32f4xx_it.c_save
2026-05-14 22:15:26,104 [INFO] CodeEngine:287 - Generated code: D:\Projects\Ventures\Mruda\01_Technical\MCU_Software\MCU_3.1.0\Mruda_3.0.0\Core\Src\stm32f4xx_it.c
2026-05-14 22:15:26,113 [INFO] CodeEngine:263 - oldGeneratedFile, D:\Projects\Ventures\Mruda\01_Technical\MCU_Software\MCU_3.1.0\Mruda_3.0.0\Core\Inc\stm32f4xx_it.h_save
2026-05-14 22:15:26,177 [INFO] CodeEngine:287 - Generated code: D:\Projects\Ventures\Mruda\01_Technical\MCU_Software\MCU_3.1.0\Mruda_3.0.0\Core\Inc\stm32f4xx_it.h
2026-05-14 22:15:26,203 [INFO] CodeEngine:263 - oldGeneratedFile, D:\Projects\Ventures\Mruda\01_Technical\MCU_Software\MCU_3.1.0\Mruda_3.0.0\Core\Src\stm32f4xx_hal_msp.c_save
2026-05-14 22:15:26,322 [INFO] CodeEngine:287 - Generated code: D:\Projects\Ventures\Mruda\01_Technical\MCU_Software\MCU_3.1.0\Mruda_3.0.0\Core\Src\stm32f4xx_hal_msp.c
2026-05-14 22:15:26,328 [INFO] CodeEngine:263 - oldGeneratedFile, D:\Projects\Ventures\Mruda\01_Technical\MCU_Software\MCU_3.1.0\Mruda_3.0.0\MXTmpFiles\system.tmp_save
2026-05-14 22:15:26,385 [INFO] CodeEngine:287 - Generated code: D:\Projects\Ventures\Mruda\01_Technical\MCU_Software\MCU_3.1.0\Mruda_3.0.0\MXTmpFiles\system.tmp
2026-05-14 22:15:26,408 [INFO] CodeEngine:319 - oldGeneratedFile, D:\Projects\Ventures\Mruda\01_Technical\MCU_Software\MCU_3.1.0\Mruda_3.0.0\Core\Inc\stm32f4xx_hal_conf.h_save
2026-05-14 22:15:26,499 [INFO] CodeEngine:343 - Generated code: D:\Projects\Ventures\Mruda\01_Technical\MCU_Software\MCU_3.1.0\Mruda_3.0.0\Core\Inc\stm32f4xx_hal_conf.h
2026-05-14 22:15:26,530 [WARN] IPConfigManager:3790 - IP not found : TIM
2026-05-14 22:15:26,531 [WARN] CodeGenerator:4198 - IP not found : null
2026-05-14 22:15:26,551 [INFO] CodeEngine:263 - oldGeneratedFile, D:\Projects\Ventures\Mruda\01_Technical\MCU_Software\MCU_3.1.0\Mruda_3.0.0\Core\Inc\main.h_save
2026-05-14 22:15:26,635 [INFO] CodeEngine:287 - Generated code: D:\Projects\Ventures\Mruda\01_Technical\MCU_Software\MCU_3.1.0\Mruda_3.0.0\Core\Inc\main.h
2026-05-14 22:15:26,651 [INFO] CodeEngine:263 - oldGeneratedFile, D:\Projects\Ventures\Mruda\01_Technical\MCU_Software\MCU_3.1.0\Mruda_3.0.0\Core\Src\main.c_save
2026-05-14 22:15:26,795 [INFO] CodeEngine:287 - Generated code: D:\Projects\Ventures\Mruda\01_Technical\MCU_Software\MCU_3.1.0\Mruda_3.0.0\Core\Src\main.c
2026-05-14 22:15:27,230 [INFO] ProjectBuilder:3324 - Time for Copy HAL[1] : 275mS.
2026-05-14 22:15:27,238 [INFO] ProjectBuilder:4912 - Project Generator version: 4.6.0.1-B1
2026-05-14 22:15:27,321 [INFO] ConfigFileManager:1590 - The Die is : DIE431
2026-05-14 22:15:28,651 [INFO] ProjectBuilder:5191 - Time for Generating toolchain IDE Files: 1413mS.
2026-05-14 22:15:28,654 [INFO] ProjectBuilder:3181 - Time for Copy CMSIS : 0mS.
2026-05-14 22:15:28,661 [INFO] ProjectBuilder:3181 - Time for Copy CMSIS : 0mS.
2026-05-14 22:16:48,211 [INFO] UtilMem:75 - End SaveConfig() Used Memory: 769912928 Bytes (1073741824)
2026-05-14 22:16:49,206 [INFO] UtilMem:75 - End SaveConfig() Used Memory: 788787296 Bytes (1073741824)
2026-05-14 22:16:50,433 [INFO] UtilMem:75 - End SaveConfig() Used Memory: 838042456 Bytes (1073741824)
2026-05-14 22:16:50,684 [INFO] BlockDiagram:2775 - set Specific Code input for plugin: NVIC
2026-05-14 22:16:50,684 [INFO] BlockDiagram:2775 - set Specific Code input for plugin: DMA
2026-05-14 22:16:50,684 [INFO] BlockDiagram:2775 - set Specific Code input for plugin: TIM1_8
2026-05-14 22:16:50,684 [INFO] BlockDiagram:2775 - set Specific Code input for plugin: TIM1_8
2026-05-14 22:16:50,684 [INFO] BlockDiagram:2775 - set Specific Code input for plugin: TIM1_8
2026-05-14 22:16:50,684 [INFO] BlockDiagram:2775 - set Specific Code input for plugin: I2S
2026-05-14 22:16:50,684 [INFO] BlockDiagram:2775 - set Specific Code input for plugin: SYS
2026-05-14 22:16:50,685 [INFO] BlockDiagram:2775 - set Specific Code input for plugin: GPIO
2026-05-14 22:16:50,685 [INFO] BlockDiagram:2775 - set Specific Code input for plugin: ADC
2026-05-14 22:16:50,685 [INFO] BlockDiagram:2775 - set Specific Code input for plugin: RCC
2026-05-14 22:16:50,686 [INFO] CodeGenerator:882 - code generatio: config db path: C:\ST\STM32CubeIDE_1.10.1\STM32CubeIDE\plugins\com.st.stm32cube.common.mx_6.14.1.202504091515\\db\
2026-05-14 22:16:50,691 [INFO] Argument:325 - Argument : hdmavalue: null
2026-05-14 22:16:50,692 [INFO] Argument:327 - 	 sub Args: 
2026-05-14 22:16:50,692 [INFO] Argument:325 - Argument : Instancevalue: DMA2_Stream0
2026-05-14 22:16:50,692 [INFO] Argument:335 - Argument : Instancevalue: DMA2_Stream0
2026-05-14 22:16:50,692 [INFO] Argument:325 - Argument : Initvalue: null
2026-05-14 22:16:50,692 [INFO] Argument:327 - 	 sub Args: 
2026-05-14 22:16:50,692 [INFO] Argument:325 - Argument : Channelvalue: DMA_CHANNEL_0
2026-05-14 22:16:50,692 [INFO] Argument:335 - Argument : Channelvalue: DMA_CHANNEL_0
2026-05-14 22:16:50,692 [INFO] Argument:325 - Argument : Directionvalue: DMA_PERIPH_TO_MEMORY
2026-05-14 22:16:50,692 [INFO] Argument:335 - Argument : Directionvalue: DMA_PERIPH_TO_MEMORY
2026-05-14 22:16:50,692 [INFO] Argument:325 - Argument : PeriphIncvalue: DMA_PINC_DISABLE
2026-05-14 22:16:50,692 [INFO] Argument:335 - Argument : PeriphIncvalue: DMA_PINC_DISABLE
2026-05-14 22:16:50,692 [INFO] Argument:325 - Argument : MemIncvalue: DMA_MINC_ENABLE
2026-05-14 22:16:50,692 [INFO] Argument:335 - Argument : MemIncvalue: DMA_MINC_ENABLE
2026-05-14 22:16:50,692 [INFO] Argument:325 - Argument : PeriphDataAlignmentvalue: DMA_PDATAALIGN_HALFWORD
2026-05-14 22:16:50,692 [INFO] Argument:335 - Argument : PeriphDataAlignmentvalue: DMA_PDATAALIGN_HALFWORD
2026-05-14 22:16:50,692 [INFO] Argument:325 - Argument : MemDataAlignmentvalue: DMA_MDATAALIGN_HALFWORD
2026-05-14 22:16:50,692 [INFO] Argument:335 - Argument : MemDataAlignmentvalue: DMA_MDATAALIGN_HALFWORD
2026-05-14 22:16:50,692 [INFO] Argument:325 - Argument : Modevalue: DMA_CIRCULAR
2026-05-14 22:16:50,692 [INFO] Argument:335 - Argument : Modevalue: DMA_CIRCULAR
2026-05-14 22:16:50,692 [INFO] Argument:325 - Argument : Priorityvalue: DMA_PRIORITY_LOW
2026-05-14 22:16:50,692 [INFO] Argument:335 - Argument : Priorityvalue: DMA_PRIORITY_LOW
2026-05-14 22:16:50,692 [INFO] Argument:325 - Argument : FIFOModevalue: DMA_FIFOMODE_DISABLE
2026-05-14 22:16:50,692 [INFO] Argument:335 - Argument : FIFOModevalue: DMA_FIFOMODE_DISABLE
2026-05-14 22:16:50,693 [INFO] Argument:325 - Argument : FIFOThresholdvalue: null
2026-05-14 22:16:50,693 [INFO] Argument:335 - Argument : FIFOThresholdvalue: null
2026-05-14 22:16:50,693 [INFO] Argument:325 - Argument : MemBurstvalue: null
2026-05-14 22:16:50,693 [INFO] Argument:335 - Argument : MemBurstvalue: null
2026-05-14 22:16:50,693 [INFO] Argument:325 - Argument : PeriphBurstvalue: null
2026-05-14 22:16:50,693 [INFO] Argument:335 - Argument : PeriphBurstvalue: null
2026-05-14 22:16:50,693 [INFO] Argument:325 - Argument : Lockvalue: null
2026-05-14 22:16:50,693 [INFO] Argument:335 - Argument : Lockvalue: null
2026-05-14 22:16:50,693 [INFO] Argument:325 - Argument : Statevalue: null
2026-05-14 22:16:50,693 [INFO] Argument:335 - Argument : Statevalue: null
2026-05-14 22:16:50,693 [INFO] Argument:325 - Argument : Parentvalue: null
2026-05-14 22:16:50,693 [INFO] Argument:335 - Argument : Parentvalue: null
2026-05-14 22:16:50,693 [INFO] Argument:325 - Argument : XferCpltCallbackvalue: null
2026-05-14 22:16:50,693 [INFO] Argument:335 - Argument : XferCpltCallbackvalue: null
2026-05-14 22:16:50,693 [INFO] Argument:325 - Argument : XferHalfCpltCallbackvalue: null
2026-05-14 22:16:50,693 [INFO] Argument:335 - Argument : XferHalfCpltCallbackvalue: null
2026-05-14 22:16:50,693 [INFO] Argument:325 - Argument : XferM1CpltCallbackvalue: null
2026-05-14 22:16:50,693 [INFO] Argument:335 - Argument : XferM1CpltCallbackvalue: null
2026-05-14 22:16:50,693 [INFO] Argument:325 - Argument : XferErrorCallbackvalue: null
2026-05-14 22:16:50,693 [INFO] Argument:335 - Argument : XferErrorCallbackvalue: null
2026-05-14 22:16:50,693 [INFO] Argument:325 - Argument : ErrorCodevalue: null
2026-05-14 22:16:50,693 [INFO] Argument:335 - Argument : ErrorCodevalue: null
2026-05-14 22:16:50,695 [INFO] Argument:325 - Argument : hdmavalue: null
2026-05-14 22:16:50,695 [INFO] Argument:327 - 	 sub Args: 
2026-05-14 22:16:50,695 [INFO] Argument:325 - Argument : Instancevalue: DMA1_Stream4
2026-05-14 22:16:50,695 [INFO] Argument:335 - Argument : Instancevalue: DMA1_Stream4
2026-05-14 22:16:50,695 [INFO] Argument:325 - Argument : Initvalue: null
2026-05-14 22:16:50,695 [INFO] Argument:327 - 	 sub Args: 
2026-05-14 22:16:50,695 [INFO] Argument:325 - Argument : Channelvalue: DMA_CHANNEL_0
2026-05-14 22:16:50,695 [INFO] Argument:335 - Argument : Channelvalue: DMA_CHANNEL_0
2026-05-14 22:16:50,695 [INFO] Argument:325 - Argument : Directionvalue: DMA_MEMORY_TO_PERIPH
2026-05-14 22:16:50,695 [INFO] Argument:335 - Argument : Directionvalue: DMA_MEMORY_TO_PERIPH
2026-05-14 22:16:50,695 [INFO] Argument:325 - Argument : PeriphIncvalue: DMA_PINC_DISABLE
2026-05-14 22:16:50,695 [INFO] Argument:335 - Argument : PeriphIncvalue: DMA_PINC_DISABLE
2026-05-14 22:16:50,695 [INFO] Argument:325 - Argument : MemIncvalue: DMA_MINC_ENABLE
2026-05-14 22:16:50,695 [INFO] Argument:335 - Argument : MemIncvalue: DMA_MINC_ENABLE
2026-05-14 22:16:50,695 [INFO] Argument:325 - Argument : PeriphDataAlignmentvalue: DMA_PDATAALIGN_HALFWORD
2026-05-14 22:16:50,695 [INFO] Argument:335 - Argument : PeriphDataAlignmentvalue: DMA_PDATAALIGN_HALFWORD
2026-05-14 22:16:50,695 [INFO] Argument:325 - Argument : MemDataAlignmentvalue: DMA_MDATAALIGN_HALFWORD
2026-05-14 22:16:50,695 [INFO] Argument:335 - Argument : MemDataAlignmentvalue: DMA_MDATAALIGN_HALFWORD
2026-05-14 22:16:50,695 [INFO] Argument:325 - Argument : Modevalue: DMA_CIRCULAR
2026-05-14 22:16:50,695 [INFO] Argument:335 - Argument : Modevalue: DMA_CIRCULAR
2026-05-14 22:16:50,695 [INFO] Argument:325 - Argument : Priorityvalue: DMA_PRIORITY_VERY_HIGH
2026-05-14 22:16:50,695 [INFO] Argument:335 - Argument : Priorityvalue: DMA_PRIORITY_VERY_HIGH
2026-05-14 22:16:50,695 [INFO] Argument:325 - Argument : FIFOModevalue: DMA_FIFOMODE_DISABLE
2026-05-14 22:16:50,695 [INFO] Argument:335 - Argument : FIFOModevalue: DMA_FIFOMODE_DISABLE
2026-05-14 22:16:50,695 [INFO] Argument:325 - Argument : FIFOThresholdvalue: null
2026-05-14 22:16:50,695 [INFO] Argument:335 - Argument : FIFOThresholdvalue: null
2026-05-14 22:16:50,695 [INFO] Argument:325 - Argument : MemBurstvalue: null
2026-05-14 22:16:50,695 [INFO] Argument:335 - Argument : MemBurstvalue: null
2026-05-14 22:16:50,695 [INFO] Argument:325 - Argument : PeriphBurstvalue: null
2026-05-14 22:16:50,695 [INFO] Argument:335 - Argument : PeriphBurstvalue: null
2026-05-14 22:16:50,695 [INFO] Argument:325 - Argument : Lockvalue: null
2026-05-14 22:16:50,695 [INFO] Argument:335 - Argument : Lockvalue: null
2026-05-14 22:16:50,695 [INFO] Argument:325 - Argument : Statevalue: null
2026-05-14 22:16:50,695 [INFO] Argument:335 - Argument : Statevalue: null
2026-05-14 22:16:50,695 [INFO] Argument:325 - Argument : Parentvalue: null
2026-05-14 22:16:50,695 [INFO] Argument:335 - Argument : Parentvalue: null
2026-05-14 22:16:50,695 [INFO] Argument:325 - Argument : XferCpltCallbackvalue: null
2026-05-14 22:16:50,695 [INFO] Argument:335 - Argument : XferCpltCallbackvalue: null
2026-05-14 22:16:50,695 [INFO] Argument:325 - Argument : XferHalfCpltCallbackvalue: null
2026-05-14 22:16:50,695 [INFO] Argument:335 - Argument : XferHalfCpltCallbackvalue: null
2026-05-14 22:16:50,695 [INFO] Argument:325 - Argument : XferM1CpltCallbackvalue: null
2026-05-14 22:16:50,695 [INFO] Argument:335 - Argument : XferM1CpltCallbackvalue: null
2026-05-14 22:16:50,695 [INFO] Argument:325 - Argument : XferErrorCallbackvalue: null
2026-05-14 22:16:50,695 [INFO] Argument:335 - Argument : XferErrorCallbackvalue: null
2026-05-14 22:16:50,695 [INFO] Argument:325 - Argument : ErrorCodevalue: null
2026-05-14 22:16:50,695 [INFO] Argument:335 - Argument : ErrorCodevalue: null
2026-05-14 22:16:50,765 [INFO] CodeEngine:263 - oldGeneratedFile, D:\Projects\Ventures\Mruda\01_Technical\MCU_Software\MCU_3.1.0\Mruda_3.0.0\MXTmpFiles\license.tmp_save
2026-05-14 22:16:50,845 [INFO] CodeEngine:287 - Generated code: D:\Projects\Ventures\Mruda\01_Technical\MCU_Software\MCU_3.1.0\Mruda_3.0.0\MXTmpFiles\license.tmp
2026-05-14 22:16:50,873 [INFO] CodeEngine:263 - oldGeneratedFile, D:\Projects\Ventures\Mruda\01_Technical\MCU_Software\MCU_3.1.0\Mruda_3.0.0\MXTmpFiles\gpio.tmp_save
2026-05-14 22:16:50,996 [INFO] CodeEngine:287 - Generated code: D:\Projects\Ventures\Mruda\01_Technical\MCU_Software\MCU_3.1.0\Mruda_3.0.0\MXTmpFiles\gpio.tmp
2026-05-14 22:16:51,232 [INFO] CodeEngine:263 - oldGeneratedFile, D:\Projects\Ventures\Mruda\01_Technical\MCU_Software\MCU_3.1.0\Mruda_3.0.0\MXTmpFiles\dma.tmp_save
2026-05-14 22:16:51,312 [INFO] CodeEngine:287 - Generated code: D:\Projects\Ventures\Mruda\01_Technical\MCU_Software\MCU_3.1.0\Mruda_3.0.0\MXTmpFiles\dma.tmp
2026-05-14 22:16:51,317 [INFO] CodeEngine:263 - oldGeneratedFile, D:\Projects\Ventures\Mruda\01_Technical\MCU_Software\MCU_3.1.0\Mruda_3.0.0\MXTmpFiles\dma_GV.tmp_save
2026-05-14 22:16:51,373 [INFO] CodeEngine:287 - Generated code: D:\Projects\Ventures\Mruda\01_Technical\MCU_Software\MCU_3.1.0\Mruda_3.0.0\MXTmpFiles\dma_GV.tmp
2026-05-14 22:16:51,400 [INFO] CodeEngine:263 - oldGeneratedFile, D:\Projects\Ventures\Mruda\01_Technical\MCU_Software\MCU_3.1.0\Mruda_3.0.0\Core\Src\stm32f4xx_it.c_save
2026-05-14 22:16:51,511 [INFO] CodeEngine:287 - Generated code: D:\Projects\Ventures\Mruda\01_Technical\MCU_Software\MCU_3.1.0\Mruda_3.0.0\Core\Src\stm32f4xx_it.c
2026-05-14 22:16:51,519 [INFO] CodeEngine:263 - oldGeneratedFile, D:\Projects\Ventures\Mruda\01_Technical\MCU_Software\MCU_3.1.0\Mruda_3.0.0\Core\Inc\stm32f4xx_it.h_save
2026-05-14 22:16:51,596 [INFO] CodeEngine:287 - Generated code: D:\Projects\Ventures\Mruda\01_Technical\MCU_Software\MCU_3.1.0\Mruda_3.0.0\Core\Inc\stm32f4xx_it.h
2026-05-14 22:16:51,622 [INFO] CodeEngine:263 - oldGeneratedFile, D:\Projects\Ventures\Mruda\01_Technical\MCU_Software\MCU_3.1.0\Mruda_3.0.0\Core\Src\stm32f4xx_hal_msp.c_save
2026-05-14 22:16:51,737 [INFO] CodeEngine:287 - Generated code: D:\Projects\Ventures\Mruda\01_Technical\MCU_Software\MCU_3.1.0\Mruda_3.0.0\Core\Src\stm32f4xx_hal_msp.c
2026-05-14 22:16:51,744 [INFO] CodeEngine:263 - oldGeneratedFile, D:\Projects\Ventures\Mruda\01_Technical\MCU_Software\MCU_3.1.0\Mruda_3.0.0\MXTmpFiles\system.tmp_save
2026-05-14 22:16:51,801 [INFO] CodeEngine:287 - Generated code: D:\Projects\Ventures\Mruda\01_Technical\MCU_Software\MCU_3.1.0\Mruda_3.0.0\MXTmpFiles\system.tmp
2026-05-14 22:16:51,822 [INFO] CodeEngine:319 - oldGeneratedFile, D:\Projects\Ventures\Mruda\01_Technical\MCU_Software\MCU_3.1.0\Mruda_3.0.0\Core\Inc\stm32f4xx_hal_conf.h_save
2026-05-14 22:16:51,916 [INFO] CodeEngine:343 - Generated code: D:\Projects\Ventures\Mruda\01_Technical\MCU_Software\MCU_3.1.0\Mruda_3.0.0\Core\Inc\stm32f4xx_hal_conf.h
2026-05-14 22:16:51,948 [WARN] IPConfigManager:3790 - IP not found : TIM
2026-05-14 22:16:51,949 [WARN] CodeGenerator:4198 - IP not found : null
2026-05-14 22:16:51,970 [INFO] CodeEngine:263 - oldGeneratedFile, D:\Projects\Ventures\Mruda\01_Technical\MCU_Software\MCU_3.1.0\Mruda_3.0.0\Core\Inc\main.h_save
2026-05-14 22:16:52,060 [INFO] CodeEngine:287 - Generated code: D:\Projects\Ventures\Mruda\01_Technical\MCU_Software\MCU_3.1.0\Mruda_3.0.0\Core\Inc\main.h
2026-05-14 22:16:52,075 [INFO] CodeEngine:263 - oldGeneratedFile, D:\Projects\Ventures\Mruda\01_Technical\MCU_Software\MCU_3.1.0\Mruda_3.0.0\Core\Src\main.c_save
2026-05-14 22:16:52,233 [INFO] CodeEngine:287 - Generated code: D:\Projects\Ventures\Mruda\01_Technical\MCU_Software\MCU_3.1.0\Mruda_3.0.0\Core\Src\main.c
2026-05-14 22:16:52,708 [INFO] ProjectBuilder:3324 - Time for Copy HAL[1] : 261mS.
2026-05-14 22:16:52,714 [INFO] ProjectBuilder:4912 - Project Generator version: 4.6.0.1-B1
2026-05-14 22:16:52,803 [INFO] ConfigFileManager:1590 - The Die is : DIE431
2026-05-14 22:16:53,943 [INFO] ProjectBuilder:5191 - Time for Generating toolchain IDE Files: 1229mS.
2026-05-14 22:16:53,944 [INFO] ProjectBuilder:3181 - Time for Copy CMSIS : 1mS.
2026-05-14 22:16:53,948 [INFO] ProjectBuilder:3181 - Time for Copy CMSIS : 0mS.
2026-05-14 22:17:13,783 [WARN] IP:2250 - DEVICE_SERIAL0_CUSTOM_HID_FS not found: check if there is a RefParameter without a condition.
2026-05-14 22:17:13,783 [WARN] IP:2250 - DEVICE_SERIAL1_CUSTOM_HID_FS not found: check if there is a RefParameter without a condition.
2026-05-14 22:17:13,783 [WARN] IP:2250 - DEVICE_SERIAL2_CUSTOM_HID_FS not found: check if there is a RefParameter without a condition.
2026-05-14 22:17:13,784 [WARN] IP:2250 - DEVICE_SERIAL0_CUSTOM_HID_FS not found: check if there is a RefParameter without a condition.
2026-05-14 22:17:13,784 [WARN] IP:2250 - DEVICE_SERIAL1_CUSTOM_HID_FS not found: check if there is a RefParameter without a condition.
2026-05-14 22:17:13,784 [WARN] IP:2250 - DEVICE_SERIAL2_CUSTOM_HID_FS not found: check if there is a RefParameter without a condition.
2026-05-14 22:17:31,763 [WARN] IP:2250 - DEVICE_SERIAL0_CUSTOM_HID_FS not found: check if there is a RefParameter without a condition.
2026-05-14 22:17:31,763 [WARN] IP:2250 - DEVICE_SERIAL1_CUSTOM_HID_FS not found: check if there is a RefParameter without a condition.
2026-05-14 22:17:31,763 [WARN] IP:2250 - DEVICE_SERIAL2_CUSTOM_HID_FS not found: check if there is a RefParameter without a condition.
2026-05-14 22:17:32,908 [WARN] IP:2250 - DEVICE_SERIAL0_CUSTOM_HID_FS not found: check if there is a RefParameter without a condition.
2026-05-14 22:17:32,908 [WARN] IP:2250 - DEVICE_SERIAL1_CUSTOM_HID_FS not found: check if there is a RefParameter without a condition.
2026-05-14 22:17:32,908 [WARN] IP:2250 - DEVICE_SERIAL2_CUSTOM_HID_FS not found: check if there is a RefParameter without a condition.
2026-05-14 22:18:15,335 [WARN] IP:2250 - DEVICE_SERIAL0_CUSTOM_HID_FS not found: check if there is a RefParameter without a condition.
2026-05-14 22:18:15,335 [WARN] IP:2250 - DEVICE_SERIAL1_CUSTOM_HID_FS not found: check if there is a RefParameter without a condition.
2026-05-14 22:18:15,335 [WARN] IP:2250 - DEVICE_SERIAL2_CUSTOM_HID_FS not found: check if there is a RefParameter without a condition.
2026-05-14 22:18:15,335 [WARN] IP:2250 - DEVICE_SERIAL0_CUSTOM_HID_FS not found: check if there is a RefParameter without a condition.
2026-05-14 22:18:15,335 [WARN] IP:2250 - DEVICE_SERIAL1_CUSTOM_HID_FS not found: check if there is a RefParameter without a condition.
2026-05-14 22:18:15,335 [WARN] IP:2250 - DEVICE_SERIAL2_CUSTOM_HID_FS not found: check if there is a RefParameter without a condition.
2026-05-14 22:18:15,371 [WARN] IP:2250 - DEVICE_SERIAL0_CUSTOM_HID_FS not found: check if there is a RefParameter without a condition.
2026-05-14 22:18:15,371 [WARN] IP:2250 - DEVICE_SERIAL1_CUSTOM_HID_FS not found: check if there is a RefParameter without a condition.
2026-05-14 22:18:15,371 [WARN] IP:2250 - DEVICE_SERIAL2_CUSTOM_HID_FS not found: check if there is a RefParameter without a condition.
2026-05-14 22:18:34,721 [INFO] UtilMem:75 - End SaveConfig() Used Memory: 806535216 Bytes (1073741824)
2026-05-14 22:18:37,205 [INFO] UtilMem:75 - End SaveConfig() Used Memory: 825384416 Bytes (1073741824)
2026-05-14 22:18:40,734 [INFO] UtilMem:75 - End SaveConfig() Used Memory: 870666128 Bytes (1073741824)
2026-05-14 22:18:41,027 [INFO] BlockDiagram:2775 - set Specific Code input for plugin: USB_OTG_FS
2026-05-14 22:18:41,027 [INFO] BlockDiagram:2775 - set Specific Code input for plugin: NVIC
2026-05-14 22:18:41,027 [INFO] BlockDiagram:2775 - set Specific Code input for plugin: DMA
2026-05-14 22:18:41,027 [INFO] BlockDiagram:2775 - set Specific Code input for plugin: TIM1_8
2026-05-14 22:18:41,027 [INFO] BlockDiagram:2775 - set Specific Code input for plugin: TIM1_8
2026-05-14 22:18:41,027 [INFO] BlockDiagram:2775 - set Specific Code input for plugin: TIM1_8
2026-05-14 22:18:41,027 [INFO] BlockDiagram:2775 - set Specific Code input for plugin: USB_DEVICE
2026-05-14 22:18:41,027 [INFO] BlockDiagram:2775 - set Specific Code input for plugin: I2S
2026-05-14 22:18:41,027 [INFO] BlockDiagram:2775 - set Specific Code input for plugin: SYS
2026-05-14 22:18:41,028 [INFO] BlockDiagram:2775 - set Specific Code input for plugin: GPIO
2026-05-14 22:18:41,028 [INFO] BlockDiagram:2775 - set Specific Code input for plugin: ADC
2026-05-14 22:18:41,028 [INFO] BlockDiagram:2775 - set Specific Code input for plugin: RCC
2026-05-14 22:18:41,029 [INFO] CodeGenerator:882 - code generatio: config db path: C:\ST\STM32CubeIDE_1.10.1\STM32CubeIDE\plugins\com.st.stm32cube.common.mx_6.14.1.202504091515\\db\
2026-05-14 22:18:41,033 [INFO] Argument:325 - Argument : hdmavalue: null
2026-05-14 22:18:41,033 [INFO] Argument:327 - 	 sub Args: 
2026-05-14 22:18:41,033 [INFO] Argument:325 - Argument : Instancevalue: DMA2_Stream0
2026-05-14 22:18:41,033 [INFO] Argument:335 - Argument : Instancevalue: DMA2_Stream0
2026-05-14 22:18:41,033 [INFO] Argument:325 - Argument : Initvalue: null
2026-05-14 22:18:41,033 [INFO] Argument:327 - 	 sub Args: 
2026-05-14 22:18:41,033 [INFO] Argument:325 - Argument : Channelvalue: DMA_CHANNEL_0
2026-05-14 22:18:41,033 [INFO] Argument:335 - Argument : Channelvalue: DMA_CHANNEL_0
2026-05-14 22:18:41,033 [INFO] Argument:325 - Argument : Directionvalue: DMA_PERIPH_TO_MEMORY
2026-05-14 22:18:41,033 [INFO] Argument:335 - Argument : Directionvalue: DMA_PERIPH_TO_MEMORY
2026-05-14 22:18:41,033 [INFO] Argument:325 - Argument : PeriphIncvalue: DMA_PINC_DISABLE
2026-05-14 22:18:41,033 [INFO] Argument:335 - Argument : PeriphIncvalue: DMA_PINC_DISABLE
2026-05-14 22:18:41,034 [INFO] Argument:325 - Argument : MemIncvalue: DMA_MINC_ENABLE
2026-05-14 22:18:41,034 [INFO] Argument:335 - Argument : MemIncvalue: DMA_MINC_ENABLE
2026-05-14 22:18:41,034 [INFO] Argument:325 - Argument : PeriphDataAlignmentvalue: DMA_PDATAALIGN_HALFWORD
2026-05-14 22:18:41,034 [INFO] Argument:335 - Argument : PeriphDataAlignmentvalue: DMA_PDATAALIGN_HALFWORD
2026-05-14 22:18:41,034 [INFO] Argument:325 - Argument : MemDataAlignmentvalue: DMA_MDATAALIGN_HALFWORD
2026-05-14 22:18:41,034 [INFO] Argument:335 - Argument : MemDataAlignmentvalue: DMA_MDATAALIGN_HALFWORD
2026-05-14 22:18:41,034 [INFO] Argument:325 - Argument : Modevalue: DMA_CIRCULAR
2026-05-14 22:18:41,034 [INFO] Argument:335 - Argument : Modevalue: DMA_CIRCULAR
2026-05-14 22:18:41,034 [INFO] Argument:325 - Argument : Priorityvalue: DMA_PRIORITY_LOW
2026-05-14 22:18:41,034 [INFO] Argument:335 - Argument : Priorityvalue: DMA_PRIORITY_LOW
2026-05-14 22:18:41,034 [INFO] Argument:325 - Argument : FIFOModevalue: DMA_FIFOMODE_DISABLE
2026-05-14 22:18:41,034 [INFO] Argument:335 - Argument : FIFOModevalue: DMA_FIFOMODE_DISABLE
2026-05-14 22:18:41,034 [INFO] Argument:325 - Argument : FIFOThresholdvalue: null
2026-05-14 22:18:41,034 [INFO] Argument:335 - Argument : FIFOThresholdvalue: null
2026-05-14 22:18:41,034 [INFO] Argument:325 - Argument : MemBurstvalue: null
2026-05-14 22:18:41,034 [INFO] Argument:335 - Argument : MemBurstvalue: null
2026-05-14 22:18:41,034 [INFO] Argument:325 - Argument : PeriphBurstvalue: null
2026-05-14 22:18:41,034 [INFO] Argument:335 - Argument : PeriphBurstvalue: null
2026-05-14 22:18:41,034 [INFO] Argument:325 - Argument : Lockvalue: null
2026-05-14 22:18:41,034 [INFO] Argument:335 - Argument : Lockvalue: null
2026-05-14 22:18:41,034 [INFO] Argument:325 - Argument : Statevalue: null
2026-05-14 22:18:41,034 [INFO] Argument:335 - Argument : Statevalue: null
2026-05-14 22:18:41,034 [INFO] Argument:325 - Argument : Parentvalue: null
2026-05-14 22:18:41,034 [INFO] Argument:335 - Argument : Parentvalue: null
2026-05-14 22:18:41,034 [INFO] Argument:325 - Argument : XferCpltCallbackvalue: null
2026-05-14 22:18:41,034 [INFO] Argument:335 - Argument : XferCpltCallbackvalue: null
2026-05-14 22:18:41,034 [INFO] Argument:325 - Argument : XferHalfCpltCallbackvalue: null
2026-05-14 22:18:41,034 [INFO] Argument:335 - Argument : XferHalfCpltCallbackvalue: null
2026-05-14 22:18:41,034 [INFO] Argument:325 - Argument : XferM1CpltCallbackvalue: null
2026-05-14 22:18:41,034 [INFO] Argument:335 - Argument : XferM1CpltCallbackvalue: null
2026-05-14 22:18:41,034 [INFO] Argument:325 - Argument : XferErrorCallbackvalue: null
2026-05-14 22:18:41,034 [INFO] Argument:335 - Argument : XferErrorCallbackvalue: null
2026-05-14 22:18:41,034 [INFO] Argument:325 - Argument : ErrorCodevalue: null
2026-05-14 22:18:41,034 [INFO] Argument:335 - Argument : ErrorCodevalue: null
2026-05-14 22:18:41,035 [INFO] Argument:325 - Argument : hdmavalue: null
2026-05-14 22:18:41,035 [INFO] Argument:327 - 	 sub Args: 
2026-05-14 22:18:41,035 [INFO] Argument:325 - Argument : Instancevalue: DMA1_Stream4
2026-05-14 22:18:41,035 [INFO] Argument:335 - Argument : Instancevalue: DMA1_Stream4
2026-05-14 22:18:41,035 [INFO] Argument:325 - Argument : Initvalue: null
2026-05-14 22:18:41,035 [INFO] Argument:327 - 	 sub Args: 
2026-05-14 22:18:41,036 [INFO] Argument:325 - Argument : Channelvalue: DMA_CHANNEL_0
2026-05-14 22:18:41,036 [INFO] Argument:335 - Argument : Channelvalue: DMA_CHANNEL_0
2026-05-14 22:18:41,036 [INFO] Argument:325 - Argument : Directionvalue: DMA_MEMORY_TO_PERIPH
2026-05-14 22:18:41,036 [INFO] Argument:335 - Argument : Directionvalue: DMA_MEMORY_TO_PERIPH
2026-05-14 22:18:41,036 [INFO] Argument:325 - Argument : PeriphIncvalue: DMA_PINC_DISABLE
2026-05-14 22:18:41,036 [INFO] Argument:335 - Argument : PeriphIncvalue: DMA_PINC_DISABLE
2026-05-14 22:18:41,036 [INFO] Argument:325 - Argument : MemIncvalue: DMA_MINC_ENABLE
2026-05-14 22:18:41,036 [INFO] Argument:335 - Argument : MemIncvalue: DMA_MINC_ENABLE
2026-05-14 22:18:41,036 [INFO] Argument:325 - Argument : PeriphDataAlignmentvalue: DMA_PDATAALIGN_HALFWORD
2026-05-14 22:18:41,036 [INFO] Argument:335 - Argument : PeriphDataAlignmentvalue: DMA_PDATAALIGN_HALFWORD
2026-05-14 22:18:41,036 [INFO] Argument:325 - Argument : MemDataAlignmentvalue: DMA_MDATAALIGN_HALFWORD
2026-05-14 22:18:41,036 [INFO] Argument:335 - Argument : MemDataAlignmentvalue: DMA_MDATAALIGN_HALFWORD
2026-05-14 22:18:41,036 [INFO] Argument:325 - Argument : Modevalue: DMA_CIRCULAR
2026-05-14 22:18:41,036 [INFO] Argument:335 - Argument : Modevalue: DMA_CIRCULAR
2026-05-14 22:18:41,036 [INFO] Argument:325 - Argument : Priorityvalue: DMA_PRIORITY_VERY_HIGH
2026-05-14 22:18:41,036 [INFO] Argument:335 - Argument : Priorityvalue: DMA_PRIORITY_VERY_HIGH
2026-05-14 22:18:41,036 [INFO] Argument:325 - Argument : FIFOModevalue: DMA_FIFOMODE_DISABLE
2026-05-14 22:18:41,036 [INFO] Argument:335 - Argument : FIFOModevalue: DMA_FIFOMODE_DISABLE
2026-05-14 22:18:41,036 [INFO] Argument:325 - Argument : FIFOThresholdvalue: null
2026-05-14 22:18:41,036 [INFO] Argument:335 - Argument : FIFOThresholdvalue: null
2026-05-14 22:18:41,036 [INFO] Argument:325 - Argument : MemBurstvalue: null
2026-05-14 22:18:41,036 [INFO] Argument:335 - Argument : MemBurstvalue: null
2026-05-14 22:18:41,036 [INFO] Argument:325 - Argument : PeriphBurstvalue: null
2026-05-14 22:18:41,036 [INFO] Argument:335 - Argument : PeriphBurstvalue: null
2026-05-14 22:18:41,036 [INFO] Argument:325 - Argument : Lockvalue: null
2026-05-14 22:18:41,036 [INFO] Argument:335 - Argument : Lockvalue: null
2026-05-14 22:18:41,036 [INFO] Argument:325 - Argument : Statevalue: null
2026-05-14 22:18:41,036 [INFO] Argument:335 - Argument : Statevalue: null
2026-05-14 22:18:41,036 [INFO] Argument:325 - Argument : Parentvalue: null
2026-05-14 22:18:41,036 [INFO] Argument:335 - Argument : Parentvalue: null
2026-05-14 22:18:41,036 [INFO] Argument:325 - Argument : XferCpltCallbackvalue: null
2026-05-14 22:18:41,036 [INFO] Argument:335 - Argument : XferCpltCallbackvalue: null
2026-05-14 22:18:41,036 [INFO] Argument:325 - Argument : XferHalfCpltCallbackvalue: null
2026-05-14 22:18:41,036 [INFO] Argument:335 - Argument : XferHalfCpltCallbackvalue: null
2026-05-14 22:18:41,036 [INFO] Argument:325 - Argument : XferM1CpltCallbackvalue: null
2026-05-14 22:18:41,036 [INFO] Argument:335 - Argument : XferM1CpltCallbackvalue: null
2026-05-14 22:18:41,036 [INFO] Argument:325 - Argument : XferErrorCallbackvalue: null
2026-05-14 22:18:41,036 [INFO] Argument:335 - Argument : XferErrorCallbackvalue: null
2026-05-14 22:18:41,036 [INFO] Argument:325 - Argument : ErrorCodevalue: null
2026-05-14 22:18:41,036 [INFO] Argument:335 - Argument : ErrorCodevalue: null
2026-05-14 22:18:41,049 [WARN] IP:2250 - DEVICE_SERIAL0_CUSTOM_HID_FS not found: check if there is a RefParameter without a condition.
2026-05-14 22:18:41,049 [WARN] IP:2250 - DEVICE_SERIAL1_CUSTOM_HID_FS not found: check if there is a RefParameter without a condition.
2026-05-14 22:18:41,049 [WARN] IP:2250 - DEVICE_SERIAL2_CUSTOM_HID_FS not found: check if there is a RefParameter without a condition.
2026-05-14 22:18:41,105 [INFO] CodeEngine:263 - oldGeneratedFile, D:\Projects\Ventures\Mruda\01_Technical\MCU_Software\MCU_3.1.0\Mruda_3.0.0\MXTmpFiles\license.tmp_save
2026-05-14 22:18:41,183 [INFO] CodeEngine:287 - Generated code: D:\Projects\Ventures\Mruda\01_Technical\MCU_Software\MCU_3.1.0\Mruda_3.0.0\MXTmpFiles\license.tmp
2026-05-14 22:18:41,205 [INFO] CodeEngine:263 - oldGeneratedFile, D:\Projects\Ventures\Mruda\01_Technical\MCU_Software\MCU_3.1.0\Mruda_3.0.0\MXTmpFiles\gpio.tmp_save
2026-05-14 22:18:41,295 [INFO] CodeEngine:287 - Generated code: D:\Projects\Ventures\Mruda\01_Technical\MCU_Software\MCU_3.1.0\Mruda_3.0.0\MXTmpFiles\gpio.tmp
2026-05-14 22:18:41,336 [WARN] IPConfigManager:3217 - Warning: the RefConfig PWREx_EnableUSBVoltageDetector is not available in your config.xml file
2026-05-14 22:18:41,346 [INFO] CodeEngine:263 - oldGeneratedFile, D:\Projects\Ventures\Mruda\01_Technical\MCU_Software\MCU_3.1.0\Mruda_3.0.0\MXTmpFiles\usb_otg_fs_vars.tmp_save
2026-05-14 22:18:41,421 [INFO] CodeEngine:287 - Generated code: D:\Projects\Ventures\Mruda\01_Technical\MCU_Software\MCU_3.1.0\Mruda_3.0.0\MXTmpFiles\usb_otg_fs_vars.tmp
2026-05-14 22:18:41,427 [INFO] CodeEngine:263 - oldGeneratedFile, D:\Projects\Ventures\Mruda\01_Technical\MCU_Software\MCU_3.1.0\Mruda_3.0.0\MXTmpFiles\usb_otg_fs_inc.tmp_save
2026-05-14 22:18:41,481 [INFO] CodeEngine:287 - Generated code: D:\Projects\Ventures\Mruda\01_Technical\MCU_Software\MCU_3.1.0\Mruda_3.0.0\MXTmpFiles\usb_otg_fs_inc.tmp
2026-05-14 22:18:41,485 [INFO] CodeEngine:263 - oldGeneratedFile, D:\Projects\Ventures\Mruda\01_Technical\MCU_Software\MCU_3.1.0\Mruda_3.0.0\MXTmpFiles\usb_otg_fs_HalInit.tmp_save
2026-05-14 22:18:41,566 [INFO] CodeEngine:287 - Generated code: D:\Projects\Ventures\Mruda\01_Technical\MCU_Software\MCU_3.1.0\Mruda_3.0.0\MXTmpFiles\usb_otg_fs_HalInit.tmp
2026-05-14 22:18:41,570 [INFO] CodeEngine:263 - oldGeneratedFile, D:\Projects\Ventures\Mruda\01_Technical\MCU_Software\MCU_3.1.0\Mruda_3.0.0\MXTmpFiles\usb_otg_fs_Msp.tmp_save
2026-05-14 22:18:41,648 [INFO] CodeEngine:287 - Generated code: D:\Projects\Ventures\Mruda\01_Technical\MCU_Software\MCU_3.1.0\Mruda_3.0.0\MXTmpFiles\usb_otg_fs_Msp.tmp
2026-05-14 22:18:41,888 [INFO] Middleware:1452 - No code input for Bsp Dependency
2026-05-14 22:18:41,924 [INFO] CodeEngine:263 - oldGeneratedFile, D:\Projects\Ventures\Mruda\01_Technical\MCU_Software\MCU_3.1.0\Mruda_3.0.0\MXTmpFiles\dma.tmp_save
2026-05-14 22:18:42,017 [INFO] CodeEngine:287 - Generated code: D:\Projects\Ventures\Mruda\01_Technical\MCU_Software\MCU_3.1.0\Mruda_3.0.0\MXTmpFiles\dma.tmp
2026-05-14 22:18:42,023 [INFO] CodeEngine:263 - oldGeneratedFile, D:\Projects\Ventures\Mruda\01_Technical\MCU_Software\MCU_3.1.0\Mruda_3.0.0\MXTmpFiles\dma_GV.tmp_save
2026-05-14 22:18:42,090 [INFO] CodeEngine:287 - Generated code: D:\Projects\Ventures\Mruda\01_Technical\MCU_Software\MCU_3.1.0\Mruda_3.0.0\MXTmpFiles\dma_GV.tmp
2026-05-14 22:18:42,117 [INFO] Middleware:1452 - No code input for Bsp Dependency
2026-05-14 22:18:42,129 [INFO] CodeEngine:263 - oldGeneratedFile, D:\Projects\Ventures\Mruda\01_Technical\MCU_Software\MCU_3.1.0\Mruda_3.0.0\USB_DEVICE\App\usb_device.c_save
2026-05-14 22:18:42,242 [INFO] CodeEngine:287 - Generated code: D:\Projects\Ventures\Mruda\01_Technical\MCU_Software\MCU_3.1.0\Mruda_3.0.0\USB_DEVICE\App\usb_device.c
2026-05-14 22:18:42,249 [INFO] CodeEngine:263 - oldGeneratedFile, D:\Projects\Ventures\Mruda\01_Technical\MCU_Software\MCU_3.1.0\Mruda_3.0.0\USB_DEVICE\App\usb_device.h_save
2026-05-14 22:18:42,316 [INFO] CodeEngine:287 - Generated code: D:\Projects\Ventures\Mruda\01_Technical\MCU_Software\MCU_3.1.0\Mruda_3.0.0\USB_DEVICE\App\usb_device.h
2026-05-14 22:18:42,321 [INFO] CodeEngine:263 - oldGeneratedFile, D:\Projects\Ventures\Mruda\01_Technical\MCU_Software\MCU_3.1.0\Mruda_3.0.0\USB_DEVICE\Target\usbd_conf.h_save
2026-05-14 22:18:42,418 [INFO] CodeEngine:287 - Generated code: D:\Projects\Ventures\Mruda\01_Technical\MCU_Software\MCU_3.1.0\Mruda_3.0.0\USB_DEVICE\Target\usbd_conf.h
2026-05-14 22:18:42,423 [INFO] CodeEngine:263 - oldGeneratedFile, D:\Projects\Ventures\Mruda\01_Technical\MCU_Software\MCU_3.1.0\Mruda_3.0.0\USB_DEVICE\Target\usbd_conf.c_save
2026-05-14 22:18:42,523 [INFO] CodeEngine:287 - Generated code: D:\Projects\Ventures\Mruda\01_Technical\MCU_Software\MCU_3.1.0\Mruda_3.0.0\USB_DEVICE\Target\usbd_conf.c
2026-05-14 22:18:42,535 [INFO] CodeEngine:263 - oldGeneratedFile, D:\Projects\Ventures\Mruda\01_Technical\MCU_Software\MCU_3.1.0\Mruda_3.0.0\USB_DEVICE\App\usbd_desc.h_save
2026-05-14 22:18:42,598 [INFO] CodeEngine:287 - Generated code: D:\Projects\Ventures\Mruda\01_Technical\MCU_Software\MCU_3.1.0\Mruda_3.0.0\USB_DEVICE\App\usbd_desc.h
2026-05-14 22:18:42,602 [INFO] CodeEngine:263 - oldGeneratedFile, D:\Projects\Ventures\Mruda\01_Technical\MCU_Software\MCU_3.1.0\Mruda_3.0.0\USB_DEVICE\App\usbd_desc.c_save
2026-05-14 22:18:42,697 [INFO] CodeEngine:287 - Generated code: D:\Projects\Ventures\Mruda\01_Technical\MCU_Software\MCU_3.1.0\Mruda_3.0.0\USB_DEVICE\App\usbd_desc.c
2026-05-14 22:18:42,712 [INFO] CodeEngine:263 - oldGeneratedFile, D:\Projects\Ventures\Mruda\01_Technical\MCU_Software\MCU_3.1.0\Mruda_3.0.0\USB_DEVICE\App\usbd_custom_hid_if.h_save
2026-05-14 22:18:42,771 [INFO] CodeEngine:287 - Generated code: D:\Projects\Ventures\Mruda\01_Technical\MCU_Software\MCU_3.1.0\Mruda_3.0.0\USB_DEVICE\App\usbd_custom_hid_if.h
2026-05-14 22:18:42,777 [INFO] CodeEngine:263 - oldGeneratedFile, D:\Projects\Ventures\Mruda\01_Technical\MCU_Software\MCU_3.1.0\Mruda_3.0.0\USB_DEVICE\App\usbd_custom_hid_if.c_save
2026-05-14 22:18:42,852 [INFO] CodeEngine:287 - Generated code: D:\Projects\Ventures\Mruda\01_Technical\MCU_Software\MCU_3.1.0\Mruda_3.0.0\USB_DEVICE\App\usbd_custom_hid_if.c
2026-05-14 22:18:42,878 [INFO] CodeEngine:263 - oldGeneratedFile, D:\Projects\Ventures\Mruda\01_Technical\MCU_Software\MCU_3.1.0\Mruda_3.0.0\Core\Src\stm32f4xx_it.c_save
2026-05-14 22:18:42,966 [INFO] CodeEngine:287 - Generated code: D:\Projects\Ventures\Mruda\01_Technical\MCU_Software\MCU_3.1.0\Mruda_3.0.0\Core\Src\stm32f4xx_it.c
2026-05-14 22:18:42,973 [INFO] CodeEngine:263 - oldGeneratedFile, D:\Projects\Ventures\Mruda\01_Technical\MCU_Software\MCU_3.1.0\Mruda_3.0.0\Core\Inc\stm32f4xx_it.h_save
2026-05-14 22:18:43,036 [INFO] CodeEngine:287 - Generated code: D:\Projects\Ventures\Mruda\01_Technical\MCU_Software\MCU_3.1.0\Mruda_3.0.0\Core\Inc\stm32f4xx_it.h
2026-05-14 22:18:43,063 [INFO] CodeEngine:263 - oldGeneratedFile, D:\Projects\Ventures\Mruda\01_Technical\MCU_Software\MCU_3.1.0\Mruda_3.0.0\Core\Src\stm32f4xx_hal_msp.c_save
2026-05-14 22:18:43,176 [INFO] CodeEngine:287 - Generated code: D:\Projects\Ventures\Mruda\01_Technical\MCU_Software\MCU_3.1.0\Mruda_3.0.0\Core\Src\stm32f4xx_hal_msp.c
2026-05-14 22:18:43,195 [INFO] CodeEngine:263 - oldGeneratedFile, D:\Projects\Ventures\Mruda\01_Technical\MCU_Software\MCU_3.1.0\Mruda_3.0.0\MXTmpFiles\system.tmp_save
2026-05-14 22:18:43,252 [INFO] CodeEngine:287 - Generated code: D:\Projects\Ventures\Mruda\01_Technical\MCU_Software\MCU_3.1.0\Mruda_3.0.0\MXTmpFiles\system.tmp
2026-05-14 22:18:43,279 [INFO] CodeEngine:319 - oldGeneratedFile, D:\Projects\Ventures\Mruda\01_Technical\MCU_Software\MCU_3.1.0\Mruda_3.0.0\Core\Inc\stm32f4xx_hal_conf.h_save
2026-05-14 22:18:43,380 [INFO] CodeEngine:343 - Generated code: D:\Projects\Ventures\Mruda\01_Technical\MCU_Software\MCU_3.1.0\Mruda_3.0.0\Core\Inc\stm32f4xx_hal_conf.h
2026-05-14 22:18:43,415 [WARN] IPConfigManager:3790 - IP not found : TIM
2026-05-14 22:18:43,415 [WARN] CodeGenerator:4198 - IP not found : null
2026-05-14 22:18:43,434 [INFO] CodeEngine:263 - oldGeneratedFile, D:\Projects\Ventures\Mruda\01_Technical\MCU_Software\MCU_3.1.0\Mruda_3.0.0\Core\Inc\main.h_save
2026-05-14 22:18:43,502 [INFO] CodeEngine:287 - Generated code: D:\Projects\Ventures\Mruda\01_Technical\MCU_Software\MCU_3.1.0\Mruda_3.0.0\Core\Inc\main.h
2026-05-14 22:18:43,519 [INFO] CodeEngine:263 - oldGeneratedFile, D:\Projects\Ventures\Mruda\01_Technical\MCU_Software\MCU_3.1.0\Mruda_3.0.0\Core\Src\main.c_save
2026-05-14 22:18:43,651 [INFO] CodeEngine:287 - Generated code: D:\Projects\Ventures\Mruda\01_Technical\MCU_Software\MCU_3.1.0\Mruda_3.0.0\Core\Src\main.c
2026-05-14 22:18:44,058 [INFO] ProjectBuilder:3324 - Time for Copy HAL[1] : 252mS.
2026-05-14 22:18:44,067 [INFO] ProjectBuilder:4912 - Project Generator version: 4.6.0.1-B1
2026-05-14 22:18:44,145 [INFO] ConfigFileManager:1590 - The Die is : DIE431
2026-05-14 22:18:45,259 [INFO] ProjectBuilder:5191 - Time for Generating toolchain IDE Files: 1191mS.
2026-05-14 22:18:45,261 [INFO] ProjectBuilder:3181 - Time for Copy CMSIS : 1mS.
2026-05-14 22:18:45,268 [INFO] ProjectBuilder:3181 - Time for Copy CMSIS : 0mS.
2026-05-14 22:24:55,114 [INFO] UtilMem:75 - End SaveConfig() Used Memory: 759186824 Bytes (1073741824)
2026-05-14 22:24:56,128 [INFO] UtilMem:75 - End SaveConfig() Used Memory: 750535176 Bytes (1073741824)
2026-05-14 22:24:57,355 [INFO] UtilMem:75 - End SaveConfig() Used Memory: 824984072 Bytes (1073741824)
2026-05-14 22:24:57,562 [INFO] BlockDiagram:2775 - set Specific Code input for plugin: NVIC
2026-05-14 22:24:57,562 [INFO] BlockDiagram:2775 - set Specific Code input for plugin: DMA
2026-05-14 22:24:57,562 [INFO] BlockDiagram:2775 - set Specific Code input for plugin: TIM1_8
2026-05-14 22:24:57,562 [INFO] BlockDiagram:2775 - set Specific Code input for plugin: TIM1_8
2026-05-14 22:24:57,562 [INFO] BlockDiagram:2775 - set Specific Code input for plugin: TIM1_8
2026-05-14 22:24:57,562 [INFO] BlockDiagram:2775 - set Specific Code input for plugin: I2S
2026-05-14 22:24:57,562 [INFO] BlockDiagram:2775 - set Specific Code input for plugin: SYS
2026-05-14 22:24:57,563 [INFO] BlockDiagram:2775 - set Specific Code input for plugin: GPIO
2026-05-14 22:24:57,563 [INFO] BlockDiagram:2775 - set Specific Code input for plugin: ADC
2026-05-14 22:24:57,563 [INFO] BlockDiagram:2775 - set Specific Code input for plugin: RCC
2026-05-14 22:24:57,564 [INFO] CodeGenerator:882 - code generatio: config db path: C:\ST\STM32CubeIDE_1.10.1\STM32CubeIDE\plugins\com.st.stm32cube.common.mx_6.14.1.202504091515\\db\
2026-05-14 22:24:57,568 [INFO] Argument:325 - Argument : hdmavalue: null
2026-05-14 22:24:57,568 [INFO] Argument:327 - 	 sub Args: 
2026-05-14 22:24:57,568 [INFO] Argument:325 - Argument : Instancevalue: DMA2_Stream0
2026-05-14 22:24:57,568 [INFO] Argument:335 - Argument : Instancevalue: DMA2_Stream0
2026-05-14 22:24:57,568 [INFO] Argument:325 - Argument : Initvalue: null
2026-05-14 22:24:57,568 [INFO] Argument:327 - 	 sub Args: 
2026-05-14 22:24:57,568 [INFO] Argument:325 - Argument : Channelvalue: DMA_CHANNEL_0
2026-05-14 22:24:57,568 [INFO] Argument:335 - Argument : Channelvalue: DMA_CHANNEL_0
2026-05-14 22:24:57,568 [INFO] Argument:325 - Argument : Directionvalue: DMA_PERIPH_TO_MEMORY
2026-05-14 22:24:57,568 [INFO] Argument:335 - Argument : Directionvalue: DMA_PERIPH_TO_MEMORY
2026-05-14 22:24:57,568 [INFO] Argument:325 - Argument : PeriphIncvalue: DMA_PINC_DISABLE
2026-05-14 22:24:57,568 [INFO] Argument:335 - Argument : PeriphIncvalue: DMA_PINC_DISABLE
2026-05-14 22:24:57,568 [INFO] Argument:325 - Argument : MemIncvalue: DMA_MINC_ENABLE
2026-05-14 22:24:57,568 [INFO] Argument:335 - Argument : MemIncvalue: DMA_MINC_ENABLE
2026-05-14 22:24:57,568 [INFO] Argument:325 - Argument : PeriphDataAlignmentvalue: DMA_PDATAALIGN_HALFWORD
2026-05-14 22:24:57,568 [INFO] Argument:335 - Argument : PeriphDataAlignmentvalue: DMA_PDATAALIGN_HALFWORD
2026-05-14 22:24:57,568 [INFO] Argument:325 - Argument : MemDataAlignmentvalue: DMA_MDATAALIGN_HALFWORD
2026-05-14 22:24:57,568 [INFO] Argument:335 - Argument : MemDataAlignmentvalue: DMA_MDATAALIGN_HALFWORD
2026-05-14 22:24:57,568 [INFO] Argument:325 - Argument : Modevalue: DMA_CIRCULAR
2026-05-14 22:24:57,568 [INFO] Argument:335 - Argument : Modevalue: DMA_CIRCULAR
2026-05-14 22:24:57,568 [INFO] Argument:325 - Argument : Priorityvalue: DMA_PRIORITY_LOW
2026-05-14 22:24:57,568 [INFO] Argument:335 - Argument : Priorityvalue: DMA_PRIORITY_LOW
2026-05-14 22:24:57,568 [INFO] Argument:325 - Argument : FIFOModevalue: DMA_FIFOMODE_DISABLE
2026-05-14 22:24:57,568 [INFO] Argument:335 - Argument : FIFOModevalue: DMA_FIFOMODE_DISABLE
2026-05-14 22:24:57,568 [INFO] Argument:325 - Argument : FIFOThresholdvalue: null
2026-05-14 22:24:57,568 [INFO] Argument:335 - Argument : FIFOThresholdvalue: null
2026-05-14 22:24:57,568 [INFO] Argument:325 - Argument : MemBurstvalue: null
2026-05-14 22:24:57,569 [INFO] Argument:335 - Argument : MemBurstvalue: null
2026-05-14 22:24:57,569 [INFO] Argument:325 - Argument : PeriphBurstvalue: null
2026-05-14 22:24:57,569 [INFO] Argument:335 - Argument : PeriphBurstvalue: null
2026-05-14 22:24:57,569 [INFO] Argument:325 - Argument : Lockvalue: null
2026-05-14 22:24:57,569 [INFO] Argument:335 - Argument : Lockvalue: null
2026-05-14 22:24:57,569 [INFO] Argument:325 - Argument : Statevalue: null
2026-05-14 22:24:57,569 [INFO] Argument:335 - Argument : Statevalue: null
2026-05-14 22:24:57,569 [INFO] Argument:325 - Argument : Parentvalue: null
2026-05-14 22:24:57,569 [INFO] Argument:335 - Argument : Parentvalue: null
2026-05-14 22:24:57,569 [INFO] Argument:325 - Argument : XferCpltCallbackvalue: null
2026-05-14 22:24:57,569 [INFO] Argument:335 - Argument : XferCpltCallbackvalue: null
2026-05-14 22:24:57,569 [INFO] Argument:325 - Argument : XferHalfCpltCallbackvalue: null
2026-05-14 22:24:57,569 [INFO] Argument:335 - Argument : XferHalfCpltCallbackvalue: null
2026-05-14 22:24:57,569 [INFO] Argument:325 - Argument : XferM1CpltCallbackvalue: null
2026-05-14 22:24:57,569 [INFO] Argument:335 - Argument : XferM1CpltCallbackvalue: null
2026-05-14 22:24:57,569 [INFO] Argument:325 - Argument : XferErrorCallbackvalue: null
2026-05-14 22:24:57,569 [INFO] Argument:335 - Argument : XferErrorCallbackvalue: null
2026-05-14 22:24:57,569 [INFO] Argument:325 - Argument : ErrorCodevalue: null
2026-05-14 22:24:57,569 [INFO] Argument:335 - Argument : ErrorCodevalue: null
2026-05-14 22:24:57,570 [INFO] Argument:325 - Argument : hdmavalue: null
2026-05-14 22:24:57,570 [INFO] Argument:327 - 	 sub Args: 
2026-05-14 22:24:57,570 [INFO] Argument:325 - Argument : Instancevalue: DMA1_Stream4
2026-05-14 22:24:57,570 [INFO] Argument:335 - Argument : Instancevalue: DMA1_Stream4
2026-05-14 22:24:57,570 [INFO] Argument:325 - Argument : Initvalue: null
2026-05-14 22:24:57,572 [INFO] Argument:327 - 	 sub Args: 
2026-05-14 22:24:57,572 [INFO] Argument:325 - Argument : Channelvalue: DMA_CHANNEL_0
2026-05-14 22:24:57,572 [INFO] Argument:335 - Argument : Channelvalue: DMA_CHANNEL_0
2026-05-14 22:24:57,572 [INFO] Argument:325 - Argument : Directionvalue: DMA_MEMORY_TO_PERIPH
2026-05-14 22:24:57,572 [INFO] Argument:335 - Argument : Directionvalue: DMA_MEMORY_TO_PERIPH
2026-05-14 22:24:57,572 [INFO] Argument:325 - Argument : PeriphIncvalue: DMA_PINC_DISABLE
2026-05-14 22:24:57,572 [INFO] Argument:335 - Argument : PeriphIncvalue: DMA_PINC_DISABLE
2026-05-14 22:24:57,572 [INFO] Argument:325 - Argument : MemIncvalue: DMA_MINC_ENABLE
2026-05-14 22:24:57,572 [INFO] Argument:335 - Argument : MemIncvalue: DMA_MINC_ENABLE
2026-05-14 22:24:57,572 [INFO] Argument:325 - Argument : PeriphDataAlignmentvalue: DMA_PDATAALIGN_HALFWORD
2026-05-14 22:24:57,572 [INFO] Argument:335 - Argument : PeriphDataAlignmentvalue: DMA_PDATAALIGN_HALFWORD
2026-05-14 22:24:57,572 [INFO] Argument:325 - Argument : MemDataAlignmentvalue: DMA_MDATAALIGN_HALFWORD
2026-05-14 22:24:57,572 [INFO] Argument:335 - Argument : MemDataAlignmentvalue: DMA_MDATAALIGN_HALFWORD
2026-05-14 22:24:57,572 [INFO] Argument:325 - Argument : Modevalue: DMA_CIRCULAR
2026-05-14 22:24:57,572 [INFO] Argument:335 - Argument : Modevalue: DMA_CIRCULAR
2026-05-14 22:24:57,572 [INFO] Argument:325 - Argument : Priorityvalue: DMA_PRIORITY_VERY_HIGH
2026-05-14 22:24:57,572 [INFO] Argument:335 - Argument : Priorityvalue: DMA_PRIORITY_VERY_HIGH
2026-05-14 22:24:57,572 [INFO] Argument:325 - Argument : FIFOModevalue: DMA_FIFOMODE_DISABLE
2026-05-14 22:24:57,572 [INFO] Argument:335 - Argument : FIFOModevalue: DMA_FIFOMODE_DISABLE
2026-05-14 22:24:57,572 [INFO] Argument:325 - Argument : FIFOThresholdvalue: null
2026-05-14 22:24:57,572 [INFO] Argument:335 - Argument : FIFOThresholdvalue: null
2026-05-14 22:24:57,572 [INFO] Argument:325 - Argument : MemBurstvalue: null
2026-05-14 22:24:57,572 [INFO] Argument:335 - Argument : MemBurstvalue: null
2026-05-14 22:24:57,572 [INFO] Argument:325 - Argument : PeriphBurstvalue: null
2026-05-14 22:24:57,572 [INFO] Argument:335 - Argument : PeriphBurstvalue: null
2026-05-14 22:24:57,572 [INFO] Argument:325 - Argument : Lockvalue: null
2026-05-14 22:24:57,572 [INFO] Argument:335 - Argument : Lockvalue: null
2026-05-14 22:24:57,572 [INFO] Argument:325 - Argument : Statevalue: null
2026-05-14 22:24:57,572 [INFO] Argument:335 - Argument : Statevalue: null
2026-05-14 22:24:57,572 [INFO] Argument:325 - Argument : Parentvalue: null
2026-05-14 22:24:57,572 [INFO] Argument:335 - Argument : Parentvalue: null
2026-05-14 22:24:57,572 [INFO] Argument:325 - Argument : XferCpltCallbackvalue: null
2026-05-14 22:24:57,572 [INFO] Argument:335 - Argument : XferCpltCallbackvalue: null
2026-05-14 22:24:57,572 [INFO] Argument:325 - Argument : XferHalfCpltCallbackvalue: null
2026-05-14 22:24:57,572 [INFO] Argument:335 - Argument : XferHalfCpltCallbackvalue: null
2026-05-14 22:24:57,572 [INFO] Argument:325 - Argument : XferM1CpltCallbackvalue: null
2026-05-14 22:24:57,572 [INFO] Argument:335 - Argument : XferM1CpltCallbackvalue: null
2026-05-14 22:24:57,572 [INFO] Argument:325 - Argument : XferErrorCallbackvalue: null
2026-05-14 22:24:57,572 [INFO] Argument:335 - Argument : XferErrorCallbackvalue: null
2026-05-14 22:24:57,572 [INFO] Argument:325 - Argument : ErrorCodevalue: null
2026-05-14 22:24:57,572 [INFO] Argument:335 - Argument : ErrorCodevalue: null
2026-05-14 22:24:57,642 [INFO] CodeEngine:263 - oldGeneratedFile, D:\Projects\Ventures\Mruda\01_Technical\MCU_Software\MCU_3.1.0\Mruda_3.0.0\MXTmpFiles\license.tmp_save
2026-05-14 22:24:57,731 [INFO] CodeEngine:287 - Generated code: D:\Projects\Ventures\Mruda\01_Technical\MCU_Software\MCU_3.1.0\Mruda_3.0.0\MXTmpFiles\license.tmp
2026-05-14 22:24:57,755 [INFO] CodeEngine:263 - oldGeneratedFile, D:\Projects\Ventures\Mruda\01_Technical\MCU_Software\MCU_3.1.0\Mruda_3.0.0\MXTmpFiles\gpio.tmp_save
2026-05-14 22:24:57,861 [INFO] CodeEngine:287 - Generated code: D:\Projects\Ventures\Mruda\01_Technical\MCU_Software\MCU_3.1.0\Mruda_3.0.0\MXTmpFiles\gpio.tmp
2026-05-14 22:24:58,069 [INFO] CodeEngine:263 - oldGeneratedFile, D:\Projects\Ventures\Mruda\01_Technical\MCU_Software\MCU_3.1.0\Mruda_3.0.0\MXTmpFiles\dma.tmp_save
2026-05-14 22:24:58,155 [INFO] CodeEngine:287 - Generated code: D:\Projects\Ventures\Mruda\01_Technical\MCU_Software\MCU_3.1.0\Mruda_3.0.0\MXTmpFiles\dma.tmp
2026-05-14 22:24:58,161 [INFO] CodeEngine:263 - oldGeneratedFile, D:\Projects\Ventures\Mruda\01_Technical\MCU_Software\MCU_3.1.0\Mruda_3.0.0\MXTmpFiles\dma_GV.tmp_save
2026-05-14 22:24:58,217 [INFO] CodeEngine:287 - Generated code: D:\Projects\Ventures\Mruda\01_Technical\MCU_Software\MCU_3.1.0\Mruda_3.0.0\MXTmpFiles\dma_GV.tmp
2026-05-14 22:24:58,243 [INFO] CodeEngine:263 - oldGeneratedFile, D:\Projects\Ventures\Mruda\01_Technical\MCU_Software\MCU_3.1.0\Mruda_3.0.0\Core\Src\stm32f4xx_it.c_save
2026-05-14 22:24:58,409 [INFO] CodeEngine:287 - Generated code: D:\Projects\Ventures\Mruda\01_Technical\MCU_Software\MCU_3.1.0\Mruda_3.0.0\Core\Src\stm32f4xx_it.c
2026-05-14 22:24:58,416 [INFO] CodeEngine:263 - oldGeneratedFile, D:\Projects\Ventures\Mruda\01_Technical\MCU_Software\MCU_3.1.0\Mruda_3.0.0\Core\Inc\stm32f4xx_it.h_save
2026-05-14 22:24:58,480 [INFO] CodeEngine:287 - Generated code: D:\Projects\Ventures\Mruda\01_Technical\MCU_Software\MCU_3.1.0\Mruda_3.0.0\Core\Inc\stm32f4xx_it.h
2026-05-14 22:24:58,505 [INFO] CodeEngine:263 - oldGeneratedFile, D:\Projects\Ventures\Mruda\01_Technical\MCU_Software\MCU_3.1.0\Mruda_3.0.0\Core\Src\stm32f4xx_hal_msp.c_save
2026-05-14 22:24:58,646 [INFO] CodeEngine:287 - Generated code: D:\Projects\Ventures\Mruda\01_Technical\MCU_Software\MCU_3.1.0\Mruda_3.0.0\Core\Src\stm32f4xx_hal_msp.c
2026-05-14 22:24:58,652 [INFO] CodeEngine:263 - oldGeneratedFile, D:\Projects\Ventures\Mruda\01_Technical\MCU_Software\MCU_3.1.0\Mruda_3.0.0\MXTmpFiles\system.tmp_save
2026-05-14 22:24:58,716 [INFO] CodeEngine:287 - Generated code: D:\Projects\Ventures\Mruda\01_Technical\MCU_Software\MCU_3.1.0\Mruda_3.0.0\MXTmpFiles\system.tmp
2026-05-14 22:24:58,740 [INFO] CodeEngine:319 - oldGeneratedFile, D:\Projects\Ventures\Mruda\01_Technical\MCU_Software\MCU_3.1.0\Mruda_3.0.0\Core\Inc\stm32f4xx_hal_conf.h_save
2026-05-14 22:24:58,841 [INFO] CodeEngine:343 - Generated code: D:\Projects\Ventures\Mruda\01_Technical\MCU_Software\MCU_3.1.0\Mruda_3.0.0\Core\Inc\stm32f4xx_hal_conf.h
2026-05-14 22:24:58,872 [WARN] IPConfigManager:3790 - IP not found : TIM
2026-05-14 22:24:58,873 [WARN] CodeGenerator:4198 - IP not found : null
2026-05-14 22:24:58,894 [INFO] CodeEngine:263 - oldGeneratedFile, D:\Projects\Ventures\Mruda\01_Technical\MCU_Software\MCU_3.1.0\Mruda_3.0.0\Core\Inc\main.h_save
2026-05-14 22:24:59,016 [INFO] CodeEngine:287 - Generated code: D:\Projects\Ventures\Mruda\01_Technical\MCU_Software\MCU_3.1.0\Mruda_3.0.0\Core\Inc\main.h
2026-05-14 22:24:59,043 [INFO] CodeEngine:263 - oldGeneratedFile, D:\Projects\Ventures\Mruda\01_Technical\MCU_Software\MCU_3.1.0\Mruda_3.0.0\Core\Src\main.c_save
2026-05-14 22:24:59,206 [INFO] CodeEngine:287 - Generated code: D:\Projects\Ventures\Mruda\01_Technical\MCU_Software\MCU_3.1.0\Mruda_3.0.0\Core\Src\main.c
2026-05-14 22:24:59,761 [INFO] ProjectBuilder:3324 - Time for Copy HAL[1] : 318mS.
2026-05-14 22:24:59,768 [INFO] ProjectBuilder:4912 - Project Generator version: 4.6.0.1-B1
2026-05-14 22:24:59,880 [INFO] ConfigFileManager:1590 - The Die is : DIE431
2026-05-14 22:25:01,465 [INFO] ProjectBuilder:5191 - Time for Generating toolchain IDE Files: 1696mS.
2026-05-14 22:25:01,466 [INFO] ProjectBuilder:3181 - Time for Copy CMSIS : 1mS.
2026-05-14 22:25:01,470 [INFO] ProjectBuilder:3181 - Time for Copy CMSIS : 0mS.
2026-05-14 22:25:14,757 [WARN] IP:2250 - DEVICE_SERIAL0_HID_FS not found: check if there is a RefParameter without a condition.
2026-05-14 22:25:14,757 [WARN] IP:2250 - DEVICE_SERIAL1_HID_FS not found: check if there is a RefParameter without a condition.
2026-05-14 22:25:14,757 [WARN] IP:2250 - DEVICE_SERIAL2_HID_FS not found: check if there is a RefParameter without a condition.
2026-05-14 22:25:14,758 [WARN] IP:2250 - DEVICE_SERIAL0_HID_FS not found: check if there is a RefParameter without a condition.
2026-05-14 22:25:14,758 [WARN] IP:2250 - DEVICE_SERIAL1_HID_FS not found: check if there is a RefParameter without a condition.
2026-05-14 22:25:14,758 [WARN] IP:2250 - DEVICE_SERIAL2_HID_FS not found: check if there is a RefParameter without a condition.
2026-05-14 22:25:20,026 [WARN] IP:2250 - DEVICE_SERIAL0_HID_FS not found: check if there is a RefParameter without a condition.
2026-05-14 22:25:20,027 [WARN] IP:2250 - DEVICE_SERIAL1_HID_FS not found: check if there is a RefParameter without a condition.
2026-05-14 22:25:20,027 [WARN] IP:2250 - DEVICE_SERIAL2_HID_FS not found: check if there is a RefParameter without a condition.
2026-05-14 22:25:23,642 [INFO] UtilMem:75 - End SaveConfig() Used Memory: 770442904 Bytes (1073741824)
2026-05-14 22:25:24,721 [INFO] UtilMem:75 - End SaveConfig() Used Memory: 789843608 Bytes (1073741824)
2026-05-14 22:25:25,946 [INFO] UtilMem:75 - End SaveConfig() Used Memory: 834406040 Bytes (1073741824)
2026-05-14 22:25:26,200 [INFO] BlockDiagram:2775 - set Specific Code input for plugin: USB_OTG_FS
2026-05-14 22:25:26,200 [INFO] BlockDiagram:2775 - set Specific Code input for plugin: NVIC
2026-05-14 22:25:26,200 [INFO] BlockDiagram:2775 - set Specific Code input for plugin: DMA
2026-05-14 22:25:26,200 [INFO] BlockDiagram:2775 - set Specific Code input for plugin: TIM1_8
2026-05-14 22:25:26,200 [INFO] BlockDiagram:2775 - set Specific Code input for plugin: TIM1_8
2026-05-14 22:25:26,200 [INFO] BlockDiagram:2775 - set Specific Code input for plugin: TIM1_8
2026-05-14 22:25:26,200 [INFO] BlockDiagram:2775 - set Specific Code input for plugin: USB_DEVICE
2026-05-14 22:25:26,201 [INFO] BlockDiagram:2775 - set Specific Code input for plugin: I2S
2026-05-14 22:25:26,201 [INFO] BlockDiagram:2775 - set Specific Code input for plugin: SYS
2026-05-14 22:25:26,201 [INFO] BlockDiagram:2775 - set Specific Code input for plugin: GPIO
2026-05-14 22:25:26,201 [INFO] BlockDiagram:2775 - set Specific Code input for plugin: ADC
2026-05-14 22:25:26,201 [INFO] BlockDiagram:2775 - set Specific Code input for plugin: RCC
2026-05-14 22:25:26,203 [INFO] CodeGenerator:882 - code generatio: config db path: C:\ST\STM32CubeIDE_1.10.1\STM32CubeIDE\plugins\com.st.stm32cube.common.mx_6.14.1.202504091515\\db\
2026-05-14 22:25:26,209 [INFO] Argument:325 - Argument : hdmavalue: null
2026-05-14 22:25:26,210 [INFO] Argument:327 - 	 sub Args: 
2026-05-14 22:25:26,210 [INFO] Argument:325 - Argument : Instancevalue: DMA2_Stream0
2026-05-14 22:25:26,210 [INFO] Argument:335 - Argument : Instancevalue: DMA2_Stream0
2026-05-14 22:25:26,210 [INFO] Argument:325 - Argument : Initvalue: null
2026-05-14 22:25:26,210 [INFO] Argument:327 - 	 sub Args: 
2026-05-14 22:25:26,210 [INFO] Argument:325 - Argument : Channelvalue: DMA_CHANNEL_0
2026-05-14 22:25:26,210 [INFO] Argument:335 - Argument : Channelvalue: DMA_CHANNEL_0
2026-05-14 22:25:26,210 [INFO] Argument:325 - Argument : Directionvalue: DMA_PERIPH_TO_MEMORY
2026-05-14 22:25:26,210 [INFO] Argument:335 - Argument : Directionvalue: DMA_PERIPH_TO_MEMORY
2026-05-14 22:25:26,210 [INFO] Argument:325 - Argument : PeriphIncvalue: DMA_PINC_DISABLE
2026-05-14 22:25:26,210 [INFO] Argument:335 - Argument : PeriphIncvalue: DMA_PINC_DISABLE
2026-05-14 22:25:26,210 [INFO] Argument:325 - Argument : MemIncvalue: DMA_MINC_ENABLE
2026-05-14 22:25:26,210 [INFO] Argument:335 - Argument : MemIncvalue: DMA_MINC_ENABLE
2026-05-14 22:25:26,210 [INFO] Argument:325 - Argument : PeriphDataAlignmentvalue: DMA_PDATAALIGN_HALFWORD
2026-05-14 22:25:26,210 [INFO] Argument:335 - Argument : PeriphDataAlignmentvalue: DMA_PDATAALIGN_HALFWORD
2026-05-14 22:25:26,210 [INFO] Argument:325 - Argument : MemDataAlignmentvalue: DMA_MDATAALIGN_HALFWORD
2026-05-14 22:25:26,210 [INFO] Argument:335 - Argument : MemDataAlignmentvalue: DMA_MDATAALIGN_HALFWORD
2026-05-14 22:25:26,210 [INFO] Argument:325 - Argument : Modevalue: DMA_CIRCULAR
2026-05-14 22:25:26,210 [INFO] Argument:335 - Argument : Modevalue: DMA_CIRCULAR
2026-05-14 22:25:26,210 [INFO] Argument:325 - Argument : Priorityvalue: DMA_PRIORITY_LOW
2026-05-14 22:25:26,210 [INFO] Argument:335 - Argument : Priorityvalue: DMA_PRIORITY_LOW
2026-05-14 22:25:26,210 [INFO] Argument:325 - Argument : FIFOModevalue: DMA_FIFOMODE_DISABLE
2026-05-14 22:25:26,210 [INFO] Argument:335 - Argument : FIFOModevalue: DMA_FIFOMODE_DISABLE
2026-05-14 22:25:26,210 [INFO] Argument:325 - Argument : FIFOThresholdvalue: null
2026-05-14 22:25:26,210 [INFO] Argument:335 - Argument : FIFOThresholdvalue: null
2026-05-14 22:25:26,210 [INFO] Argument:325 - Argument : MemBurstvalue: null
2026-05-14 22:25:26,210 [INFO] Argument:335 - Argument : MemBurstvalue: null
2026-05-14 22:25:26,210 [INFO] Argument:325 - Argument : PeriphBurstvalue: null
2026-05-14 22:25:26,210 [INFO] Argument:335 - Argument : PeriphBurstvalue: null
2026-05-14 22:25:26,210 [INFO] Argument:325 - Argument : Lockvalue: null
2026-05-14 22:25:26,210 [INFO] Argument:335 - Argument : Lockvalue: null
2026-05-14 22:25:26,210 [INFO] Argument:325 - Argument : Statevalue: null
2026-05-14 22:25:26,210 [INFO] Argument:335 - Argument : Statevalue: null
2026-05-14 22:25:26,210 [INFO] Argument:325 - Argument : Parentvalue: null
2026-05-14 22:25:26,210 [INFO] Argument:335 - Argument : Parentvalue: null
2026-05-14 22:25:26,210 [INFO] Argument:325 - Argument : XferCpltCallbackvalue: null
2026-05-14 22:25:26,210 [INFO] Argument:335 - Argument : XferCpltCallbackvalue: null
2026-05-14 22:25:26,210 [INFO] Argument:325 - Argument : XferHalfCpltCallbackvalue: null
2026-05-14 22:25:26,210 [INFO] Argument:335 - Argument : XferHalfCpltCallbackvalue: null
2026-05-14 22:25:26,210 [INFO] Argument:325 - Argument : XferM1CpltCallbackvalue: null
2026-05-14 22:25:26,210 [INFO] Argument:335 - Argument : XferM1CpltCallbackvalue: null
2026-05-14 22:25:26,210 [INFO] Argument:325 - Argument : XferErrorCallbackvalue: null
2026-05-14 22:25:26,210 [INFO] Argument:335 - Argument : XferErrorCallbackvalue: null
2026-05-14 22:25:26,210 [INFO] Argument:325 - Argument : ErrorCodevalue: null
2026-05-14 22:25:26,210 [INFO] Argument:335 - Argument : ErrorCodevalue: null
2026-05-14 22:25:26,212 [INFO] Argument:325 - Argument : hdmavalue: null
2026-05-14 22:25:26,212 [INFO] Argument:327 - 	 sub Args: 
2026-05-14 22:25:26,212 [INFO] Argument:325 - Argument : Instancevalue: DMA1_Stream4
2026-05-14 22:25:26,212 [INFO] Argument:335 - Argument : Instancevalue: DMA1_Stream4
2026-05-14 22:25:26,212 [INFO] Argument:325 - Argument : Initvalue: null
2026-05-14 22:25:26,212 [INFO] Argument:327 - 	 sub Args: 
2026-05-14 22:25:26,212 [INFO] Argument:325 - Argument : Channelvalue: DMA_CHANNEL_0
2026-05-14 22:25:26,212 [INFO] Argument:335 - Argument : Channelvalue: DMA_CHANNEL_0
2026-05-14 22:25:26,212 [INFO] Argument:325 - Argument : Directionvalue: DMA_MEMORY_TO_PERIPH
2026-05-14 22:25:26,212 [INFO] Argument:335 - Argument : Directionvalue: DMA_MEMORY_TO_PERIPH
2026-05-14 22:25:26,212 [INFO] Argument:325 - Argument : PeriphIncvalue: DMA_PINC_DISABLE
2026-05-14 22:25:26,212 [INFO] Argument:335 - Argument : PeriphIncvalue: DMA_PINC_DISABLE
2026-05-14 22:25:26,212 [INFO] Argument:325 - Argument : MemIncvalue: DMA_MINC_ENABLE
2026-05-14 22:25:26,212 [INFO] Argument:335 - Argument : MemIncvalue: DMA_MINC_ENABLE
2026-05-14 22:25:26,212 [INFO] Argument:325 - Argument : PeriphDataAlignmentvalue: DMA_PDATAALIGN_HALFWORD
2026-05-14 22:25:26,212 [INFO] Argument:335 - Argument : PeriphDataAlignmentvalue: DMA_PDATAALIGN_HALFWORD
2026-05-14 22:25:26,212 [INFO] Argument:325 - Argument : MemDataAlignmentvalue: DMA_MDATAALIGN_HALFWORD
2026-05-14 22:25:26,212 [INFO] Argument:335 - Argument : MemDataAlignmentvalue: DMA_MDATAALIGN_HALFWORD
2026-05-14 22:25:26,212 [INFO] Argument:325 - Argument : Modevalue: DMA_CIRCULAR
2026-05-14 22:25:26,212 [INFO] Argument:335 - Argument : Modevalue: DMA_CIRCULAR
2026-05-14 22:25:26,212 [INFO] Argument:325 - Argument : Priorityvalue: DMA_PRIORITY_VERY_HIGH
2026-05-14 22:25:26,212 [INFO] Argument:335 - Argument : Priorityvalue: DMA_PRIORITY_VERY_HIGH
2026-05-14 22:25:26,212 [INFO] Argument:325 - Argument : FIFOModevalue: DMA_FIFOMODE_DISABLE
2026-05-14 22:25:26,212 [INFO] Argument:335 - Argument : FIFOModevalue: DMA_FIFOMODE_DISABLE
2026-05-14 22:25:26,212 [INFO] Argument:325 - Argument : FIFOThresholdvalue: null
2026-05-14 22:25:26,212 [INFO] Argument:335 - Argument : FIFOThresholdvalue: null
2026-05-14 22:25:26,212 [INFO] Argument:325 - Argument : MemBurstvalue: null
2026-05-14 22:25:26,212 [INFO] Argument:335 - Argument : MemBurstvalue: null
2026-05-14 22:25:26,212 [INFO] Argument:325 - Argument : PeriphBurstvalue: null
2026-05-14 22:25:26,212 [INFO] Argument:335 - Argument : PeriphBurstvalue: null
2026-05-14 22:25:26,212 [INFO] Argument:325 - Argument : Lockvalue: null
2026-05-14 22:25:26,212 [INFO] Argument:335 - Argument : Lockvalue: null
2026-05-14 22:25:26,212 [INFO] Argument:325 - Argument : Statevalue: null
2026-05-14 22:25:26,212 [INFO] Argument:335 - Argument : Statevalue: null
2026-05-14 22:25:26,212 [INFO] Argument:325 - Argument : Parentvalue: null
2026-05-14 22:25:26,212 [INFO] Argument:335 - Argument : Parentvalue: null
2026-05-14 22:25:26,213 [INFO] Argument:325 - Argument : XferCpltCallbackvalue: null
2026-05-14 22:25:26,213 [INFO] Argument:335 - Argument : XferCpltCallbackvalue: null
2026-05-14 22:25:26,213 [INFO] Argument:325 - Argument : XferHalfCpltCallbackvalue: null
2026-05-14 22:25:26,213 [INFO] Argument:335 - Argument : XferHalfCpltCallbackvalue: null
2026-05-14 22:25:26,213 [INFO] Argument:325 - Argument : XferM1CpltCallbackvalue: null
2026-05-14 22:25:26,213 [INFO] Argument:335 - Argument : XferM1CpltCallbackvalue: null
2026-05-14 22:25:26,213 [INFO] Argument:325 - Argument : XferErrorCallbackvalue: null
2026-05-14 22:25:26,213 [INFO] Argument:335 - Argument : XferErrorCallbackvalue: null
2026-05-14 22:25:26,213 [INFO] Argument:325 - Argument : ErrorCodevalue: null
2026-05-14 22:25:26,213 [INFO] Argument:335 - Argument : ErrorCodevalue: null
2026-05-14 22:25:26,226 [WARN] IP:2250 - DEVICE_SERIAL0_HID_FS not found: check if there is a RefParameter without a condition.
2026-05-14 22:25:26,226 [WARN] IP:2250 - DEVICE_SERIAL1_HID_FS not found: check if there is a RefParameter without a condition.
2026-05-14 22:25:26,226 [WARN] IP:2250 - DEVICE_SERIAL2_HID_FS not found: check if there is a RefParameter without a condition.
2026-05-14 22:25:26,297 [INFO] CodeEngine:263 - oldGeneratedFile, D:\Projects\Ventures\Mruda\01_Technical\MCU_Software\MCU_3.1.0\Mruda_3.0.0\MXTmpFiles\license.tmp_save
2026-05-14 22:25:26,362 [INFO] CodeEngine:287 - Generated code: D:\Projects\Ventures\Mruda\01_Technical\MCU_Software\MCU_3.1.0\Mruda_3.0.0\MXTmpFiles\license.tmp
2026-05-14 22:25:26,384 [INFO] CodeEngine:263 - oldGeneratedFile, D:\Projects\Ventures\Mruda\01_Technical\MCU_Software\MCU_3.1.0\Mruda_3.0.0\MXTmpFiles\gpio.tmp_save
2026-05-14 22:25:26,459 [INFO] CodeEngine:287 - Generated code: D:\Projects\Ventures\Mruda\01_Technical\MCU_Software\MCU_3.1.0\Mruda_3.0.0\MXTmpFiles\gpio.tmp
2026-05-14 22:25:26,488 [WARN] IPConfigManager:3217 - Warning: the RefConfig PWREx_EnableUSBVoltageDetector is not available in your config.xml file
2026-05-14 22:25:26,497 [INFO] CodeEngine:263 - oldGeneratedFile, D:\Projects\Ventures\Mruda\01_Technical\MCU_Software\MCU_3.1.0\Mruda_3.0.0\MXTmpFiles\usb_otg_fs_vars.tmp_save
2026-05-14 22:25:26,573 [INFO] CodeEngine:287 - Generated code: D:\Projects\Ventures\Mruda\01_Technical\MCU_Software\MCU_3.1.0\Mruda_3.0.0\MXTmpFiles\usb_otg_fs_vars.tmp
2026-05-14 22:25:26,578 [INFO] CodeEngine:263 - oldGeneratedFile, D:\Projects\Ventures\Mruda\01_Technical\MCU_Software\MCU_3.1.0\Mruda_3.0.0\MXTmpFiles\usb_otg_fs_inc.tmp_save
2026-05-14 22:25:26,634 [INFO] CodeEngine:287 - Generated code: D:\Projects\Ventures\Mruda\01_Technical\MCU_Software\MCU_3.1.0\Mruda_3.0.0\MXTmpFiles\usb_otg_fs_inc.tmp
2026-05-14 22:25:26,639 [INFO] CodeEngine:263 - oldGeneratedFile, D:\Projects\Ventures\Mruda\01_Technical\MCU_Software\MCU_3.1.0\Mruda_3.0.0\MXTmpFiles\usb_otg_fs_HalInit.tmp_save
2026-05-14 22:25:26,729 [INFO] CodeEngine:287 - Generated code: D:\Projects\Ventures\Mruda\01_Technical\MCU_Software\MCU_3.1.0\Mruda_3.0.0\MXTmpFiles\usb_otg_fs_HalInit.tmp
2026-05-14 22:25:26,733 [INFO] CodeEngine:263 - oldGeneratedFile, D:\Projects\Ventures\Mruda\01_Technical\MCU_Software\MCU_3.1.0\Mruda_3.0.0\MXTmpFiles\usb_otg_fs_Msp.tmp_save
2026-05-14 22:25:26,811 [INFO] CodeEngine:287 - Generated code: D:\Projects\Ventures\Mruda\01_Technical\MCU_Software\MCU_3.1.0\Mruda_3.0.0\MXTmpFiles\usb_otg_fs_Msp.tmp
2026-05-14 22:25:27,037 [INFO] Middleware:1452 - No code input for Bsp Dependency
2026-05-14 22:25:27,066 [INFO] CodeEngine:263 - oldGeneratedFile, D:\Projects\Ventures\Mruda\01_Technical\MCU_Software\MCU_3.1.0\Mruda_3.0.0\MXTmpFiles\dma.tmp_save
2026-05-14 22:25:27,142 [INFO] CodeEngine:287 - Generated code: D:\Projects\Ventures\Mruda\01_Technical\MCU_Software\MCU_3.1.0\Mruda_3.0.0\MXTmpFiles\dma.tmp
2026-05-14 22:25:27,147 [INFO] CodeEngine:263 - oldGeneratedFile, D:\Projects\Ventures\Mruda\01_Technical\MCU_Software\MCU_3.1.0\Mruda_3.0.0\MXTmpFiles\dma_GV.tmp_save
2026-05-14 22:25:27,202 [INFO] CodeEngine:287 - Generated code: D:\Projects\Ventures\Mruda\01_Technical\MCU_Software\MCU_3.1.0\Mruda_3.0.0\MXTmpFiles\dma_GV.tmp
2026-05-14 22:25:27,223 [INFO] Middleware:1452 - No code input for Bsp Dependency
2026-05-14 22:25:27,234 [INFO] CodeEngine:263 - oldGeneratedFile, D:\Projects\Ventures\Mruda\01_Technical\MCU_Software\MCU_3.1.0\Mruda_3.0.0\USB_DEVICE\App\usb_device.c_save
2026-05-14 22:25:27,334 [INFO] CodeEngine:287 - Generated code: D:\Projects\Ventures\Mruda\01_Technical\MCU_Software\MCU_3.1.0\Mruda_3.0.0\USB_DEVICE\App\usb_device.c
2026-05-14 22:25:27,339 [INFO] CodeEngine:263 - oldGeneratedFile, D:\Projects\Ventures\Mruda\01_Technical\MCU_Software\MCU_3.1.0\Mruda_3.0.0\USB_DEVICE\App\usb_device.h_save
2026-05-14 22:25:27,402 [INFO] CodeEngine:287 - Generated code: D:\Projects\Ventures\Mruda\01_Technical\MCU_Software\MCU_3.1.0\Mruda_3.0.0\USB_DEVICE\App\usb_device.h
2026-05-14 22:25:27,408 [INFO] CodeEngine:263 - oldGeneratedFile, D:\Projects\Ventures\Mruda\01_Technical\MCU_Software\MCU_3.1.0\Mruda_3.0.0\USB_DEVICE\Target\usbd_conf.h_save
2026-05-14 22:25:27,486 [INFO] CodeEngine:287 - Generated code: D:\Projects\Ventures\Mruda\01_Technical\MCU_Software\MCU_3.1.0\Mruda_3.0.0\USB_DEVICE\Target\usbd_conf.h
2026-05-14 22:25:27,493 [INFO] CodeEngine:263 - oldGeneratedFile, D:\Projects\Ventures\Mruda\01_Technical\MCU_Software\MCU_3.1.0\Mruda_3.0.0\USB_DEVICE\Target\usbd_conf.c_save
2026-05-14 22:25:27,592 [INFO] CodeEngine:287 - Generated code: D:\Projects\Ventures\Mruda\01_Technical\MCU_Software\MCU_3.1.0\Mruda_3.0.0\USB_DEVICE\Target\usbd_conf.c
2026-05-14 22:25:27,603 [INFO] CodeEngine:263 - oldGeneratedFile, D:\Projects\Ventures\Mruda\01_Technical\MCU_Software\MCU_3.1.0\Mruda_3.0.0\USB_DEVICE\App\usbd_desc.h_save
2026-05-14 22:25:27,665 [INFO] CodeEngine:287 - Generated code: D:\Projects\Ventures\Mruda\01_Technical\MCU_Software\MCU_3.1.0\Mruda_3.0.0\USB_DEVICE\App\usbd_desc.h
2026-05-14 22:25:27,670 [INFO] CodeEngine:263 - oldGeneratedFile, D:\Projects\Ventures\Mruda\01_Technical\MCU_Software\MCU_3.1.0\Mruda_3.0.0\USB_DEVICE\App\usbd_desc.c_save
2026-05-14 22:25:27,765 [INFO] CodeEngine:287 - Generated code: D:\Projects\Ventures\Mruda\01_Technical\MCU_Software\MCU_3.1.0\Mruda_3.0.0\USB_DEVICE\App\usbd_desc.c
2026-05-14 22:25:27,798 [INFO] CodeEngine:263 - oldGeneratedFile, D:\Projects\Ventures\Mruda\01_Technical\MCU_Software\MCU_3.1.0\Mruda_3.0.0\Core\Src\stm32f4xx_it.c_save
2026-05-14 22:25:27,889 [INFO] CodeEngine:287 - Generated code: D:\Projects\Ventures\Mruda\01_Technical\MCU_Software\MCU_3.1.0\Mruda_3.0.0\Core\Src\stm32f4xx_it.c
2026-05-14 22:25:27,898 [INFO] CodeEngine:263 - oldGeneratedFile, D:\Projects\Ventures\Mruda\01_Technical\MCU_Software\MCU_3.1.0\Mruda_3.0.0\Core\Inc\stm32f4xx_it.h_save
2026-05-14 22:25:27,963 [INFO] CodeEngine:287 - Generated code: D:\Projects\Ventures\Mruda\01_Technical\MCU_Software\MCU_3.1.0\Mruda_3.0.0\Core\Inc\stm32f4xx_it.h
2026-05-14 22:25:27,989 [INFO] CodeEngine:263 - oldGeneratedFile, D:\Projects\Ventures\Mruda\01_Technical\MCU_Software\MCU_3.1.0\Mruda_3.0.0\Core\Src\stm32f4xx_hal_msp.c_save
2026-05-14 22:25:28,100 [INFO] CodeEngine:287 - Generated code: D:\Projects\Ventures\Mruda\01_Technical\MCU_Software\MCU_3.1.0\Mruda_3.0.0\Core\Src\stm32f4xx_hal_msp.c
2026-05-14 22:25:28,106 [INFO] CodeEngine:263 - oldGeneratedFile, D:\Projects\Ventures\Mruda\01_Technical\MCU_Software\MCU_3.1.0\Mruda_3.0.0\MXTmpFiles\system.tmp_save
2026-05-14 22:25:28,163 [INFO] CodeEngine:287 - Generated code: D:\Projects\Ventures\Mruda\01_Technical\MCU_Software\MCU_3.1.0\Mruda_3.0.0\MXTmpFiles\system.tmp
2026-05-14 22:25:28,185 [INFO] CodeEngine:319 - oldGeneratedFile, D:\Projects\Ventures\Mruda\01_Technical\MCU_Software\MCU_3.1.0\Mruda_3.0.0\Core\Inc\stm32f4xx_hal_conf.h_save
2026-05-14 22:25:28,279 [INFO] CodeEngine:343 - Generated code: D:\Projects\Ventures\Mruda\01_Technical\MCU_Software\MCU_3.1.0\Mruda_3.0.0\Core\Inc\stm32f4xx_hal_conf.h
2026-05-14 22:25:28,312 [WARN] IPConfigManager:3790 - IP not found : TIM
2026-05-14 22:25:28,312 [WARN] CodeGenerator:4198 - IP not found : null
2026-05-14 22:25:28,331 [INFO] CodeEngine:263 - oldGeneratedFile, D:\Projects\Ventures\Mruda\01_Technical\MCU_Software\MCU_3.1.0\Mruda_3.0.0\Core\Inc\main.h_save
2026-05-14 22:25:28,405 [INFO] CodeEngine:287 - Generated code: D:\Projects\Ventures\Mruda\01_Technical\MCU_Software\MCU_3.1.0\Mruda_3.0.0\Core\Inc\main.h
2026-05-14 22:25:28,421 [INFO] CodeEngine:263 - oldGeneratedFile, D:\Projects\Ventures\Mruda\01_Technical\MCU_Software\MCU_3.1.0\Mruda_3.0.0\Core\Src\main.c_save
2026-05-14 22:25:28,570 [INFO] CodeEngine:287 - Generated code: D:\Projects\Ventures\Mruda\01_Technical\MCU_Software\MCU_3.1.0\Mruda_3.0.0\Core\Src\main.c
2026-05-14 22:25:29,064 [INFO] ProjectBuilder:3324 - Time for Copy HAL[1] : 295mS.
2026-05-14 22:25:29,072 [INFO] ProjectBuilder:4912 - Project Generator version: 4.6.0.1-B1
2026-05-14 22:25:29,152 [INFO] ConfigFileManager:1590 - The Die is : DIE431
2026-05-14 22:25:30,203 [INFO] ProjectBuilder:5191 - Time for Generating toolchain IDE Files: 1131mS.
2026-05-14 22:25:30,204 [INFO] ProjectBuilder:3181 - Time for Copy CMSIS : 1mS.
2026-05-14 22:25:30,210 [INFO] ProjectBuilder:3181 - Time for Copy CMSIS : 0mS.
2026-05-14 22:42:43,391 [WARN] IP:2250 - DEVICE_SERIAL0_HID_FS not found: check if there is a RefParameter without a condition.
2026-05-14 22:42:43,391 [WARN] IP:2250 - DEVICE_SERIAL1_HID_FS not found: check if there is a RefParameter without a condition.
2026-05-14 22:42:43,391 [WARN] IP:2250 - DEVICE_SERIAL2_HID_FS not found: check if there is a RefParameter without a condition.
2026-05-14 22:42:45,463 [WARN] IP:2250 - DEVICE_SERIAL0_HID_FS not found: check if there is a RefParameter without a condition.
2026-05-14 22:42:45,463 [WARN] IP:2250 - DEVICE_SERIAL1_HID_FS not found: check if there is a RefParameter without a condition.
2026-05-14 22:42:45,463 [WARN] IP:2250 - DEVICE_SERIAL2_HID_FS not found: check if there is a RefParameter without a condition.
2026-05-14 22:45:29,376 [INFO] MainUpdater:2872 - connection check result : 10
2026-05-14 22:45:29,376 [INFO] MainUpdater:2872 - connection check result : 10
2026-05-14 22:45:29,389 [INFO] I2sManager:658 - 1.1875E8
2026-05-14 22:45:29,390 [INFO] I2sManager:195 - I2S Clock Value : 1.1875E8
2026-05-14 22:45:29,390 [INFO] I2sManager:553 - AudioClock : 15995Divider : 116Odd : 0
2026-05-14 22:45:29,392 [INFO] MicroXplorer:468 - Change Database Path : 
2026-05-14 22:45:29,392 [INFO] MicroXplorer:498 - Change Database Version : DB.6.0.141
2026-05-14 22:45:29,417 [ERROR] ProjectManagerView:395 - 
java.lang.NullPointerException: Cannot invoke "javax.swing.JTextField.getText()" because the return value of "java.util.List.get(int)" is null
	at com.st.microxplorer.plugins.projectmanager.gui.ProjectChoiceTab$9.caretUpdate(ProjectChoiceTab.java:2678) ~[filemanager.jar:?]
	at javax.swing.text.JTextComponent.fireCaretUpdate(JTextComponent.java:408) ~[?:?]
	at javax.swing.text.JTextComponent$MutableCaretEvent.fire(JTextComponent.java:4484) ~[?:?]
	at javax.swing.text.JTextComponent$MutableCaretEvent.stateChanged(JTextComponent.java:4506) ~[?:?]
	at javax.swing.text.DefaultCaret.fireStateChanged(DefaultCaret.java:857) ~[?:?]
	at javax.swing.text.DefaultCaret.changeCaretPosition(DefaultCaret.java:1343) ~[?:?]
	at javax.swing.text.DefaultCaret.handleSetDot(DefaultCaret.java:1242) ~[?:?]
	at javax.swing.text.DefaultCaret.setDot(DefaultCaret.java:1223) ~[?:?]
	at javax.swing.text.DefaultCaret$Handler.insertUpdate(DefaultCaret.java:1819) ~[?:?]
	at javax.swing.text.AbstractDocument.fireInsertUpdate(AbstractDocument.java:227) ~[?:?]
	at javax.swing.text.AbstractDocument.handleInsertString(AbstractDocument.java:781) ~[?:?]
	at javax.swing.text.AbstractDocument.insertString(AbstractDocument.java:740) ~[?:?]
	at javax.swing.text.PlainDocument.insertString(PlainDocument.java:131) ~[?:?]
	at javax.swing.text.AbstractDocument.replace(AbstractDocument.java:699) ~[?:?]
	at javax.swing.text.JTextComponent.setText(JTextComponent.java:1725) ~[?:?]
	at com.st.microxplorer.plugins.projectmanager.gui.ProjectChoiceTab.createHeapStackFields(ProjectChoiceTab.java:979) ~[filemanager.jar:?]
	at com.st.microxplorer.plugins.projectmanager.gui.ProjectChoiceTab.buildLinkSettingsPanel(ProjectChoiceTab.java:3766) ~[filemanager.jar:?]
	at com.st.microxplorer.plugins.projectmanager.gui.ProjectChoiceTab.defineWindowsFields(ProjectChoiceTab.java:1962) ~[filemanager.jar:?]
	at com.st.microxplorer.plugins.projectmanager.gui.ProjectChoiceTab.updateSettings(ProjectChoiceTab.java:555) ~[filemanager.jar:?]
	at com.st.microxplorer.plugins.projectmanager.gui.ProjectSettingsPanel.UpdateDialog(ProjectSettingsPanel.java:245) ~[filemanager.jar:?]
	at com.st.microxplorer.plugins.projectmanager.ProjectManagerView.propertyChange(ProjectManagerView.java:392) ~[filemanager.jar:?]
	at java.beans.PropertyChangeSupport.fire(PropertyChangeSupport.java:343) ~[?:?]
	at java.beans.PropertyChangeSupport.firePropertyChange(PropertyChangeSupport.java:335) ~[?:?]
	at java.beans.PropertyChangeSupport.firePropertyChange(PropertyChangeSupport.java:268) ~[?:?]
	at com.st.microxplorer.util.MXPropertyChangeSupport.firePropertyChange(MXPropertyChangeSupport.java:54) ~[STM32CubeMX.jar:?]
	at com.st.microxplorer.mxsystem.MxSystem.closeConfig(MxSystem.java:899) ~[STM32CubeMX.jar:?]
	at com.st.microxplorer.maingui.MainPanel.closeConfig(MainPanel.java:789) ~[STM32CubeMX.jar:?]
	at com.st.microxplorer.plugins.filemanager.engine.OpenFileManager.loadConfigurationFile(OpenFileManager.java:287) ~[filemanager.jar:?]
	at com.st.microxplorer.plugins.filemanager.engine.MainFileManager.userLoadConfig(MainFileManager.java:341) ~[filemanager.jar:?]
	at com.st.microxplorer.plugins.filemanager.engine.MainFileManager.userLoadConfig(MainFileManager.java:319) ~[filemanager.jar:?]
	at com.st.microxplorer.plugins.filemanager.FileManagerView.getSpecificTask(FileManagerView.java:246) ~[filemanager.jar:?]
	at com.st.stm32cube.common.mx.editor.CubeMxEditor.getMxTabbedPaneInstance(CubeMxEditor.java:1198) ~[com.st.stm32cube.common.mx_6.14.1.202504091515/:?]
	at com.st.stm32cube.common.mx.editor.CubeMxEditor$12$1.createSwingComponent(CubeMxEditor.java:1068) ~[com.st.stm32cube.common.mx_6.14.1.202504091515/:?]
	at com.st.stm32cube.common.mx.oss.core.awtswtbridge.EmbeddedSwingComposite.doComponentCreation(EmbeddedSwingComposite.java:492) ~[com.st.stm32cube.common.mx.oss_6.14.1.202504091515/:?]
	at com.st.stm32cube.common.mx.oss.core.awtswtbridge.EmbeddedSwingComposite$4.run(EmbeddedSwingComposite.java:291) ~[com.st.stm32cube.common.mx.oss_6.14.1.202504091515/:?]
	at com.st.stm32cube.common.mx.oss.core.awtswtbridge.AwtEnvironment$2.run(AwtEnvironment.java:166) ~[com.st.stm32cube.common.mx.oss_6.14.1.202504091515/:?]
	at java.awt.event.InvocationEvent.dispatch(InvocationEvent.java:318) ~[?:?]
	at java.awt.EventQueue.dispatchEventImpl(EventQueue.java:773) ~[?:?]
	at java.awt.EventQueue$4.run(EventQueue.java:720) ~[?:?]
	at java.awt.EventQueue$4.run(EventQueue.java:714) ~[?:?]
	at java.security.AccessController.doPrivileged(AccessController.java:400) ~[?:?]
	at java.security.ProtectionDomain$JavaSecurityAccessImpl.doIntersectionPrivilege(ProtectionDomain.java:87) ~[?:?]
	at java.awt.EventQueue.dispatchEvent(EventQueue.java:742) ~[?:?]
	at java.awt.EventDispatchThread.pumpOneEventForFilters(EventDispatchThread.java:203) ~[?:?]
	at java.awt.EventDispatchThread.pumpEventsForFilter(EventDispatchThread.java:124) ~[?:?]
	at java.awt.EventDispatchThread.pumpEventsForHierarchy(EventDispatchThread.java:113) ~[?:?]
	at java.awt.EventDispatchThread.pumpEvents(EventDispatchThread.java:109) ~[?:?]
	at java.awt.EventDispatchThread.pumpEvents(EventDispatchThread.java:101) ~[?:?]
	at java.awt.EventDispatchThread.run(EventDispatchThread.java:90) ~[?:?]
2026-05-14 22:45:29,419 [WARN] ThirdParty:871 - waiting for thirdparty lock release [close project]
2026-05-14 22:45:29,419 [INFO] ThirdParty:873 - entering critical section [close project]
2026-05-14 22:45:29,419 [INFO] ThirdParty:883 - exiting critical section [close project]
2026-05-14 22:45:29,421 [INFO] PinOutPanel:1589 - setPackage(No Configuration,No Configuration)
2026-05-14 22:45:29,431 [WARN] IpParametersView:155 - Warning: This peripheral hasn't parameters
2026-05-14 22:45:29,437 [WARN] MainPanel:289 - <html><b><center>Warning: This peripheral has no parameters to be configured<br></b></html>
2026-05-14 22:45:29,441 [INFO] UtilMem:75 - Begin LoadConfig() Used Memory: 914429704 Bytes (1073741824)
2026-05-14 22:45:29,443 [INFO] MicroXplorer:468 - Change Database Path : 
2026-05-14 22:45:29,443 [INFO] MicroXplorer:498 - Change Database Version : DB.6.0.141
2026-05-14 22:45:29,443 [INFO] OpenFileManager:354 - Change cursor
2026-05-14 22:45:29,486 [INFO] RulesReader:64 - Compatibility file has been processed (302 Rules)
2026-05-14 22:45:29,490 [INFO] Mcu:2011 - Initializing MCU STM32F411C(C-E)Ux STM32F411CEUx STM32F411CEU6
2026-05-14 22:45:30,441 [INFO] Context:756 - Trying to add GPIOservice into a context  which must be forbidden
2026-05-14 22:45:30,810 [INFO] ImportTextPane:218 - (OptionalMessage_ERROR) Pin26 (VP_RIF_VS_RIF1) cannot be retrieved for this MCU
2026-05-14 22:45:30,920 [INFO] RtosManager:558 - Registered RTOS mode: class=CMSIS, group=RTOS, mode=CMSIS_V1, owner=FREERTOS
2026-05-14 22:45:30,920 [INFO] RtosManager:558 - Registered RTOS mode: class=CMSIS, group=RTOS2, mode=CMSIS_V2, owner=FREERTOS
2026-05-14 22:45:30,920 [INFO] RtosManager:558 - Registered RTOS mode: class=RTOS, group=Core, mode=CMSIS_V1, owner=FREERTOS
2026-05-14 22:45:30,920 [INFO] RtosManager:558 - Registered RTOS mode: class=RTOS, group=Core, mode=CMSIS_V2, owner=FREERTOS
2026-05-14 22:45:30,920 [WARN] ModelIntegratedComponent:184 - Missing modes for component STMicroelectronics:FreeRTOS:0.0.1:STMicroelectronics:RTOS:FreeRTOS:Core:::10.2.0:
2026-05-14 22:45:30,927 [WARN] ModelIntegratedComponent:63 - No mode defined for component null
2026-05-14 22:45:30,927 [WARN] ModelIntegratedComponent:63 - No mode defined for component null
2026-05-14 22:45:30,927 [WARN] ModelIntegratedComponent:63 - No mode defined for component null
2026-05-14 22:45:30,927 [WARN] ModelIntegratedComponent:63 - No mode defined for component null
2026-05-14 22:45:30,927 [WARN] ModelIntegratedComponent:63 - No mode defined for component null
2026-05-14 22:45:30,927 [WARN] ModelIntegratedComponent:63 - No mode defined for component null
2026-05-14 22:45:30,928 [WARN] ModelIntegratedComponent:63 - No mode defined for component null
2026-05-14 22:45:30,928 [WARN] ModelIntegratedComponent:63 - No mode defined for component null
2026-05-14 22:45:30,928 [WARN] ModelIntegratedComponent:63 - No mode defined for component null
2026-05-14 22:45:30,928 [WARN] ModelIntegratedComponent:63 - No mode defined for component null
2026-05-14 22:45:30,928 [WARN] ModelIntegratedComponent:63 - No mode defined for component null
2026-05-14 22:45:30,928 [WARN] ModelIntegratedComponent:63 - No mode defined for component null
2026-05-14 22:45:30,928 [WARN] ModelIntegratedComponent:63 - No mode defined for component null
2026-05-14 22:45:30,928 [WARN] ModelIntegratedComponent:63 - No mode defined for component null
2026-05-14 22:45:30,928 [WARN] ModelIntegratedComponent:63 - No mode defined for component null
2026-05-14 22:45:30,928 [WARN] ModelIntegratedComponent:63 - No mode defined for component null
2026-05-14 22:45:30,928 [WARN] ModelIntegratedComponent:63 - No mode defined for component null
2026-05-14 22:45:30,928 [WARN] ModelIntegratedComponent:63 - No mode defined for component null
2026-05-14 22:45:30,928 [WARN] ModelIntegratedComponent:63 - No mode defined for component null
2026-05-14 22:45:30,928 [WARN] ModelIntegratedComponent:63 - No mode defined for component null
2026-05-14 22:45:30,928 [WARN] ModelIntegratedComponent:63 - No mode defined for component null
2026-05-14 22:45:30,928 [WARN] ModelIntegratedComponent:63 - No mode defined for component null
2026-05-14 22:45:30,928 [WARN] ModelIntegratedComponent:63 - No mode defined for component null
2026-05-14 22:45:30,928 [WARN] ModelIntegratedComponent:63 - No mode defined for component null
2026-05-14 22:45:30,928 [WARN] ModelIntegratedComponent:63 - No mode defined for component null
2026-05-14 22:45:30,928 [WARN] ModelIntegratedComponent:63 - No mode defined for component null
2026-05-14 22:45:30,928 [WARN] ModelIntegratedComponent:63 - No mode defined for component null
2026-05-14 22:45:30,928 [WARN] ModelIntegratedComponent:63 - No mode defined for component null
2026-05-14 22:45:30,928 [WARN] ModelIntegratedComponent:63 - No mode defined for component null
2026-05-14 22:45:30,928 [WARN] ModelIntegratedComponent:63 - No mode defined for component null
2026-05-14 22:45:30,928 [WARN] ModelIntegratedComponent:63 - No mode defined for component null
2026-05-14 22:45:30,928 [WARN] ModelIntegratedComponent:63 - No mode defined for component null
2026-05-14 22:45:30,928 [WARN] ModelIntegratedComponent:63 - No mode defined for component null
2026-05-14 22:45:30,928 [WARN] ModelIntegratedComponent:63 - No mode defined for component null
2026-05-14 22:45:30,928 [WARN] ModelIntegratedComponent:63 - No mode defined for component null
2026-05-14 22:45:30,928 [WARN] ModelPack:524 - Component already loaded: STMicroelectronics:HAL Drivers:0.0.0:STMicroelectronics:Device:STMicro_Driver:XSPI:HAL::0.0.1:HAL_XSPI
2026-05-14 22:45:31,021 [WARN] ModelIntegratedComponent:182 - Modes not found for component STMicroelectronics:USB_DEVICE:1.0.0:STMicroelectronics:USB::USB Device:Audio HS::1.0:USB_DEVICE_1_0_RESTRICTED_HS
2026-05-14 22:45:31,021 [WARN] ModelIntegratedComponent:188 - Modes not found for component STMicroelectronics:USB_DEVICE:1.0.0:STMicroelectronics:USB::USB Device:Audio HS::1.0:USB_DEVICE_1_0_RESTRICTED_HS
2026-05-14 22:45:31,021 [WARN] ModelIntegratedComponent:182 - Modes not found for component STMicroelectronics:USB_DEVICE:1.0.0:STMicroelectronics:USB::USB Device:CDC HS::1.0:USB_DEVICE_1_0_RESTRICTED_HS
2026-05-14 22:45:31,021 [WARN] ModelIntegratedComponent:188 - Modes not found for component STMicroelectronics:USB_DEVICE:1.0.0:STMicroelectronics:USB::USB Device:CDC HS::1.0:USB_DEVICE_1_0_RESTRICTED_HS
2026-05-14 22:45:31,021 [WARN] ModelIntegratedComponent:182 - Modes not found for component STMicroelectronics:USB_DEVICE:1.0.0:STMicroelectronics:USB::USB Device:DFU HS::1.0:USB_DEVICE_1_0_RESTRICTED_HS
2026-05-14 22:45:31,022 [WARN] ModelIntegratedComponent:188 - Modes not found for component STMicroelectronics:USB_DEVICE:1.0.0:STMicroelectronics:USB::USB Device:DFU HS::1.0:USB_DEVICE_1_0_RESTRICTED_HS
2026-05-14 22:45:31,022 [WARN] ModelIntegratedComponent:182 - Modes not found for component STMicroelectronics:USB_DEVICE:1.0.0:STMicroelectronics:USB::USB Device:HID HS::1.0:USB_DEVICE_1_0_RESTRICTED_HS
2026-05-14 22:45:31,022 [WARN] ModelIntegratedComponent:188 - Modes not found for component STMicroelectronics:USB_DEVICE:1.0.0:STMicroelectronics:USB::USB Device:HID HS::1.0:USB_DEVICE_1_0_RESTRICTED_HS
2026-05-14 22:45:31,022 [WARN] ModelIntegratedComponent:182 - Modes not found for component STMicroelectronics:USB_DEVICE:1.0.0:STMicroelectronics:USB::USB Device:Custom HID HS::1.0:USB_DEVICE_1_0_RESTRICTED_HS
2026-05-14 22:45:31,022 [WARN] ModelIntegratedComponent:188 - Modes not found for component STMicroelectronics:USB_DEVICE:1.0.0:STMicroelectronics:USB::USB Device:Custom HID HS::1.0:USB_DEVICE_1_0_RESTRICTED_HS
2026-05-14 22:45:31,022 [WARN] ModelIntegratedComponent:182 - Modes not found for component STMicroelectronics:USB_DEVICE:1.0.0:STMicroelectronics:USB::USB Device:MSC HS::1.0:USB_DEVICE_1_0_RESTRICTED_HS
2026-05-14 22:45:31,022 [WARN] ModelIntegratedComponent:188 - Modes not found for component STMicroelectronics:USB_DEVICE:1.0.0:STMicroelectronics:USB::USB Device:MSC HS::1.0:USB_DEVICE_1_0_RESTRICTED_HS
2026-05-14 22:45:31,117 [WARN] ModelIntegratedComponent:182 - Modes not found for component STMicroelectronics:USB_HOST:1.0.0:STMicroelectronics:USB::USB Host:Audio HS::1.0:USB_HOST_1_0_RESTRICTED_HS
2026-05-14 22:45:31,117 [WARN] ModelIntegratedComponent:188 - Modes not found for component STMicroelectronics:USB_HOST:1.0.0:STMicroelectronics:USB::USB Host:Audio HS::1.0:USB_HOST_1_0_RESTRICTED_HS
2026-05-14 22:45:31,117 [WARN] ModelIntegratedComponent:182 - Modes not found for component STMicroelectronics:USB_HOST:1.0.0:STMicroelectronics:USB::USB Host:CDC HS::1.0:USB_HOST_1_0_RESTRICTED_HS
2026-05-14 22:45:31,117 [WARN] ModelIntegratedComponent:188 - Modes not found for component STMicroelectronics:USB_HOST:1.0.0:STMicroelectronics:USB::USB Host:CDC HS::1.0:USB_HOST_1_0_RESTRICTED_HS
2026-05-14 22:45:31,117 [WARN] ModelIntegratedComponent:182 - Modes not found for component STMicroelectronics:USB_HOST:1.0.0:STMicroelectronics:USB::USB Host:MSC HS::1.0:USB_HOST_1_0_RESTRICTED_HS
2026-05-14 22:45:31,117 [WARN] ModelIntegratedComponent:188 - Modes not found for component STMicroelectronics:USB_HOST:1.0.0:STMicroelectronics:USB::USB Host:MSC HS::1.0:USB_HOST_1_0_RESTRICTED_HS
2026-05-14 22:45:31,117 [WARN] ModelIntegratedComponent:182 - Modes not found for component STMicroelectronics:USB_HOST:1.0.0:STMicroelectronics:USB::USB Host:HID HS::1.0:USB_HOST_1_0_RESTRICTED_HS
2026-05-14 22:45:31,117 [WARN] ModelIntegratedComponent:188 - Modes not found for component STMicroelectronics:USB_HOST:1.0.0:STMicroelectronics:USB::USB Host:HID HS::1.0:USB_HOST_1_0_RESTRICTED_HS
2026-05-14 22:45:31,117 [WARN] ModelIntegratedComponent:182 - Modes not found for component STMicroelectronics:USB_HOST:1.0.0:STMicroelectronics:USB::USB Host:MTP HS::1.0:USB_HOST_1_0_RESTRICTED_HS
2026-05-14 22:45:31,117 [WARN] ModelIntegratedComponent:188 - Modes not found for component STMicroelectronics:USB_HOST:1.0.0:STMicroelectronics:USB::USB Host:MTP HS::1.0:USB_HOST_1_0_RESTRICTED_HS
2026-05-14 22:45:31,365 [INFO] ThirdPartyModel:298 - Start build external matchings
2026-05-14 22:45:36,258 [INFO] ThirdPartyModel:316 - End build external matchings
2026-05-14 22:45:36,365 [INFO] ImportTextPane:218 - (OptionalMessage_ERROR) IP (DMA) : Parameter (Instance) has Id (SPI2_TX) currently not set
2026-05-14 22:45:36,365 [INFO] ImportTextPane:218 - (OptionalMessage_ERROR) IP (DMA) : Parameter (Channel) has Id (SPI2_TX) currently not set
2026-05-14 22:45:36,365 [INFO] ImportTextPane:218 - (OptionalMessage_ERROR) IP (DMA) : Parameter (Direction) has Id (SPI2_TX) currently not set
2026-05-14 22:45:36,365 [INFO] ImportTextPane:218 - (OptionalMessage_ERROR) IP (DMA) : Parameter (PeriphInc) has Id (SPI2_TX) currently not set
2026-05-14 22:45:36,365 [INFO] ImportTextPane:218 - (OptionalMessage_ERROR) IP (DMA) : Parameter (MemInc) has Id (SPI2_TX) currently not set
2026-05-14 22:45:36,365 [INFO] ImportTextPane:218 - (OptionalMessage_ERROR) IP (DMA) : Parameter (PeriphDataAlignment) has Id (SPI2_TX) currently not set
2026-05-14 22:45:36,365 [INFO] ImportTextPane:218 - (OptionalMessage_ERROR) IP (DMA) : Parameter (MemDataAlignment) has Id (SPI2_TX) currently not set
2026-05-14 22:45:36,365 [INFO] ImportTextPane:218 - (OptionalMessage_ERROR) IP (DMA) : Parameter (Mode) has Id (SPI2_TX) currently not set
2026-05-14 22:45:36,365 [INFO] ImportTextPane:218 - (OptionalMessage_ERROR) IP (DMA) : Parameter (Priority) has Id (SPI2_TX) currently not set
2026-05-14 22:45:36,366 [INFO] ImportTextPane:218 - (OptionalMessage_ERROR) IP (DMA) : Parameter (FIFOMode) has Id (SPI2_TX) currently not set
2026-05-14 22:45:36,366 [INFO] ImportTextPane:218 - (OptionalMessage_ERROR) IP (DMA) : Parameter (Instance) has Id (ADC1) currently not set
2026-05-14 22:45:36,366 [INFO] ImportTextPane:218 - (OptionalMessage_ERROR) IP (DMA) : Parameter (Channel) has Id (ADC1) currently not set
2026-05-14 22:45:36,366 [INFO] ImportTextPane:218 - (OptionalMessage_ERROR) IP (DMA) : Parameter (Direction) has Id (ADC1) currently not set
2026-05-14 22:45:36,366 [INFO] ImportTextPane:218 - (OptionalMessage_ERROR) IP (DMA) : Parameter (PeriphInc) has Id (ADC1) currently not set
2026-05-14 22:45:36,366 [INFO] ImportTextPane:218 - (OptionalMessage_ERROR) IP (DMA) : Parameter (MemInc) has Id (ADC1) currently not set
2026-05-14 22:45:36,366 [INFO] ImportTextPane:218 - (OptionalMessage_ERROR) IP (DMA) : Parameter (PeriphDataAlignment) has Id (ADC1) currently not set
2026-05-14 22:45:36,366 [INFO] ImportTextPane:218 - (OptionalMessage_ERROR) IP (DMA) : Parameter (MemDataAlignment) has Id (ADC1) currently not set
2026-05-14 22:45:36,366 [INFO] ImportTextPane:218 - (OptionalMessage_ERROR) IP (DMA) : Parameter (Mode) has Id (ADC1) currently not set
2026-05-14 22:45:36,366 [INFO] ImportTextPane:218 - (OptionalMessage_ERROR) IP (DMA) : Parameter (Priority) has Id (ADC1) currently not set
2026-05-14 22:45:36,366 [INFO] ImportTextPane:218 - (OptionalMessage_ERROR) IP (DMA) : Parameter (FIFOMode) has Id (ADC1) currently not set
2026-05-14 22:45:36,367 [INFO] ImportTextPane:218 - (OptionalMessage_ERROR) IP (RCC) : Parameter (RTCHSEDivFreq_Value) has invalid value (12500000)
2026-05-14 22:45:36,382 [WARN] IP:2250 - DEVICE_SERIAL0_HID_FS not found: check if there is a RefParameter without a condition.
2026-05-14 22:45:36,382 [WARN] IP:2250 - DEVICE_SERIAL1_HID_FS not found: check if there is a RefParameter without a condition.
2026-05-14 22:45:36,382 [WARN] IP:2250 - DEVICE_SERIAL2_HID_FS not found: check if there is a RefParameter without a condition.
2026-05-14 22:45:36,592 [INFO] UtilMem:75 - End LoadConfig() Used Memory: 902558392 Bytes (1073741824)
2026-05-14 22:45:36,641 [WARN] ThirdParty:833 - waiting for thirdparty lock release [change project]
2026-05-14 22:45:36,641 [INFO] ThirdParty:835 - entering critical section [change project]
2026-05-14 22:45:36,641 [INFO] ThirdParty:1030 - CMSIS Pack Vendor :STMicroelectronics X-CUBE-AZRTOS-H7 3.5.0
2026-05-14 22:45:36,641 [INFO] ThirdParty:1030 - CMSIS Pack Vendor :STMicroelectronics X-CUBE-PM33A1 1.0.0
2026-05-14 22:45:36,641 [INFO] ThirdParty:1030 - CMSIS Pack Vendor :STMicroelectronics USBPD 4.1
2026-05-14 22:45:36,641 [INFO] ThirdParty:1030 - CMSIS Pack Vendor :STMicroelectronics X-CUBE-GNSS1 6.0.0
2026-05-14 22:45:36,641 [INFO] ThirdParty:1030 - CMSIS Pack Vendor :STMicroelectronics USB_HOST 2.0.0
2026-05-14 22:45:36,641 [INFO] ThirdParty:1030 - CMSIS Pack Vendor :STMicroelectronics FP-SNS-MOTENVWB1 1.4.0
2026-05-14 22:45:36,641 [INFO] ThirdParty:1030 - CMSIS Pack Vendor :STMicroelectronics X-CUBE-AZRTOS-F4 1.1.0
2026-05-14 22:45:36,641 [INFO] ThirdParty:1030 - CMSIS Pack Vendor :STMicroelectronics LIBJPEG 8.0.0
2026-05-14 22:45:36,641 [INFO] ThirdParty:1030 - CMSIS Pack Vendor :STMicroelectronics FP-ATR-ASTRA1 2.0.2
2026-05-14 22:45:36,641 [INFO] ThirdParty:1030 - CMSIS Pack Vendor :STMicroelectronics FP-ATR-ASTRA1 2.0.1
2026-05-14 22:45:36,642 [INFO] ThirdParty:1030 - CMSIS Pack Vendor :Avnet-IotConnect X-CUBE-IoTC-DA16k-PMOD 1.0.0
2026-05-14 22:45:36,642 [INFO] ThirdParty:1030 - CMSIS Pack Vendor :STMicroelectronics X-CUBE-SMBUS 2.1.0
2026-05-14 22:45:36,642 [INFO] ThirdParty:1030 - CMSIS Pack Vendor :STMicroelectronics X-CUBE-WB05N 1.1.0
2026-05-14 22:45:36,642 [INFO] ThirdParty:1030 - CMSIS Pack Vendor :STMicroelectronics X-CUBE-ISPU 2.1.0
2026-05-14 22:45:36,642 [INFO] ThirdParty:1030 - CMSIS Pack Vendor :STMicroelectronics eDS-WB_DPC_TT-BIDIR 2.1.1
2026-05-14 22:45:36,642 [INFO] ThirdParty:1030 - CMSIS Pack Vendor :STMicroelectronics X-CUBE-FREERTOS 1.2.0
2026-05-14 22:45:36,642 [INFO] ThirdParty:1030 - CMSIS Pack Vendor :STMicroelectronics X-CUBE-ST60 1.0.0
2026-05-14 22:45:36,642 [INFO] ThirdParty:1030 - CMSIS Pack Vendor :STMicroelectronics X-CUBE-NFC12 1.0.0
2026-05-14 22:45:36,642 [INFO] ThirdParty:1030 - CMSIS Pack Vendor :STMicroelectronics X-CUBE-BLEMGR 1.2.0
2026-05-14 22:45:36,642 [INFO] ThirdParty:1030 - CMSIS Pack Vendor :STMicroelectronics X-CUBE-TOUCHGFX 4.23.2
2026-05-14 22:45:36,642 [INFO] ThirdParty:1030 - CMSIS Pack Vendor :STMicroelectronics X-CUBE-AZRTOS-F7 1.1.0
2026-05-14 22:45:36,642 [INFO] ThirdParty:1030 - CMSIS Pack Vendor :STMicroelectronics X-CUBE-AZRTOS-L5 2.0.0
2026-05-14 22:45:36,642 [INFO] ThirdParty:1030 - CMSIS Pack Vendor :STMicroelectronics USB_DEVICE 2.0.0
2026-05-14 22:45:36,642 [INFO] ThirdParty:1030 - CMSIS Pack Vendor :STMicroelectronics X-CUBE-NFC6 3.1.0
2026-05-14 22:45:36,642 [INFO] ThirdParty:1030 - CMSIS Pack Vendor :STMicroelectronics X-CUBE-BLE1 6.2.3
2026-05-14 22:45:36,642 [INFO] ThirdParty:1030 - CMSIS Pack Vendor :STMicroelectronics X-CUBE-MEMS1 11.0.0
2026-05-14 22:45:36,642 [INFO] ThirdParty:1030 - CMSIS Pack Vendor :STMicroelectronics X-CUBE-BLE1 6.2.4
2026-05-14 22:45:36,642 [INFO] ThirdParty:1030 - CMSIS Pack Vendor :STMicroelectronics FreeRTOS 0.0.1
2026-05-14 22:45:36,642 [INFO] ThirdParty:1030 - CMSIS Pack Vendor :STMicroelectronics X-CUBE-BLEMGR 2.0.0
2026-05-14 22:45:36,642 [INFO] ThirdParty:1030 - CMSIS Pack Vendor :STMicroelectronics X-CUBE-DPower 1.2.0
2026-05-14 22:45:36,642 [INFO] ThirdParty:1030 - CMSIS Pack Vendor :STMicroelectronics eDS-WB_DPC_VIENNA 1.2.0
2026-05-14 22:45:36,642 [INFO] ThirdParty:1030 - CMSIS Pack Vendor :STMicroelectronics FP-SNS-FLIGHT1 5.0.2
2026-05-14 22:45:36,642 [INFO] ThirdParty:1030 - CMSIS Pack Vendor :STMicroelectronics eDS-WB_DPC_3PH2L-BIDIR 1.1.1
2026-05-14 22:45:36,642 [INFO] ThirdParty:1030 - CMSIS Pack Vendor :STMicroelectronics X-CUBE-NFC4 2.0.4
2026-05-14 22:45:36,643 [INFO] ThirdParty:1030 - CMSIS Pack Vendor :STMicroelectronics X-CUBE-AI 9.0.0
2026-05-14 22:45:36,643 [INFO] ThirdParty:1030 - CMSIS Pack Vendor :STMicroelectronics X-CUBE-AZRTOS-H7 3.1.0
2026-05-14 22:45:36,643 [INFO] ThirdParty:1030 - CMSIS Pack Vendor :STMicroelectronics PDM2PCM 3.3.0
2026-05-14 22:45:36,643 [INFO] ThirdParty:1030 - CMSIS Pack Vendor :STMicroelectronics X-CUBE-TOF1 3.1.0
2026-05-14 22:45:36,643 [INFO] ThirdParty:1030 - CMSIS Pack Vendor :STMicroelectronics X-CUBE-AZRTOS-H7 3.4.0
2026-05-14 22:45:36,643 [INFO] ThirdParty:1030 - CMSIS Pack Vendor :STMicroelectronics X-CUBE-DISPLAY 3.0.0
2026-05-14 22:45:36,643 [INFO] ThirdParty:1030 - CMSIS Pack Vendor :STMicroelectronics X-CUBE-GNSS1 7.1.1
2026-05-14 22:45:36,643 [INFO] ThirdParty:1030 - CMSIS Pack Vendor :STMicroelectronics X-CUBE-BLE1 7.0.0
2026-05-14 22:45:36,643 [INFO] ThirdParty:1030 - CMSIS Pack Vendor :STMicroelectronics X-CUBE-NFC10 1.0.0
2026-05-14 22:45:36,643 [INFO] ThirdParty:1030 - CMSIS Pack Vendor :wolfSSL I-CUBE-wolfSSL 5.5.1
2026-05-14 22:45:36,643 [INFO] ThirdParty:1030 - CMSIS Pack Vendor :STMicroelectronics X-CUBE-BLEMGR 4.0.0
2026-05-14 22:45:36,643 [INFO] ThirdParty:1030 - CMSIS Pack Vendor :STMicroelectronics X-CUBE-FREERTOS 1.3.1
2026-05-14 22:45:36,643 [INFO] ThirdParty:1030 - CMSIS Pack Vendor :STMicroelectronics HAL Drivers 0.0.0
2026-05-14 22:45:36,643 [INFO] ThirdParty:1030 - CMSIS Pack Vendor :STMicroelectronics X-CUBE-ST60 1.1.0
2026-05-14 22:45:36,643 [INFO] ThirdParty:1030 - CMSIS Pack Vendor :STMicroelectronics X-CUBE-FREERTOS 1.3.0
2026-05-14 22:45:36,643 [INFO] ThirdParty:1030 - CMSIS Pack Vendor :STMicroelectronics X-CUBE-NFC7 1.0.1
2026-05-14 22:45:36,643 [INFO] ThirdParty:1030 - CMSIS Pack Vendor :STMicroelectronics MBEDTLS 2.14.1
2026-05-14 22:45:36,643 [INFO] ThirdParty:1030 - CMSIS Pack Vendor :STMicroelectronics X-CUBE-GNSS1 7.1.0
2026-05-14 22:45:36,643 [INFO] ThirdParty:1030 - CMSIS Pack Vendor :STMicroelectronics X-CUBE-NFC7 1.0.0
2026-05-14 22:45:36,644 [INFO] ThirdParty:1030 - CMSIS Pack Vendor :STMicroelectronics X-CUBE-TOUCHGFX 4.26.0
2026-05-14 22:45:36,644 [INFO] ThirdParty:1030 - CMSIS Pack Vendor :STMicroelectronics X-CUBE-MEMS1 9.3.0
2026-05-14 22:45:36,644 [INFO] ThirdParty:1030 - CMSIS Pack Vendor :STMicroelectronics X-CUBE-TOUCHGFX 4.26.1
2026-05-14 22:45:36,644 [INFO] ThirdParty:1030 - CMSIS Pack Vendor :STMicroelectronics X-CUBE-EEPRMA1 4.1.0
2026-05-14 22:45:36,644 [INFO] ThirdParty:1030 - CMSIS Pack Vendor :STMicroelectronics X-CUBE-AI 7.2.0
2026-05-14 22:45:36,644 [INFO] ThirdParty:1030 - CMSIS Pack Vendor :STMicroelectronics X-CUBE-BLEMGR 3.1.0
2026-05-14 22:45:36,644 [INFO] ThirdParty:1030 - CMSIS Pack Vendor :STMicroelectronics X-CUBE-AI 10.0.0
2026-05-14 22:45:36,644 [INFO] ThirdParty:1030 - CMSIS Pack Vendor :STMicroelectronics FP-SNS-STAIOTCFT 1.0.0
2026-05-14 22:45:36,644 [INFO] ThirdParty:1030 - CMSIS Pack Vendor :STMicroelectronics FP-SNS-SMARTAG2 1.2.0
2026-05-14 22:45:36,644 [INFO] ThirdParty:1030 - CMSIS Pack Vendor :STMicroelectronics FP-SNS-FLIGHT1 5.1.0
2026-05-14 22:45:36,644 [INFO] ThirdParty:1030 - CMSIS Pack Vendor :STMicroelectronics X-CUBE-MEMS1 11.1.0
2026-05-14 22:45:36,644 [INFO] ThirdParty:1030 - CMSIS Pack Vendor :STMicroelectronics X-CUBE-AZRTOS-WL 2.0.0
2026-05-14 22:45:36,644 [INFO] ThirdParty:1030 - CMSIS Pack Vendor :STMicroelectronics X-CUBE-DPower 1.3.0
2026-05-14 22:45:36,644 [INFO] ThirdParty:1030 - CMSIS Pack Vendor :STMicroelectronics FP-SNS-MOTENV1 5.0.0
2026-05-14 22:45:36,644 [INFO] ThirdParty:1030 - CMSIS Pack Vendor :STMicroelectronics USB_DEVICE 1.0.0
2026-05-14 22:45:36,644 [INFO] ThirdParty:1030 - CMSIS Pack Vendor :STMicroelectronics X-CUBE-AZRTOS-H7RS 1.2.0
2026-05-14 22:45:36,644 [INFO] ThirdParty:1030 - CMSIS Pack Vendor :wolfSSL I-CUBE-wolfMQTT 1.19.0
2026-05-14 22:45:36,644 [INFO] ThirdParty:1030 - CMSIS Pack Vendor :STMicroelectronics X-CUBE-AZRTOS-L4 2.0.0
2026-05-14 22:45:36,644 [INFO] ThirdParty:1030 - CMSIS Pack Vendor :STMicroelectronics ThreadX 0.0.2
2026-05-14 22:45:36,644 [INFO] ThirdParty:1030 - CMSIS Pack Vendor :WES I-CUBE-Cesium 1.3.0
2026-05-14 22:45:36,644 [INFO] ThirdParty:1030 - CMSIS Pack Vendor :STMicroelectronics lwIP 2.1.2
2026-05-14 22:45:36,644 [INFO] ThirdParty:1030 - CMSIS Pack Vendor :STMicroelectronics X-CUBE-SFXS2LP1 4.0.0
2026-05-14 22:45:36,644 [INFO] ThirdParty:1030 - CMSIS Pack Vendor :STMicroelectronics X-CUBE-BLE2 3.3.0
2026-05-14 22:45:36,644 [INFO] ThirdParty:1030 - CMSIS Pack Vendor :Avnet-IOTCONNECT X-CUBE-iotc-st67-sdk 1.0.0
2026-05-14 22:45:36,644 [INFO] ThirdParty:1030 - CMSIS Pack Vendor :STMicroelectronics X-CUBE-DISPLAY 2.2.0
2026-05-14 22:45:36,644 [INFO] ThirdParty:1030 - CMSIS Pack Vendor :STMicroelectronics X-CUBE-TOF1 3.2.0
2026-05-14 22:45:36,644 [INFO] ThirdParty:1030 - CMSIS Pack Vendor :STMicroelectronics PDM2PCM 3.2.0
2026-05-14 22:45:36,644 [INFO] ThirdParty:1030 - CMSIS Pack Vendor :STMicroelectronics X-CUBE-ISPU 1.0.0
2026-05-14 22:45:36,644 [INFO] ThirdParty:1030 - CMSIS Pack Vendor :STMicroelectronics X-CUBE-WB05N 2.1.0
2026-05-14 22:45:36,644 [INFO] ThirdParty:1030 - CMSIS Pack Vendor :STMicroelectronics X-CUBE-ISPU 1.1.0
2026-05-14 22:45:36,644 [INFO] ThirdParty:1030 - CMSIS Pack Vendor :STMicroelectronics X-CUBE-AZRTOS-H7 3.3.0
2026-05-14 22:45:36,644 [INFO] ThirdParty:1030 - CMSIS Pack Vendor :RoweBots I-CUBE-UNISONRTOS 5.5.0-4
2026-05-14 22:45:36,644 [INFO] ThirdParty:1030 - CMSIS Pack Vendor :STMicroelectronics X-CUBE-NFC9 1.0.0
2026-05-14 22:45:36,644 [INFO] ThirdParty:1030 - CMSIS Pack Vendor :STMicroelectronics X-CUBE-AZRTOS-H7 2.1.0
2026-05-14 22:45:36,644 [INFO] ThirdParty:1030 - CMSIS Pack Vendor :STMicroelectronics X-CUBE-BLE1 7.1.0
2026-05-14 22:45:36,644 [INFO] ThirdParty:1030 - CMSIS Pack Vendor :STMicroelectronics USB_DEVICE 3.0.0
2026-05-14 22:45:36,644 [INFO] ThirdParty:1030 - CMSIS Pack Vendor :STMicroelectronics X-CUBE-TCPP 4.1.0
2026-05-14 22:45:36,644 [INFO] ThirdParty:1030 - CMSIS Pack Vendor :STMicroelectronics X-CUBE-EEPRMA1 5.2.0
2026-05-14 22:45:36,644 [INFO] ThirdParty:1030 - CMSIS Pack Vendor :STMicroelectronics X-CUBE-BLEMGR 4.1.0
2026-05-14 22:45:36,644 [INFO] ThirdParty:1030 - CMSIS Pack Vendor :STMicroelectronics X-CUBE-AI 8.0.0
2026-05-14 22:45:36,645 [INFO] ThirdParty:1030 - CMSIS Pack Vendor :STMicroelectronics X-CUBE-IPS 3.0.0
2026-05-14 22:45:36,645 [INFO] ThirdParty:1030 - CMSIS Pack Vendor :STMicroelectronics X-CUBE-AZRTOS-WB 2.0.0
2026-05-14 22:45:36,645 [INFO] ThirdParty:1030 - CMSIS Pack Vendor :STMicroelectronics X-CUBE-FREERTOS 1.0.1
2026-05-14 22:45:36,645 [INFO] ThirdParty:1030 - CMSIS Pack Vendor :STMicroelectronics X-CUBE-GNSS1 7.0.0
2026-05-14 22:45:36,645 [INFO] ThirdParty:1030 - CMSIS Pack Vendor :STMicroelectronics X-CUBE-GNSS1 7.0.1
2026-05-14 22:45:36,645 [INFO] ThirdParty:1030 - CMSIS Pack Vendor :STMicroelectronics X-CUBE-TOUCHGFX 4.21.3
2026-05-14 22:45:36,645 [INFO] ThirdParty:1030 - CMSIS Pack Vendor :STMicroelectronics X-CUBE-TOUCHGFX 4.25.0
2026-05-14 22:45:36,645 [INFO] ThirdParty:1030 - CMSIS Pack Vendor :STMicroelectronics X-CUBE-AI 7.3.0
2026-05-14 22:45:36,645 [INFO] ThirdParty:1030 - CMSIS Pack Vendor :STMicroelectronics X-CUBE-AI 10.1.0
2026-05-14 22:45:36,645 [INFO] ThirdParty:1030 - CMSIS Pack Vendor :STMicroelectronics FP-SNS-STBOX1 2.0.0
2026-05-14 22:45:36,645 [INFO] ThirdParty:1030 - CMSIS Pack Vendor :STMicroelectronics X-CUBE-MEMS1 12.0.0
2026-05-14 22:45:36,645 [INFO] ThirdParty:1030 - CMSIS Pack Vendor :STMicroelectronics X-CUBE-ALGOBUILD 1.3.0
2026-05-14 22:45:36,645 [INFO] ThirdParty:1030 - CMSIS Pack Vendor :STMicroelectronics X-CUBE-STSE01 2.0.0
2026-05-14 22:45:36,645 [INFO] ThirdParty:1030 - CMSIS Pack Vendor :STMicroelectronics X-CUBE-AZRTOS-L5 1.1.0
2026-05-14 22:45:36,645 [INFO] ThirdParty:1030 - CMSIS Pack Vendor :STMicroelectronics X-CUBE-MEMS1 11.2.0
2026-05-14 22:45:36,645 [INFO] ThirdParty:1030 - CMSIS Pack Vendor :STMicroelectronics X-CUBE-AZRTOS-G0 1.1.0
2026-05-14 22:45:36,646 [INFO] ThirdParty:1030 - CMSIS Pack Vendor :STMicroelectronics X-CUBE-SAFEA1 1.2.2
2026-05-14 22:45:36,646 [INFO] ThirdParty:1030 - CMSIS Pack Vendor :STMicroelectronics X-CUBE-NFC4 3.0.0
2026-05-14 22:45:36,646 [INFO] ThirdParty:1030 - CMSIS Pack Vendor :STMicroelectronics X-CUBE-SUBG2 5.0.0
2026-05-14 22:45:36,646 [INFO] ThirdParty:1030 - CMSIS Pack Vendor :STMicroelectronics X-CUBE-AZRTOS-H7RS 1.1.0
2026-05-14 22:45:36,646 [INFO] ThirdParty:1030 - CMSIS Pack Vendor :STMicroelectronics STM32_WPAN 1.0.0
2026-05-14 22:45:36,646 [INFO] ThirdParty:1030 - CMSIS Pack Vendor :SEGGER I-CUBE-embOS 1.2.1
2026-05-14 22:45:36,646 [INFO] ThirdParty:1030 - CMSIS Pack Vendor :wolfSSL I-CUBE-wolfMQTT 1.18.0
2026-05-14 22:45:36,646 [INFO] ThirdParty:1030 - CMSIS Pack Vendor :EmbeddedOffice I-CUBE-FS-RTOS 1.0.1
2026-05-14 22:45:36,646 [INFO] ThirdParty:1030 - CMSIS Pack Vendor :STMicroelectronics lwIP 2.0.3
2026-05-14 22:45:36,646 [INFO] ThirdParty:1030 - CMSIS Pack Vendor :Cesanta I-CUBE-Mongoose 7.13.0
2026-05-14 22:45:36,646 [INFO] ThirdParty:1030 - CMSIS Pack Vendor :STMicroelectronics USB_HOST 1.0.0
2026-05-14 22:45:36,646 [INFO] ThirdParty:1030 - CMSIS Pack Vendor :STMicroelectronics X-CUBE-AZRTOS-G4 2.0.0
2026-05-14 22:45:36,646 [INFO] ThirdParty:1030 - CMSIS Pack Vendor :STMicroelectronics X-CUBE-WB05N 2.0.0
2026-05-14 22:45:36,646 [INFO] ThirdParty:1030 - CMSIS Pack Vendor :STMicroelectronics PDM2PCM 3.1.0
2026-05-14 22:45:36,646 [INFO] ThirdParty:1030 - CMSIS Pack Vendor :STMicroelectronics X-CUBE-TOF1 3.3.0
2026-05-14 22:45:36,646 [INFO] ThirdParty:1030 - CMSIS Pack Vendor :STMicroelectronics FP-ATR-ASTRA1 1.1.1
2026-05-14 22:45:36,646 [INFO] ThirdParty:1030 - CMSIS Pack Vendor :STMicroelectronics X-CUBE-NFC7 2.0.0
2026-05-14 22:45:36,647 [INFO] ThirdParty:1030 - CMSIS Pack Vendor :STMicroelectronics X-CUBE-TCPP 4.2.0
2026-05-14 22:45:36,647 [INFO] ThirdParty:1030 - CMSIS Pack Vendor :RealThread X-CUBE-RT-Thread_Nano 4.1.1
2026-05-14 22:45:36,647 [INFO] ThirdParty:1030 - CMSIS Pack Vendor :STMicroelectronics FP-ATR-SIGFOX1 3.2.0
2026-05-14 22:45:36,647 [INFO] ThirdParty:1030 - CMSIS Pack Vendor :STMicroelectronics X-CUBE-AZRTOS-G4 1.0.0
2026-05-14 22:45:36,647 [INFO] ThirdParty:1030 - CMSIS Pack Vendor :STMicroelectronics X-CUBE-AZRTOS-L4 1.0.0
2026-05-14 22:45:36,647 [INFO] ThirdParty:1030 - CMSIS Pack Vendor :quantropi X-CUBE-qispace-sdk-base 1.9.3
2026-05-14 22:45:36,647 [INFO] ThirdParty:1030 - CMSIS Pack Vendor :STMicroelectronics X-CUBE-ISPU 2.0.0
2026-05-14 22:45:36,647 [INFO] ThirdParty:1030 - CMSIS Pack Vendor :STMicroelectronics X-CUBE-EEPRMA1 5.1.0
2026-05-14 22:45:36,647 [INFO] ThirdParty:1030 - CMSIS Pack Vendor :STMicroelectronics MBEDTLS 2.16.2
2026-05-14 22:45:36,647 [INFO] ThirdParty:1030 - CMSIS Pack Vendor :STMicroelectronics X-CUBE-IPS 3.1.0
2026-05-14 22:45:36,647 [INFO] ThirdParty:1030 - CMSIS Pack Vendor :STMicroelectronics X-CUBE-ALS 1.0.2
2026-05-14 22:45:36,647 [INFO] ThirdParty:1030 - CMSIS Pack Vendor :emotas I-CUBE-CANOPEN 1.1.2
2026-05-14 22:45:36,647 [INFO] ThirdParty:1030 - CMSIS Pack Vendor :STMicroelectronics X-CUBE-TOUCHGFX 4.20.0
2026-05-14 22:45:36,647 [INFO] ThirdParty:1030 - CMSIS Pack Vendor :STMicroelectronics X-CUBE-MEMS1 10.0.0
2026-05-14 22:45:36,649 [INFO] ThirdParty:1030 - CMSIS Pack Vendor :ITTIA_DB I-CUBE-ITTIADB 8.9.0
2026-05-14 22:45:36,649 [INFO] ThirdParty:1030 - CMSIS Pack Vendor :STMicroelectronics X-CUBE-TOUCHGFX 4.24.2
2026-05-14 22:45:36,649 [INFO] ThirdParty:1030 - CMSIS Pack Vendor :STMicroelectronics X-CUBE-AZRTOS-WL 1.0.0
2026-05-14 22:45:36,649 [INFO] ThirdParty:1030 - CMSIS Pack Vendor :STMicroelectronics X-CUBE-TOUCHGFX 4.24.1
2026-05-14 22:45:36,649 [INFO] ThirdParty:1030 - CMSIS Pack Vendor :STMicroelectronics X-CUBE-STSE01 1.0.0
2026-05-14 22:45:36,649 [INFO] ThirdParty:1030 - CMSIS Pack Vendor :wolfSSL I-CUBE-wolfTPM 3.4.0
2026-05-14 22:45:36,649 [INFO] ThirdParty:1030 - CMSIS Pack Vendor :portGmbH I-Cube-SoM-uGOAL 1.1.0
2026-05-14 22:45:36,649 [INFO] ThirdParty:1030 - CMSIS Pack Vendor :STMicroelectronics X-CUBE-ALS 1.0.1
2026-05-14 22:45:36,649 [INFO] ThirdParty:1030 - CMSIS Pack Vendor :STMicroelectronics X-CUBE-NFC6 3.2.0
2026-05-14 22:45:36,649 [INFO] ThirdParty:1030 - CMSIS Pack Vendor :STMicroelectronics X-CUBE-MEMS1 9.5.0
2026-05-14 22:45:36,649 [INFO] ThirdParty:1030 - CMSIS Pack Vendor :STMicroelectronics X-CUBE-ST67W61 1.0.0
2026-05-14 22:45:36,649 [INFO] ThirdParty:1030 - CMSIS Pack Vendor :STMicroelectronics X-CUBE-AI 10.2.0
2026-05-14 22:45:36,649 [INFO] ThirdParty:1030 - CMSIS Pack Vendor :STMicroelectronics ThreadX 1.0.0
2026-05-14 22:45:36,649 [INFO] ThirdParty:1030 - CMSIS Pack Vendor :STMicroelectronics X-CUBE-MEMS1 12.1.0
2026-05-14 22:45:36,649 [INFO] ThirdParty:1030 - CMSIS Pack Vendor :STMicroelectronics X-CUBE-AZRTOS-WB 1.1.0
2026-05-14 22:45:36,649 [INFO] ThirdParty:1030 - CMSIS Pack Vendor :SEGGER I-CUBE-embOS 1.3.1
2026-05-14 22:45:36,649 [INFO] ThirdParty:1030 - CMSIS Pack Vendor :STMicroelectronics X-CUBE-ALGOBUILD 1.4.0
2026-05-14 22:45:36,649 [INFO] ThirdParty:1030 - CMSIS Pack Vendor :STMicroelectronics X-CUBE-MEMS1 11.3.0
2026-05-14 22:45:36,649 [INFO] ThirdParty:1030 - CMSIS Pack Vendor :STMicroelectronics X-CUBE-AZRTOS-L5 1.0.0
2026-05-14 22:45:36,649 [INFO] ThirdParty:1030 - CMSIS Pack Vendor :STMicroelectronics X-CUBE-EEPRMA1 3.1.1
2026-05-14 22:45:36,649 [INFO] ThirdParty:1030 - CMSIS Pack Vendor :STMicroelectronics X-CUBE-AZRTOS-H7RS 1.0.0
2026-05-14 22:45:36,649 [INFO] ThirdParty:1030 - CMSIS Pack Vendor :STMicroelectronics FP-ATR-ASTRA1 2.0.0
2026-05-14 22:45:36,649 [INFO] ThirdParty:1030 - CMSIS Pack Vendor :STMicroelectronics X-CUBE-TOF1 3.4.2
2026-05-14 22:45:36,649 [INFO] ThirdParty:1030 - CMSIS Pack Vendor :STMicroelectronics X-CUBE-TOF1 3.4.3
2026-05-14 22:45:36,649 [INFO] ThirdParty:1030 - CMSIS Pack Vendor :STMicroelectronics X-CUBE-AI 9.1.0
2026-05-14 22:45:36,649 [INFO] ThirdParty:1030 - CMSIS Pack Vendor :STMicroelectronics X-CUBE-TOF1 3.4.1
2026-05-14 22:45:36,649 [INFO] ThirdParty:1030 - CMSIS Pack Vendor :STMicroelectronics X-CUBE-AZRTOS-H7 3.2.0
2026-05-14 22:45:36,649 [INFO] ThirdParty:1030 - CMSIS Pack Vendor :Infineon AIROC-Wi-Fi-Bluetooth-STM32 1.6.0
2026-05-14 22:45:36,649 [INFO] ThirdParty:1030 - CMSIS Pack Vendor :wolfSSL I-CUBE-wolfSSH 1.4.17
2026-05-14 22:45:36,649 [INFO] ThirdParty:841 - exiting critical section [change project]
2026-05-14 22:45:36,880 [INFO] PinOutPanel:1589 - setPackage(No Configuration,No Configuration)
2026-05-14 22:45:36,881 [INFO] PinOutPanel:1589 - setPackage(STM32F411CEUx,UFQFPN48)
2026-05-14 22:45:37,090 [INFO] UtilMem:75 - Before build in PCC Used Memory: 884160680 Bytes (1073741824)
2026-05-14 22:45:37,339 [INFO] UtilMem:75 - After build in PCC Used Memory: 927703648 Bytes (1073741824)
2026-05-14 22:45:37,351 [INFO] ApiDbMcu:508 - Load IP Config File for USB_DEVICE
2026-05-14 22:45:37,369 [INFO] IPUIPlugin:80 - create IPUIPlugin
2026-05-14 22:45:37,370 [INFO] IPUIPlugin:80 - create IPUIPlugin
2026-05-14 22:45:37,370 [INFO] IPUIPlugin:80 - create IPUIPlugin
2026-05-14 22:45:37,370 [INFO] IPUIPlugin:80 - create IPUIPlugin
2026-05-14 22:45:37,371 [INFO] IPUIPlugin:80 - create IPUIPlugin
2026-05-14 22:45:37,371 [INFO] IPUIPlugin:80 - create IPUIPlugin
2026-05-14 22:45:37,371 [INFO] IPUIPlugin:80 - create IPUIPlugin
2026-05-14 22:45:37,371 [INFO] IPUIPlugin:80 - create IPUIPlugin
2026-05-14 22:45:37,371 [INFO] IPUIPlugin:80 - create IPUIPlugin
2026-05-14 22:45:37,371 [INFO] IPUIPlugin:80 - create IPUIPlugin
2026-05-14 22:45:37,371 [INFO] IPUIPlugin:80 - create IPUIPlugin
2026-05-14 22:45:37,371 [INFO] IPUIPlugin:80 - create IPUIPlugin
2026-05-14 22:45:37,371 [INFO] IPUIPlugin:80 - create IPUIPlugin
2026-05-14 22:45:37,372 [INFO] IPUIPlugin:80 - create IPUIPlugin
2026-05-14 22:45:37,372 [INFO] IPUIPlugin:80 - create IPUIPlugin
2026-05-14 22:45:37,372 [INFO] IPUIPlugin:80 - create IPUIPlugin
2026-05-14 22:45:37,372 [INFO] IPUIPlugin:80 - create IPUIPlugin
2026-05-14 22:45:37,372 [INFO] IPUIPlugin:80 - create IPUIPlugin
2026-05-14 22:45:37,372 [INFO] IPUIPlugin:80 - create IPUIPlugin
2026-05-14 22:45:37,372 [INFO] IPUIPlugin:80 - create IPUIPlugin
2026-05-14 22:45:37,372 [INFO] IPUIPlugin:80 - create IPUIPlugin
2026-05-14 22:45:37,373 [INFO] IPUIPlugin:80 - create IPUIPlugin
2026-05-14 22:45:37,373 [INFO] IPUIPlugin:80 - create IPUIPlugin
2026-05-14 22:45:37,373 [INFO] IPUIPlugin:80 - create IPUIPlugin
2026-05-14 22:45:37,373 [INFO] IPUIPlugin:80 - create IPUIPlugin
2026-05-14 22:45:37,373 [INFO] IPUIPlugin:80 - create IPUIPlugin
2026-05-14 22:45:37,373 [INFO] IPUIPlugin:80 - create IPUIPlugin
2026-05-14 22:45:37,373 [INFO] IPUIPlugin:80 - create IPUIPlugin
2026-05-14 22:45:37,374 [INFO] IPUIPlugin:80 - create IPUIPlugin
2026-05-14 22:45:37,374 [INFO] IPUIPlugin:80 - create IPUIPlugin
2026-05-14 22:45:37,374 [INFO] IPUIPlugin:80 - create IPUIPlugin
2026-05-14 22:45:37,374 [INFO] IPUIPlugin:80 - create IPUIPlugin
2026-05-14 22:45:37,374 [INFO] IPUIPlugin:80 - create IPUIPlugin
2026-05-14 22:45:37,374 [INFO] IPUIPlugin:80 - create IPUIPlugin
2026-05-14 22:45:37,374 [INFO] IPUIPlugin:80 - create IPUIPlugin
2026-05-14 22:45:37,375 [INFO] IPUIPlugin:80 - create IPUIPlugin
2026-05-14 22:45:37,375 [INFO] IPUIPlugin:80 - create IPUIPlugin
2026-05-14 22:45:37,375 [INFO] IPUIPlugin:80 - create IPUIPlugin
2026-05-14 22:45:37,375 [INFO] IPUIPlugin:80 - create IPUIPlugin
2026-05-14 22:45:37,376 [INFO] IPUIPlugin:80 - create IPUIPlugin
2026-05-14 22:45:37,376 [INFO] IPUIPlugin:80 - create IPUIPlugin
2026-05-14 22:45:37,376 [INFO] IPUIPlugin:80 - create IPUIPlugin
2026-05-14 22:45:37,376 [INFO] IPUIPlugin:80 - create IPUIPlugin
2026-05-14 22:45:37,380 [INFO] ApiDbMcu:508 - Load IP Config File for PDM2PCM
2026-05-14 22:45:37,381 [INFO] I2sManager:658 - 1.1875E8
2026-05-14 22:45:37,381 [INFO] I2sManager:195 - I2S Clock Value : 1.1875E8
2026-05-14 22:45:37,382 [INFO] I2sManager:553 - AudioClock : 15995Divider : 116Odd : 0
2026-05-14 22:45:37,450 [INFO] CADModel:165 - CPN selected for project levelSTM32F411CEU6
2026-05-14 22:45:37,450 [INFO] CADModel:114 - Register for checkConnection events
2026-05-14 22:45:37,488 [INFO] OpenFileManager:385 - Restore cursor
2026-05-14 22:45:37,649 [WARN] IP:2250 - DEVICE_SERIAL0_HID_FS not found: check if there is a RefParameter without a condition.
2026-05-14 22:45:37,649 [WARN] IP:2250 - DEVICE_SERIAL1_HID_FS not found: check if there is a RefParameter without a condition.
2026-05-14 22:45:37,649 [WARN] IP:2250 - DEVICE_SERIAL2_HID_FS not found: check if there is a RefParameter without a condition.
2026-05-14 22:45:37,649 [WARN] IP:2250 - DEVICE_SERIAL0_HID_FS not found: check if there is a RefParameter without a condition.
2026-05-14 22:45:37,649 [WARN] IP:2250 - DEVICE_SERIAL1_HID_FS not found: check if there is a RefParameter without a condition.
2026-05-14 22:45:37,649 [WARN] IP:2250 - DEVICE_SERIAL2_HID_FS not found: check if there is a RefParameter without a condition.
2026-05-14 22:45:41,486 [WARN] IP:2250 - DEVICE_SERIAL0_HID_FS not found: check if there is a RefParameter without a condition.
2026-05-14 22:45:41,487 [WARN] IP:2250 - DEVICE_SERIAL1_HID_FS not found: check if there is a RefParameter without a condition.
2026-05-14 22:45:41,487 [WARN] IP:2250 - DEVICE_SERIAL2_HID_FS not found: check if there is a RefParameter without a condition.
2026-05-14 22:45:42,767 [WARN] IP:2250 - DEVICE_SERIAL0_HID_FS not found: check if there is a RefParameter without a condition.
2026-05-14 22:45:42,767 [WARN] IP:2250 - DEVICE_SERIAL1_HID_FS not found: check if there is a RefParameter without a condition.
2026-05-14 22:45:42,767 [WARN] IP:2250 - DEVICE_SERIAL2_HID_FS not found: check if there is a RefParameter without a condition.
2026-05-15 01:31:00,271 [ERROR] LogOutputStream:75 - [STDERR_REDIRECT] 	at com.sun.jna.platform.win32.Win32Exception.<init>(Win32Exception.java:56)
2026-05-15 01:31:00,273 [ERROR] LogOutputStream:75 - [STDERR_REDIRECT] 	at com.sun.jna.platform.win32.Advapi32Util.registryGetValues(Advapi32Util.java:2269)
2026-05-15 01:31:00,274 [ERROR] LogOutputStream:75 - [STDERR_REDIRECT] 	at com.sun.jna.platform.win32.Advapi32Util.registryGetValues(Advapi32Util.java:2248)
2026-05-15 01:31:00,275 [ERROR] LogOutputStream:75 - [STDERR_REDIRECT] 	at org.eclipse.cdt.internal.core.win32.WindowsRegistryImpl.getValues(WindowsRegistryImpl.java:138)
2026-05-15 01:31:00,277 [ERROR] LogOutputStream:75 - [STDERR_REDIRECT] 	at org.eclipse.cdt.internal.core.win32.WindowsRegistryImpl.getLocalMachineValues(WindowsRegistryImpl.java:50)
2026-05-15 01:31:00,278 [ERROR] LogOutputStream:75 - [STDERR_REDIRECT] 	at org.eclipse.cdt.serial.SerialPort.list(SerialPort.java:259)
2026-05-15 01:31:00,280 [ERROR] LogOutputStream:75 - [STDERR_REDIRECT] 	at com.st.stm32cube.ide.mpu.remote.serial.internal.SerialPortProviderWindows.run(SerialPortProviderWindows.java:110)
2026-05-15 01:31:00,281 [ERROR] LogOutputStream:75 - [STDERR_REDIRECT] 	at java.base/java.util.TimerThread.mainLoop(Timer.java:566)
2026-05-15 01:31:00,281 [ERROR] LogOutputStream:75 - [STDERR_REDIRECT] 	at java.base/java.util.TimerThread.run(Timer.java:516)
2026-05-15 01:31:00,282 [ERROR] LogOutputStream:75 - [STDERR_REDIRECT] Caused by: java.lang.ClassNotFoundException: com.sun.jna.platform.win32.W32Errors cannot be found by com.sun.jna.platform_5.16.0
2026-05-15 01:31:00,283 [ERROR] LogOutputStream:75 - [STDERR_REDIRECT] 	at org.eclipse.osgi.internal.loader.BundleLoader.generateException(BundleLoader.java:562)
2026-05-15 01:31:00,284 [ERROR] LogOutputStream:75 - [STDERR_REDIRECT] 	at org.eclipse.osgi.internal.loader.BundleLoader.findClass0(BundleLoader.java:557)
2026-05-15 01:31:00,285 [ERROR] LogOutputStream:75 - [STDERR_REDIRECT] 	at org.eclipse.osgi.internal.loader.BundleLoader.findClass(BundleLoader.java:434)
2026-05-15 01:31:00,287 [ERROR] LogOutputStream:75 - [STDERR_REDIRECT] 	at org.eclipse.osgi.internal.loader.ModuleClassLoader.loadClass(ModuleClassLoader.java:174)
2026-05-15 01:31:00,287 [ERROR] LogOutputStream:75 - [STDERR_REDIRECT] 	at java.base/java.lang.ClassLoader.loadClass(ClassLoader.java:526)
2026-05-15 01:31:00,288 [ERROR] LogOutputStream:75 - [STDERR_REDIRECT] 	... 9 more
2026-05-15 01:31:00,290 [ERROR] LogOutputStream:75 - [STDERR_REDIRECT] An exception occurred while writing to the platform log:
2026-05-15 01:31:00,291 [ERROR] LogOutputStream:75 - [STDERR_REDIRECT] java.io.IOException: Insufficient system resources exist to complete the requested service
2026-05-15 01:31:00,292 [ERROR] LogOutputStream:75 - [STDERR_REDIRECT] 	at java.base/java.io.FileOutputStream.writeBytes(Native Method)
2026-05-15 01:31:00,293 [ERROR] LogOutputStream:75 - [STDERR_REDIRECT] 	at java.base/java.io.FileOutputStream.write(FileOutputStream.java:367)
2026-05-15 01:31:00,294 [ERROR] LogOutputStream:75 - [STDERR_REDIRECT] 	at java.base/sun.nio.cs.StreamEncoder.writeBytes(StreamEncoder.java:309)
2026-05-15 01:31:00,295 [ERROR] LogOutputStream:75 - [STDERR_REDIRECT] 	at java.base/sun.nio.cs.StreamEncoder.implFlushBuffer(StreamEncoder.java:405)
2026-05-15 01:31:00,296 [ERROR] LogOutputStream:75 - [STDERR_REDIRECT] 	at java.base/sun.nio.cs.StreamEncoder.implFlush(StreamEncoder.java:410)
2026-05-15 01:31:00,298 [ERROR] LogOutputStream:75 - [STDERR_REDIRECT] 	at java.base/sun.nio.cs.StreamEncoder.lockedFlush(StreamEncoder.java:214)
2026-05-15 01:31:00,299 [ERROR] LogOutputStream:75 - [STDERR_REDIRECT] 	at java.base/sun.nio.cs.StreamEncoder.flush(StreamEncoder.java:201)
2026-05-15 01:31:00,300 [ERROR] LogOutputStream:75 - [STDERR_REDIRECT] 	at java.base/java.io.OutputStreamWriter.flush(OutputStreamWriter.java:262)
2026-05-15 01:31:00,301 [ERROR] LogOutputStream:75 - [STDERR_REDIRECT] 	at java.base/java.io.BufferedWriter.implFlush(BufferedWriter.java:372)
2026-05-15 01:31:00,303 [ERROR] LogOutputStream:75 - [STDERR_REDIRECT] 	at java.base/java.io.BufferedWriter.flush(BufferedWriter.java:359)
2026-05-15 01:31:00,304 [ERROR] LogOutputStream:75 - [STDERR_REDIRECT] 	at org.eclipse.osgi.internal.log.EquinoxLogWriter.log(EquinoxLogWriter.java:321)
2026-05-15 01:31:00,305 [ERROR] LogOutputStream:75 - [STDERR_REDIRECT] 	at org.eclipse.osgi.internal.log.EquinoxLogWriter.logged(EquinoxLogWriter.java:781)
2026-05-15 01:31:00,307 [ERROR] LogOutputStream:75 - [STDERR_REDIRECT] 	at org.eclipse.osgi.internal.log.ExtendedLogReaderServiceFactory.safeLogged(ExtendedLogReaderServiceFactory.java:108)
2026-05-15 01:31:00,308 [ERROR] LogOutputStream:75 - [STDERR_REDIRECT] 	at org.eclipse.osgi.internal.log.ExtendedLogReaderServiceFactory.logPrivileged(ExtendedLogReaderServiceFactory.java:259)
2026-05-15 01:31:00,311 [ERROR] LogOutputStream:75 - [STDERR_REDIRECT] 	at org.eclipse.osgi.internal.log.ExtendedLogReaderServiceFactory.log(ExtendedLogReaderServiceFactory.java:229)
2026-05-15 01:31:00,312 [ERROR] LogOutputStream:75 - [STDERR_REDIRECT] 	at org.eclipse.osgi.internal.log.ExtendedLogServiceFactory.log(ExtendedLogServiceFactory.java:106)
2026-05-15 01:31:00,313 [ERROR] LogOutputStream:75 - [STDERR_REDIRECT] 	at org.eclipse.osgi.internal.log.LoggerImpl.log(LoggerImpl.java:91)
2026-05-15 01:31:00,314 [ERROR] LogOutputStream:75 - [STDERR_REDIRECT] 	at org.eclipse.osgi.internal.log.LogServiceManager.frameworkEvent(LogServiceManager.java:187)
2026-05-15 01:31:00,316 [ERROR] LogOutputStream:75 - [STDERR_REDIRECT] 	at org.eclipse.osgi.internal.framework.BundleContextImpl.dispatchEvent(BundleContextImpl.java:1008)
2026-05-15 01:31:00,317 [ERROR] LogOutputStream:75 - [STDERR_REDIRECT] 	at org.eclipse.osgi.framework.eventmgr.EventManager.dispatchEvent(EventManager.java:230)
2026-05-15 01:31:00,319 [ERROR] LogOutputStream:75 - [STDERR_REDIRECT] 	at org.eclipse.osgi.framework.eventmgr.EventManager$EventThread.run(EventManager.java:341)
2026-05-15 01:31:00,319 [ERROR] LogOutputStream:75 - [STDERR_REDIRECT] Logging to the console instead.
2026-05-15 01:31:00,321 [ERROR] LogOutputStream:75 - [STDERR_REDIRECT] !ENTRY com.sun.jna.platform 4 0 2026-05-15 01:31:00.319
2026-05-15 01:31:00,321 [ERROR] LogOutputStream:75 - [STDERR_REDIRECT] !MESSAGE FrameworkEvent ERROR
2026-05-15 01:31:00,321 [ERROR] LogOutputStream:75 - [STDERR_REDIRECT] !STACK 0
2026-05-15 01:31:00,323 [ERROR] LogOutputStream:75 - [STDERR_REDIRECT] java.io.IOException: Exception in opening zip file: C:\ST\STM32CubeIDE_1.10.1\STM32CubeIDE\plugins\com.sun.jna.platform_5.16.0.jar
2026-05-15 01:31:00,325 [ERROR] LogOutputStream:75 - [STDERR_REDIRECT] 	at org.eclipse.osgi.framework.util.SecureAction.getZipFile(SecureAction.java:371)
2026-05-15 01:31:00,326 [ERROR] LogOutputStream:75 - [STDERR_REDIRECT] 	at org.eclipse.osgi.storage.bundlefile.ZipBundleFile.doOpen(ZipBundleFile.java:51)
2026-05-15 01:31:00,327 [ERROR] LogOutputStream:75 - [STDERR_REDIRECT] 	at org.eclipse.osgi.storage.bundlefile.CloseableBundleFile.internalOpen(CloseableBundleFile.java:146)
2026-05-15 01:31:00,329 [ERROR] LogOutputStream:75 - [STDERR_REDIRECT] 	at org.eclipse.osgi.storage.bundlefile.CloseableBundleFile.lockOpen(CloseableBundleFile.java:83)
2026-05-15 01:31:00,330 [ERROR] LogOutputStream:75 - [STDERR_REDIRECT] 	at org.eclipse.osgi.storage.bundlefile.CloseableBundleFile.getEntry(CloseableBundleFile.java:285)
2026-05-15 01:31:00,331 [ERROR] LogOutputStream:75 - [STDERR_REDIRECT] 	at org.eclipse.osgi.internal.loader.classpath.ClasspathEntry.findEntry(ClasspathEntry.java:209)
2026-05-15 01:31:00,333 [ERROR] LogOutputStream:75 - [STDERR_REDIRECT] 	at org.eclipse.osgi.internal.loader.classpath.ClasspathManager.findClassImpl(ClasspathManager.java:672)
2026-05-15 01:31:00,334 [ERROR] LogOutputStream:75 - [STDERR_REDIRECT] 	at org.eclipse.osgi.internal.loader.classpath.ClasspathManager.findLocalClassImpl(ClasspathManager.java:657)
2026-05-15 01:31:00,336 [ERROR] LogOutputStream:75 - [STDERR_REDIRECT] 	at org.eclipse.osgi.internal.loader.classpath.ClasspathManager.findLocalClassImpl(ClasspathManager.java:637)
2026-05-15 01:31:00,337 [ERROR] LogOutputStream:75 - [STDERR_REDIRECT] 	at org.eclipse.osgi.internal.loader.classpath.ClasspathManager.findLocalClass(ClasspathManager.java:616)
2026-05-15 01:31:00,338 [ERROR] LogOutputStream:75 - [STDERR_REDIRECT] 	at org.eclipse.osgi.internal.loader.ModuleClassLoader.findLocalClass(ModuleClassLoader.java:348)
2026-05-15 01:31:00,340 [ERROR] LogOutputStream:75 - [STDERR_REDIRECT] 	at org.eclipse.osgi.internal.loader.BundleLoader.findLocalClass(BundleLoader.java:414)
2026-05-15 01:31:00,341 [ERROR] LogOutputStream:75 - [STDERR_REDIRECT] 	at org.eclipse.osgi.internal.loader.BundleLoader.findClass0(BundleLoader.java:520)
2026-05-15 01:31:00,342 [ERROR] LogOutputStream:75 - [STDERR_REDIRECT] 	at org.eclipse.osgi.internal.loader.BundleLoader.findClass(BundleLoader.java:434)
2026-05-15 01:31:00,344 [ERROR] LogOutputStream:75 - [STDERR_REDIRECT] 	at org.eclipse.osgi.internal.loader.ModuleClassLoader.loadClass(ModuleClassLoader.java:174)
2026-05-15 01:31:00,345 [ERROR] LogOutputStream:75 - [STDERR_REDIRECT] 	at java.base/java.lang.ClassLoader.loadClass(ClassLoader.java:526)
2026-05-15 01:31:00,346 [ERROR] LogOutputStream:75 - [STDERR_REDIRECT] 	at com.sun.jna.platform.win32.Win32Exception.<init>(Win32Exception.java:56)
2026-05-15 01:31:00,347 [ERROR] LogOutputStream:75 - [STDERR_REDIRECT] 	at com.sun.jna.platform.win32.Advapi32Util.registryGetValues(Advapi32Util.java:2269)
2026-05-15 01:31:00,349 [ERROR] LogOutputStream:75 - [STDERR_REDIRECT] 	at com.sun.jna.platform.win32.Advapi32Util.registryGetValues(Advapi32Util.java:2248)
2026-05-15 01:31:00,350 [ERROR] LogOutputStream:75 - [STDERR_REDIRECT] 	at org.eclipse.cdt.internal.core.win32.WindowsRegistryImpl.getValues(WindowsRegistryImpl.java:138)
2026-05-15 01:31:00,353 [ERROR] LogOutputStream:75 - [STDERR_REDIRECT] 	at org.eclipse.cdt.internal.core.win32.WindowsRegistryImpl.getLocalMachineValues(WindowsRegistryImpl.java:50)
2026-05-15 01:31:00,354 [ERROR] LogOutputStream:75 - [STDERR_REDIRECT] 	at org.eclipse.cdt.serial.SerialPort.list(SerialPort.java:259)
2026-05-15 01:31:00,355 [ERROR] LogOutputStream:75 - [STDERR_REDIRECT] 	at com.st.stm32cube.ide.mpu.remote.serial.internal.SerialPortProviderWindows.run(SerialPortProviderWindows.java:110)
2026-05-15 01:31:00,356 [ERROR] LogOutputStream:75 - [STDERR_REDIRECT] 	at java.base/java.util.TimerThread.mainLoop(Timer.java:566)
2026-05-15 01:31:00,357 [ERROR] LogOutputStream:75 - [STDERR_REDIRECT] 	at java.base/java.util.TimerThread.run(Timer.java:516)
2026-05-15 01:31:00,359 [ERROR] LogOutputStream:75 - [STDERR_REDIRECT] Caused by: java.nio.file.FileSystemException: C:\ST\STM32CubeIDE_1.10.1\STM32CubeIDE\plugins\com.sun.jna.platform_5.16.0.jar: Insufficient system resources exist to complete the requested service
2026-05-15 01:31:00,360 [ERROR] LogOutputStream:75 - [STDERR_REDIRECT] 	at java.base/sun.nio.fs.WindowsException.translateToIOException(WindowsException.java:92)
2026-05-15 01:31:00,361 [ERROR] LogOutputStream:75 - [STDERR_REDIRECT] 	at java.base/sun.nio.fs.WindowsException.rethrowAsIOException(WindowsException.java:103)
2026-05-15 01:31:00,361 [ERROR] LogOutputStream:75 - [STDERR_REDIRECT] 	at java.base/sun.nio.fs.WindowsException.rethrowAsIOException(WindowsException.java:108)
2026-05-15 01:31:00,363 [ERROR] LogOutputStream:75 - [STDERR_REDIRECT] 	at java.base/sun.nio.fs.WindowsFileAttributeViews$Basic.readAttributes(WindowsFileAttributeViews.java:53)
2026-05-15 01:31:00,364 [ERROR] LogOutputStream:75 - [STDERR_REDIRECT] 	at java.base/sun.nio.fs.WindowsFileAttributeViews$Basic.readAttributes(WindowsFileAttributeViews.java:38)
2026-05-15 01:31:00,365 [ERROR] LogOutputStream:75 - [STDERR_REDIRECT] 	at java.base/sun.nio.fs.WindowsFileSystemProvider.readAttributes(WindowsFileSystemProvider.java:197)
2026-05-15 01:31:00,366 [ERROR] LogOutputStream:75 - [STDERR_REDIRECT] 	at java.base/java.nio.file.Files.readAttributes(Files.java:1853)
2026-05-15 01:31:00,366 [ERROR] LogOutputStream:75 - [STDERR_REDIRECT] 	at java.base/java.util.zip.ZipFile$Source.get(ZipFile.java:1445)
2026-05-15 01:31:00,367 [ERROR] LogOutputStream:75 - [STDERR_REDIRECT] 	at java.base/java.util.zip.ZipFile$CleanableResource.<init>(ZipFile.java:724)
2026-05-15 01:31:00,368 [ERROR] LogOutputStream:75 - [STDERR_REDIRECT] 	at java.base/java.util.zip.ZipFile.<init>(ZipFile.java:251)
2026-05-15 01:31:00,368 [ERROR] LogOutputStream:75 - [STDERR_REDIRECT] 	at java.base/java.util.zip.ZipFile.<init>(ZipFile.java:180)
2026-05-15 01:31:00,369 [ERROR] LogOutputStream:75 - [STDERR_REDIRECT] 	at java.base/java.util.zip.ZipFile.<init>(ZipFile.java:194)
2026-05-15 01:31:00,371 [ERROR] LogOutputStream:75 - [STDERR_REDIRECT] 	at org.eclipse.osgi.framework.util.SecureAction.getZipFile(SecureAction.java:353)
2026-05-15 01:31:00,371 [ERROR] LogOutputStream:75 - [STDERR_REDIRECT] 	... 24 more
2026-05-15 01:31:00,371 [ERROR] LogOutputStream:75 - [STDERR_REDIRECT] 
2026-05-15 01:31:00,372 [ERROR] LogOutputStream:75 - [STDERR_REDIRECT] 
2026-05-15 01:31:00,372 [ERROR] LogOutputStream:75 - [STDERR_REDIRECT] 
2026-05-15 01:31:00,372 [ERROR] LogOutputStream:75 - [STDERR_REDIRECT] 
