2026-07-22 15:57:11,430 [INFO] Activator:176 - 


2026-07-22 15:57:11,430 [INFO] Activator:177 - !SESSION log4j initialized
2026-07-22 15:57:20,034 [INFO] LogOutputStream:77 - [STDOUT_REDIRECT] 
2026-07-22 15:57:21,228 [INFO] ApplicationProperties:184 - Using Application install path: C:\ST\STM32CubeIDE_1.10.1\STM32CubeIDE\plugins\com.st.stm32cube.common.mx_6.14.1.202504091515
2026-07-22 15:57:21,248 [INFO] DbMcusXml:78 - Set database path to: C:\ST\STM32CubeIDE_1.10.1\STM32CubeIDE\plugins\com.st.stm32cube.common.mx_6.14.1.202504091515\\db\/mcu/
2026-07-22 15:57:21,248 [INFO] ApiDb:274 - Set plugin database path to: C:\ST\STM32CubeIDE_1.10.1\STM32CubeIDE\plugins\com.st.stm32cube.common.mx_6.14.1.202504091515\\db\/plugins/boardmanager/
2026-07-22 15:57:21,249 [WARN] ApiDb:259 - Overriding images path with different value:  => C:\ST\STM32CubeIDE_1.10.1\STM32CubeIDE\plugins\com.st.stm32cube.common.mx_6.14.1.202504091515\\db\/plugins/mcufinder/images/
2026-07-22 15:57:21,263 [INFO] ApiDb:250 - Set database path to: C:\Users\abhil\.stmcufinder\plugins\mcufinder//mcu/
2026-07-22 15:57:21,265 [INFO] DbMcusAds:125 - Set database path to: C:\Users\abhil\.stmcufinder\plugins\mcufinder//mcu/
2026-07-22 15:57:21,267 [INFO] CrossReferenceDbSqlite:203 - Set database path to: C:\Users\abhil\.stmcufinder\plugins\mcufinder//mcu/cs/
2026-07-22 15:57:21,389 [INFO] RulesReader:64 - Compatibility file has been processed (302 Rules)
2026-07-22 15:57:21,475 [INFO] DbMcusXml:78 - Set database path to: C:\ST\STM32CubeIDE_1.10.1\STM32CubeIDE\plugins\com.st.stm32cube.common.mx_6.14.1.202504091515\\db\/mcu/
2026-07-22 15:57:21,475 [INFO] ApiDb:274 - Set plugin database path to: C:\ST\STM32CubeIDE_1.10.1\STM32CubeIDE\plugins\com.st.stm32cube.common.mx_6.14.1.202504091515\\db\/plugins/boardmanager/
2026-07-22 15:57:21,475 [INFO] ApiDb:261 - Set plugin images path to: C:\ST\STM32CubeIDE_1.10.1\STM32CubeIDE\plugins\com.st.stm32cube.common.mx_6.14.1.202504091515\\db\/plugins/mcufinder/images/
2026-07-22 15:57:21,476 [WARN] DbFile:41 - Overriding database path with different value: C:\Users\abhil\.stmcufinder\plugins\mcufinder/ => C:\Users\abhil\.stmcufinder\plugins\mcufinder
2026-07-22 15:57:21,476 [INFO] ApiDb:250 - Set database path to: C:\Users\abhil\.stmcufinder\plugins\mcufinder//mcu/
2026-07-22 15:57:21,476 [WARN] DbFile:41 - Overriding database path with different value: C:\Users\abhil\.stmcufinder\plugins\mcufinder/ => C:\Users\abhil\.stmcufinder\plugins\mcufinder
2026-07-22 15:57:21,476 [INFO] DbMcusAds:125 - Set database path to: C:\Users\abhil\.stmcufinder\plugins\mcufinder//mcu/
2026-07-22 15:57:21,476 [WARN] DbFile:41 - Overriding database path with different value: C:\Users\abhil\.stmcufinder\plugins\mcufinder/ => C:\Users\abhil\.stmcufinder\plugins\mcufinder
2026-07-22 15:57:21,476 [WARN] DbFile:41 - Overriding database path with different value: C:\Users\abhil\.stmcufinder\plugins\mcufinder/ => C:\Users\abhil\.stmcufinder\plugins\mcufinder
2026-07-22 15:57:21,476 [INFO] CrossReferenceDbSqlite:203 - Set database path to: C:\Users\abhil\.stmcufinder\plugins\mcufinder//mcu/cs/
2026-07-22 15:57:21,552 [INFO] MainPanel:272 - HeapMemory: 268435456
2026-07-22 15:57:21,660 [INFO] DbMcusXml:78 - Set database path to: C:\ST\STM32CubeIDE_1.10.1\STM32CubeIDE\plugins\com.st.stm32cube.common.mx_6.14.1.202504091515\\db\/mcu/
2026-07-22 15:57:21,660 [INFO] ApiDb:274 - Set plugin database path to: C:\ST\STM32CubeIDE_1.10.1\STM32CubeIDE\plugins\com.st.stm32cube.common.mx_6.14.1.202504091515\\db\/plugins/boardmanager/
2026-07-22 15:57:21,660 [INFO] ApiDb:261 - Set plugin images path to: C:\ST\STM32CubeIDE_1.10.1\STM32CubeIDE\plugins\com.st.stm32cube.common.mx_6.14.1.202504091515\\db\/plugins/mcufinder/images/
2026-07-22 15:57:21,661 [WARN] DbFile:41 - Overriding database path with different value: C:\Users\abhil\.stmcufinder\plugins\mcufinder/ => C:\Users\abhil\.stmcufinder\plugins\mcufinder
2026-07-22 15:57:21,661 [INFO] ApiDb:250 - Set database path to: C:\Users\abhil\.stmcufinder\plugins\mcufinder//mcu/
2026-07-22 15:57:21,661 [WARN] DbFile:41 - Overriding database path with different value: C:\Users\abhil\.stmcufinder\plugins\mcufinder/ => C:\Users\abhil\.stmcufinder\plugins\mcufinder
2026-07-22 15:57:21,661 [INFO] DbMcusAds:125 - Set database path to: C:\Users\abhil\.stmcufinder\plugins\mcufinder//mcu/
2026-07-22 15:57:21,661 [WARN] DbFile:41 - Overriding database path with different value: C:\Users\abhil\.stmcufinder\plugins\mcufinder/ => C:\Users\abhil\.stmcufinder\plugins\mcufinder
2026-07-22 15:57:21,661 [WARN] DbFile:41 - Overriding database path with different value: C:\Users\abhil\.stmcufinder\plugins\mcufinder/ => C:\Users\abhil\.stmcufinder\plugins\mcufinder
2026-07-22 15:57:21,661 [INFO] CrossReferenceDbSqlite:203 - Set database path to: C:\Users\abhil\.stmcufinder\plugins\mcufinder//mcu/cs/
2026-07-22 15:57:21,679 [INFO] ApplicationProperties:184 - Using Application install path: C:\ST\STM32CubeIDE_1.10.1\STM32CubeIDE\plugins\com.st.stm32cube.common.mx_6.14.1.202504091515
2026-07-22 15:57:21,681 [INFO] PluginManage:196 - Search for loadable plugins [exclusion list=, ]
2026-07-22 15:57:21,682 [INFO] PluginManage:310 - Check plugin analytics
2026-07-22 15:57:21,840 [INFO] AnalyticsPlugin:253 - Accepted Software Licenses: 
2026-07-22 15:57:21,840 [INFO] AnalyticsPlugin:255 - Accepted CMSIS Pack Licenses: 
2026-07-22 15:57:21,840 [INFO] AnalyticsPlugin:257 - Accepted Firmware Licenses: FW.F4.1.27.0,FW.H7.1.10.0,FW.H7.1.12.0,FW.F4.1.28.0
2026-07-22 15:57:21,842 [INFO] PluginManage:359 - Loaded plugin analytics (category:tool,tabindex:-1)
2026-07-22 15:57:21,843 [INFO] PluginManage:310 - Check plugin cadmodel
2026-07-22 15:57:21,860 [INFO] CADModel:105 - Init CAD model plugin
2026-07-22 15:57:21,860 [INFO] PluginManage:359 - Loaded plugin cadmodel (category:power,tabindex:5)
2026-07-22 15:57:21,860 [INFO] PluginManage:310 - Check plugin clock
2026-07-22 15:57:21,881 [INFO] PluginManage:359 - Loaded plugin clock (category:base,tabindex:2)
2026-07-22 15:57:21,881 [INFO] PluginManage:310 - Check plugin ddr
2026-07-22 15:57:21,883 [INFO] PluginManage:359 - Loaded plugin ddr (category:tool,tabindex:6)
2026-07-22 15:57:21,883 [INFO] PluginManage:310 - Check plugin filemanager
2026-07-22 15:57:22,039 [INFO] PluginManage:359 - Loaded plugin filemanager (category:base,tabindex:10)
2026-07-22 15:57:22,039 [INFO] PluginManage:310 - Check plugin ipmanager
2026-07-22 15:57:22,047 [INFO] PluginManage:359 - Loaded plugin ipmanager (category:base,tabindex:5)
2026-07-22 15:57:22,048 [INFO] PluginManage:310 - Check plugin lpbam
2026-07-22 15:57:22,068 [INFO] PluginManage:359 - Loaded plugin lpbam (category:base,tabindex:0)
2026-07-22 15:57:22,068 [INFO] PluginManage:310 - Check plugin memorymap
2026-07-22 15:57:22,101 [INFO] PluginManage:359 - Loaded plugin memorymap (category:base,tabindex:4)
2026-07-22 15:57:22,102 [INFO] PluginManage:310 - Check plugin pinoutandconfiguration
2026-07-22 15:57:22,122 [INFO] PluginManage:359 - Loaded plugin pinoutandconfiguration (category:base,tabindex:1)
2026-07-22 15:57:22,122 [INFO] PluginManage:310 - Check plugin pinoutconfig
2026-07-22 15:57:22,233 [WARN] SupportedApi:132 - Cannot load RTOS API schema: s4s-elt-must-match.1: The content of 'definitions' must match (annotation?, (simpleType | complexType)?, (unique | key | keyref)*)). A problem was found starting at: attribute.
2026-07-22 15:57:22,384 [INFO] PluginManage:359 - Loaded plugin pinoutconfig (category:base,tabindex:0)
2026-07-22 15:57:22,385 [INFO] PluginManage:310 - Check plugin power
2026-07-22 15:57:22,407 [INFO] PluginManage:359 - Loaded plugin power (category:power,tabindex:4)
2026-07-22 15:57:22,407 [INFO] PluginManage:310 - Check plugin projectmanager
2026-07-22 15:57:22,423 [INFO] PluginManage:359 - Loaded plugin projectmanager (category:projectmanager,tabindex:4)
2026-07-22 15:57:22,423 [INFO] PluginManage:310 - Check plugin rif
2026-07-22 15:57:22,440 [INFO] PluginManage:359 - Loaded plugin rif (category:base,tabindex:3)
2026-07-22 15:57:22,441 [INFO] PluginManage:310 - Check plugin thirdparty
2026-07-22 15:57:22,795 [INFO] PluginManage:359 - Loaded plugin thirdparty (category:base,tabindex:-1)
2026-07-22 15:57:22,795 [WARN] IntegrityCheckThread:84 - waiting for thirdparty lock release [integrity check]
2026-07-22 15:57:22,796 [INFO] PluginManage:310 - Check plugin tools
2026-07-22 15:57:22,796 [INFO] IntegrityCheckThread:86 - entering critical section [integrity check]
2026-07-22 15:57:22,796 [INFO] ThirdPartyUpdaterWithRetryManager:70 - Updater plugin not ready yet. [1/15]
2026-07-22 15:57:22,840 [INFO] PluginManage:359 - Loaded plugin tools (category:base,tabindex:7)
2026-07-22 15:57:22,840 [INFO] PluginManage:310 - Check plugin tutovideos
2026-07-22 15:57:23,061 [INFO] PluginManage:359 - Loaded plugin tutovideos (category:base,tabindex:-1)
2026-07-22 15:57:23,061 [INFO] PluginManage:310 - Check plugin updater
2026-07-22 15:57:23,084 [INFO] PluginManage:359 - Loaded plugin updater (category:base,tabindex:12)
2026-07-22 15:57:23,084 [INFO] PluginManage:310 - Check plugin userauth
2026-07-22 15:57:23,088 [INFO] UserAuth:118 - Init User Auth plugin
2026-07-22 15:57:23,089 [INFO] PluginManage:359 - Loaded plugin userauth (category:base,tabindex:14)
2026-07-22 15:57:23,089 [INFO] PluginManage:283 - PluginManage : Loaded plugins [18]
2026-07-22 15:57:23,322 [INFO] PinOutPanel:1589 - setPackage(No Configuration,No Configuration)
2026-07-22 15:57:23,408 [INFO] CADModel:165 - CPN selected for project level
2026-07-22 15:57:23,408 [INFO] CADModel:114 - Register for checkConnection events
2026-07-22 15:57:23,436 [INFO] IPUIPlugin:80 - create IPUIPlugin
2026-07-22 15:57:23,436 [INFO] PluginManager:220 - loadIPPluginJar : add adc
2026-07-22 15:57:23,485 [INFO] IPUIPlugin:80 - create IPUIPlugin
2026-07-22 15:57:23,485 [INFO] PluginManager:220 - loadIPPluginJar : add aes
2026-07-22 15:57:23,542 [INFO] IPUIPlugin:80 - create IPUIPlugin
2026-07-22 15:57:23,542 [INFO] PluginManager:220 - loadIPPluginJar : add can
2026-07-22 15:57:23,571 [INFO] IPUIPlugin:80 - create IPUIPlugin
2026-07-22 15:57:23,571 [INFO] PluginManager:220 - loadIPPluginJar : add comp
2026-07-22 15:57:23,612 [INFO] IPUIPlugin:80 - create IPUIPlugin
2026-07-22 15:57:23,612 [INFO] PluginManager:220 - loadIPPluginJar : add cryp
2026-07-22 15:57:23,626 [INFO] IPUIPlugin:80 - create IPUIPlugin
2026-07-22 15:57:23,626 [INFO] PluginManager:220 - loadIPPluginJar : add ddr_ctrl_phy
2026-07-22 15:57:23,664 [INFO] IPUIPlugin:80 - create IPUIPlugin
2026-07-22 15:57:23,664 [INFO] PluginManager:220 - loadIPPluginJar : add dfsdm
2026-07-22 15:57:23,681 [INFO] IPUIPlugin:80 - create IPUIPlugin
2026-07-22 15:57:23,681 [INFO] PluginManager:220 - loadIPPluginJar : add dma
2026-07-22 15:57:23,732 [INFO] IPUIPlugin:80 - create IPUIPlugin
2026-07-22 15:57:23,732 [INFO] PluginManager:220 - loadIPPluginJar : add dma3
2026-07-22 15:57:23,790 [INFO] IPUIPlugin:80 - create IPUIPlugin
2026-07-22 15:57:23,790 [INFO] PluginManager:220 - loadIPPluginJar : add extmemmanager
2026-07-22 15:57:23,818 [INFO] IPUIPlugin:80 - create IPUIPlugin
2026-07-22 15:57:23,818 [INFO] PluginManager:220 - loadIPPluginJar : add fatfs
2026-07-22 15:57:23,879 [INFO] IPUIPlugin:80 - create IPUIPlugin
2026-07-22 15:57:23,879 [INFO] PluginManager:220 - loadIPPluginJar : add fmc
2026-07-22 15:57:23,897 [INFO] IPUIPlugin:80 - create IPUIPlugin
2026-07-22 15:57:23,898 [INFO] PluginManager:220 - loadIPPluginJar : add freertos
2026-07-22 15:57:23,923 [INFO] IPUIPlugin:80 - create IPUIPlugin
2026-07-22 15:57:23,924 [INFO] PluginManager:220 - loadIPPluginJar : add genericplugin
2026-07-22 15:57:24,040 [INFO] IPUIPlugin:80 - create IPUIPlugin
2026-07-22 15:57:24,040 [INFO] PluginManager:220 - loadIPPluginJar : add gfxmmu
2026-07-22 15:57:24,206 [INFO] IPUIPlugin:80 - create IPUIPlugin
2026-07-22 15:57:24,206 [INFO] PluginManager:220 - loadIPPluginJar : add gic
2026-07-22 15:57:24,221 [INFO] IPUIPlugin:80 - create IPUIPlugin
2026-07-22 15:57:24,221 [INFO] PluginManager:220 - loadIPPluginJar : add gpio
2026-07-22 15:57:24,338 [INFO] IPUIPlugin:80 - create IPUIPlugin
2026-07-22 15:57:24,338 [INFO] PluginManager:220 - loadIPPluginJar : add gtzc
2026-07-22 15:57:24,382 [INFO] IPUIPlugin:80 - create IPUIPlugin
2026-07-22 15:57:24,382 [INFO] PluginManager:220 - loadIPPluginJar : add hash
2026-07-22 15:57:24,449 [INFO] IPUIPlugin:80 - create IPUIPlugin
2026-07-22 15:57:24,449 [INFO] PluginManager:220 - loadIPPluginJar : add i2c
2026-07-22 15:57:24,499 [INFO] IPUIPlugin:80 - create IPUIPlugin
2026-07-22 15:57:24,499 [INFO] PluginManager:220 - loadIPPluginJar : add i2s
2026-07-22 15:57:24,554 [INFO] IPUIPlugin:80 - create IPUIPlugin
2026-07-22 15:57:24,554 [INFO] PluginManager:220 - loadIPPluginJar : add i3c
2026-07-22 15:57:24,691 [INFO] IPUIPlugin:80 - create IPUIPlugin
2026-07-22 15:57:24,691 [INFO] PluginManager:220 - loadIPPluginJar : add ipddr
2026-07-22 15:57:24,814 [INFO] IPUIPlugin:80 - create IPUIPlugin
2026-07-22 15:57:24,815 [INFO] PluginManager:220 - loadIPPluginJar : add linkedlist
2026-07-22 15:57:24,867 [INFO] IPUIPlugin:80 - create IPUIPlugin
2026-07-22 15:57:24,867 [INFO] PluginManager:220 - loadIPPluginJar : add lorawan
2026-07-22 15:57:24,918 [INFO] IPUIPlugin:80 - create IPUIPlugin
2026-07-22 15:57:24,918 [INFO] PluginManager:220 - loadIPPluginJar : add ltdc
2026-07-22 15:57:24,936 [INFO] IPUIPlugin:80 - create IPUIPlugin
2026-07-22 15:57:24,936 [INFO] PluginManager:220 - loadIPPluginJar : add mdma
2026-07-22 15:57:24,951 [INFO] IPUIPlugin:80 - create IPUIPlugin
2026-07-22 15:57:24,952 [INFO] PluginManager:220 - loadIPPluginJar : add nvic
2026-07-22 15:57:24,998 [INFO] IPUIPlugin:80 - create IPUIPlugin
2026-07-22 15:57:24,998 [INFO] PluginManager:220 - loadIPPluginJar : add opamp
2026-07-22 15:57:25,081 [INFO] IPUIPlugin:80 - create IPUIPlugin
2026-07-22 15:57:25,081 [INFO] PluginManager:220 - loadIPPluginJar : add openamp
2026-07-22 15:57:25,138 [INFO] IPUIPlugin:80 - create IPUIPlugin
2026-07-22 15:57:25,138 [INFO] PluginManager:220 - loadIPPluginJar : add pdm2pcm
2026-07-22 15:57:25,156 [INFO] IPUIPlugin:80 - create IPUIPlugin
2026-07-22 15:57:25,158 [INFO] PluginManager:220 - loadIPPluginJar : add plateformsettings
2026-07-22 15:57:25,187 [INFO] IPUIPlugin:80 - create IPUIPlugin
2026-07-22 15:57:25,188 [INFO] PluginManager:220 - loadIPPluginJar : add quadspi
2026-07-22 15:57:25,223 [INFO] IPUIPlugin:80 - create IPUIPlugin
2026-07-22 15:57:25,223 [INFO] PluginManager:220 - loadIPPluginJar : add radio
2026-07-22 15:57:25,237 [INFO] IPUIPlugin:80 - create IPUIPlugin
2026-07-22 15:57:25,238 [INFO] PluginManager:220 - loadIPPluginJar : add resmgrutility
2026-07-22 15:57:25,300 [INFO] IPUIPlugin:80 - create IPUIPlugin
2026-07-22 15:57:25,300 [INFO] PluginManager:220 - loadIPPluginJar : add sai
2026-07-22 15:57:25,348 [INFO] IPUIPlugin:80 - create IPUIPlugin
2026-07-22 15:57:25,348 [INFO] PluginManager:220 - loadIPPluginJar : add spi
2026-07-22 15:57:25,454 [INFO] IPUIPlugin:80 - create IPUIPlugin
2026-07-22 15:57:25,454 [INFO] PluginManager:220 - loadIPPluginJar : add stm32_wpan
2026-07-22 15:57:25,484 [INFO] IPUIPlugin:80 - create IPUIPlugin
2026-07-22 15:57:25,484 [INFO] PluginManager:220 - loadIPPluginJar : add tim
2026-07-22 15:57:25,564 [INFO] IPUIPlugin:80 - create IPUIPlugin
2026-07-22 15:57:25,565 [INFO] PluginManager:220 - loadIPPluginJar : add touchsensing
2026-07-22 15:57:25,595 [INFO] IPUIPlugin:80 - create IPUIPlugin
2026-07-22 15:57:25,595 [INFO] PluginManager:220 - loadIPPluginJar : add tracer_emb
2026-07-22 15:57:25,626 [INFO] IPUIPlugin:80 - create IPUIPlugin
2026-07-22 15:57:25,626 [INFO] PluginManager:220 - loadIPPluginJar : add ts
2026-07-22 15:57:25,653 [INFO] IPUIPlugin:80 - create IPUIPlugin
2026-07-22 15:57:25,653 [INFO] PluginManager:220 - loadIPPluginJar : add tsc
2026-07-22 15:57:25,681 [INFO] IPUIPlugin:80 - create IPUIPlugin
2026-07-22 15:57:25,681 [INFO] PluginManager:220 - loadIPPluginJar : add ucpd
2026-07-22 15:57:25,736 [INFO] IPUIPlugin:80 - create IPUIPlugin
2026-07-22 15:57:25,736 [INFO] PluginManager:220 - loadIPPluginJar : add usart
2026-07-22 15:57:25,793 [INFO] IPUIPlugin:80 - create IPUIPlugin
2026-07-22 15:57:25,793 [INFO] PluginManager:220 - loadIPPluginJar : add usbx
2026-07-22 15:57:25,798 [INFO] ThirdPartyUpdaterWithRetryManager:70 - Updater plugin not ready yet. [2/15]
2026-07-22 15:57:25,923 [FATAL] Updater:351 - Updater called before beeing initialized
2026-07-22 15:57:25,946 [INFO] RulesReader:64 - Compatibility file has been processed (302 Rules)
2026-07-22 15:57:25,956 [INFO] RulesReader:64 - Compatibility file has been processed (302 Rules)
2026-07-22 15:57:25,964 [INFO] CADModel:165 - CPN selected for project level
2026-07-22 15:57:25,964 [INFO] CADModel:114 - Register for checkConnection events
2026-07-22 15:57:25,964 [FATAL] Updater:351 - Updater called before beeing initialized
2026-07-22 15:57:25,964 [ERROR] CADModel:125 - Updater not yet initialized, retry later 
2026-07-22 15:57:26,117 [FATAL] Updater:351 - Updater called before beeing initialized
2026-07-22 15:57:26,118 [INFO] CADModel:165 - CPN selected for project level
2026-07-22 15:57:26,118 [INFO] CADModel:114 - Register for checkConnection events
2026-07-22 15:57:26,119 [FATAL] Updater:351 - Updater called before beeing initialized
2026-07-22 15:57:26,119 [ERROR] CADModel:125 - Updater not yet initialized, retry later 
2026-07-22 15:57:26,123 [FATAL] Updater:351 - Updater called before beeing initialized
2026-07-22 15:57:26,232 [FATAL] Updater:351 - Updater called before beeing initialized
2026-07-22 15:57:26,245 [INFO] DbMcusAds:53 - JSON generation date=Thu May 28 21:38:17 IST 2026 (1779984497073)
2026-07-22 15:57:26,245 [FATAL] Updater:351 - Updater called before beeing initialized
2026-07-22 15:57:26,277 [WARN] DetailPanel:346 - Failed to get advertising image, set to default
2026-07-22 15:57:26,543 [FATAL] Updater:351 - Updater called before beeing initialized
2026-07-22 15:57:26,545 [FATAL] Updater:351 - Updater called before beeing initialized
2026-07-22 15:57:26,545 [FATAL] Updater:351 - Updater called before beeing initialized
2026-07-22 15:57:26,545 [WARN] DetailPanel:346 - Failed to get advertising image, set to default
2026-07-22 15:57:26,545 [FATAL] Updater:351 - Updater called before beeing initialized
2026-07-22 15:57:26,610 [ERROR] Updater:1198 - MainUpdater not yet initialized. External WinMGr cannot be set.
2026-07-22 15:57:26,623 [INFO] Updater:1134 - Updater Version found : 6.14.1
2026-07-22 15:57:26,637 [INFO] ApplicationProperties:184 - Using Application install path: C:\ST\STM32CubeIDE_1.10.1\STM32CubeIDE\plugins\com.st.stm32cube.common.mx_6.14.1.202504091515
2026-07-22 15:57:28,799 [INFO] ThirdPartyUpdaterWithRetryManager:70 - Updater plugin not ready yet. [3/15]
2026-07-22 15:57:31,800 [FATAL] Updater:351 - Updater called before beeing initialized
2026-07-22 15:57:31,801 [ERROR] IntegrityCheckThread:130 - Cannot retrieve database content from updater: error 21
2026-07-22 15:57:31,801 [INFO] ThirdParty:978 - Integrity check success = false
2026-07-22 15:57:31,801 [INFO] IntegrityCheckThread:100 - exiting critical section [integrity check]
2026-07-22 15:57:31,801 [INFO] IntegrityCheckThread:103 - End integrity checks thread
2026-07-22 15:57:39,008 [INFO] MainUpdater:2872 - connection check result : 22
2026-07-22 15:57:39,009 [INFO] MainUpdater:289 - Updater Check For Update Now.
2026-07-22 15:57:39,009 [INFO] MicroXplorer:498 - Change Database Version : DB.6.0.141
2026-07-22 15:57:39,029 [INFO] McuFinderGlobals:63 - Set McuFinder mode to 2 (CubeIDE integrated)
2026-07-22 15:57:39,039 [INFO] UserAuth:484 - Internet connection configuration mode: 2
2026-07-22 15:57:39,045 [INFO] UserAuth:484 - Internet connection configuration mode: 2
2026-07-22 15:57:39,223 [INFO] CheckServerUpdateThread:120 - End of CheckServer Thread
2026-07-22 15:57:49,216 [INFO] McuFinderGlobals:63 - Set McuFinder mode to 2 (CubeIDE integrated)
2026-07-22 15:58:01,303 [INFO] MainUpdater:2872 - connection check result : 22
2026-07-22 15:58:01,317 [INFO] MainUpdater:2872 - connection check result : 22
2026-07-22 15:58:09,822 [INFO] MicroXplorer:468 - Change Database Path : 
2026-07-22 15:58:09,823 [INFO] MicroXplorer:498 - Change Database Version : DB.6.0.141
2026-07-22 15:58:09,827 [WARN] ThirdParty:871 - waiting for thirdparty lock release [close project]
2026-07-22 15:58:09,827 [INFO] ThirdParty:873 - entering critical section [close project]
2026-07-22 15:58:09,828 [INFO] ThirdParty:883 - exiting critical section [close project]
2026-07-22 15:58:09,830 [INFO] PinOutPanel:1589 - setPackage(No Configuration,No Configuration)
2026-07-22 15:58:09,833 [INFO] UtilMem:75 - Begin LoadConfig() Used Memory: 179759408 Bytes (268435456)
2026-07-22 15:58:09,834 [INFO] MicroXplorer:468 - Change Database Path : 
2026-07-22 15:58:09,834 [INFO] MicroXplorer:498 - Change Database Version : DB.6.0.141
2026-07-22 15:58:09,834 [INFO] OpenFileManager:354 - Change cursor
2026-07-22 15:58:09,844 [WARN] IntegrityCheckThread:84 - waiting for thirdparty lock release [integrity check]
2026-07-22 15:58:09,844 [INFO] IntegrityCheckThread:86 - entering critical section [integrity check]
2026-07-22 15:58:10,184 [WARN] PackLoader:240 - Cannot read IP mode file for STMicroelectronics.X-CUBE-AZRTOS-H7.3.5.0
2026-07-22 15:58:10,204 [WARN] PackLoader:240 - Cannot read IP mode file for STMicroelectronics.FP-SNS-MOTENVWB1.1.4.0
2026-07-22 15:58:10,221 [WARN] PackLoader:240 - Cannot read IP mode file for STMicroelectronics.FP-ATR-ASTRA1.2.0.3
2026-07-22 15:58:10,233 [WARN] PackLoader:240 - Cannot read IP mode file for STMicroelectronics.FP-ATR-ASTRA1.2.0.2
2026-07-22 15:58:10,247 [WARN] PackLoader:240 - Cannot read IP mode file for STMicroelectronics.FP-ATR-ASTRA1.2.0.1
2026-07-22 15:58:10,262 [ERROR] Engine:466 - C:\Users\abhil\.stm32cubemx\thirdparties\pdsc\STMicroelectronics.X-CUBE-SMBUS.2.1.1.pdsc: PDSC version is not supported
2026-07-22 15:58:10,276 [WARN] PackLoader:240 - Cannot read IP mode file for STMicroelectronics.X-CUBE-SMBUS.2.1.0
2026-07-22 15:58:10,291 [WARN] PackLoader:240 - Cannot read IP mode file for STMicroelectronics.X-CUBE-WB05N.1.1.0
2026-07-22 15:58:10,306 [WARN] PackLoader:240 - Cannot read IP mode file for STMicroelectronics.X-CUBE-ST60.1.0.0
2026-07-22 15:58:10,320 [WARN] PackLoader:240 - Cannot read IP mode file for STMicroelectronics.X-CUBE-TOUCHGFX.4.23.2
2026-07-22 15:58:10,349 [WARN] PackLoader:240 - Cannot read IP mode file for STMicroelectronics.X-CUBE-AZRTOS-F7.1.1.0
2026-07-22 15:58:10,368 [ERROR] Engine:466 - C:\Users\abhil\.stm32cubemx\thirdparties\pdsc\STMicroelectronics.X-CUBE-FREERTOS.1.6.0.pdsc: PDSC version is not supported
2026-07-22 15:58:10,382 [WARN] PackLoader:240 - Cannot read IP mode file for STMicroelectronics.X-CUBE-BLE1.6.2.3
2026-07-22 15:58:10,438 [WARN] PackLoader:240 - Cannot read IP mode file for STMicroelectronics.X-CUBE-MEMS1.11.0.0
2026-07-22 15:58:10,588 [WARN] PackLoader:240 - Cannot read IP mode file for STMicroelectronics.X-CUBE-BLE1.6.2.4
2026-07-22 15:58:10,600 [ERROR] Engine:466 - C:\Users\abhil\.stm32cubemx\thirdparties\pdsc\STMicroelectronics.FP-SNS-MOTENV1.5.1.0.pdsc: PDSC version is not supported
2026-07-22 15:58:10,631 [WARN] PackLoader:240 - Cannot read IP mode file for STMicroelectronics.X-CUBE-AZRTOS-H7RS.1.3.0
2026-07-22 15:58:10,647 [WARN] PackLoader:240 - Cannot read IP mode file for STMicroelectronics.FP-SNS-FLIGHT1.5.0.2
2026-07-22 15:58:10,669 [WARN] PackLoader:240 - Cannot read IP mode file for STMicroelectronics.X-CUBE-TOF1.3.1.0
2026-07-22 15:58:10,699 [WARN] PackLoader:240 - Cannot read IP mode file for STMicroelectronics.X-CUBE-AZRTOS-H7.3.4.0
2026-07-22 15:58:10,717 [WARN] PackLoader:240 - Cannot read IP mode file for STMicroelectronics.X-CUBE-DISPLAY.3.0.0
2026-07-22 15:58:10,733 [WARN] PackLoader:240 - Cannot read IP mode file for STMicroelectronics.X-CUBE-GNSS1.7.1.1
2026-07-22 15:58:10,746 [ERROR] Engine:466 - C:\Users\abhil\.stm32cubemx\thirdparties\pdsc\STMicroelectronics.FP-SNS-MOTENVWB1.1.5.0.pdsc: PDSC version is not supported
2026-07-22 15:58:10,759 [WARN] PackLoader:240 - Cannot read IP mode file for STMicroelectronics.X-CUBE-BLE1.7.0.0
2026-07-22 15:58:10,775 [WARN] PackLoader:240 - Cannot read IP mode file for STMicroelectronics.X-CUBE-NFC10.1.0.0
2026-07-22 15:58:10,792 [WARN] PackLoader:240 - Cannot read IP mode file for STMicroelectronics.X-CUBE-BLEMGR.4.0.0
2026-07-22 15:58:10,807 [WARN] PackLoader:240 - Cannot read IP mode file for STMicroelectronics.X-CUBE-ST60.1.1.0
2026-07-22 15:58:10,820 [ERROR] Engine:466 - C:\Users\abhil\.stm32cubemx\thirdparties\pdsc\STMicroelectronics.X-CUBE-WBA.1.1.0.pdsc: PDSC version is not supported
2026-07-22 15:58:10,834 [WARN] PackLoader:240 - Cannot read IP mode file for STMicroelectronics.X-CUBE-GNSS1.7.1.0
2026-07-22 15:58:10,871 [WARN] PackLoader:240 - Cannot read IP mode file for STMicroelectronics.X-CUBE-MEMS1.9.3.0
2026-07-22 15:58:10,937 [WARN] PackLoader:240 - Cannot read IP mode file for STMicroelectronics.X-CUBE-AI.7.2.0
2026-07-22 15:58:10,953 [WARN] PackLoader:240 - Cannot read IP mode file for STMicroelectronics.X-CUBE-BLEMGR.3.1.0
2026-07-22 15:58:10,967 [WARN] PackLoader:240 - Cannot read IP mode file for STMicroelectronics.X-CUBE-AI.10.0.0
2026-07-22 15:58:10,981 [ERROR] Engine:466 - C:\Users\abhil\.stm32cubemx\thirdparties\pdsc\STMicroelectronics.FP-SNS-STBOX1.2.1.0.pdsc: PDSC version is not supported
2026-07-22 15:58:10,995 [WARN] PackLoader:240 - Cannot read IP mode file for STMicroelectronics.FP-SNS-SMARTAG2.1.2.0
2026-07-22 15:58:11,010 [WARN] PackLoader:240 - Cannot read IP mode file for STMicroelectronics.FP-SNS-FLIGHT1.5.1.0
2026-07-22 15:58:11,058 [WARN] PackLoader:240 - Cannot read IP mode file for STMicroelectronics.X-CUBE-MEMS1.11.1.0
2026-07-22 15:58:11,139 [INFO] LogOutputStream:77 - [STDOUT_REDIRECT] 1 : Invalid condition id : UX_CORESTACK_Condition cause : null
2026-07-22 15:58:11,139 [INFO] LogOutputStream:77 - [STDOUT_REDIRECT] 1 : Invalid condition id : UX_CORESTACK_Condition cause : null
2026-07-22 15:58:11,140 [INFO] LogOutputStream:77 - [STDOUT_REDIRECT] 1 : Invalid condition id : UX_CORESTACK_Condition cause : null
2026-07-22 15:58:11,142 [INFO] LogOutputStream:77 - [STDOUT_REDIRECT] 1 : Invalid condition id : UX_CORESTACK_Condition cause : null
2026-07-22 15:58:11,143 [INFO] LogOutputStream:77 - [STDOUT_REDIRECT] 1 : Invalid condition id : UX_CORESTACK_Condition cause : null
2026-07-22 15:58:11,144 [WARN] PackLoader:240 - Cannot read IP mode file for STMicroelectronics.X-CUBE-AZRTOS-WL.2.0.0
2026-07-22 15:58:11,159 [WARN] PackLoader:240 - Cannot read IP mode file for STMicroelectronics.FP-SNS-MOTENV1.5.0.0
2026-07-22 15:58:11,186 [WARN] PackLoader:240 - Cannot read IP mode file for STMicroelectronics.X-CUBE-AZRTOS-H7RS.1.2.0
2026-07-22 15:58:11,202 [WARN] PackLoader:240 - Cannot read IP mode file for wolfSSL.I-CUBE-wolfMQTT.1.19.0
2026-07-22 15:58:11,218 [WARN] PackLoader:240 - Cannot read IP mode file for WES.I-CUBE-Cesium.1.3.0
2026-07-22 15:58:11,232 [WARN] PackLoader:240 - Cannot read IP mode file for STMicroelectronics.X-CUBE-BLE2.3.3.0
2026-07-22 15:58:11,284 [WARN] PackLoader:240 - Cannot read IP mode file for STMicroelectronics.X-CUBE-DISPLAY.2.2.0
2026-07-22 15:58:11,303 [WARN] PackLoader:240 - Cannot read IP mode file for STMicroelectronics.X-CUBE-TOF1.3.2.0
2026-07-22 15:58:11,319 [WARN] PackLoader:240 - Cannot read IP mode file for STMicroelectronics.X-CUBE-ISPU.1.0.0
2026-07-22 15:58:11,334 [WARN] PackLoader:240 - Cannot read IP mode file for STMicroelectronics.X-CUBE-NFC9.1.0.0
2026-07-22 15:58:11,359 [WARN] PackLoader:240 - Cannot read IP mode file for STMicroelectronics.X-CUBE-AZRTOS-H7.2.1.0
2026-07-22 15:58:11,374 [WARN] PackLoader:240 - Cannot read IP mode file for STMicroelectronics.X-CUBE-BLE1.7.1.0
2026-07-22 15:58:11,390 [WARN] PackLoader:240 - Cannot read IP mode file for STMicroelectronics.X-CUBE-TCPP.4.1.0
2026-07-22 15:58:11,402 [ERROR] Engine:466 - C:\Users\abhil\.stm32cubemx\thirdparties\pdsc\STMicroelectronics.X-CUBE-FREERTOS.1.4.0.pdsc: PDSC version is not supported
2026-07-22 15:58:11,417 [WARN] PackLoader:240 - Cannot read IP mode file for STMicroelectronics.X-CUBE-EEPRMA1.5.2.0
2026-07-22 15:58:11,432 [WARN] PackLoader:240 - Cannot read IP mode file for STMicroelectronics.X-CUBE-TOUCHGFX.4.21.3
2026-07-22 15:58:11,444 [WARN] PackLoader:240 - Cannot read IP mode file for STMicroelectronics.X-CUBE-AI.7.3.0
2026-07-22 15:58:11,457 [ERROR] Engine:466 - C:\Users\abhil\.stm32cubemx\thirdparties\pdsc\STMicroelectronics.X-CUBE-ST67W61.1.1.0.pdsc: PDSC version is not supported
2026-07-22 15:58:11,474 [WARN] PackLoader:240 - Cannot read IP mode file for STMicroelectronics.X-CUBE-AI.10.1.0
2026-07-22 15:58:11,488 [ERROR] Engine:466 - C:\Users\abhil\.stm32cubemx\thirdparties\pdsc\STMicroelectronics.FP-SNS-STAIOTCFT.1.1.0.pdsc: PDSC version is not supported
2026-07-22 15:58:11,543 [WARN] PackLoader:240 - Cannot read IP mode file for STMicroelectronics.X-CUBE-MEMS1.12.0.0
2026-07-22 15:58:11,598 [WARN] PackLoader:240 - Cannot read IP mode file for STMicroelectronics.X-CUBE-ALGOBUILD.1.3.0
2026-07-22 15:58:11,638 [WARN] PackLoader:240 - Cannot read IP mode file for STMicroelectronics.X-CUBE-MEMS1.11.2.0
2026-07-22 15:58:11,722 [WARN] PackLoader:240 - Cannot read IP mode file for STMicroelectronics.X-CUBE-AZRTOS-G0.1.1.0
2026-07-22 15:58:11,737 [WARN] PackLoader:240 - Cannot read IP mode file for STMicroelectronics.X-CUBE-SAFEA1.1.2.2
2026-07-22 15:58:11,753 [WARN] PackLoader:240 - Cannot read IP mode file for STMicroelectronics.X-CUBE-NFC4.3.0.0
2026-07-22 15:58:11,783 [WARN] PackLoader:240 - Cannot read IP mode file for SEGGER.I-CUBE-embOS.1.2.1
2026-07-22 15:58:11,812 [WARN] PackLoader:240 - Cannot read IP mode file for wolfSSL.I-CUBE-wolfMQTT.1.18.0
2026-07-22 15:58:11,830 [WARN] PackLoader:240 - Cannot read IP mode file for EmbeddedOffice.I-CUBE-FS-RTOS.1.0.1
2026-07-22 15:58:11,845 [WARN] PackLoader:240 - Cannot read IP mode file for STMicroelectronics.X-CUBE-WB05N.2.0.0
2026-07-22 15:58:11,859 [WARN] PackLoader:240 - Cannot read IP mode file for STMicroelectronics.X-CUBE-TCPP.4.2.0
2026-07-22 15:58:11,874 [WARN] PackLoader:240 - Cannot read IP mode file for RealThread.X-CUBE-RT-Thread_Nano.4.1.1
2026-07-22 15:58:11,888 [WARN] PackLoader:240 - Cannot read IP mode file for STMicroelectronics.FP-ATR-SIGFOX1.3.2.0
2026-07-22 15:58:11,901 [WARN] ConditionMgr:438 - getConditionDescription Invalid condition id : Cortex-A Device cause : null
2026-07-22 15:58:11,918 [WARN] ConditionMgr:1044 - genDependencies : Invalid condition id : Cortex-A Device cause : null
2026-07-22 15:58:11,919 [WARN] ConditionMgr:1044 - genDependencies : Invalid condition id : Cortex-A Device cause : null
2026-07-22 15:58:11,919 [WARN] ConditionMgr:1044 - genDependencies : Invalid condition id : Cortex-A Device cause : null
2026-07-22 15:58:11,933 [WARN] PackLoader:240 - Cannot read IP mode file for STMicroelectronics.X-CUBE-EEPRMA1.5.1.0
2026-07-22 15:58:11,945 [ERROR] Engine:466 - C:\Users\abhil\.stm32cubemx\thirdparties\pdsc\STMicroelectronics.X-CUBE-FREERTOS.1.5.0.pdsc: PDSC version is not supported
2026-07-22 15:58:11,961 [WARN] PackLoader:240 - Cannot read IP mode file for emotas.I-CUBE-CANOPEN.1.1.2
2026-07-22 15:58:11,973 [WARN] PackLoader:240 - Cannot read IP mode file for STMicroelectronics.X-CUBE-TOUCHGFX.4.20.0
2026-07-22 15:58:11,987 [WARN] PackLoader:240 - Cannot read IP mode file for ITTIA_DB.I-CUBE-ITTIADB.8.9.0
2026-07-22 15:58:12,002 [WARN] PackLoader:240 - Cannot read IP mode file for STMicroelectronics.X-CUBE-NFC6.3.2.0
2026-07-22 15:58:12,038 [WARN] PackLoader:240 - Cannot read IP mode file for STMicroelectronics.X-CUBE-MEMS1.9.5.0
2026-07-22 15:58:12,112 [WARN] PackLoader:240 - Cannot read IP mode file for STMicroelectronics.X-CUBE-ST67W61.1.0.0
2026-07-22 15:58:12,125 [WARN] PackLoader:240 - Cannot read IP mode file for STMicroelectronics.X-CUBE-AI.10.2.1
2026-07-22 15:58:12,138 [WARN] PackLoader:240 - Cannot read IP mode file for STMicroelectronics.X-CUBE-AI.10.2.0
2026-07-22 15:58:12,176 [WARN] PackLoader:240 - Cannot read IP mode file for STMicroelectronics.X-CUBE-MEMS1.12.1.0
2026-07-22 15:58:12,243 [WARN] PackLoader:240 - Cannot read IP mode file for SEGGER.I-CUBE-embOS.1.3.1
2026-07-22 15:58:12,273 [WARN] PackLoader:240 - Cannot read IP mode file for STMicroelectronics.X-CUBE-ALGOBUILD.1.4.0
2026-07-22 15:58:12,315 [WARN] PackLoader:240 - Cannot read IP mode file for STMicroelectronics.X-CUBE-MEMS1.11.3.0
2026-07-22 15:58:12,379 [WARN] PackLoader:240 - Cannot read IP mode file for STMicroelectronics.X-CUBE-AI.9.1.0
2026-07-22 15:58:12,395 [WARN] PackLoader:240 - Cannot read IP mode file for STMicroelectronics.X-CUBE-NFC13.1.0.0
2026-07-22 15:58:12,410 [WARN] PackLoader:240 - Cannot read IP mode file for STMicroelectronics.X-CUBE-PM33A1.1.0.0
2026-07-22 15:58:12,423 [WARN] PackLoader:240 - Cannot read IP mode file for STMicroelectronics.X-CUBE-GNSS1.6.0.0
2026-07-22 15:58:12,451 [WARN] PackLoader:240 - Cannot read IP mode file for STMicroelectronics.X-CUBE-AZRTOS-F4.1.1.0
2026-07-22 15:58:12,465 [WARN] PackLoader:240 - Cannot read IP mode file for Avnet-IotConnect.X-CUBE-IoTC-DA16k-PMOD.1.0.0
2026-07-22 15:58:12,477 [WARN] PackLoader:240 - Cannot read IP mode file for STMicroelectronics.X-CUBE-ISPU.2.1.0
2026-07-22 15:58:12,492 [ERROR] Engine:466 - C:\Users\abhil\.stm32cubemx\thirdparties\pdsc\STMicroelectronics.X-CUBE-IPS.3.2.0.pdsc: PDSC version is not supported
2026-07-22 15:58:12,505 [WARN] PackLoader:240 - Cannot read IP mode file for STMicroelectronics.eDS-WB_DPC_TT-BIDIR.2.1.1
2026-07-22 15:58:12,519 [WARN] PackLoader:240 - Cannot read IP mode file for STMicroelectronics.X-CUBE-FREERTOS.1.2.0
2026-07-22 15:58:12,534 [WARN] PackLoader:240 - Cannot read IP mode file for STMicroelectronics.X-CUBE-NFC12.1.0.0
2026-07-22 15:58:12,550 [WARN] PackLoader:240 - Cannot read IP mode file for STMicroelectronics.X-CUBE-BLEMGR.1.2.0
2026-07-22 15:58:12,577 [WARN] PackLoader:240 - Cannot read IP mode file for STMicroelectronics.X-CUBE-AZRTOS-L5.2.0.0
2026-07-22 15:58:12,593 [WARN] PackLoader:240 - Cannot read IP mode file for STMicroelectronics.X-CUBE-NFC6.3.1.0
2026-07-22 15:58:12,608 [WARN] PackLoader:240 - Cannot read IP mode file for STMicroelectronics.X-CUBE-ALGOBUILD.1.5.0
2026-07-22 15:58:12,624 [WARN] PackLoader:240 - Cannot read IP mode file for STMicroelectronics.X-CUBE-BLEMGR.2.0.0
2026-07-22 15:58:12,638 [WARN] PackLoader:240 - Cannot read IP mode file for STMicroelectronics.X-CUBE-DPower.1.2.0
2026-07-22 15:58:12,651 [WARN] PackLoader:240 - Cannot read IP mode file for STMicroelectronics.eDS-WB_DPC_VIENNA.1.2.0
2026-07-22 15:58:12,665 [WARN] PackLoader:240 - Cannot read IP mode file for STMicroelectronics.eDS-WB_DPC_3PH2L-BIDIR.1.1.1
2026-07-22 15:58:12,676 [WARN] PackLoader:240 - Cannot read IP mode file for STMicroelectronics.X-CUBE-NFC4.2.0.4
2026-07-22 15:58:12,689 [WARN] PackLoader:240 - Cannot read IP mode file for STMicroelectronics.X-CUBE-AI.9.0.0
2026-07-22 15:58:12,713 [WARN] ConditionMgr:438 - getConditionDescription Invalid condition id : UX DEVICE CLASS RTOS Condition cause : null
2026-07-22 15:58:12,713 [WARN] ConditionMgr:438 - getConditionDescription Invalid condition id : UX DEVICE CLASS RTOS Condition cause : null
2026-07-22 15:58:12,715 [WARN] PackLoader:240 - Cannot read IP mode file for STMicroelectronics.X-CUBE-AZRTOS-H7.3.1.0
2026-07-22 15:58:12,716 [WARN] ConditionMgr:1044 - genDependencies : Invalid condition id : UX DEVICE CLASS RTOS Condition cause : null
2026-07-22 15:58:12,716 [WARN] ConditionMgr:1044 - genDependencies : Invalid condition id : UX DEVICE CLASS RTOS Condition cause : null
2026-07-22 15:58:12,717 [WARN] ConditionMgr:1044 - genDependencies : Invalid condition id : UX DEVICE CLASS RTOS Condition cause : null
2026-07-22 15:58:12,717 [WARN] ConditionMgr:1044 - genDependencies : Invalid condition id : UX DEVICE CLASS RTOS Condition cause : null
2026-07-22 15:58:12,717 [WARN] ConditionMgr:1044 - genDependencies : Invalid condition id : UX DEVICE CLASS RTOS Condition cause : null
2026-07-22 15:58:12,731 [ERROR] Engine:466 - C:\Users\abhil\.stm32cubemx\thirdparties\pdsc\STMicroelectronics.X-CUBE-ST67W61.1.3.0.pdsc: PDSC version is not supported
2026-07-22 15:58:12,744 [WARN] PackLoader:240 - Cannot read IP mode file for wolfSSL.I-CUBE-wolfSSL.5.5.1
2026-07-22 15:58:12,757 [WARN] PackLoader:240 - Cannot read IP mode file for STMicroelectronics.X-CUBE-FREERTOS.1.3.1
2026-07-22 15:58:12,770 [WARN] PackLoader:240 - Cannot read IP mode file for STMicroelectronics.X-CUBE-FREERTOS.1.3.0
2026-07-22 15:58:12,782 [WARN] PackLoader:240 - Cannot read IP mode file for STMicroelectronics.X-CUBE-NFC7.1.0.1
2026-07-22 15:58:12,796 [WARN] PackLoader:240 - Cannot read IP mode file for STMicroelectronics.X-CUBE-NFC7.1.0.0
2026-07-22 15:58:12,809 [WARN] PackLoader:240 - Cannot read IP mode file for STMicroelectronics.X-CUBE-TOUCHGFX.4.26.0
2026-07-22 15:58:12,821 [WARN] PackLoader:240 - Cannot read IP mode file for STMicroelectronics.X-CUBE-TOUCHGFX.4.26.1
2026-07-22 15:58:12,834 [WARN] PackLoader:240 - Cannot read IP mode file for STMicroelectronics.X-CUBE-EEPRMA1.4.1.0
2026-07-22 15:58:12,848 [WARN] PackLoader:240 - Cannot read IP mode file for STMicroelectronics.FP-SNS-STAIOTCFT.1.0.0
2026-07-22 15:58:12,861 [WARN] PackLoader:240 - Cannot read IP mode file for STMicroelectronics.X-CUBE-DPower.1.3.0
2026-07-22 15:58:12,886 [WARN] ConditionMgr:438 - getConditionDescription Invalid condition id : LAN8742 Phy interface Condition cause : null
2026-07-22 15:58:12,886 [WARN] PackLoader:240 - Cannot read IP mode file for STMicroelectronics.X-CUBE-AZRTOS-L4.2.0.0
2026-07-22 15:58:12,887 [WARN] ConditionMgr:1044 - genDependencies : Invalid condition id : LAN8742 Phy interface Condition cause : null
2026-07-22 15:58:12,887 [WARN] ConditionMgr:1044 - genDependencies : Invalid condition id : LAN8742 Phy interface Condition cause : null
2026-07-22 15:58:12,887 [WARN] ConditionMgr:1044 - genDependencies : Invalid condition id : LAN8742 Phy interface Condition cause : null
2026-07-22 15:58:12,902 [WARN] PackLoader:240 - Cannot read IP mode file for STMicroelectronics.X-CUBE-SFXS2LP1.4.0.0
2026-07-22 15:58:12,916 [WARN] PackLoader:240 - Cannot read IP mode file for STMicroelectronics.X-CUBE-WB05N.2.1.0
2026-07-22 15:58:12,929 [ERROR] Engine:466 - C:\Users\abhil\.stm32cubemx\thirdparties\pdsc\STMicroelectronics.X-CUBE-ST67W61.1.2.0.pdsc: PDSC version is not supported
2026-07-22 15:58:12,942 [WARN] PackLoader:240 - Cannot read IP mode file for STMicroelectronics.X-CUBE-ISPU.1.1.0
2026-07-22 15:58:12,965 [WARN] PackLoader:240 - Cannot read IP mode file for STMicroelectronics.X-CUBE-AZRTOS-H7.3.3.0
2026-07-22 15:58:12,982 [WARN] PackLoader:240 - Cannot read IP mode file for RoweBots.I-CUBE-UNISONRTOS.5.5.0-4
2026-07-22 15:58:12,998 [WARN] PackLoader:240 - Cannot read IP mode file for STMicroelectronics.X-CUBE-BLEMGR.4.1.0
2026-07-22 15:58:13,012 [WARN] PackLoader:240 - Cannot read IP mode file for STMicroelectronics.X-CUBE-AI.8.0.0
2026-07-22 15:58:13,028 [WARN] PackLoader:240 - Cannot read IP mode file for STMicroelectronics.X-CUBE-IPS.3.0.0
2026-07-22 15:58:13,051 [WARN] ConditionMgr:438 - getConditionDescription Invalid condition id : UX DEVICE CLASS RTOS Condition cause : null
2026-07-22 15:58:13,052 [WARN] ConditionMgr:438 - getConditionDescription Invalid condition id : UX DEVICE CLASS RTOS Condition cause : null
2026-07-22 15:58:13,053 [WARN] PackLoader:240 - Cannot read IP mode file for STMicroelectronics.X-CUBE-AZRTOS-WB.2.0.0
2026-07-22 15:58:13,053 [WARN] ConditionMgr:1044 - genDependencies : Invalid condition id : UX DEVICE CLASS RTOS Condition cause : null
2026-07-22 15:58:13,053 [WARN] ConditionMgr:1044 - genDependencies : Invalid condition id : UX DEVICE CLASS RTOS Condition cause : null
2026-07-22 15:58:13,053 [WARN] ConditionMgr:1044 - genDependencies : Invalid condition id : UX DEVICE CLASS RTOS Condition cause : null
2026-07-22 15:58:13,053 [WARN] ConditionMgr:1044 - genDependencies : Invalid condition id : UX DEVICE CLASS RTOS Condition cause : null
2026-07-22 15:58:13,054 [WARN] ConditionMgr:1044 - genDependencies : Invalid condition id : UX DEVICE CLASS RTOS Condition cause : null
2026-07-22 15:58:13,067 [WARN] PackLoader:240 - Cannot read IP mode file for STMicroelectronics.X-CUBE-FREERTOS.1.0.1
2026-07-22 15:58:13,079 [WARN] PackLoader:240 - Cannot read IP mode file for STMicroelectronics.X-CUBE-GNSS1.7.0.0
2026-07-22 15:58:13,092 [WARN] PackLoader:240 - Cannot read IP mode file for STMicroelectronics.X-CUBE-GNSS1.7.0.1
2026-07-22 15:58:13,106 [WARN] PackLoader:240 - Cannot read IP mode file for STMicroelectronics.X-CUBE-TOUCHGFX.4.25.0
2026-07-22 15:58:13,119 [WARN] PackLoader:240 - Cannot read IP mode file for STMicroelectronics.FP-SNS-STBOX1.2.0.0
2026-07-22 15:58:13,135 [WARN] PackLoader:240 - Cannot read IP mode file for STMicroelectronics.X-CUBE-STSE01.2.0.0
2026-07-22 15:58:13,157 [WARN] PackLoader:240 - Cannot read IP mode file for STMicroelectronics.X-CUBE-AZRTOS-L5.1.1.0
2026-07-22 15:58:13,175 [WARN] PackLoader:240 - Cannot read IP mode file for STMicroelectronics.X-CUBE-SUBG2.5.0.0
2026-07-22 15:58:13,207 [WARN] PackLoader:240 - Cannot read IP mode file for STMicroelectronics.X-CUBE-AZRTOS-H7RS.1.1.0
2026-07-22 15:58:13,223 [WARN] PackLoader:240 - Cannot read IP mode file for Cesanta.I-CUBE-Mongoose.7.13.0
2026-07-22 15:58:13,244 [WARN] PackLoader:240 - Cannot read IP mode file for STMicroelectronics.X-CUBE-AZRTOS-G4.2.0.0
2026-07-22 15:58:13,261 [WARN] PackLoader:240 - Cannot read IP mode file for STMicroelectronics.X-CUBE-TOF1.3.3.0
2026-07-22 15:58:13,277 [WARN] PackLoader:240 - Cannot read IP mode file for STMicroelectronics.FP-ATR-ASTRA1.1.1.1
2026-07-22 15:58:13,289 [WARN] PackLoader:240 - Cannot read IP mode file for STMicroelectronics.X-CUBE-NFC7.2.0.0
2026-07-22 15:58:13,311 [WARN] PackLoader:240 - Cannot read IP mode file for STMicroelectronics.X-CUBE-AZRTOS-G4.1.0.0
2026-07-22 15:58:13,334 [WARN] PackLoader:240 - Cannot read IP mode file for STMicroelectronics.X-CUBE-AZRTOS-L4.1.0.0
2026-07-22 15:58:13,347 [WARN] PackLoader:240 - Cannot read IP mode file for STMicroelectronics.X-CUBE-ISPU.2.0.0
2026-07-22 15:58:13,363 [WARN] PackLoader:240 - Cannot read IP mode file for STMicroelectronics.X-CUBE-IPS.3.1.0
2026-07-22 15:58:13,378 [ERROR] Engine:466 - C:\Users\abhil\.stm32cubemx\thirdparties\pdsc\STMicroelectronics.X-CUBE-BLEMGR.4.2.0.pdsc: PDSC version is not supported
2026-07-22 15:58:13,390 [WARN] PackLoader:240 - Cannot read IP mode file for STMicroelectronics.X-CUBE-ALS.1.0.2
2026-07-22 15:58:13,421 [WARN] PackLoader:240 - Cannot read IP mode file for STMicroelectronics.X-CUBE-MEMS1.10.0.0
2026-07-22 15:58:13,479 [WARN] PackLoader:240 - Cannot read IP mode file for STMicroelectronics.X-CUBE-TOUCHGFX.4.24.2
2026-07-22 15:58:13,499 [WARN] PackLoader:240 - Cannot read IP mode file for STMicroelectronics.X-CUBE-AZRTOS-WL.1.0.0
2026-07-22 15:58:13,512 [WARN] PackLoader:240 - Cannot read IP mode file for STMicroelectronics.X-CUBE-TOUCHGFX.4.24.1
2026-07-22 15:58:13,525 [WARN] PackLoader:240 - Cannot read IP mode file for STMicroelectronics.X-CUBE-STSE01.1.0.0
2026-07-22 15:58:13,537 [WARN] PackLoader:240 - Cannot read IP mode file for wolfSSL.I-CUBE-wolfTPM.3.4.0
2026-07-22 15:58:13,552 [WARN] PackLoader:240 - Cannot read IP mode file for portGmbH.I-Cube-SoM-uGOAL.1.1.0
2026-07-22 15:58:13,563 [WARN] PackLoader:240 - Cannot read IP mode file for STMicroelectronics.X-CUBE-ALS.1.0.1
2026-07-22 15:58:13,582 [WARN] PackLoader:240 - Cannot read IP mode file for STMicroelectronics.X-CUBE-AZRTOS-WB.1.1.0
2026-07-22 15:58:13,609 [WARN] PackLoader:240 - Cannot read IP mode file for STMicroelectronics.X-CUBE-AZRTOS-L5.1.0.0
2026-07-22 15:58:13,624 [WARN] PackLoader:240 - Cannot read IP mode file for STMicroelectronics.X-CUBE-EEPRMA1.3.1.1
2026-07-22 15:58:13,649 [WARN] PackLoader:240 - Cannot read IP mode file for STMicroelectronics.X-CUBE-AZRTOS-H7RS.1.0.0
2026-07-22 15:58:13,665 [WARN] PackLoader:240 - Cannot read IP mode file for STMicroelectronics.FP-ATR-ASTRA1.2.0.0
2026-07-22 15:58:13,682 [WARN] PackLoader:240 - Cannot read IP mode file for STMicroelectronics.X-CUBE-TOF1.3.4.2
2026-07-22 15:58:13,703 [WARN] PackLoader:240 - Cannot read IP mode file for STMicroelectronics.X-CUBE-TOF1.3.4.3
2026-07-22 15:58:13,725 [WARN] PackLoader:240 - Cannot read IP mode file for STMicroelectronics.X-CUBE-TOF1.3.4.1
2026-07-22 15:58:13,752 [WARN] PackLoader:240 - Cannot read IP mode file for STMicroelectronics.X-CUBE-AZRTOS-H7.3.2.0
2026-07-22 15:58:13,775 [WARN] PackLoader:240 - Cannot read IP mode file for Infineon.AIROC-Wi-Fi-Bluetooth-STM32.1.6.0
2026-07-22 15:58:13,788 [WARN] PackLoader:240 - Cannot read IP mode file for wolfSSL.I-CUBE-wolfSSH.1.4.17
2026-07-22 15:58:13,789 [INFO] ThirdParty:978 - Integrity check success = true
2026-07-22 15:58:13,789 [INFO] IntegrityCheckThread:100 - exiting critical section [integrity check]
2026-07-22 15:58:13,789 [INFO] IntegrityCheckThread:103 - End integrity checks thread
2026-07-22 15:58:13,807 [INFO] Mcu:2011 - Initializing MCU STM32F411C(C-E)Ux STM32F411CEUx STM32F411CEU6
2026-07-22 15:58:15,041 [INFO] Context:756 - Trying to add GPIOservice into a context  which must be forbidden
2026-07-22 15:58:15,382 [INFO] ImportTextPane:218 - (OptionalMessage_ERROR) Pin27 (VP_RIF_VS_RIF1) cannot be retrieved for this MCU
2026-07-22 15:58:15,515 [INFO] RtosManager:558 - Registered RTOS mode: class=CMSIS, group=RTOS, mode=CMSIS_V1, owner=FREERTOS
2026-07-22 15:58:15,515 [INFO] RtosManager:558 - Registered RTOS mode: class=CMSIS, group=RTOS2, mode=CMSIS_V2, owner=FREERTOS
2026-07-22 15:58:15,515 [INFO] RtosManager:558 - Registered RTOS mode: class=RTOS, group=Core, mode=CMSIS_V1, owner=FREERTOS
2026-07-22 15:58:15,515 [INFO] RtosManager:558 - Registered RTOS mode: class=RTOS, group=Core, mode=CMSIS_V2, owner=FREERTOS
2026-07-22 15:58:15,516 [WARN] ModelIntegratedComponent:184 - Missing modes for component STMicroelectronics:FreeRTOS:0.0.1:STMicroelectronics:RTOS:FreeRTOS:Core:::10.2.0:
2026-07-22 15:58:15,526 [WARN] ModelIntegratedComponent:63 - No mode defined for component null
2026-07-22 15:58:15,526 [WARN] ModelIntegratedComponent:63 - No mode defined for component null
2026-07-22 15:58:15,526 [WARN] ModelIntegratedComponent:63 - No mode defined for component null
2026-07-22 15:58:15,526 [WARN] ModelIntegratedComponent:63 - No mode defined for component null
2026-07-22 15:58:15,526 [WARN] ModelIntegratedComponent:63 - No mode defined for component null
2026-07-22 15:58:15,527 [WARN] ModelIntegratedComponent:63 - No mode defined for component null
2026-07-22 15:58:15,527 [WARN] ModelIntegratedComponent:63 - No mode defined for component null
2026-07-22 15:58:15,527 [WARN] ModelIntegratedComponent:63 - No mode defined for component null
2026-07-22 15:58:15,527 [WARN] ModelIntegratedComponent:63 - No mode defined for component null
2026-07-22 15:58:15,527 [WARN] ModelIntegratedComponent:63 - No mode defined for component null
2026-07-22 15:58:15,527 [WARN] ModelIntegratedComponent:63 - No mode defined for component null
2026-07-22 15:58:15,527 [WARN] ModelIntegratedComponent:63 - No mode defined for component null
2026-07-22 15:58:15,527 [WARN] ModelIntegratedComponent:63 - No mode defined for component null
2026-07-22 15:58:15,527 [WARN] ModelIntegratedComponent:63 - No mode defined for component null
2026-07-22 15:58:15,527 [WARN] ModelIntegratedComponent:63 - No mode defined for component null
2026-07-22 15:58:15,527 [WARN] ModelIntegratedComponent:63 - No mode defined for component null
2026-07-22 15:58:15,527 [WARN] ModelIntegratedComponent:63 - No mode defined for component null
2026-07-22 15:58:15,527 [WARN] ModelIntegratedComponent:63 - No mode defined for component null
2026-07-22 15:58:15,527 [WARN] ModelIntegratedComponent:63 - No mode defined for component null
2026-07-22 15:58:15,527 [WARN] ModelIntegratedComponent:63 - No mode defined for component null
2026-07-22 15:58:15,527 [WARN] ModelIntegratedComponent:63 - No mode defined for component null
2026-07-22 15:58:15,527 [WARN] ModelIntegratedComponent:63 - No mode defined for component null
2026-07-22 15:58:15,527 [WARN] ModelIntegratedComponent:63 - No mode defined for component null
2026-07-22 15:58:15,527 [WARN] ModelIntegratedComponent:63 - No mode defined for component null
2026-07-22 15:58:15,527 [WARN] ModelIntegratedComponent:63 - No mode defined for component null
2026-07-22 15:58:15,527 [WARN] ModelIntegratedComponent:63 - No mode defined for component null
2026-07-22 15:58:15,527 [WARN] ModelIntegratedComponent:63 - No mode defined for component null
2026-07-22 15:58:15,527 [WARN] ModelIntegratedComponent:63 - No mode defined for component null
2026-07-22 15:58:15,527 [WARN] ModelIntegratedComponent:63 - No mode defined for component null
2026-07-22 15:58:15,527 [WARN] ModelIntegratedComponent:63 - No mode defined for component null
2026-07-22 15:58:15,527 [WARN] ModelIntegratedComponent:63 - No mode defined for component null
2026-07-22 15:58:15,528 [WARN] ModelIntegratedComponent:63 - No mode defined for component null
2026-07-22 15:58:15,528 [WARN] ModelIntegratedComponent:63 - No mode defined for component null
2026-07-22 15:58:15,528 [WARN] ModelIntegratedComponent:63 - No mode defined for component null
2026-07-22 15:58:15,528 [WARN] ModelIntegratedComponent:63 - No mode defined for component null
2026-07-22 15:58:15,528 [WARN] ModelPack:524 - Component already loaded: STMicroelectronics:HAL Drivers:0.0.0:STMicroelectronics:Device:STMicro_Driver:XSPI:HAL::0.0.1:HAL_XSPI
2026-07-22 15:58:15,626 [WARN] ModelIntegratedComponent:182 - Modes not found for component STMicroelectronics:USB_DEVICE:1.0.0:STMicroelectronics:USB::USB Device:Audio HS::1.0:USB_DEVICE_1_0_RESTRICTED_HS
2026-07-22 15:58:15,626 [WARN] ModelIntegratedComponent:188 - Modes not found for component STMicroelectronics:USB_DEVICE:1.0.0:STMicroelectronics:USB::USB Device:Audio HS::1.0:USB_DEVICE_1_0_RESTRICTED_HS
2026-07-22 15:58:15,626 [WARN] ModelIntegratedComponent:182 - Modes not found for component STMicroelectronics:USB_DEVICE:1.0.0:STMicroelectronics:USB::USB Device:CDC HS::1.0:USB_DEVICE_1_0_RESTRICTED_HS
2026-07-22 15:58:15,626 [WARN] ModelIntegratedComponent:188 - Modes not found for component STMicroelectronics:USB_DEVICE:1.0.0:STMicroelectronics:USB::USB Device:CDC HS::1.0:USB_DEVICE_1_0_RESTRICTED_HS
2026-07-22 15:58:15,626 [WARN] ModelIntegratedComponent:182 - Modes not found for component STMicroelectronics:USB_DEVICE:1.0.0:STMicroelectronics:USB::USB Device:DFU HS::1.0:USB_DEVICE_1_0_RESTRICTED_HS
2026-07-22 15:58:15,626 [WARN] ModelIntegratedComponent:188 - Modes not found for component STMicroelectronics:USB_DEVICE:1.0.0:STMicroelectronics:USB::USB Device:DFU HS::1.0:USB_DEVICE_1_0_RESTRICTED_HS
2026-07-22 15:58:15,626 [WARN] ModelIntegratedComponent:182 - Modes not found for component STMicroelectronics:USB_DEVICE:1.0.0:STMicroelectronics:USB::USB Device:HID HS::1.0:USB_DEVICE_1_0_RESTRICTED_HS
2026-07-22 15:58:15,626 [WARN] ModelIntegratedComponent:188 - Modes not found for component STMicroelectronics:USB_DEVICE:1.0.0:STMicroelectronics:USB::USB Device:HID HS::1.0:USB_DEVICE_1_0_RESTRICTED_HS
2026-07-22 15:58:15,626 [WARN] ModelIntegratedComponent:182 - Modes not found for component STMicroelectronics:USB_DEVICE:1.0.0:STMicroelectronics:USB::USB Device:Custom HID HS::1.0:USB_DEVICE_1_0_RESTRICTED_HS
2026-07-22 15:58:15,626 [WARN] ModelIntegratedComponent:188 - Modes not found for component STMicroelectronics:USB_DEVICE:1.0.0:STMicroelectronics:USB::USB Device:Custom HID HS::1.0:USB_DEVICE_1_0_RESTRICTED_HS
2026-07-22 15:58:15,626 [WARN] ModelIntegratedComponent:182 - Modes not found for component STMicroelectronics:USB_DEVICE:1.0.0:STMicroelectronics:USB::USB Device:MSC HS::1.0:USB_DEVICE_1_0_RESTRICTED_HS
2026-07-22 15:58:15,626 [WARN] ModelIntegratedComponent:188 - Modes not found for component STMicroelectronics:USB_DEVICE:1.0.0:STMicroelectronics:USB::USB Device:MSC HS::1.0:USB_DEVICE_1_0_RESTRICTED_HS
2026-07-22 15:58:15,734 [WARN] ModelIntegratedComponent:182 - Modes not found for component STMicroelectronics:USB_HOST:1.0.0:STMicroelectronics:USB::USB Host:Audio HS::1.0:USB_HOST_1_0_RESTRICTED_HS
2026-07-22 15:58:15,734 [WARN] ModelIntegratedComponent:188 - Modes not found for component STMicroelectronics:USB_HOST:1.0.0:STMicroelectronics:USB::USB Host:Audio HS::1.0:USB_HOST_1_0_RESTRICTED_HS
2026-07-22 15:58:15,734 [WARN] ModelIntegratedComponent:182 - Modes not found for component STMicroelectronics:USB_HOST:1.0.0:STMicroelectronics:USB::USB Host:CDC HS::1.0:USB_HOST_1_0_RESTRICTED_HS
2026-07-22 15:58:15,734 [WARN] ModelIntegratedComponent:188 - Modes not found for component STMicroelectronics:USB_HOST:1.0.0:STMicroelectronics:USB::USB Host:CDC HS::1.0:USB_HOST_1_0_RESTRICTED_HS
2026-07-22 15:58:15,735 [WARN] ModelIntegratedComponent:182 - Modes not found for component STMicroelectronics:USB_HOST:1.0.0:STMicroelectronics:USB::USB Host:MSC HS::1.0:USB_HOST_1_0_RESTRICTED_HS
2026-07-22 15:58:15,735 [WARN] ModelIntegratedComponent:188 - Modes not found for component STMicroelectronics:USB_HOST:1.0.0:STMicroelectronics:USB::USB Host:MSC HS::1.0:USB_HOST_1_0_RESTRICTED_HS
2026-07-22 15:58:15,735 [WARN] ModelIntegratedComponent:182 - Modes not found for component STMicroelectronics:USB_HOST:1.0.0:STMicroelectronics:USB::USB Host:HID HS::1.0:USB_HOST_1_0_RESTRICTED_HS
2026-07-22 15:58:15,735 [WARN] ModelIntegratedComponent:188 - Modes not found for component STMicroelectronics:USB_HOST:1.0.0:STMicroelectronics:USB::USB Host:HID HS::1.0:USB_HOST_1_0_RESTRICTED_HS
2026-07-22 15:58:15,735 [WARN] ModelIntegratedComponent:182 - Modes not found for component STMicroelectronics:USB_HOST:1.0.0:STMicroelectronics:USB::USB Host:MTP HS::1.0:USB_HOST_1_0_RESTRICTED_HS
2026-07-22 15:58:15,735 [WARN] ModelIntegratedComponent:188 - Modes not found for component STMicroelectronics:USB_HOST:1.0.0:STMicroelectronics:USB::USB Host:MTP HS::1.0:USB_HOST_1_0_RESTRICTED_HS
2026-07-22 15:58:15,980 [INFO] ThirdPartyModel:298 - Start build external matchings
2026-07-22 15:58:20,103 [INFO] ThirdPartyModel:316 - End build external matchings
2026-07-22 15:58:20,239 [INFO] ImportTextPane:218 - (OptionalMessage_ERROR) IP (DMA) : Parameter (Instance) has Id (SPI2_TX) currently not set
2026-07-22 15:58:20,239 [INFO] ImportTextPane:218 - (OptionalMessage_ERROR) IP (DMA) : Parameter (Channel) has Id (SPI2_TX) currently not set
2026-07-22 15:58:20,239 [INFO] ImportTextPane:218 - (OptionalMessage_ERROR) IP (DMA) : Parameter (Direction) has Id (SPI2_TX) currently not set
2026-07-22 15:58:20,239 [INFO] ImportTextPane:218 - (OptionalMessage_ERROR) IP (DMA) : Parameter (PeriphInc) has Id (SPI2_TX) currently not set
2026-07-22 15:58:20,239 [INFO] ImportTextPane:218 - (OptionalMessage_ERROR) IP (DMA) : Parameter (MemInc) has Id (SPI2_TX) currently not set
2026-07-22 15:58:20,239 [INFO] ImportTextPane:218 - (OptionalMessage_ERROR) IP (DMA) : Parameter (PeriphDataAlignment) has Id (SPI2_TX) currently not set
2026-07-22 15:58:20,240 [INFO] ImportTextPane:218 - (OptionalMessage_ERROR) IP (DMA) : Parameter (MemDataAlignment) has Id (SPI2_TX) currently not set
2026-07-22 15:58:20,240 [INFO] ImportTextPane:218 - (OptionalMessage_ERROR) IP (DMA) : Parameter (Mode) has Id (SPI2_TX) currently not set
2026-07-22 15:58:20,240 [INFO] ImportTextPane:218 - (OptionalMessage_ERROR) IP (DMA) : Parameter (Priority) has Id (SPI2_TX) currently not set
2026-07-22 15:58:20,240 [INFO] ImportTextPane:218 - (OptionalMessage_ERROR) IP (DMA) : Parameter (FIFOMode) has Id (SPI2_TX) currently not set
2026-07-22 15:58:20,240 [INFO] ImportTextPane:218 - (OptionalMessage_ERROR) IP (DMA) : Parameter (Instance) has Id (ADC1) currently not set
2026-07-22 15:58:20,240 [INFO] ImportTextPane:218 - (OptionalMessage_ERROR) IP (DMA) : Parameter (Channel) has Id (ADC1) currently not set
2026-07-22 15:58:20,240 [INFO] ImportTextPane:218 - (OptionalMessage_ERROR) IP (DMA) : Parameter (Direction) has Id (ADC1) currently not set
2026-07-22 15:58:20,240 [INFO] ImportTextPane:218 - (OptionalMessage_ERROR) IP (DMA) : Parameter (PeriphInc) has Id (ADC1) currently not set
2026-07-22 15:58:20,240 [INFO] ImportTextPane:218 - (OptionalMessage_ERROR) IP (DMA) : Parameter (MemInc) has Id (ADC1) currently not set
2026-07-22 15:58:20,240 [INFO] ImportTextPane:218 - (OptionalMessage_ERROR) IP (DMA) : Parameter (PeriphDataAlignment) has Id (ADC1) currently not set
2026-07-22 15:58:20,240 [INFO] ImportTextPane:218 - (OptionalMessage_ERROR) IP (DMA) : Parameter (MemDataAlignment) has Id (ADC1) currently not set
2026-07-22 15:58:20,240 [INFO] ImportTextPane:218 - (OptionalMessage_ERROR) IP (DMA) : Parameter (Mode) has Id (ADC1) currently not set
2026-07-22 15:58:20,240 [INFO] ImportTextPane:218 - (OptionalMessage_ERROR) IP (DMA) : Parameter (Priority) has Id (ADC1) currently not set
2026-07-22 15:58:20,240 [INFO] ImportTextPane:218 - (OptionalMessage_ERROR) IP (DMA) : Parameter (FIFOMode) has Id (ADC1) currently not set
2026-07-22 15:58:20,243 [INFO] ImportTextPane:218 - (OptionalMessage_ERROR) IP (RCC) : Parameter (RTCHSEDivFreq_Value) has invalid value (12500000)
2026-07-22 15:58:20,255 [WARN] IP:2250 - DEVICE_SERIAL0_HID_FS not found: check if there is a RefParameter without a condition.
2026-07-22 15:58:20,255 [WARN] IP:2250 - DEVICE_SERIAL1_HID_FS not found: check if there is a RefParameter without a condition.
2026-07-22 15:58:20,255 [WARN] IP:2250 - DEVICE_SERIAL2_HID_FS not found: check if there is a RefParameter without a condition.
2026-07-22 15:58:20,522 [INFO] ApiDb:581 - Connected to CubeFinder SQLite database (C:\Users\abhil\.stmcufinder\plugins\mcufinder\mcu\cube-finder-db.db)
2026-07-22 15:58:20,604 [INFO] ApiDb:668 - CubeFinder database Data Model version=2.1
2026-07-22 15:58:20,604 [INFO] ApiDb:669 - CubeFinder database Configuration version=3.0.42
2026-07-22 15:58:20,605 [INFO] ApiDb:670 - CubeFinder database generation date=2026-05-06 (1778060171)
2026-07-22 15:58:20,605 [INFO] ApiDb:671 - CubeFinder database FW Pack versions=[FP-ATR-ASTRA1_V2.0.0, FP-SNS-FLIGHT1_V5.1.0, FP-SNS-MOTENV1_V5.1.0, FP-SNS-MOTENVWB1_V1.5.0, FP-SNS-SMARTAG2_V1.2.0, FP-SNS-STBOX1_V2.1.0, STM32Cube_FW_C0_V1.4.0, STM32Cube_FW_F4_V1.28.3, STM32Cube_FW_F7_V1.17.4, STM32Cube_FW_G0_V1.6.3, STM32Cube_FW_G4_V1.6.2, STM32Cube_FW_H5_V1.6.0, STM32Cube_FW_H7RS_V1.3.0, STM32Cube_FW_H7_V1.13.0, STM32Cube_FW_L0_V1.12.2, STM32Cube_FW_L4_V1.18.2, STM32Cube_FW_L5_V1.6.0, STM32Cube_FW_N6_V1.3.0, STM32Cube_FW_U0_V1.3.0, STM32Cube_FW_U3_V1.3.0, STM32Cube_FW_U5_V1.8.0, STM32Cube_FW_WB0_V1.4.0, STM32Cube_FW_WBA_V1.9.0, STM32Cube_FW_WB_V1.24.0, STM32Cube_FW_WL3_V1.4.0, STM32Cube_FW_WL_V1.5.0, X-CUBE-ALGOBUILD_V1.4.0, X-CUBE-ALS_V1.0.2, X-CUBE-AZRTOS-F4_V1.1.0, X-CUBE-AZRTOS-F7_V1.1.0, X-CUBE-AZRTOS-G0_V1.1.0, X-CUBE-AZRTOS-G4_V2.0.0, X-CUBE-AZRTOS-H7RS_V1.1.0, X-CUBE-AZRTOS-H7_V3.5.0, X-CUBE-AZRTOS-L4_V2.0.0, X-CUBE-AZRTOS-L5_V2.0.0, X-CUBE-AZRTOS-WB_V2.0.0, X-CUBE-AZRTOS-WL_V2.0.0, X-CUBE-BLE1_V7.1.0, X-CUBE-BLE2_V3.3.0, X-CUBE-BLEMGR_V4.1.0, X-CUBE-EEPRMA1_V5.2.0, X-CUBE-FREERTOS_V1.5.0, X-CUBE-GNSS1_V6.0.0, X-CUBE-MEMS1_V12.0.0, X-CUBE-NFC4_V3.0.0, X-CUBE-NFC7_V2.0.0, X-CUBE-SFXS2LP1_V4.0.0, X-CUBE-ST67W61_V1.2.0, X-CUBE-SUBG2_V5.0.0, X-CUBE-TOF1_V3.4.3]
2026-07-22 15:58:20,660 [INFO] DbBoardsSqlite:226 - include board P-NUCLEO-WB55-NUCLEO as a kit item of type 'Nucleo-64'
2026-07-22 15:58:20,660 [INFO] DbBoardsSqlite:226 - include board P-NUCLEO-WB55-USBDONGLE as a kit item of type 'Nucleo USB Dongle'
2026-07-22 15:58:20,660 [INFO] DbBoardsSqlite:226 - include board STEVAL-IDP005V1 as a kit item of type 'Evaluation Board'
2026-07-22 15:58:20,660 [INFO] DbBoardsSqlite:226 - include board STEVAL-IDP005V2 as a kit item of type 'Evaluation Board'
2026-07-22 15:58:20,731 [INFO] ApiDb:240 - Found 895 in-development CPN: [B-G473E-ZEST1S, B-WB1M-WPAN1, B-WBA5M-WPAN, B-WL5M-SUBG1, NUCLEO-C031C6, NUCLEO-C051C8, NUCLEO-C071RB, NUCLEO-C092RC, NUCLEO-H503RB, NUCLEO-H533RE, NUCLEO-H563ZI, NUCLEO-H7S3L8, NUCLEO-N657X0-Q, NUCLEO-U031R8, NUCLEO-U083RC, NUCLEO-U385RG-Q, NUCLEO-U545RE-Q, NUCLEO-U5A5ZJ-Q, NUCLEO-WB05KZ, NUCLEO-WB07CC, NUCLEO-WB09KE, NUCLEO-WBA52CG, NUCLEO-WBA55CG, NUCLEO-WBA65RI, NUCLEO-WL33CC1, NUCLEO-WL33CC2, STEVAL-PROTEUS1, STEVAL-SMARTAG2, STEVAL-STWINBX1, STM320518-EVAL, STM32C0116-DK, STM32C011D6Y3TR, STM32C011D6Y6TR, STM32C011F4P3, STM32C011F4P6, STM32C011F4U3, STM32C011F4U6TR, STM32C011F6P3, STM32C011F6P6, STM32C011F6U3, STM32C011F6U6TR, STM32C011J4M3, STM32C011J4M6, STM32C011J6M3, STM32C011J6M6, STM32C0316-DK, STM32C031C4T3, STM32C031C4T6, STM32C031C4U3, STM32C031C4U6, STM32C031C6T3, STM32C031C6T6, STM32C031C6U3, STM32C031C6U6, STM32C031F4P3, STM32C031F4P6, STM32C031F6P3, STM32C031F6P6, STM32C031G4U3, STM32C031G4U6, STM32C031G6U3, STM32C031G6U6, STM32C031K4T3, STM32C031K4T6, STM32C031K4U3, STM32C031K4U6, STM32C031K6T3, STM32C031K6T6, STM32C031K6U3, STM32C031K6U6, STM32C051C6T6, STM32C051C6U6, STM32C051C8T6, STM32C051C8U6, STM32C051D8Y6TR, STM32C051F6P6, STM32C051F8P6, STM32C051G6U6, STM32C051G8U6, STM32C051K6T6, STM32C051K6U6, STM32C051K8T6, STM32C071C8T6, STM32C071C8T6N, STM32C071C8U6, STM32C071C8U6N, STM32C071CBT6, STM32C071CBT6N, STM32C071CBU6, STM32C071CBU6N, STM32C071F8P6, STM32C071F8P6N, STM32C071FBP6, STM32C071FBP6N, STM32C071FBY6TR, STM32C071G8U6, STM32C071G8U6N, STM32C071GBU6, STM32C071GBU6N, STM32C071K8T6, STM32C071K8T6N, STM32C071K8U6, STM32C071K8U6N, STM32C071KBT6, STM32C071KBT6N, STM32C071KBU6, STM32C071KBU6N, STM32C071R8T6, STM32C071R8T6N, STM32C071RBI6N, STM32C071RBT6, STM32C071RBT6N, STM32C091CBT6, STM32C091CBU6, STM32C091CCT6, STM32C091CCU6, STM32C091ECY6TR, STM32C091FBP6, STM32C091FCP6, STM32C091GBU6, STM32C091GCU6, STM32C091KBT6, STM32C091KBU6, STM32C091KCT6, STM32C091KCU6, STM32C091RBT6, STM32C091RCI6, STM32C091RCT6, STM32C092CBT6, STM32C092CBU6, STM32C092CCT6, STM32C092CCU6, STM32C092ECY6TR, STM32C092FBP6, STM32C092FCP6, STM32C092GBU6, STM32C092GCU6, STM32C092KBT6, STM32C092KBU6, STM32C092KCT6, STM32C092KCU6, STM32C092RBT6, STM32C092RCI6, STM32C092RCT6, STM32G071K8TXN, STM32G071K8UXN, STM32G081GBU6N, STM32G081KBT6N, STM32G081KBUXN, STM32G0B1CCT6N, STM32G0B1KCT6, STM32G0B1NEY6TR, STM32G0B1RCT6N, STM32G0C1CCT6, STM32G0C1CCT6N, STM32G0C1CCU6N, STM32G0C1CET6N, STM32G0C1CEU6N, STM32G0C1KCT6, STM32G0C1NEY6TR, STM32G0C1RCI6N, STM32G0C1RCT6N, STM32G0C1REI6N, STM32G0C1RET6N, STM32G0C1VCI6, STM32G0C1VEI6, STM32G411C6T3, STM32G411C6T6, STM32G411C6U3, STM32G411C6U6, STM32G411C8T3, STM32G411C8T6, STM32G411C8U3, STM32G411C8U6, STM32G411CBT3, STM32G411CBT6, STM32G411CBU3, STM32G411CBU6, STM32G411CCT3, STM32G411CCT6, STM32G411CCU3, STM32G411CCU6, STM32G411K6T3, STM32G411K6T6, STM32G411K6U3, STM32G411K6U6, STM32G411K8T3, STM32G411K8T6, STM32G411K8U3, STM32G411K8U6, STM32G411KBT3, STM32G411KBT6, STM32G411KBU3, STM32G411KBU6, STM32G411M6T3, STM32G411M6T6, STM32G411M8T3, STM32G411M8T6, STM32G411MBT3, STM32G411MBT6, STM32G411MCT3, STM32G411MCT6, STM32G411R6T3, STM32G411R6T6, STM32G411R8T3, STM32G411R8T6, STM32G411RBT3, STM32G411RBT6, STM32G411RCT3, STM32G411RCT6, STM32G414CBT3, STM32G414CBT6, STM32G414CBU3, STM32G414CBU6, STM32G414CCT3, STM32G414CCT6, STM32G414CCU3, STM32G414CCU6, STM32G414MBT3, STM32G414MBT6, STM32G414MCT3, STM32G414MCT6, STM32G414RBT3, STM32G414RBT6, STM32G414RCT3, STM32G414RCT6, STM32G414VBT3, STM32G414VBT6, STM32G414VCT3, STM32G414VCT6, STM32G431CBT3Z, STM32G431RBT3Z, STM32G471CCT6, STM32G471CCU6, STM32G471CET3, STM32G471CET6, STM32G471CEU3, STM32G471CEU6, STM32G471MCT6, STM32G471MET3, STM32G471MET6, STM32G471MEY6TR, STM32G471QCT6, STM32G471QET3, STM32G471RCT6, STM32G471RET3, STM32G471RET6, STM32G471VCH6, STM32G471VCI6, STM32G471VCT6, STM32G471VEH3, STM32G471VEH6, STM32G471VEI3, STM32G471VEI6, STM32G471VET3, STM32G471VET6, STM32G473QET3Z, STM32G473RET3Z, STM32G474CCT6, STM32G491RET3Z, STM32H503CBT6, STM32H503CBU6, STM32H503EBY6TR, STM32H503KBU6, STM32H503RBT6, STM32H523CCT6, STM32H523CCU6, STM32H523CET6, STM32H523CEU6, STM32H523HEY6TR, STM32H523RCT6, STM32H523RET6, STM32H523VCI6, STM32H523VCT6, STM32H523VEI6, STM32H523VET6, STM32H523ZCJ6, STM32H523ZCT6, STM32H523ZEJ6, STM32H523ZET6, STM32H533CET6, STM32H533CEU6, STM32H533HEY6TR, STM32H533RET6, STM32H533VEI6, STM32H533VET6, STM32H533ZEJ6, STM32H533ZET6, STM32H562AGI6, STM32H562AII6, STM32H562IGK6, STM32H562IGT6, STM32H562IIK6, STM32H562IIT6, STM32H562RGT6, STM32H562RGV6, STM32H562RIT6, STM32H562RIV6, STM32H562VGT6, STM32H562VIT6, STM32H562ZGT6, STM32H562ZIT6, STM32H563AGI6, STM32H563AII3Q, STM32H563AII6, STM32H563IGK6, STM32H563IGT6, STM32H563IIK3Q, STM32H563IIK6, STM32H563IIT3Q, STM32H563IIT6, STM32H563MIY3QTR, STM32H563RGT6, STM32H563RGV6, STM32H563RIT6, STM32H563RIV6, STM32H563VGT6, STM32H563VIT3Q, STM32H563VIT6, STM32H563ZGT6, STM32H563ZIT3Q, STM32H563ZIT6, STM32H573AII3Q, STM32H573AII6, STM32H573I-DK, STM32H573IIK3Q, STM32H573IIK6, STM32H573IIT3Q, STM32H573IIT6, STM32H573MIY3QTR, STM32H573RIT6, STM32H573RIV6, STM32H573VIT3Q, STM32H573VIT6, STM32H573ZIT3Q, STM32H573ZIT6, STM32H7R3A8I6, STM32H7R3I8K6, STM32H7R3I8T6, STM32H7R3L8H6, STM32H7R3L8H6H, STM32H7R3R8V6, STM32H7R3V8H6, STM32H7R3V8T6, STM32H7R3V8Y6TR, STM32H7R3Z8J6, STM32H7R3Z8T6, STM32H7R7A8I6, STM32H7R7I8K6, STM32H7R7I8T6, STM32H7R7L8H6, STM32H7R7L8H6H, STM32H7R7Z8J6, STM32H7S3A8I6, STM32H7S3I8K6, STM32H7S3I8T6, STM32H7S3L8H6, STM32H7S3L8H6H, STM32H7S3R8V6, STM32H7S3V8H6, STM32H7S3V8T6, STM32H7S3V8Y6TR, STM32H7S3Z8J6, STM32H7S3Z8T6, STM32H7S78-DK, STM32H7S7A8I6, STM32H7S7I8K6, STM32H7S7I8T6, STM32H7S7L8H6, STM32H7S7L8H6H, STM32H7S7Z8J6, STM32L4R5QGI6STR, STM32MP131AAE3, STM32MP131AAF3, STM32MP131AAG3, STM32MP131CAE3, STM32MP131CAF3, STM32MP131CAG3, STM32MP131DAE7, STM32MP131DAF7, STM32MP131DAG7, STM32MP131FAE7, STM32MP131FAF7, STM32MP131FAG7, STM32MP133AAE3, STM32MP133AAF3, STM32MP133AAG3, STM32MP133CAE3, STM32MP133CAF3, STM32MP133CAG3, STM32MP133DAE7, STM32MP133DAF7, STM32MP133DAG7, STM32MP133FAE7, STM32MP133FAF7, STM32MP133FAG7, STM32MP135AAE3, STM32MP135AAF3, STM32MP135AAG3, STM32MP135CAE3, STM32MP135CAF3, STM32MP135CAG3, STM32MP135DAE7, STM32MP135DAF7, STM32MP135DAG7, STM32MP135F-DK, STM32MP135FAE7, STM32MP135FAF7, STM32MP135FAF7T, STM32MP135FAF7U, STM32MP135FAG7, STM32MP231AAJ3, STM32MP231AAK3, STM32MP231AAL3, STM32MP231CAJ3, STM32MP231CAK3, STM32MP231CAL3, STM32MP231DAJ3, STM32MP231DAK3, STM32MP231DAL3, STM32MP231FAJ3, STM32MP231FAK3, STM32MP231FAL3, STM32MP233AAJ3, STM32MP233AAK3, STM32MP233AAL3, STM32MP233CAJ3, STM32MP233CAK3, STM32MP233CAL3, STM32MP233DAJ3, STM32MP233DAK3, STM32MP233DAL3, STM32MP233FAJ3, STM32MP233FAK3, STM32MP233FAL3, STM32MP235AAJ3, STM32MP235AAK3, STM32MP235AAL3, STM32MP235CAJ3, STM32MP235CAK3, STM32MP235CAL3, STM32MP235DAJ3, STM32MP235DAK3, STM32MP235DAL3, STM32MP235FAJ3, STM32MP235FAK3, STM32MP235FAL3, STM32MP251AAI3, STM32MP251AAJ3, STM32MP251AAK3, STM32MP251AAL3, STM32MP251CAI3, STM32MP251CAJ3, STM32MP251CAK3, STM32MP251CAL3, STM32MP251DAI3, STM32MP251DAJ3, STM32MP251DAK3, STM32MP251DAL3, STM32MP251FAI3, STM32MP251FAJ3, STM32MP251FAK3, STM32MP251FAL3, STM32MP253AAI3, STM32MP253AAJ3, STM32MP253AAK3, STM32MP253AAL3, STM32MP253CAI3, STM32MP253CAJ3, STM32MP253CAK3, STM32MP253CAL3, STM32MP253DAI3, STM32MP253DAJ3, STM32MP253DAK3, STM32MP253DAL3, STM32MP253FAI3, STM32MP253FAJ3, STM32MP253FAK3, STM32MP253FAL3, STM32MP255AAI3, STM32MP255AAJ3, STM32MP255AAK3, STM32MP255AAL3, STM32MP255CAI3, STM32MP255CAJ3, STM32MP255CAK3, STM32MP255CAL3, STM32MP255DAI3, STM32MP255DAJ3, STM32MP255DAK3, STM32MP255DAL3, STM32MP255FAI3, STM32MP255FAJ3, STM32MP255FAK3, STM32MP255FAL3, STM32MP257AAI3, STM32MP257AAJ3, STM32MP257AAK3, STM32MP257AAL3, STM32MP257CAI3, STM32MP257CAJ3, STM32MP257CAK3, STM32MP257CAL3, STM32MP257DAI3, STM32MP257DAJ3, STM32MP257DAK3, STM32MP257DAL3, STM32MP257F-DK, STM32MP257F-EV1, STM32MP257FAI3, STM32MP257FAJ3, STM32MP257FAK3, STM32MP257FAL3, STM32N645A0H3Q, STM32N645B0H3Q, STM32N645I0H3Q, STM32N645L0H3Q, STM32N645X0H3Q, STM32N645Z0H3Q, STM32N647A0H3Q, STM32N647B0H3Q, STM32N647I0H3Q, STM32N647L0H3Q, STM32N647X0H3Q, STM32N647Z0H3Q, STM32N655A0H3Q, STM32N655B0H3Q, STM32N655I0H3Q, STM32N655L0H3Q, STM32N655X0H3Q, STM32N655Z0H3Q, STM32N6570-DK, STM32N657A0H3Q, STM32N657B0H3Q, STM32N657I0H3Q, STM32N657L0H3Q, STM32N657X0H3Q, STM32N657Z0H3Q, STM32U031C6T6, STM32U031C6U6, STM32U031C8T6, STM32U031C8U6, STM32U031F4P6, STM32U031F6P6, STM32U031F8P6, STM32U031G6Y6TR, STM32U031G8Y6TR, STM32U031K4U6, STM32U031K6U6, STM32U031K8U6, STM32U031R6I6, STM32U031R6T6, STM32U031R8I6, STM32U031R8T6, STM32U073C8T6, STM32U073C8U6, STM32U073CBT6, STM32U073CBU6, STM32U073CCT6, STM32U073CCU6, STM32U073H8Y6TR, STM32U073HBY6TR, STM32U073HCY6TR, STM32U073K8U6, STM32U073KBU6, STM32U073KCU6, STM32U073M8I6, STM32U073M8T6, STM32U073MBI6, STM32U073MBT6, STM32U073MCI6, STM32U073MCT6, STM32U073R8I6, STM32U073R8T6, STM32U073RBI6, STM32U073RBT6, STM32U073RCI6, STM32U073RCT6, STM32U083C-DK, STM32U083CCT6, STM32U083CCU6, STM32U083HCY6TR, STM32U083KCU6, STM32U083MCI6, STM32U083MCT6, STM32U083RCI6, STM32U083RCT6, STM32U375CET6, STM32U375CET6Q, STM32U375CEU6, STM32U375CEU6Q, STM32U375CEY6QTR, STM32U375CGT6, STM32U375CGT6Q, STM32U375CGU6, STM32U375CGU6Q, STM32U375CGY6QTR, STM32U375KEU6, STM32U375KGU6, STM32U375REI6, STM32U375REI6Q, STM32U375RET6, STM32U375RET6Q, STM32U375REY6GTR, STM32U375REY6QTR, STM32U375RGI6, STM32U375RGI6Q, STM32U375RGT6, STM32U375RGT6Q, STM32U375RGY6GTR, STM32U375RGY6QTR, STM32U375VEI6, STM32U375VEI6Q, STM32U375VET6, STM32U375VET6Q, STM32U375VGI6, STM32U375VGI6Q, STM32U375VGT6, STM32U375VGT6Q, STM32U385CGT6, STM32U385CGT6Q, STM32U385CGU6, STM32U385CGU6Q, STM32U385CGY6QTR, STM32U385KGU6, STM32U385RGI6, STM32U385RGI6Q, STM32U385RGT6, STM32U385RGT6Q, STM32U385RGY6GTR, STM32U385RGY6QTR, STM32U385VGI6, STM32U385VGI6Q, STM32U385VGT6, STM32U385VGT6Q, STM32U535CBT6, STM32U535CBT6Q, STM32U535CBU6, STM32U535CBU6Q, STM32U535CCT6, STM32U535CCT6Q, STM32U535CCU6, STM32U535CCU6Q, STM32U535CET6, STM32U535CET6Q, STM32U535CEU6, STM32U535CEU6Q, STM32U535JEY6QTR, STM32U535NCY6QTR, STM32U535NEY6QTR, STM32U535RBI6, STM32U535RBI6Q, STM32U535RBT6, STM32U535RBT6Q, STM32U535RCI6, STM32U535RCI6Q, STM32U535RCT6, STM32U535RCT6Q, STM32U535REI6, STM32U535REI6Q, STM32U535RET6, STM32U535RET6Q, STM32U535VCI6, STM32U535VCI6Q, STM32U535VCT6, STM32U535VCT6Q, STM32U535VEI6, STM32U535VEI6Q, STM32U535VET6, STM32U535VET6Q, STM32U545CET6, STM32U545CET6Q, STM32U545CEU6, STM32U545CEU6Q, STM32U545JEY6QTR, STM32U545NEY6QTR, STM32U545REI6, STM32U545REI6Q, STM32U545RET6, STM32U545RET6Q, STM32U545VEI6, STM32U545VEI6Q, STM32U545VET6, STM32U545VET6Q, STM32U595AIH6, STM32U595AIH6Q, STM32U595AJH6, STM32U595AJH6Q, STM32U595QII6, STM32U595QII6Q, STM32U595QJI6, STM32U595QJI6Q, STM32U595RIT6, STM32U595RIT6Q, STM32U595RJT6, STM32U595RJT6Q, STM32U595VIT6, STM32U595VIT6Q, STM32U595VJT6, STM32U595VJT6Q, STM32U595ZIT6, STM32U595ZIT6Q, STM32U595ZIY6QTR, STM32U595ZJT6, STM32U595ZJT6Q, STM32U595ZJY6QTR, STM32U599BJY6QTR, STM32U599NIH6Q, STM32U599NJH6Q, STM32U599VIT6Q, STM32U599VJT6, STM32U599VJT6Q, STM32U599ZIT6Q, STM32U599ZIY6QTR, STM32U599ZJT6Q, STM32U599ZJY6QTR, STM32U5A5AJH6, STM32U5A5AJH6Q, STM32U5A5QII3Q , STM32U5A5QJI6, STM32U5A5QJI6Q, STM32U5A5RJT6, STM32U5A5RJT6Q, STM32U5A5VJT6, STM32U5A5VJT6Q, STM32U5A5ZJT6, STM32U5A5ZJT6Q, STM32U5A5ZJY6QTR, STM32U5A9BJY6QTR, STM32U5A9J-DK, STM32U5A9NJH6Q, STM32U5A9VJT6Q, STM32U5A9ZJT6Q, STM32U5A9ZJY6QTR, STM32U5F7VIT6, STM32U5F7VIT6Q, STM32U5F7VJT6, STM32U5F7VJT6Q, STM32U5F9BJY6QTR, STM32U5F9NJH6Q, STM32U5F9VIT6Q, STM32U5F9VJT6Q, STM32U5F9ZIJ6QTR, STM32U5F9ZIT6Q, STM32U5F9ZJJ6QTR, STM32U5F9ZJT6Q, STM32U5G7VJT6, STM32U5G7VJT6Q, STM32U5G9BJY6QTR, STM32U5G9J-DK1, STM32U5G9J-DK2, STM32U5G9NJH6Q, STM32U5G9VJT6Q, STM32U5G9ZJJ6QTR, STM32U5G9ZJT6Q, STM32WB05KZV6TR, STM32WB05KZV7TR, STM32WB05TZF6TR, STM32WB05TZF7TR, STM32WB06CCF6TR, STM32WB06CCF7TR, STM32WB06CCV6TR, STM32WB06CCV7TR, STM32WB06KCV6TR, STM32WB06KCV7TR, STM32WB07CCF6TR, STM32WB07CCF7TR, STM32WB07CCV6TR, STM32WB07CCV7TR, STM32WB07KCV6TR, STM32WB07KCV7TR, STM32WB09KEV6TR, STM32WB09KEV7TR, STM32WB09TEF6TR, STM32WB09TEF7TR, STM32WB1MMCH6, STM32WBA50KGU6, STM32WBA50KGU6TR, STM32WBA52CEU6, STM32WBA52CEU6TR, STM32WBA52CEU7, STM32WBA52CEU7TR, STM32WBA52CGU6, STM32WBA52CGU6TR, STM32WBA52CGU6U, STM32WBA52CGU7, STM32WBA52CGU7TR, STM32WBA52KEU6, STM32WBA52KEU6TR, STM32WBA52KGU6, STM32WBA52KGU6TR, STM32WBA54CEU6, STM32WBA54CEU6TR, STM32WBA54CEU7, STM32WBA54CEU7TR, STM32WBA54CGU6, STM32WBA54CGU6TR, STM32WBA54CGU7, STM32WBA54CGU7TR, STM32WBA54KEU6, STM32WBA54KEU6TR, STM32WBA54KEU7, STM32WBA54KEU7TR, STM32WBA54KGU6, STM32WBA54KGU6TR, STM32WBA54KGU7, STM32WBA54KGU7TR, STM32WBA55CEU6, STM32WBA55CEU6TR, STM32WBA55CEU7, STM32WBA55CEU7TR, STM32WBA55CGU6, STM32WBA55CGU6TR, STM32WBA55CGU6U, STM32WBA55CGU7, STM32WBA55CGU7TR, STM32WBA55G-DK1, STM32WBA55HEF6, STM32WBA55HEF7, STM32WBA55HGF6, STM32WBA55HGF7, STM32WBA55UEI6, STM32WBA55UEI6TR, STM32WBA55UEI7, STM32WBA55UEI7TR, STM32WBA55UGI6, STM32WBA55UGI6TR, STM32WBA55UGI7, STM32WBA55UGI7TR, STM32WBA5MJGH6TR, STM32WBA62CGU6, STM32WBA62CIU6, STM32WBA62MGF6, STM32WBA62MIF6, STM32WBA62PGI6, STM32WBA62PII6, STM32WBA63CGU6, STM32WBA63CGU7, STM32WBA63CIU6, STM32WBA63CIU7, STM32WBA64CGU6, STM32WBA64CGU7, STM32WBA64CIU6, STM32WBA64CIU7, STM32WBA65CGU6, STM32WBA65CGU7, STM32WBA65CIU6, STM32WBA65CIU7, STM32WBA65I-DK1, STM32WBA65MGF6, STM32WBA65MGF7, STM32WBA65MIF6, STM32WBA65MIF7, STM32WBA65PGI6, STM32WBA65PGI7, STM32WBA65PII6, STM32WBA65PII7, STM32WBA65RGV6, STM32WBA65RGV7, STM32WBA65RIV6, STM32WBA65RIV7, STM32WL30K8V6, STM32WL30KBV6, STM32WL31C8V6, STM32WL31CBV6, STM32WL31K8V6, STM32WL31KBV6, STM32WL33C8V6, STM32WL33C8V6TR, STM32WL33C8V7, STM32WL33C8V7TR, STM32WL33CBV6, STM32WL33CBV6TR, STM32WL33CBV7, STM32WL33CBV7TR, STM32WL33CCV6, STM32WL33CCV6TR, STM32WL33CCV7, STM32WL33CCV7A, STM32WL33CCV7ATR, STM32WL33CCV7TR, STM32WL33K8V6, STM32WL33K8V6TR, STM32WL33K8V7, STM32WL33K8V7TR, STM32WL33KBV6, STM32WL33KBV6TR, STM32WL33KBV7, STM32WL33KBV7TR, STM32WL33KCV6, STM32WL33KCV6TR, STM32WL33KCV7, STM32WL33KCV7TR, STM32WL5MOCH6, STM32WL5MOCH6TR]
2026-07-22 15:58:20,735 [INFO] ApiDb:668 - CubeFinder database Data Model version=2.1
2026-07-22 15:58:20,736 [INFO] ApiDb:669 - CubeFinder database Configuration version=3.0.42
2026-07-22 15:58:20,736 [INFO] ApiDb:670 - CubeFinder database generation date=2026-05-06 (1778060171)
2026-07-22 15:58:20,736 [INFO] ApiDb:671 - CubeFinder database FW Pack versions=[FP-ATR-ASTRA1_V2.0.0, FP-SNS-FLIGHT1_V5.1.0, FP-SNS-MOTENV1_V5.1.0, FP-SNS-MOTENVWB1_V1.5.0, FP-SNS-SMARTAG2_V1.2.0, FP-SNS-STBOX1_V2.1.0, STM32Cube_FW_C0_V1.4.0, STM32Cube_FW_F4_V1.28.3, STM32Cube_FW_F7_V1.17.4, STM32Cube_FW_G0_V1.6.3, STM32Cube_FW_G4_V1.6.2, STM32Cube_FW_H5_V1.6.0, STM32Cube_FW_H7RS_V1.3.0, STM32Cube_FW_H7_V1.13.0, STM32Cube_FW_L0_V1.12.2, STM32Cube_FW_L4_V1.18.2, STM32Cube_FW_L5_V1.6.0, STM32Cube_FW_N6_V1.3.0, STM32Cube_FW_U0_V1.3.0, STM32Cube_FW_U3_V1.3.0, STM32Cube_FW_U5_V1.8.0, STM32Cube_FW_WB0_V1.4.0, STM32Cube_FW_WBA_V1.9.0, STM32Cube_FW_WB_V1.24.0, STM32Cube_FW_WL3_V1.4.0, STM32Cube_FW_WL_V1.5.0, X-CUBE-ALGOBUILD_V1.4.0, X-CUBE-ALS_V1.0.2, X-CUBE-AZRTOS-F4_V1.1.0, X-CUBE-AZRTOS-F7_V1.1.0, X-CUBE-AZRTOS-G0_V1.1.0, X-CUBE-AZRTOS-G4_V2.0.0, X-CUBE-AZRTOS-H7RS_V1.1.0, X-CUBE-AZRTOS-H7_V3.5.0, X-CUBE-AZRTOS-L4_V2.0.0, X-CUBE-AZRTOS-L5_V2.0.0, X-CUBE-AZRTOS-WB_V2.0.0, X-CUBE-AZRTOS-WL_V2.0.0, X-CUBE-BLE1_V7.1.0, X-CUBE-BLE2_V3.3.0, X-CUBE-BLEMGR_V4.1.0, X-CUBE-EEPRMA1_V5.2.0, X-CUBE-FREERTOS_V1.5.0, X-CUBE-GNSS1_V6.0.0, X-CUBE-MEMS1_V12.0.0, X-CUBE-NFC4_V3.0.0, X-CUBE-NFC7_V2.0.0, X-CUBE-SFXS2LP1_V4.0.0, X-CUBE-ST67W61_V1.2.0, X-CUBE-SUBG2_V5.0.0, X-CUBE-TOF1_V3.4.3]
2026-07-22 15:58:22,875 [INFO] ApiDb:240 - Found 895 in-development CPN: [B-G473E-ZEST1S, B-WB1M-WPAN1, B-WBA5M-WPAN, B-WL5M-SUBG1, NUCLEO-C031C6, NUCLEO-C051C8, NUCLEO-C071RB, NUCLEO-C092RC, NUCLEO-H503RB, NUCLEO-H533RE, NUCLEO-H563ZI, NUCLEO-H7S3L8, NUCLEO-N657X0-Q, NUCLEO-U031R8, NUCLEO-U083RC, NUCLEO-U385RG-Q, NUCLEO-U545RE-Q, NUCLEO-U5A5ZJ-Q, NUCLEO-WB05KZ, NUCLEO-WB07CC, NUCLEO-WB09KE, NUCLEO-WBA52CG, NUCLEO-WBA55CG, NUCLEO-WBA65RI, NUCLEO-WL33CC1, NUCLEO-WL33CC2, STEVAL-PROTEUS1, STEVAL-SMARTAG2, STEVAL-STWINBX1, STM320518-EVAL, STM32C0116-DK, STM32C011D6Y3TR, STM32C011D6Y6TR, STM32C011F4P3, STM32C011F4P6, STM32C011F4U3, STM32C011F4U6TR, STM32C011F6P3, STM32C011F6P6, STM32C011F6U3, STM32C011F6U6TR, STM32C011J4M3, STM32C011J4M6, STM32C011J6M3, STM32C011J6M6, STM32C0316-DK, STM32C031C4T3, STM32C031C4T6, STM32C031C4U3, STM32C031C4U6, STM32C031C6T3, STM32C031C6T6, STM32C031C6U3, STM32C031C6U6, STM32C031F4P3, STM32C031F4P6, STM32C031F6P3, STM32C031F6P6, STM32C031G4U3, STM32C031G4U6, STM32C031G6U3, STM32C031G6U6, STM32C031K4T3, STM32C031K4T6, STM32C031K4U3, STM32C031K4U6, STM32C031K6T3, STM32C031K6T6, STM32C031K6U3, STM32C031K6U6, STM32C051C6T6, STM32C051C6U6, STM32C051C8T6, STM32C051C8U6, STM32C051D8Y6TR, STM32C051F6P6, STM32C051F8P6, STM32C051G6U6, STM32C051G8U6, STM32C051K6T6, STM32C051K6U6, STM32C051K8T6, STM32C071C8T6, STM32C071C8T6N, STM32C071C8U6, STM32C071C8U6N, STM32C071CBT6, STM32C071CBT6N, STM32C071CBU6, STM32C071CBU6N, STM32C071F8P6, STM32C071F8P6N, STM32C071FBP6, STM32C071FBP6N, STM32C071FBY6TR, STM32C071G8U6, STM32C071G8U6N, STM32C071GBU6, STM32C071GBU6N, STM32C071K8T6, STM32C071K8T6N, STM32C071K8U6, STM32C071K8U6N, STM32C071KBT6, STM32C071KBT6N, STM32C071KBU6, STM32C071KBU6N, STM32C071R8T6, STM32C071R8T6N, STM32C071RBI6N, STM32C071RBT6, STM32C071RBT6N, STM32C091CBT6, STM32C091CBU6, STM32C091CCT6, STM32C091CCU6, STM32C091ECY6TR, STM32C091FBP6, STM32C091FCP6, STM32C091GBU6, STM32C091GCU6, STM32C091KBT6, STM32C091KBU6, STM32C091KCT6, STM32C091KCU6, STM32C091RBT6, STM32C091RCI6, STM32C091RCT6, STM32C092CBT6, STM32C092CBU6, STM32C092CCT6, STM32C092CCU6, STM32C092ECY6TR, STM32C092FBP6, STM32C092FCP6, STM32C092GBU6, STM32C092GCU6, STM32C092KBT6, STM32C092KBU6, STM32C092KCT6, STM32C092KCU6, STM32C092RBT6, STM32C092RCI6, STM32C092RCT6, STM32G071K8TXN, STM32G071K8UXN, STM32G081GBU6N, STM32G081KBT6N, STM32G081KBUXN, STM32G0B1CCT6N, STM32G0B1KCT6, STM32G0B1NEY6TR, STM32G0B1RCT6N, STM32G0C1CCT6, STM32G0C1CCT6N, STM32G0C1CCU6N, STM32G0C1CET6N, STM32G0C1CEU6N, STM32G0C1KCT6, STM32G0C1NEY6TR, STM32G0C1RCI6N, STM32G0C1RCT6N, STM32G0C1REI6N, STM32G0C1RET6N, STM32G0C1VCI6, STM32G0C1VEI6, STM32G411C6T3, STM32G411C6T6, STM32G411C6U3, STM32G411C6U6, STM32G411C8T3, STM32G411C8T6, STM32G411C8U3, STM32G411C8U6, STM32G411CBT3, STM32G411CBT6, STM32G411CBU3, STM32G411CBU6, STM32G411CCT3, STM32G411CCT6, STM32G411CCU3, STM32G411CCU6, STM32G411K6T3, STM32G411K6T6, STM32G411K6U3, STM32G411K6U6, STM32G411K8T3, STM32G411K8T6, STM32G411K8U3, STM32G411K8U6, STM32G411KBT3, STM32G411KBT6, STM32G411KBU3, STM32G411KBU6, STM32G411M6T3, STM32G411M6T6, STM32G411M8T3, STM32G411M8T6, STM32G411MBT3, STM32G411MBT6, STM32G411MCT3, STM32G411MCT6, STM32G411R6T3, STM32G411R6T6, STM32G411R8T3, STM32G411R8T6, STM32G411RBT3, STM32G411RBT6, STM32G411RCT3, STM32G411RCT6, STM32G414CBT3, STM32G414CBT6, STM32G414CBU3, STM32G414CBU6, STM32G414CCT3, STM32G414CCT6, STM32G414CCU3, STM32G414CCU6, STM32G414MBT3, STM32G414MBT6, STM32G414MCT3, STM32G414MCT6, STM32G414RBT3, STM32G414RBT6, STM32G414RCT3, STM32G414RCT6, STM32G414VBT3, STM32G414VBT6, STM32G414VCT3, STM32G414VCT6, STM32G431CBT3Z, STM32G431RBT3Z, STM32G471CCT6, STM32G471CCU6, STM32G471CET3, STM32G471CET6, STM32G471CEU3, STM32G471CEU6, STM32G471MCT6, STM32G471MET3, STM32G471MET6, STM32G471MEY6TR, STM32G471QCT6, STM32G471QET3, STM32G471RCT6, STM32G471RET3, STM32G471RET6, STM32G471VCH6, STM32G471VCI6, STM32G471VCT6, STM32G471VEH3, STM32G471VEH6, STM32G471VEI3, STM32G471VEI6, STM32G471VET3, STM32G471VET6, STM32G473QET3Z, STM32G473RET3Z, STM32G474CCT6, STM32G491RET3Z, STM32H503CBT6, STM32H503CBU6, STM32H503EBY6TR, STM32H503KBU6, STM32H503RBT6, STM32H523CCT6, STM32H523CCU6, STM32H523CET6, STM32H523CEU6, STM32H523HEY6TR, STM32H523RCT6, STM32H523RET6, STM32H523VCI6, STM32H523VCT6, STM32H523VEI6, STM32H523VET6, STM32H523ZCJ6, STM32H523ZCT6, STM32H523ZEJ6, STM32H523ZET6, STM32H533CET6, STM32H533CEU6, STM32H533HEY6TR, STM32H533RET6, STM32H533VEI6, STM32H533VET6, STM32H533ZEJ6, STM32H533ZET6, STM32H562AGI6, STM32H562AII6, STM32H562IGK6, STM32H562IGT6, STM32H562IIK6, STM32H562IIT6, STM32H562RGT6, STM32H562RGV6, STM32H562RIT6, STM32H562RIV6, STM32H562VGT6, STM32H562VIT6, STM32H562ZGT6, STM32H562ZIT6, STM32H563AGI6, STM32H563AII3Q, STM32H563AII6, STM32H563IGK6, STM32H563IGT6, STM32H563IIK3Q, STM32H563IIK6, STM32H563IIT3Q, STM32H563IIT6, STM32H563MIY3QTR, STM32H563RGT6, STM32H563RGV6, STM32H563RIT6, STM32H563RIV6, STM32H563VGT6, STM32H563VIT3Q, STM32H563VIT6, STM32H563ZGT6, STM32H563ZIT3Q, STM32H563ZIT6, STM32H573AII3Q, STM32H573AII6, STM32H573I-DK, STM32H573IIK3Q, STM32H573IIK6, STM32H573IIT3Q, STM32H573IIT6, STM32H573MIY3QTR, STM32H573RIT6, STM32H573RIV6, STM32H573VIT3Q, STM32H573VIT6, STM32H573ZIT3Q, STM32H573ZIT6, STM32H7R3A8I6, STM32H7R3I8K6, STM32H7R3I8T6, STM32H7R3L8H6, STM32H7R3L8H6H, STM32H7R3R8V6, STM32H7R3V8H6, STM32H7R3V8T6, STM32H7R3V8Y6TR, STM32H7R3Z8J6, STM32H7R3Z8T6, STM32H7R7A8I6, STM32H7R7I8K6, STM32H7R7I8T6, STM32H7R7L8H6, STM32H7R7L8H6H, STM32H7R7Z8J6, STM32H7S3A8I6, STM32H7S3I8K6, STM32H7S3I8T6, STM32H7S3L8H6, STM32H7S3L8H6H, STM32H7S3R8V6, STM32H7S3V8H6, STM32H7S3V8T6, STM32H7S3V8Y6TR, STM32H7S3Z8J6, STM32H7S3Z8T6, STM32H7S78-DK, STM32H7S7A8I6, STM32H7S7I8K6, STM32H7S7I8T6, STM32H7S7L8H6, STM32H7S7L8H6H, STM32H7S7Z8J6, STM32L4R5QGI6STR, STM32MP131AAE3, STM32MP131AAF3, STM32MP131AAG3, STM32MP131CAE3, STM32MP131CAF3, STM32MP131CAG3, STM32MP131DAE7, STM32MP131DAF7, STM32MP131DAG7, STM32MP131FAE7, STM32MP131FAF7, STM32MP131FAG7, STM32MP133AAE3, STM32MP133AAF3, STM32MP133AAG3, STM32MP133CAE3, STM32MP133CAF3, STM32MP133CAG3, STM32MP133DAE7, STM32MP133DAF7, STM32MP133DAG7, STM32MP133FAE7, STM32MP133FAF7, STM32MP133FAG7, STM32MP135AAE3, STM32MP135AAF3, STM32MP135AAG3, STM32MP135CAE3, STM32MP135CAF3, STM32MP135CAG3, STM32MP135DAE7, STM32MP135DAF7, STM32MP135DAG7, STM32MP135F-DK, STM32MP135FAE7, STM32MP135FAF7, STM32MP135FAF7T, STM32MP135FAF7U, STM32MP135FAG7, STM32MP231AAJ3, STM32MP231AAK3, STM32MP231AAL3, STM32MP231CAJ3, STM32MP231CAK3, STM32MP231CAL3, STM32MP231DAJ3, STM32MP231DAK3, STM32MP231DAL3, STM32MP231FAJ3, STM32MP231FAK3, STM32MP231FAL3, STM32MP233AAJ3, STM32MP233AAK3, STM32MP233AAL3, STM32MP233CAJ3, STM32MP233CAK3, STM32MP233CAL3, STM32MP233DAJ3, STM32MP233DAK3, STM32MP233DAL3, STM32MP233FAJ3, STM32MP233FAK3, STM32MP233FAL3, STM32MP235AAJ3, STM32MP235AAK3, STM32MP235AAL3, STM32MP235CAJ3, STM32MP235CAK3, STM32MP235CAL3, STM32MP235DAJ3, STM32MP235DAK3, STM32MP235DAL3, STM32MP235FAJ3, STM32MP235FAK3, STM32MP235FAL3, STM32MP251AAI3, STM32MP251AAJ3, STM32MP251AAK3, STM32MP251AAL3, STM32MP251CAI3, STM32MP251CAJ3, STM32MP251CAK3, STM32MP251CAL3, STM32MP251DAI3, STM32MP251DAJ3, STM32MP251DAK3, STM32MP251DAL3, STM32MP251FAI3, STM32MP251FAJ3, STM32MP251FAK3, STM32MP251FAL3, STM32MP253AAI3, STM32MP253AAJ3, STM32MP253AAK3, STM32MP253AAL3, STM32MP253CAI3, STM32MP253CAJ3, STM32MP253CAK3, STM32MP253CAL3, STM32MP253DAI3, STM32MP253DAJ3, STM32MP253DAK3, STM32MP253DAL3, STM32MP253FAI3, STM32MP253FAJ3, STM32MP253FAK3, STM32MP253FAL3, STM32MP255AAI3, STM32MP255AAJ3, STM32MP255AAK3, STM32MP255AAL3, STM32MP255CAI3, STM32MP255CAJ3, STM32MP255CAK3, STM32MP255CAL3, STM32MP255DAI3, STM32MP255DAJ3, STM32MP255DAK3, STM32MP255DAL3, STM32MP255FAI3, STM32MP255FAJ3, STM32MP255FAK3, STM32MP255FAL3, STM32MP257AAI3, STM32MP257AAJ3, STM32MP257AAK3, STM32MP257AAL3, STM32MP257CAI3, STM32MP257CAJ3, STM32MP257CAK3, STM32MP257CAL3, STM32MP257DAI3, STM32MP257DAJ3, STM32MP257DAK3, STM32MP257DAL3, STM32MP257F-DK, STM32MP257F-EV1, STM32MP257FAI3, STM32MP257FAJ3, STM32MP257FAK3, STM32MP257FAL3, STM32N645A0H3Q, STM32N645B0H3Q, STM32N645I0H3Q, STM32N645L0H3Q, STM32N645X0H3Q, STM32N645Z0H3Q, STM32N647A0H3Q, STM32N647B0H3Q, STM32N647I0H3Q, STM32N647L0H3Q, STM32N647X0H3Q, STM32N647Z0H3Q, STM32N655A0H3Q, STM32N655B0H3Q, STM32N655I0H3Q, STM32N655L0H3Q, STM32N655X0H3Q, STM32N655Z0H3Q, STM32N6570-DK, STM32N657A0H3Q, STM32N657B0H3Q, STM32N657I0H3Q, STM32N657L0H3Q, STM32N657X0H3Q, STM32N657Z0H3Q, STM32U031C6T6, STM32U031C6U6, STM32U031C8T6, STM32U031C8U6, STM32U031F4P6, STM32U031F6P6, STM32U031F8P6, STM32U031G6Y6TR, STM32U031G8Y6TR, STM32U031K4U6, STM32U031K6U6, STM32U031K8U6, STM32U031R6I6, STM32U031R6T6, STM32U031R8I6, STM32U031R8T6, STM32U073C8T6, STM32U073C8U6, STM32U073CBT6, STM32U073CBU6, STM32U073CCT6, STM32U073CCU6, STM32U073H8Y6TR, STM32U073HBY6TR, STM32U073HCY6TR, STM32U073K8U6, STM32U073KBU6, STM32U073KCU6, STM32U073M8I6, STM32U073M8T6, STM32U073MBI6, STM32U073MBT6, STM32U073MCI6, STM32U073MCT6, STM32U073R8I6, STM32U073R8T6, STM32U073RBI6, STM32U073RBT6, STM32U073RCI6, STM32U073RCT6, STM32U083C-DK, STM32U083CCT6, STM32U083CCU6, STM32U083HCY6TR, STM32U083KCU6, STM32U083MCI6, STM32U083MCT6, STM32U083RCI6, STM32U083RCT6, STM32U375CET6, STM32U375CET6Q, STM32U375CEU6, STM32U375CEU6Q, STM32U375CEY6QTR, STM32U375CGT6, STM32U375CGT6Q, STM32U375CGU6, STM32U375CGU6Q, STM32U375CGY6QTR, STM32U375KEU6, STM32U375KGU6, STM32U375REI6, STM32U375REI6Q, STM32U375RET6, STM32U375RET6Q, STM32U375REY6GTR, STM32U375REY6QTR, STM32U375RGI6, STM32U375RGI6Q, STM32U375RGT6, STM32U375RGT6Q, STM32U375RGY6GTR, STM32U375RGY6QTR, STM32U375VEI6, STM32U375VEI6Q, STM32U375VET6, STM32U375VET6Q, STM32U375VGI6, STM32U375VGI6Q, STM32U375VGT6, STM32U375VGT6Q, STM32U385CGT6, STM32U385CGT6Q, STM32U385CGU6, STM32U385CGU6Q, STM32U385CGY6QTR, STM32U385KGU6, STM32U385RGI6, STM32U385RGI6Q, STM32U385RGT6, STM32U385RGT6Q, STM32U385RGY6GTR, STM32U385RGY6QTR, STM32U385VGI6, STM32U385VGI6Q, STM32U385VGT6, STM32U385VGT6Q, STM32U535CBT6, STM32U535CBT6Q, STM32U535CBU6, STM32U535CBU6Q, STM32U535CCT6, STM32U535CCT6Q, STM32U535CCU6, STM32U535CCU6Q, STM32U535CET6, STM32U535CET6Q, STM32U535CEU6, STM32U535CEU6Q, STM32U535JEY6QTR, STM32U535NCY6QTR, STM32U535NEY6QTR, STM32U535RBI6, STM32U535RBI6Q, STM32U535RBT6, STM32U535RBT6Q, STM32U535RCI6, STM32U535RCI6Q, STM32U535RCT6, STM32U535RCT6Q, STM32U535REI6, STM32U535REI6Q, STM32U535RET6, STM32U535RET6Q, STM32U535VCI6, STM32U535VCI6Q, STM32U535VCT6, STM32U535VCT6Q, STM32U535VEI6, STM32U535VEI6Q, STM32U535VET6, STM32U535VET6Q, STM32U545CET6, STM32U545CET6Q, STM32U545CEU6, STM32U545CEU6Q, STM32U545JEY6QTR, STM32U545NEY6QTR, STM32U545REI6, STM32U545REI6Q, STM32U545RET6, STM32U545RET6Q, STM32U545VEI6, STM32U545VEI6Q, STM32U545VET6, STM32U545VET6Q, STM32U595AIH6, STM32U595AIH6Q, STM32U595AJH6, STM32U595AJH6Q, STM32U595QII6, STM32U595QII6Q, STM32U595QJI6, STM32U595QJI6Q, STM32U595RIT6, STM32U595RIT6Q, STM32U595RJT6, STM32U595RJT6Q, STM32U595VIT6, STM32U595VIT6Q, STM32U595VJT6, STM32U595VJT6Q, STM32U595ZIT6, STM32U595ZIT6Q, STM32U595ZIY6QTR, STM32U595ZJT6, STM32U595ZJT6Q, STM32U595ZJY6QTR, STM32U599BJY6QTR, STM32U599NIH6Q, STM32U599NJH6Q, STM32U599VIT6Q, STM32U599VJT6, STM32U599VJT6Q, STM32U599ZIT6Q, STM32U599ZIY6QTR, STM32U599ZJT6Q, STM32U599ZJY6QTR, STM32U5A5AJH6, STM32U5A5AJH6Q, STM32U5A5QII3Q , STM32U5A5QJI6, STM32U5A5QJI6Q, STM32U5A5RJT6, STM32U5A5RJT6Q, STM32U5A5VJT6, STM32U5A5VJT6Q, STM32U5A5ZJT6, STM32U5A5ZJT6Q, STM32U5A5ZJY6QTR, STM32U5A9BJY6QTR, STM32U5A9J-DK, STM32U5A9NJH6Q, STM32U5A9VJT6Q, STM32U5A9ZJT6Q, STM32U5A9ZJY6QTR, STM32U5F7VIT6, STM32U5F7VIT6Q, STM32U5F7VJT6, STM32U5F7VJT6Q, STM32U5F9BJY6QTR, STM32U5F9NJH6Q, STM32U5F9VIT6Q, STM32U5F9VJT6Q, STM32U5F9ZIJ6QTR, STM32U5F9ZIT6Q, STM32U5F9ZJJ6QTR, STM32U5F9ZJT6Q, STM32U5G7VJT6, STM32U5G7VJT6Q, STM32U5G9BJY6QTR, STM32U5G9J-DK1, STM32U5G9J-DK2, STM32U5G9NJH6Q, STM32U5G9VJT6Q, STM32U5G9ZJJ6QTR, STM32U5G9ZJT6Q, STM32WB05KZV6TR, STM32WB05KZV7TR, STM32WB05TZF6TR, STM32WB05TZF7TR, STM32WB06CCF6TR, STM32WB06CCF7TR, STM32WB06CCV6TR, STM32WB06CCV7TR, STM32WB06KCV6TR, STM32WB06KCV7TR, STM32WB07CCF6TR, STM32WB07CCF7TR, STM32WB07CCV6TR, STM32WB07CCV7TR, STM32WB07KCV6TR, STM32WB07KCV7TR, STM32WB09KEV6TR, STM32WB09KEV7TR, STM32WB09TEF6TR, STM32WB09TEF7TR, STM32WB1MMCH6, STM32WBA50KGU6, STM32WBA50KGU6TR, STM32WBA52CEU6, STM32WBA52CEU6TR, STM32WBA52CEU7, STM32WBA52CEU7TR, STM32WBA52CGU6, STM32WBA52CGU6TR, STM32WBA52CGU6U, STM32WBA52CGU7, STM32WBA52CGU7TR, STM32WBA52KEU6, STM32WBA52KEU6TR, STM32WBA52KGU6, STM32WBA52KGU6TR, STM32WBA54CEU6, STM32WBA54CEU6TR, STM32WBA54CEU7, STM32WBA54CEU7TR, STM32WBA54CGU6, STM32WBA54CGU6TR, STM32WBA54CGU7, STM32WBA54CGU7TR, STM32WBA54KEU6, STM32WBA54KEU6TR, STM32WBA54KEU7, STM32WBA54KEU7TR, STM32WBA54KGU6, STM32WBA54KGU6TR, STM32WBA54KGU7, STM32WBA54KGU7TR, STM32WBA55CEU6, STM32WBA55CEU6TR, STM32WBA55CEU7, STM32WBA55CEU7TR, STM32WBA55CGU6, STM32WBA55CGU6TR, STM32WBA55CGU6U, STM32WBA55CGU7, STM32WBA55CGU7TR, STM32WBA55G-DK1, STM32WBA55HEF6, STM32WBA55HEF7, STM32WBA55HGF6, STM32WBA55HGF7, STM32WBA55UEI6, STM32WBA55UEI6TR, STM32WBA55UEI7, STM32WBA55UEI7TR, STM32WBA55UGI6, STM32WBA55UGI6TR, STM32WBA55UGI7, STM32WBA55UGI7TR, STM32WBA5MJGH6TR, STM32WBA62CGU6, STM32WBA62CIU6, STM32WBA62MGF6, STM32WBA62MIF6, STM32WBA62PGI6, STM32WBA62PII6, STM32WBA63CGU6, STM32WBA63CGU7, STM32WBA63CIU6, STM32WBA63CIU7, STM32WBA64CGU6, STM32WBA64CGU7, STM32WBA64CIU6, STM32WBA64CIU7, STM32WBA65CGU6, STM32WBA65CGU7, STM32WBA65CIU6, STM32WBA65CIU7, STM32WBA65I-DK1, STM32WBA65MGF6, STM32WBA65MGF7, STM32WBA65MIF6, STM32WBA65MIF7, STM32WBA65PGI6, STM32WBA65PGI7, STM32WBA65PII6, STM32WBA65PII7, STM32WBA65RGV6, STM32WBA65RGV7, STM32WBA65RIV6, STM32WBA65RIV7, STM32WL30K8V6, STM32WL30KBV6, STM32WL31C8V6, STM32WL31CBV6, STM32WL31K8V6, STM32WL31KBV6, STM32WL33C8V6, STM32WL33C8V6TR, STM32WL33C8V7, STM32WL33C8V7TR, STM32WL33CBV6, STM32WL33CBV6TR, STM32WL33CBV7, STM32WL33CBV7TR, STM32WL33CCV6, STM32WL33CCV6TR, STM32WL33CCV7, STM32WL33CCV7A, STM32WL33CCV7ATR, STM32WL33CCV7TR, STM32WL33K8V6, STM32WL33K8V6TR, STM32WL33K8V7, STM32WL33K8V7TR, STM32WL33KBV6, STM32WL33KBV6TR, STM32WL33KBV7, STM32WL33KBV7TR, STM32WL33KCV6, STM32WL33KCV6TR, STM32WL33KCV7, STM32WL33KCV7TR, STM32WL5MOCH6, STM32WL5MOCH6TR]
2026-07-22 15:58:22,878 [INFO] DbMcus:218 - Found 5082 MCUs, 4964 are supported
2026-07-22 15:58:22,880 [INFO] ApiDb:423 - Load user favorites file C:\Users\abhil/.stm32cubeide/favorites.mcus.txt: 0 item(s)
2026-07-22 15:58:22,880 [INFO] ApiDb:427 - User favorites MCUs=[]
2026-07-22 15:58:22,880 [INFO] DbMcus:224 - Set 0 / 0 favorites MCUs
2026-07-22 15:58:23,487 [INFO] BoardInfo:889 - No configuration file found for board NUCLEO-H5E5ZJ
2026-07-22 15:58:23,489 [INFO] DbBoards:161 - Board is not supported: NUCLEO-H5E5ZJ
2026-07-22 15:58:23,572 [INFO] BoardInfo:889 - No configuration file found for board NUCLEO-U3C5ZI-Q
2026-07-22 15:58:23,574 [INFO] DbBoards:161 - Board is not supported: NUCLEO-U3C5ZI-Q
2026-07-22 15:58:23,597 [INFO] BoardInfo:889 - No configuration file found for board NUCLEO-WBA25CE1
2026-07-22 15:58:23,598 [INFO] DbBoards:161 - Board is not supported: NUCLEO-WBA25CE1
2026-07-22 15:58:23,612 [INFO] BoardInfo:889 - No configuration file found for board NUCLEO-WL3RKB1
2026-07-22 15:58:23,614 [INFO] DbBoards:161 - Board is not supported: NUCLEO-WL3RKB1
2026-07-22 15:58:23,615 [INFO] BoardInfo:889 - No configuration file found for board NUCLEO-WL3RKB2
2026-07-22 15:58:23,617 [INFO] DbBoards:161 - Board is not supported: NUCLEO-WL3RKB2
2026-07-22 15:58:23,629 [INFO] BoardInfo:889 - No configuration file found for board P-NUCLEO-WB55
2026-07-22 15:58:23,631 [INFO] DbBoards:161 - Kit is not supported: P-NUCLEO-WB55
2026-07-22 15:58:23,640 [INFO] BoardInfo:889 - No configuration file found for board STEVAL-BFA001V1B
2026-07-22 15:58:23,641 [INFO] DbBoards:161 - Kit is not supported: STEVAL-BFA001V1B
2026-07-22 15:58:23,644 [INFO] BoardInfo:889 - No configuration file found for board STEVAL-BFA001V2B
2026-07-22 15:58:23,645 [INFO] DbBoards:161 - Kit is not supported: STEVAL-BFA001V2B
2026-07-22 15:58:23,801 [INFO] BoardInfo:889 - No configuration file found for board STM32H5F5J-DK
2026-07-22 15:58:23,803 [INFO] DbBoards:161 - Board is not supported: STM32H5F5J-DK
2026-07-22 15:58:23,894 [INFO] BoardInfo:889 - No configuration file found for board STM32MP215F-DK
2026-07-22 15:58:23,895 [INFO] DbBoards:161 - Board is not supported: STM32MP215F-DK
2026-07-22 15:58:23,926 [INFO] DbBoards:168 - Found 218 boards, 208 are supported
2026-07-22 15:58:23,926 [INFO] DbBoards:169 - Found 218 boards, 43 of them is supported for  Bsp
2026-07-22 15:58:23,932 [INFO] ApiDb:423 - Load user favorites file C:\Users\abhil/.stm32cubeide/favorites.boards.txt: 0 item(s)
2026-07-22 15:58:23,932 [INFO] ApiDb:427 - User favorites Boards=[]
2026-07-22 15:58:23,932 [INFO] DbBoards:198 - Set 0 / 0 favorites Boards
2026-07-22 15:58:23,971 [INFO] UtilMem:75 - End LoadConfig() Used Memory: 289734992 Bytes (463470592)
2026-07-22 15:58:24,093 [WARN] ThirdParty:833 - waiting for thirdparty lock release [change project]
2026-07-22 15:58:24,094 [INFO] ThirdParty:835 - entering critical section [change project]
2026-07-22 15:58:24,094 [INFO] ThirdParty:1030 - CMSIS Pack Vendor :STMicroelectronics X-CUBE-AZRTOS-H7 3.5.0
2026-07-22 15:58:24,094 [INFO] ThirdParty:1030 - CMSIS Pack Vendor :STMicroelectronics X-CUBE-PM33A1 1.0.0
2026-07-22 15:58:24,094 [INFO] ThirdParty:1030 - CMSIS Pack Vendor :STMicroelectronics USBPD 4.1
2026-07-22 15:58:24,094 [INFO] ThirdParty:1030 - CMSIS Pack Vendor :STMicroelectronics X-CUBE-GNSS1 6.0.0
2026-07-22 15:58:24,094 [INFO] ThirdParty:1030 - CMSIS Pack Vendor :STMicroelectronics USB_HOST 2.0.0
2026-07-22 15:58:24,094 [INFO] ThirdParty:1030 - CMSIS Pack Vendor :STMicroelectronics FP-SNS-MOTENVWB1 1.4.0
2026-07-22 15:58:24,094 [INFO] ThirdParty:1030 - CMSIS Pack Vendor :STMicroelectronics FP-ATR-ASTRA1 2.0.3
2026-07-22 15:58:24,094 [INFO] ThirdParty:1030 - CMSIS Pack Vendor :STMicroelectronics X-CUBE-AZRTOS-F4 1.1.0
2026-07-22 15:58:24,094 [INFO] ThirdParty:1030 - CMSIS Pack Vendor :STMicroelectronics LIBJPEG 8.0.0
2026-07-22 15:58:24,094 [INFO] ThirdParty:1030 - CMSIS Pack Vendor :STMicroelectronics FP-ATR-ASTRA1 2.0.2
2026-07-22 15:58:24,094 [INFO] ThirdParty:1030 - CMSIS Pack Vendor :STMicroelectronics FP-ATR-ASTRA1 2.0.1
2026-07-22 15:58:24,094 [INFO] ThirdParty:1030 - CMSIS Pack Vendor :Avnet-IotConnect X-CUBE-IoTC-DA16k-PMOD 1.0.0
2026-07-22 15:58:24,094 [INFO] ThirdParty:1030 - CMSIS Pack Vendor :STMicroelectronics X-CUBE-SMBUS 2.1.0
2026-07-22 15:58:24,094 [INFO] ThirdParty:1030 - CMSIS Pack Vendor :STMicroelectronics X-CUBE-WB05N 1.1.0
2026-07-22 15:58:24,094 [INFO] ThirdParty:1030 - CMSIS Pack Vendor :STMicroelectronics X-CUBE-ISPU 2.1.0
2026-07-22 15:58:24,094 [INFO] ThirdParty:1030 - CMSIS Pack Vendor :STMicroelectronics eDS-WB_DPC_TT-BIDIR 2.1.1
2026-07-22 15:58:24,094 [INFO] ThirdParty:1030 - CMSIS Pack Vendor :STMicroelectronics X-CUBE-FREERTOS 1.2.0
2026-07-22 15:58:24,094 [INFO] ThirdParty:1030 - CMSIS Pack Vendor :STMicroelectronics X-CUBE-ST60 1.0.0
2026-07-22 15:58:24,094 [INFO] ThirdParty:1030 - CMSIS Pack Vendor :STMicroelectronics X-CUBE-NFC12 1.0.0
2026-07-22 15:58:24,094 [INFO] ThirdParty:1030 - CMSIS Pack Vendor :STMicroelectronics X-CUBE-BLEMGR 1.2.0
2026-07-22 15:58:24,094 [INFO] ThirdParty:1030 - CMSIS Pack Vendor :STMicroelectronics X-CUBE-TOUCHGFX 4.23.2
2026-07-22 15:58:24,094 [INFO] ThirdParty:1030 - CMSIS Pack Vendor :STMicroelectronics X-CUBE-AZRTOS-F7 1.1.0
2026-07-22 15:58:24,094 [INFO] ThirdParty:1030 - CMSIS Pack Vendor :STMicroelectronics X-CUBE-AZRTOS-L5 2.0.0
2026-07-22 15:58:24,094 [INFO] ThirdParty:1030 - CMSIS Pack Vendor :STMicroelectronics USB_DEVICE 2.0.0
2026-07-22 15:58:24,095 [INFO] ThirdParty:1030 - CMSIS Pack Vendor :STMicroelectronics X-CUBE-NFC6 3.1.0
2026-07-22 15:58:24,095 [INFO] ThirdParty:1030 - CMSIS Pack Vendor :STMicroelectronics X-CUBE-BLE1 6.2.3
2026-07-22 15:58:24,095 [INFO] ThirdParty:1030 - CMSIS Pack Vendor :STMicroelectronics X-CUBE-MEMS1 11.0.0
2026-07-22 15:58:24,095 [INFO] ThirdParty:1030 - CMSIS Pack Vendor :STMicroelectronics X-CUBE-BLE1 6.2.4
2026-07-22 15:58:24,095 [INFO] ThirdParty:1030 - CMSIS Pack Vendor :STMicroelectronics X-CUBE-ALGOBUILD 1.5.0
2026-07-22 15:58:24,095 [INFO] ThirdParty:1030 - CMSIS Pack Vendor :STMicroelectronics FreeRTOS 0.0.1
2026-07-22 15:58:24,095 [INFO] ThirdParty:1030 - CMSIS Pack Vendor :STMicroelectronics X-CUBE-AZRTOS-H7RS 1.3.0
2026-07-22 15:58:24,095 [INFO] ThirdParty:1030 - CMSIS Pack Vendor :STMicroelectronics X-CUBE-BLEMGR 2.0.0
2026-07-22 15:58:24,095 [INFO] ThirdParty:1030 - CMSIS Pack Vendor :STMicroelectronics X-CUBE-DPower 1.2.0
2026-07-22 15:58:24,095 [INFO] ThirdParty:1030 - CMSIS Pack Vendor :STMicroelectronics eDS-WB_DPC_VIENNA 1.2.0
2026-07-22 15:58:24,095 [INFO] ThirdParty:1030 - CMSIS Pack Vendor :STMicroelectronics FP-SNS-FLIGHT1 5.0.2
2026-07-22 15:58:24,095 [INFO] ThirdParty:1030 - CMSIS Pack Vendor :STMicroelectronics eDS-WB_DPC_3PH2L-BIDIR 1.1.1
2026-07-22 15:58:24,095 [INFO] ThirdParty:1030 - CMSIS Pack Vendor :STMicroelectronics X-CUBE-NFC4 2.0.4
2026-07-22 15:58:24,095 [INFO] ThirdParty:1030 - CMSIS Pack Vendor :STMicroelectronics X-CUBE-AI 9.0.0
2026-07-22 15:58:24,095 [INFO] ThirdParty:1030 - CMSIS Pack Vendor :STMicroelectronics X-CUBE-AZRTOS-H7 3.1.0
2026-07-22 15:58:24,095 [INFO] ThirdParty:1030 - CMSIS Pack Vendor :STMicroelectronics PDM2PCM 3.3.0
2026-07-22 15:58:24,095 [INFO] ThirdParty:1030 - CMSIS Pack Vendor :STMicroelectronics X-CUBE-TOF1 3.1.0
2026-07-22 15:58:24,095 [INFO] ThirdParty:1030 - CMSIS Pack Vendor :STMicroelectronics X-CUBE-AZRTOS-H7 3.4.0
2026-07-22 15:58:24,095 [INFO] ThirdParty:1030 - CMSIS Pack Vendor :STMicroelectronics X-CUBE-DISPLAY 3.0.0
2026-07-22 15:58:24,095 [INFO] ThirdParty:1030 - CMSIS Pack Vendor :STMicroelectronics X-CUBE-GNSS1 7.1.1
2026-07-22 15:58:24,095 [INFO] ThirdParty:1030 - CMSIS Pack Vendor :STMicroelectronics X-CUBE-BLE1 7.0.0
2026-07-22 15:58:24,095 [INFO] ThirdParty:1030 - CMSIS Pack Vendor :STMicroelectronics X-CUBE-NFC10 1.0.0
2026-07-22 15:58:24,095 [INFO] ThirdParty:1030 - CMSIS Pack Vendor :wolfSSL I-CUBE-wolfSSL 5.5.1
2026-07-22 15:58:24,095 [INFO] ThirdParty:1030 - CMSIS Pack Vendor :STMicroelectronics X-CUBE-BLEMGR 4.0.0
2026-07-22 15:58:24,095 [INFO] ThirdParty:1030 - CMSIS Pack Vendor :STMicroelectronics X-CUBE-FREERTOS 1.3.1
2026-07-22 15:58:24,095 [INFO] ThirdParty:1030 - CMSIS Pack Vendor :STMicroelectronics HAL Drivers 0.0.0
2026-07-22 15:58:24,095 [INFO] ThirdParty:1030 - CMSIS Pack Vendor :STMicroelectronics X-CUBE-ST60 1.1.0
2026-07-22 15:58:24,095 [INFO] ThirdParty:1030 - CMSIS Pack Vendor :STMicroelectronics X-CUBE-FREERTOS 1.3.0
2026-07-22 15:58:24,095 [INFO] ThirdParty:1030 - CMSIS Pack Vendor :STMicroelectronics X-CUBE-NFC7 1.0.1
2026-07-22 15:58:24,095 [INFO] ThirdParty:1030 - CMSIS Pack Vendor :STMicroelectronics MBEDTLS 2.14.1
2026-07-22 15:58:24,095 [INFO] ThirdParty:1030 - CMSIS Pack Vendor :STMicroelectronics X-CUBE-GNSS1 7.1.0
2026-07-22 15:58:24,095 [INFO] ThirdParty:1030 - CMSIS Pack Vendor :STMicroelectronics X-CUBE-NFC7 1.0.0
2026-07-22 15:58:24,095 [INFO] ThirdParty:1030 - CMSIS Pack Vendor :STMicroelectronics X-CUBE-TOUCHGFX 4.26.0
2026-07-22 15:58:24,096 [INFO] ThirdParty:1030 - CMSIS Pack Vendor :STMicroelectronics X-CUBE-MEMS1 9.3.0
2026-07-22 15:58:24,096 [INFO] ThirdParty:1030 - CMSIS Pack Vendor :STMicroelectronics X-CUBE-TOUCHGFX 4.26.1
2026-07-22 15:58:24,096 [INFO] ThirdParty:1030 - CMSIS Pack Vendor :STMicroelectronics X-CUBE-EEPRMA1 4.1.0
2026-07-22 15:58:24,096 [INFO] ThirdParty:1030 - CMSIS Pack Vendor :STMicroelectronics X-CUBE-AI 7.2.0
2026-07-22 15:58:24,096 [INFO] ThirdParty:1030 - CMSIS Pack Vendor :STMicroelectronics X-CUBE-BLEMGR 3.1.0
2026-07-22 15:58:24,096 [INFO] ThirdParty:1030 - CMSIS Pack Vendor :STMicroelectronics X-CUBE-AI 10.0.0
2026-07-22 15:58:24,096 [INFO] ThirdParty:1030 - CMSIS Pack Vendor :STMicroelectronics FP-SNS-STAIOTCFT 1.0.0
2026-07-22 15:58:24,096 [INFO] ThirdParty:1030 - CMSIS Pack Vendor :STMicroelectronics FP-SNS-SMARTAG2 1.2.0
2026-07-22 15:58:24,096 [INFO] ThirdParty:1030 - CMSIS Pack Vendor :STMicroelectronics FP-SNS-FLIGHT1 5.1.0
2026-07-22 15:58:24,096 [INFO] ThirdParty:1030 - CMSIS Pack Vendor :STMicroelectronics X-CUBE-MEMS1 11.1.0
2026-07-22 15:58:24,096 [INFO] ThirdParty:1030 - CMSIS Pack Vendor :STMicroelectronics X-CUBE-AZRTOS-WL 2.0.0
2026-07-22 15:58:24,096 [INFO] ThirdParty:1030 - CMSIS Pack Vendor :STMicroelectronics X-CUBE-DPower 1.3.0
2026-07-22 15:58:24,096 [INFO] ThirdParty:1030 - CMSIS Pack Vendor :STMicroelectronics FP-SNS-MOTENV1 5.0.0
2026-07-22 15:58:24,096 [INFO] ThirdParty:1030 - CMSIS Pack Vendor :STMicroelectronics USB_DEVICE 1.0.0
2026-07-22 15:58:24,096 [INFO] ThirdParty:1030 - CMSIS Pack Vendor :STMicroelectronics X-CUBE-AZRTOS-H7RS 1.2.0
2026-07-22 15:58:24,096 [INFO] ThirdParty:1030 - CMSIS Pack Vendor :wolfSSL I-CUBE-wolfMQTT 1.19.0
2026-07-22 15:58:24,096 [INFO] ThirdParty:1030 - CMSIS Pack Vendor :STMicroelectronics X-CUBE-AZRTOS-L4 2.0.0
2026-07-22 15:58:24,096 [INFO] ThirdParty:1030 - CMSIS Pack Vendor :STMicroelectronics ThreadX 0.0.2
2026-07-22 15:58:24,096 [INFO] ThirdParty:1030 - CMSIS Pack Vendor :WES I-CUBE-Cesium 1.3.0
2026-07-22 15:58:24,096 [INFO] ThirdParty:1030 - CMSIS Pack Vendor :STMicroelectronics lwIP 2.1.2
2026-07-22 15:58:24,096 [INFO] ThirdParty:1030 - CMSIS Pack Vendor :STMicroelectronics X-CUBE-SFXS2LP1 4.0.0
2026-07-22 15:58:24,096 [INFO] ThirdParty:1030 - CMSIS Pack Vendor :STMicroelectronics X-CUBE-BLE2 3.3.0
2026-07-22 15:58:24,096 [INFO] ThirdParty:1030 - CMSIS Pack Vendor :Avnet-IOTCONNECT X-CUBE-iotc-st67-sdk 1.0.0
2026-07-22 15:58:24,096 [INFO] ThirdParty:1030 - CMSIS Pack Vendor :STMicroelectronics X-CUBE-DISPLAY 2.2.0
2026-07-22 15:58:24,096 [INFO] ThirdParty:1030 - CMSIS Pack Vendor :STMicroelectronics X-CUBE-TOF1 3.2.0
2026-07-22 15:58:24,096 [INFO] ThirdParty:1030 - CMSIS Pack Vendor :STMicroelectronics PDM2PCM 3.2.0
2026-07-22 15:58:24,096 [INFO] ThirdParty:1030 - CMSIS Pack Vendor :STMicroelectronics X-CUBE-ISPU 1.0.0
2026-07-22 15:58:24,096 [INFO] ThirdParty:1030 - CMSIS Pack Vendor :STMicroelectronics X-CUBE-WB05N 2.1.0
2026-07-22 15:58:24,096 [INFO] ThirdParty:1030 - CMSIS Pack Vendor :STMicroelectronics X-CUBE-ISPU 1.1.0
2026-07-22 15:58:24,096 [INFO] ThirdParty:1030 - CMSIS Pack Vendor :STMicroelectronics X-CUBE-AZRTOS-H7 3.3.0
2026-07-22 15:58:24,096 [INFO] ThirdParty:1030 - CMSIS Pack Vendor :RoweBots I-CUBE-UNISONRTOS 5.5.0-4
2026-07-22 15:58:24,096 [INFO] ThirdParty:1030 - CMSIS Pack Vendor :STMicroelectronics X-CUBE-NFC9 1.0.0
2026-07-22 15:58:24,096 [INFO] ThirdParty:1030 - CMSIS Pack Vendor :STMicroelectronics X-CUBE-AZRTOS-H7 2.1.0
2026-07-22 15:58:24,096 [INFO] ThirdParty:1030 - CMSIS Pack Vendor :STMicroelectronics X-CUBE-BLE1 7.1.0
2026-07-22 15:58:24,096 [INFO] ThirdParty:1030 - CMSIS Pack Vendor :STMicroelectronics USB_DEVICE 3.0.0
2026-07-22 15:58:24,097 [INFO] ThirdParty:1030 - CMSIS Pack Vendor :STMicroelectronics X-CUBE-TCPP 4.1.0
2026-07-22 15:58:24,097 [INFO] ThirdParty:1030 - CMSIS Pack Vendor :STMicroelectronics X-CUBE-EEPRMA1 5.2.0
2026-07-22 15:58:24,097 [INFO] ThirdParty:1030 - CMSIS Pack Vendor :STMicroelectronics X-CUBE-BLEMGR 4.1.0
2026-07-22 15:58:24,097 [INFO] ThirdParty:1030 - CMSIS Pack Vendor :STMicroelectronics X-CUBE-AI 8.0.0
2026-07-22 15:58:24,097 [INFO] ThirdParty:1030 - CMSIS Pack Vendor :STMicroelectronics X-CUBE-IPS 3.0.0
2026-07-22 15:58:24,097 [INFO] ThirdParty:1030 - CMSIS Pack Vendor :STMicroelectronics X-CUBE-AZRTOS-WB 2.0.0
2026-07-22 15:58:24,097 [INFO] ThirdParty:1030 - CMSIS Pack Vendor :STMicroelectronics X-CUBE-FREERTOS 1.0.1
2026-07-22 15:58:24,097 [INFO] ThirdParty:1030 - CMSIS Pack Vendor :STMicroelectronics X-CUBE-GNSS1 7.0.0
2026-07-22 15:58:24,097 [INFO] ThirdParty:1030 - CMSIS Pack Vendor :STMicroelectronics X-CUBE-GNSS1 7.0.1
2026-07-22 15:58:24,097 [INFO] ThirdParty:1030 - CMSIS Pack Vendor :STMicroelectronics X-CUBE-TOUCHGFX 4.21.3
2026-07-22 15:58:24,097 [INFO] ThirdParty:1030 - CMSIS Pack Vendor :STMicroelectronics X-CUBE-TOUCHGFX 4.25.0
2026-07-22 15:58:24,097 [INFO] ThirdParty:1030 - CMSIS Pack Vendor :STMicroelectronics X-CUBE-AI 7.3.0
2026-07-22 15:58:24,097 [INFO] ThirdParty:1030 - CMSIS Pack Vendor :STMicroelectronics X-CUBE-AI 10.1.0
2026-07-22 15:58:24,097 [INFO] ThirdParty:1030 - CMSIS Pack Vendor :STMicroelectronics FP-SNS-STBOX1 2.0.0
2026-07-22 15:58:24,097 [INFO] ThirdParty:1030 - CMSIS Pack Vendor :STMicroelectronics X-CUBE-MEMS1 12.0.0
2026-07-22 15:58:24,097 [INFO] ThirdParty:1030 - CMSIS Pack Vendor :STMicroelectronics X-CUBE-ALGOBUILD 1.3.0
2026-07-22 15:58:24,097 [INFO] ThirdParty:1030 - CMSIS Pack Vendor :STMicroelectronics X-CUBE-STSE01 2.0.0
2026-07-22 15:58:24,097 [INFO] ThirdParty:1030 - CMSIS Pack Vendor :STMicroelectronics X-CUBE-AZRTOS-L5 1.1.0
2026-07-22 15:58:24,097 [INFO] ThirdParty:1030 - CMSIS Pack Vendor :STMicroelectronics X-CUBE-MEMS1 11.2.0
2026-07-22 15:58:24,097 [INFO] ThirdParty:1030 - CMSIS Pack Vendor :STMicroelectronics X-CUBE-AZRTOS-G0 1.1.0
2026-07-22 15:58:24,097 [INFO] ThirdParty:1030 - CMSIS Pack Vendor :STMicroelectronics X-CUBE-SAFEA1 1.2.2
2026-07-22 15:58:24,097 [INFO] ThirdParty:1030 - CMSIS Pack Vendor :STMicroelectronics X-CUBE-NFC4 3.0.0
2026-07-22 15:58:24,097 [INFO] ThirdParty:1030 - CMSIS Pack Vendor :STMicroelectronics X-CUBE-SUBG2 5.0.0
2026-07-22 15:58:24,097 [INFO] ThirdParty:1030 - CMSIS Pack Vendor :STMicroelectronics X-CUBE-AZRTOS-H7RS 1.1.0
2026-07-22 15:58:24,097 [INFO] ThirdParty:1030 - CMSIS Pack Vendor :STMicroelectronics STM32_WPAN 1.0.0
2026-07-22 15:58:24,097 [INFO] ThirdParty:1030 - CMSIS Pack Vendor :SEGGER I-CUBE-embOS 1.2.1
2026-07-22 15:58:24,097 [INFO] ThirdParty:1030 - CMSIS Pack Vendor :wolfSSL I-CUBE-wolfMQTT 1.18.0
2026-07-22 15:58:24,097 [INFO] ThirdParty:1030 - CMSIS Pack Vendor :EmbeddedOffice I-CUBE-FS-RTOS 1.0.1
2026-07-22 15:58:24,097 [INFO] ThirdParty:1030 - CMSIS Pack Vendor :STMicroelectronics lwIP 2.0.3
2026-07-22 15:58:24,097 [INFO] ThirdParty:1030 - CMSIS Pack Vendor :Cesanta I-CUBE-Mongoose 7.13.0
2026-07-22 15:58:24,097 [INFO] ThirdParty:1030 - CMSIS Pack Vendor :STMicroelectronics USB_HOST 1.0.0
2026-07-22 15:58:24,097 [INFO] ThirdParty:1030 - CMSIS Pack Vendor :STMicroelectronics X-CUBE-AZRTOS-G4 2.0.0
2026-07-22 15:58:24,097 [INFO] ThirdParty:1030 - CMSIS Pack Vendor :STMicroelectronics X-CUBE-WB05N 2.0.0
2026-07-22 15:58:24,097 [INFO] ThirdParty:1030 - CMSIS Pack Vendor :STMicroelectronics PDM2PCM 3.1.0
2026-07-22 15:58:24,098 [INFO] ThirdParty:1030 - CMSIS Pack Vendor :STMicroelectronics X-CUBE-TOF1 3.3.0
2026-07-22 15:58:24,098 [INFO] ThirdParty:1030 - CMSIS Pack Vendor :STMicroelectronics FP-ATR-ASTRA1 1.1.1
2026-07-22 15:58:24,098 [INFO] ThirdParty:1030 - CMSIS Pack Vendor :STMicroelectronics X-CUBE-NFC7 2.0.0
2026-07-22 15:58:24,098 [INFO] ThirdParty:1030 - CMSIS Pack Vendor :STMicroelectronics X-CUBE-TCPP 4.2.0
2026-07-22 15:58:24,098 [INFO] ThirdParty:1030 - CMSIS Pack Vendor :RealThread X-CUBE-RT-Thread_Nano 4.1.1
2026-07-22 15:58:24,098 [INFO] ThirdParty:1030 - CMSIS Pack Vendor :STMicroelectronics FP-ATR-SIGFOX1 3.2.0
2026-07-22 15:58:24,098 [INFO] ThirdParty:1030 - CMSIS Pack Vendor :STMicroelectronics X-CUBE-AZRTOS-G4 1.0.0
2026-07-22 15:58:24,098 [INFO] ThirdParty:1030 - CMSIS Pack Vendor :STMicroelectronics X-CUBE-AZRTOS-L4 1.0.0
2026-07-22 15:58:24,098 [INFO] ThirdParty:1030 - CMSIS Pack Vendor :quantropi X-CUBE-qispace-sdk-base 1.9.3
2026-07-22 15:58:24,098 [INFO] ThirdParty:1030 - CMSIS Pack Vendor :STMicroelectronics X-CUBE-ISPU 2.0.0
2026-07-22 15:58:24,098 [INFO] ThirdParty:1030 - CMSIS Pack Vendor :STMicroelectronics X-CUBE-EEPRMA1 5.1.0
2026-07-22 15:58:24,098 [INFO] ThirdParty:1030 - CMSIS Pack Vendor :STMicroelectronics MBEDTLS 2.16.2
2026-07-22 15:58:24,098 [INFO] ThirdParty:1030 - CMSIS Pack Vendor :STMicroelectronics X-CUBE-IPS 3.1.0
2026-07-22 15:58:24,098 [INFO] ThirdParty:1030 - CMSIS Pack Vendor :STMicroelectronics X-CUBE-ALS 1.0.2
2026-07-22 15:58:24,098 [INFO] ThirdParty:1030 - CMSIS Pack Vendor :emotas I-CUBE-CANOPEN 1.1.2
2026-07-22 15:58:24,098 [INFO] ThirdParty:1030 - CMSIS Pack Vendor :STMicroelectronics X-CUBE-TOUCHGFX 4.20.0
2026-07-22 15:58:24,098 [INFO] ThirdParty:1030 - CMSIS Pack Vendor :STMicroelectronics X-CUBE-MEMS1 10.0.0
2026-07-22 15:58:24,098 [INFO] ThirdParty:1030 - CMSIS Pack Vendor :ITTIA_DB I-CUBE-ITTIADB 8.9.0
2026-07-22 15:58:24,098 [INFO] ThirdParty:1030 - CMSIS Pack Vendor :STMicroelectronics X-CUBE-TOUCHGFX 4.24.2
2026-07-22 15:58:24,098 [INFO] ThirdParty:1030 - CMSIS Pack Vendor :STMicroelectronics X-CUBE-AZRTOS-WL 1.0.0
2026-07-22 15:58:24,098 [INFO] ThirdParty:1030 - CMSIS Pack Vendor :STMicroelectronics X-CUBE-TOUCHGFX 4.24.1
2026-07-22 15:58:24,098 [INFO] ThirdParty:1030 - CMSIS Pack Vendor :STMicroelectronics X-CUBE-STSE01 1.0.0
2026-07-22 15:58:24,098 [INFO] ThirdParty:1030 - CMSIS Pack Vendor :wolfSSL I-CUBE-wolfTPM 3.4.0
2026-07-22 15:58:24,098 [INFO] ThirdParty:1030 - CMSIS Pack Vendor :portGmbH I-Cube-SoM-uGOAL 1.1.0
2026-07-22 15:58:24,098 [INFO] ThirdParty:1030 - CMSIS Pack Vendor :STMicroelectronics X-CUBE-ALS 1.0.1
2026-07-22 15:58:24,098 [INFO] ThirdParty:1030 - CMSIS Pack Vendor :STMicroelectronics X-CUBE-NFC6 3.2.0
2026-07-22 15:58:24,098 [INFO] ThirdParty:1030 - CMSIS Pack Vendor :STMicroelectronics X-CUBE-MEMS1 9.5.0
2026-07-22 15:58:24,098 [INFO] ThirdParty:1030 - CMSIS Pack Vendor :STMicroelectronics X-CUBE-ST67W61 1.0.0
2026-07-22 15:58:24,098 [INFO] ThirdParty:1030 - CMSIS Pack Vendor :STMicroelectronics X-CUBE-AI 10.2.1
2026-07-22 15:58:24,098 [INFO] ThirdParty:1030 - CMSIS Pack Vendor :STMicroelectronics X-CUBE-AI 10.2.0
2026-07-22 15:58:24,098 [INFO] ThirdParty:1030 - CMSIS Pack Vendor :STMicroelectronics ThreadX 1.0.0
2026-07-22 15:58:24,098 [INFO] ThirdParty:1030 - CMSIS Pack Vendor :STMicroelectronics X-CUBE-MEMS1 12.1.0
2026-07-22 15:58:24,098 [INFO] ThirdParty:1030 - CMSIS Pack Vendor :STMicroelectronics X-CUBE-AZRTOS-WB 1.1.0
2026-07-22 15:58:24,099 [INFO] ThirdParty:1030 - CMSIS Pack Vendor :SEGGER I-CUBE-embOS 1.3.1
2026-07-22 15:58:24,099 [INFO] ThirdParty:1030 - CMSIS Pack Vendor :STMicroelectronics X-CUBE-ALGOBUILD 1.4.0
2026-07-22 15:58:24,099 [INFO] ThirdParty:1030 - CMSIS Pack Vendor :STMicroelectronics X-CUBE-MEMS1 11.3.0
2026-07-22 15:58:24,099 [INFO] ThirdParty:1030 - CMSIS Pack Vendor :STMicroelectronics X-CUBE-AZRTOS-L5 1.0.0
2026-07-22 15:58:24,099 [INFO] ThirdParty:1030 - CMSIS Pack Vendor :STMicroelectronics X-CUBE-EEPRMA1 3.1.1
2026-07-22 15:58:24,099 [INFO] ThirdParty:1030 - CMSIS Pack Vendor :STMicroelectronics X-CUBE-AZRTOS-H7RS 1.0.0
2026-07-22 15:58:24,099 [INFO] ThirdParty:1030 - CMSIS Pack Vendor :STMicroelectronics FP-ATR-ASTRA1 2.0.0
2026-07-22 15:58:24,099 [INFO] ThirdParty:1030 - CMSIS Pack Vendor :STMicroelectronics X-CUBE-TOF1 3.4.2
2026-07-22 15:58:24,099 [INFO] ThirdParty:1030 - CMSIS Pack Vendor :STMicroelectronics X-CUBE-TOF1 3.4.3
2026-07-22 15:58:24,099 [INFO] ThirdParty:1030 - CMSIS Pack Vendor :STMicroelectronics X-CUBE-AI 9.1.0
2026-07-22 15:58:24,099 [INFO] ThirdParty:1030 - CMSIS Pack Vendor :STMicroelectronics X-CUBE-TOF1 3.4.1
2026-07-22 15:58:24,099 [INFO] ThirdParty:1030 - CMSIS Pack Vendor :STMicroelectronics X-CUBE-AZRTOS-H7 3.2.0
2026-07-22 15:58:24,099 [INFO] ThirdParty:1030 - CMSIS Pack Vendor :STMicroelectronics X-CUBE-NFC13 1.0.0
2026-07-22 15:58:24,099 [INFO] ThirdParty:1030 - CMSIS Pack Vendor :Infineon AIROC-Wi-Fi-Bluetooth-STM32 1.6.0
2026-07-22 15:58:24,099 [INFO] ThirdParty:1030 - CMSIS Pack Vendor :wolfSSL I-CUBE-wolfSSH 1.4.17
2026-07-22 15:58:24,099 [INFO] ThirdParty:841 - exiting critical section [change project]
2026-07-22 15:58:24,463 [INFO] PinOutPanel:1589 - setPackage(No Configuration,No Configuration)
2026-07-22 15:58:24,464 [INFO] PinOutPanel:1589 - setPackage(STM32F411CEUx,UFQFPN48)
2026-07-22 15:58:24,890 [INFO] UtilMem:75 - Before build in PCC Used Memory: 289291288 Bytes (468713472)
2026-07-22 15:58:25,552 [INFO] UtilMem:75 - After build in PCC Used Memory: 369507448 Bytes (468713472)
2026-07-22 15:58:25,644 [INFO] ApiDbMcu:508 - Load IP Config File for USB_DEVICE
2026-07-22 15:58:25,674 [INFO] IPUIPlugin:80 - create IPUIPlugin
2026-07-22 15:58:25,674 [INFO] IPUIPlugin:80 - create IPUIPlugin
2026-07-22 15:58:25,674 [INFO] IPUIPlugin:80 - create IPUIPlugin
2026-07-22 15:58:25,674 [INFO] IPUIPlugin:80 - create IPUIPlugin
2026-07-22 15:58:25,674 [INFO] IPUIPlugin:80 - create IPUIPlugin
2026-07-22 15:58:25,674 [INFO] IPUIPlugin:80 - create IPUIPlugin
2026-07-22 15:58:25,675 [INFO] IPUIPlugin:80 - create IPUIPlugin
2026-07-22 15:58:25,675 [INFO] IPUIPlugin:80 - create IPUIPlugin
2026-07-22 15:58:25,675 [INFO] IPUIPlugin:80 - create IPUIPlugin
2026-07-22 15:58:25,675 [INFO] IPUIPlugin:80 - create IPUIPlugin
2026-07-22 15:58:25,675 [INFO] IPUIPlugin:80 - create IPUIPlugin
2026-07-22 15:58:25,675 [INFO] IPUIPlugin:80 - create IPUIPlugin
2026-07-22 15:58:25,675 [INFO] IPUIPlugin:80 - create IPUIPlugin
2026-07-22 15:58:25,675 [INFO] IPUIPlugin:80 - create IPUIPlugin
2026-07-22 15:58:25,675 [INFO] IPUIPlugin:80 - create IPUIPlugin
2026-07-22 15:58:25,675 [INFO] IPUIPlugin:80 - create IPUIPlugin
2026-07-22 15:58:25,675 [INFO] IPUIPlugin:80 - create IPUIPlugin
2026-07-22 15:58:25,676 [INFO] IPUIPlugin:80 - create IPUIPlugin
2026-07-22 15:58:25,676 [INFO] IPUIPlugin:80 - create IPUIPlugin
2026-07-22 15:58:25,676 [INFO] IPUIPlugin:80 - create IPUIPlugin
2026-07-22 15:58:25,676 [INFO] IPUIPlugin:80 - create IPUIPlugin
2026-07-22 15:58:25,676 [INFO] IPUIPlugin:80 - create IPUIPlugin
2026-07-22 15:58:25,676 [INFO] IPUIPlugin:80 - create IPUIPlugin
2026-07-22 15:58:25,676 [INFO] IPUIPlugin:80 - create IPUIPlugin
2026-07-22 15:58:25,677 [INFO] IPUIPlugin:80 - create IPUIPlugin
2026-07-22 15:58:25,677 [INFO] IPUIPlugin:80 - create IPUIPlugin
2026-07-22 15:58:25,677 [INFO] IPUIPlugin:80 - create IPUIPlugin
2026-07-22 15:58:25,677 [INFO] IPUIPlugin:80 - create IPUIPlugin
2026-07-22 15:58:25,677 [INFO] IPUIPlugin:80 - create IPUIPlugin
2026-07-22 15:58:25,677 [INFO] IPUIPlugin:80 - create IPUIPlugin
2026-07-22 15:58:25,678 [INFO] IPUIPlugin:80 - create IPUIPlugin
2026-07-22 15:58:25,678 [INFO] IPUIPlugin:80 - create IPUIPlugin
2026-07-22 15:58:25,678 [INFO] IPUIPlugin:80 - create IPUIPlugin
2026-07-22 15:58:25,678 [INFO] IPUIPlugin:80 - create IPUIPlugin
2026-07-22 15:58:25,678 [INFO] IPUIPlugin:80 - create IPUIPlugin
2026-07-22 15:58:25,678 [INFO] IPUIPlugin:80 - create IPUIPlugin
2026-07-22 15:58:25,679 [INFO] IPUIPlugin:80 - create IPUIPlugin
2026-07-22 15:58:25,679 [INFO] IPUIPlugin:80 - create IPUIPlugin
2026-07-22 15:58:25,679 [INFO] IPUIPlugin:80 - create IPUIPlugin
2026-07-22 15:58:25,679 [INFO] IPUIPlugin:80 - create IPUIPlugin
2026-07-22 15:58:25,679 [INFO] IPUIPlugin:80 - create IPUIPlugin
2026-07-22 15:58:25,680 [INFO] IPUIPlugin:80 - create IPUIPlugin
2026-07-22 15:58:25,680 [INFO] IPUIPlugin:80 - create IPUIPlugin
2026-07-22 15:58:25,702 [INFO] ApiDbMcu:508 - Load IP Config File for PDM2PCM
2026-07-22 15:58:25,718 [INFO] I2sManager:658 - 1.1875E8
2026-07-22 15:58:25,718 [INFO] I2sManager:195 - I2S Clock Value : 1.1875E8
2026-07-22 15:58:25,721 [INFO] I2sManager:553 - AudioClock : 15995Divider : 116Odd : 0
2026-07-22 15:58:25,929 [INFO] CADModel:165 - CPN selected for project levelSTM32F411CEU6
2026-07-22 15:58:25,930 [INFO] CADModel:114 - Register for checkConnection events
2026-07-22 15:58:25,990 [INFO] OpenFileManager:385 - Restore cursor
2026-07-22 15:58:26,186 [WARN] IP:2250 - DEVICE_SERIAL0_HID_FS not found: check if there is a RefParameter without a condition.
2026-07-22 15:58:26,186 [WARN] IP:2250 - DEVICE_SERIAL1_HID_FS not found: check if there is a RefParameter without a condition.
2026-07-22 15:58:26,186 [WARN] IP:2250 - DEVICE_SERIAL2_HID_FS not found: check if there is a RefParameter without a condition.
2026-07-22 15:58:26,187 [WARN] IP:2250 - DEVICE_SERIAL0_HID_FS not found: check if there is a RefParameter without a condition.
2026-07-22 15:58:26,187 [WARN] IP:2250 - DEVICE_SERIAL1_HID_FS not found: check if there is a RefParameter without a condition.
2026-07-22 15:58:26,187 [WARN] IP:2250 - DEVICE_SERIAL2_HID_FS not found: check if there is a RefParameter without a condition.
2026-07-22 15:59:03,591 [INFO] I2sManager:658 - 1.1875E8
2026-07-22 15:59:03,591 [INFO] I2sManager:195 - I2S Clock Value : 1.1875E8
2026-07-22 15:59:03,592 [INFO] I2sManager:553 - AudioClock : 15995Divider : 116Odd : 0
2026-07-22 15:59:03,670 [WARN] IP:2250 - DEVICE_SERIAL0_HID_FS not found: check if there is a RefParameter without a condition.
2026-07-22 15:59:03,670 [WARN] IP:2250 - DEVICE_SERIAL1_HID_FS not found: check if there is a RefParameter without a condition.
2026-07-22 15:59:03,670 [WARN] IP:2250 - DEVICE_SERIAL2_HID_FS not found: check if there is a RefParameter without a condition.
2026-07-22 15:59:03,671 [WARN] IP:2250 - DEVICE_SERIAL0_HID_FS not found: check if there is a RefParameter without a condition.
2026-07-22 15:59:03,671 [WARN] IP:2250 - DEVICE_SERIAL1_HID_FS not found: check if there is a RefParameter without a condition.
2026-07-22 15:59:03,671 [WARN] IP:2250 - DEVICE_SERIAL2_HID_FS not found: check if there is a RefParameter without a condition.
2026-07-22 15:59:06,607 [INFO] I2sManager:658 - 1.1875E8
2026-07-22 15:59:06,607 [INFO] I2sManager:195 - I2S Clock Value : 1.1875E8
2026-07-22 15:59:06,607 [INFO] I2sManager:553 - AudioClock : 15995Divider : 116Odd : 0
2026-07-22 15:59:10,546 [INFO] ADCParametersView:116 -                Rank 1 : false
2026-07-22 15:59:10,547 [INFO] ADCParametersView:116 -                Rank 1 : false
2026-07-22 15:59:10,547 [INFO] ADCParametersView:116 -                Rank 2 : false
2026-07-22 15:59:10,547 [INFO] ADCParametersView:116 -                Rank 1 : false
2026-07-22 15:59:10,547 [INFO] ADCParametersView:116 -                Rank 2 : false
2026-07-22 15:59:10,548 [INFO] ADCParametersView:116 -                Rank 3 : false
2026-07-22 15:59:10,548 [INFO] ADCParametersView:116 -                Rank 1 : false
2026-07-22 15:59:10,548 [INFO] ADCParametersView:116 -                Rank 2 : false
2026-07-22 15:59:10,548 [INFO] ADCParametersView:116 -                Rank 3 : false
2026-07-22 15:59:10,548 [INFO] ADCParametersView:116 -                Rank 4 : false
2026-07-22 15:59:10,648 [INFO] ADCParametersView:116 -                Rank 1 : false
2026-07-22 15:59:10,648 [INFO] ADCParametersView:116 -                Rank 2 : false
2026-07-22 15:59:10,648 [INFO] ADCParametersView:116 -                Rank 3 : false
2026-07-22 15:59:10,648 [INFO] ADCParametersView:116 -                Rank 4 : false
2026-07-22 15:59:10,649 [INFO] ADCParametersView:116 -                Rank 1 : false
2026-07-22 15:59:10,649 [INFO] ADCParametersView:116 -                Rank 2 : false
2026-07-22 15:59:10,649 [INFO] ADCParametersView:116 -                Rank 3 : false
2026-07-22 15:59:10,649 [INFO] ADCParametersView:116 -                Rank 4 : false
2026-07-22 15:59:10,649 [INFO] ADCParametersView:116 -                Rank 1 : false
2026-07-22 15:59:10,649 [INFO] ADCParametersView:116 -                Rank 2 : false
2026-07-22 15:59:10,649 [INFO] ADCParametersView:116 -                Rank 3 : false
2026-07-22 15:59:10,649 [INFO] ADCParametersView:116 -                Rank 4 : false
2026-07-22 15:59:10,649 [INFO] ADCParametersView:116 -                Rank 1 : false
2026-07-22 15:59:10,649 [INFO] ADCParametersView:116 -                Rank 2 : false
2026-07-22 15:59:10,649 [INFO] ADCParametersView:116 -                Rank 3 : false
2026-07-22 15:59:10,649 [INFO] ADCParametersView:116 -                Rank 4 : false
2026-07-22 15:59:10,649 [INFO] ADCParametersView:116 -                Rank 1 : false
2026-07-22 15:59:10,649 [INFO] ADCParametersView:116 -                Rank 2 : false
2026-07-22 15:59:10,649 [INFO] ADCParametersView:116 -                Rank 3 : false
2026-07-22 15:59:10,649 [INFO] ADCParametersView:116 -                Rank 4 : false
2026-07-22 15:59:10,650 [INFO] ADCParametersView:116 -                Rank 1 : false
2026-07-22 15:59:10,650 [INFO] ADCParametersView:116 -                Rank 2 : false
2026-07-22 15:59:10,650 [INFO] ADCParametersView:116 -                Rank 3 : false
2026-07-22 15:59:10,650 [INFO] ADCParametersView:116 -                Rank 4 : false
2026-07-22 15:59:10,650 [INFO] ADCParametersView:116 -                Rank 1 : false
2026-07-22 15:59:10,650 [INFO] ADCParametersView:116 -                Rank 2 : false
2026-07-22 15:59:10,650 [INFO] ADCParametersView:116 -                Rank 3 : false
2026-07-22 15:59:10,650 [INFO] ADCParametersView:116 -                Rank 4 : false
2026-07-22 15:59:10,650 [INFO] ADCParametersView:116 -                Rank 1 : false
2026-07-22 15:59:10,650 [INFO] ADCParametersView:116 -                Rank 2 : false
2026-07-22 15:59:10,650 [INFO] ADCParametersView:116 -                Rank 3 : false
2026-07-22 15:59:10,650 [INFO] ADCParametersView:116 -                Rank 4 : false
2026-07-22 15:59:10,650 [INFO] ADCParametersView:116 -                Rank 1 : false
2026-07-22 15:59:10,650 [INFO] ADCParametersView:116 -                Rank 2 : false
2026-07-22 15:59:10,650 [INFO] ADCParametersView:116 -                Rank 3 : false
2026-07-22 15:59:10,650 [INFO] ADCParametersView:116 -                Rank 4 : false
2026-07-22 15:59:10,650 [INFO] ADCParametersView:116 -                Rank 1 : false
2026-07-22 15:59:10,650 [INFO] ADCParametersView:116 -                Rank 2 : false
2026-07-22 15:59:10,650 [INFO] ADCParametersView:116 -                Rank 3 : false
2026-07-22 15:59:10,651 [INFO] ADCParametersView:116 -                Rank 4 : false
2026-07-22 15:59:10,651 [INFO] ADCParametersView:116 -                Rank 1 : false
2026-07-22 15:59:10,651 [INFO] ADCParametersView:116 -                Rank 2 : false
2026-07-22 15:59:10,651 [INFO] ADCParametersView:116 -                Rank 3 : false
2026-07-22 15:59:10,651 [INFO] ADCParametersView:116 -                Rank 4 : false
2026-07-22 15:59:10,651 [INFO] ADCParametersView:116 -                Rank 1 : false
2026-07-22 15:59:10,651 [INFO] ADCParametersView:116 -                Rank 2 : false
2026-07-22 15:59:10,651 [INFO] ADCParametersView:116 -                Rank 3 : false
2026-07-22 15:59:10,651 [INFO] ADCParametersView:116 -                Rank 4 : false
2026-07-22 15:59:10,651 [INFO] ADCParametersView:116 -                Rank 1 : false
2026-07-22 15:59:10,651 [INFO] ADCParametersView:116 -                Rank 2 : false
2026-07-22 15:59:10,651 [INFO] ADCParametersView:116 -                Rank 3 : false
2026-07-22 15:59:10,651 [INFO] ADCParametersView:116 -                Rank 4 : false
2026-07-22 15:59:10,651 [INFO] ADCParametersView:116 -                Rank 1 : false
2026-07-22 15:59:10,651 [INFO] ADCParametersView:116 -                Rank 2 : false
2026-07-22 15:59:10,651 [INFO] ADCParametersView:116 -                Rank 3 : false
2026-07-22 15:59:10,651 [INFO] ADCParametersView:116 -                Rank 4 : false
2026-07-22 15:59:10,651 [INFO] ADCParametersView:116 -                Rank 2 : false
2026-07-22 15:59:10,651 [INFO] ADCParametersView:116 -                Rank 3 : false
2026-07-22 15:59:10,651 [INFO] ADCParametersView:116 -                Rank 4 : false
2026-07-22 15:59:10,653 [INFO] ADCParametersView:116 -                Rank 3 : false
2026-07-22 15:59:10,653 [INFO] ADCParametersView:116 -                Rank 4 : false
2026-07-22 15:59:10,653 [INFO] ADCParametersView:116 -                Rank 4 : false
2026-07-22 15:59:10,672 [INFO] ADCParametersView:116 -                Rank 1 : false
2026-07-22 15:59:10,673 [INFO] ADCParametersView:116 -                Rank 1 : false
2026-07-22 15:59:10,673 [INFO] ADCParametersView:116 -                Rank 2 : false
2026-07-22 15:59:10,673 [INFO] ADCParametersView:116 -                Rank 1 : false
2026-07-22 15:59:10,674 [INFO] ADCParametersView:116 -                Rank 2 : false
2026-07-22 15:59:10,674 [INFO] ADCParametersView:116 -                Rank 3 : false
2026-07-22 15:59:10,674 [INFO] ADCParametersView:116 -                Rank 1 : false
2026-07-22 15:59:10,674 [INFO] ADCParametersView:116 -                Rank 2 : false
2026-07-22 15:59:10,674 [INFO] ADCParametersView:116 -                Rank 3 : false
2026-07-22 15:59:10,674 [INFO] ADCParametersView:116 -                Rank 4 : false
2026-07-22 15:59:13,467 [INFO] ADCParametersView:116 -                Rank 1 : false
2026-07-22 15:59:13,467 [INFO] ADCParametersView:116 -                Rank 2 : false
2026-07-22 15:59:13,467 [INFO] ADCParametersView:116 -                Rank 3 : false
2026-07-22 15:59:13,467 [INFO] ADCParametersView:116 -                Rank 4 : false
2026-07-22 15:59:13,467 [INFO] ADCParametersView:116 -                Rank 1 : false
2026-07-22 15:59:13,467 [INFO] ADCParametersView:116 -                Rank 2 : false
2026-07-22 15:59:13,467 [INFO] ADCParametersView:116 -                Rank 3 : false
2026-07-22 15:59:13,467 [INFO] ADCParametersView:116 -                Rank 4 : false
2026-07-22 15:59:13,467 [INFO] ADCParametersView:116 -                Rank 1 : false
2026-07-22 15:59:13,467 [INFO] ADCParametersView:116 -                Rank 2 : false
2026-07-22 15:59:13,467 [INFO] ADCParametersView:116 -                Rank 3 : false
2026-07-22 15:59:13,467 [INFO] ADCParametersView:116 -                Rank 4 : false
2026-07-22 15:59:13,467 [INFO] ADCParametersView:116 -                Rank 1 : false
2026-07-22 15:59:13,467 [INFO] ADCParametersView:116 -                Rank 2 : false
2026-07-22 15:59:13,468 [INFO] ADCParametersView:116 -                Rank 3 : false
2026-07-22 15:59:13,468 [INFO] ADCParametersView:116 -                Rank 4 : false
2026-07-22 15:59:13,468 [INFO] ADCParametersView:116 -                Rank 1 : false
2026-07-22 15:59:13,468 [INFO] ADCParametersView:116 -                Rank 2 : false
2026-07-22 15:59:13,468 [INFO] ADCParametersView:116 -                Rank 3 : false
2026-07-22 15:59:13,468 [INFO] ADCParametersView:116 -                Rank 4 : false
2026-07-22 15:59:13,468 [INFO] ADCParametersView:116 -                Rank 1 : false
2026-07-22 15:59:13,468 [INFO] ADCParametersView:116 -                Rank 2 : false
2026-07-22 15:59:13,468 [INFO] ADCParametersView:116 -                Rank 3 : false
2026-07-22 15:59:13,468 [INFO] ADCParametersView:116 -                Rank 4 : false
2026-07-22 15:59:13,468 [INFO] ADCParametersView:116 -                Rank 1 : false
2026-07-22 15:59:13,468 [INFO] ADCParametersView:116 -                Rank 2 : false
2026-07-22 15:59:13,468 [INFO] ADCParametersView:116 -                Rank 3 : false
2026-07-22 15:59:13,468 [INFO] ADCParametersView:116 -                Rank 4 : false
2026-07-22 15:59:13,468 [INFO] ADCParametersView:116 -                Rank 1 : false
2026-07-22 15:59:13,468 [INFO] ADCParametersView:116 -                Rank 2 : false
2026-07-22 15:59:13,468 [INFO] ADCParametersView:116 -                Rank 3 : false
2026-07-22 15:59:13,469 [INFO] ADCParametersView:116 -                Rank 4 : false
2026-07-22 15:59:13,469 [INFO] ADCParametersView:116 -                Rank 1 : false
2026-07-22 15:59:13,469 [INFO] ADCParametersView:116 -                Rank 2 : false
2026-07-22 15:59:13,469 [INFO] ADCParametersView:116 -                Rank 3 : false
2026-07-22 15:59:13,469 [INFO] ADCParametersView:116 -                Rank 4 : false
2026-07-22 15:59:13,469 [INFO] ADCParametersView:116 -                Rank 1 : false
2026-07-22 15:59:13,469 [INFO] ADCParametersView:116 -                Rank 2 : false
2026-07-22 15:59:13,469 [INFO] ADCParametersView:116 -                Rank 3 : false
2026-07-22 15:59:13,469 [INFO] ADCParametersView:116 -                Rank 4 : false
2026-07-22 15:59:13,469 [INFO] ADCParametersView:116 -                Rank 1 : false
2026-07-22 15:59:13,469 [INFO] ADCParametersView:116 -                Rank 2 : false
2026-07-22 15:59:13,469 [INFO] ADCParametersView:116 -                Rank 3 : false
2026-07-22 15:59:13,469 [INFO] ADCParametersView:116 -                Rank 4 : false
2026-07-22 15:59:13,469 [INFO] ADCParametersView:116 -                Rank 1 : false
2026-07-22 15:59:13,469 [INFO] ADCParametersView:116 -                Rank 2 : false
2026-07-22 15:59:13,469 [INFO] ADCParametersView:116 -                Rank 3 : false
2026-07-22 15:59:13,469 [INFO] ADCParametersView:116 -                Rank 4 : false
2026-07-22 15:59:13,469 [INFO] ADCParametersView:116 -                Rank 1 : false
2026-07-22 15:59:13,470 [INFO] ADCParametersView:116 -                Rank 2 : false
2026-07-22 15:59:13,470 [INFO] ADCParametersView:116 -                Rank 3 : false
2026-07-22 15:59:13,470 [INFO] ADCParametersView:116 -                Rank 4 : false
2026-07-22 15:59:13,470 [INFO] ADCParametersView:116 -                Rank 1 : false
2026-07-22 15:59:13,470 [INFO] ADCParametersView:116 -                Rank 2 : false
2026-07-22 15:59:13,470 [INFO] ADCParametersView:116 -                Rank 3 : false
2026-07-22 15:59:13,470 [INFO] ADCParametersView:116 -                Rank 4 : false
2026-07-22 15:59:13,470 [INFO] ADCParametersView:116 -                Rank 2 : false
2026-07-22 15:59:13,470 [INFO] ADCParametersView:116 -                Rank 3 : false
2026-07-22 15:59:13,470 [INFO] ADCParametersView:116 -                Rank 4 : false
2026-07-22 15:59:13,470 [INFO] ADCParametersView:116 -                Rank 3 : false
2026-07-22 15:59:13,470 [INFO] ADCParametersView:116 -                Rank 4 : false
2026-07-22 15:59:13,470 [INFO] ADCParametersView:116 -                Rank 4 : false
2026-07-22 15:59:13,487 [INFO] ADCParametersView:116 -                Rank 1 : false
2026-07-22 15:59:13,487 [INFO] ADCParametersView:116 -                Rank 1 : false
2026-07-22 15:59:13,488 [INFO] ADCParametersView:116 -                Rank 2 : false
2026-07-22 15:59:13,488 [INFO] ADCParametersView:116 -                Rank 1 : false
2026-07-22 15:59:13,488 [INFO] ADCParametersView:116 -                Rank 2 : false
2026-07-22 15:59:13,488 [INFO] ADCParametersView:116 -                Rank 3 : false
2026-07-22 15:59:13,488 [INFO] ADCParametersView:116 -                Rank 1 : false
2026-07-22 15:59:13,488 [INFO] ADCParametersView:116 -                Rank 2 : false
2026-07-22 15:59:13,488 [INFO] ADCParametersView:116 -                Rank 3 : false
2026-07-22 15:59:13,489 [INFO] ADCParametersView:116 -                Rank 4 : false
2026-07-22 15:59:19,961 [INFO] ADCParametersView:116 -                Rank 1 : true
2026-07-22 15:59:19,961 [INFO] ADCParametersView:116 -                Rank 2 : false
2026-07-22 15:59:19,961 [INFO] ADCParametersView:116 -                Rank 3 : false
2026-07-22 15:59:19,961 [INFO] ADCParametersView:116 -                Rank 4 : false
2026-07-22 15:59:21,336 [INFO] ADCParametersView:116 -                Rank 1 : true
2026-07-22 15:59:21,336 [INFO] ADCParametersView:116 -                Rank 2 : false
2026-07-22 15:59:21,336 [INFO] ADCParametersView:116 -                Rank 3 : false
2026-07-22 15:59:21,336 [INFO] ADCParametersView:116 -                Rank 4 : true
2026-07-22 16:00:19,877 [INFO] ADCParametersView:116 -                Rank 1 : true
2026-07-22 16:00:19,878 [INFO] ADCParametersView:116 -                Rank 2 : false
2026-07-22 16:00:19,878 [INFO] ADCParametersView:116 -                Rank 3 : false
2026-07-22 16:00:19,878 [INFO] ADCParametersView:116 -                Rank 4 : false
2026-07-22 16:00:22,634 [INFO] ADCParametersView:116 -                Rank 1 : false
2026-07-22 16:00:22,634 [INFO] ADCParametersView:116 -                Rank 2 : false
2026-07-22 16:00:22,635 [INFO] ADCParametersView:116 -                Rank 3 : false
2026-07-22 16:00:22,635 [INFO] ADCParametersView:116 -                Rank 4 : false
2026-07-22 16:00:24,232 [INFO] SpinnerEditorADC:65 - is string kkkk
2026-07-22 16:00:26,644 [INFO] NvicIntPanel:101 - NVIC parent = com.st.microxplorer.plugins.ip.nvic.MultiNvicIntPanel[,0,0,0x0,invalid,layout=javax.swing.BoxLayout,alignmentX=0.0,alignmentY=0.0,border=,flags=9,maximumSize=,minimumSize=,preferredSize=]
2026-07-22 16:00:26,688 [INFO] ADCParametersView:116 -                Rank 1 : false
2026-07-22 16:00:26,688 [INFO] ADCParametersView:116 -                Rank 2 : false
2026-07-22 16:00:26,688 [INFO] ADCParametersView:116 -                Rank 3 : false
2026-07-22 16:00:26,688 [INFO] ADCParametersView:116 -                Rank 4 : false
2026-07-22 16:00:26,690 [INFO] ADCParametersView:116 -                Rank 1 : false
2026-07-22 16:00:26,690 [INFO] ADCParametersView:116 -                Rank 2 : false
2026-07-22 16:00:26,690 [INFO] ADCParametersView:116 -                Rank 3 : false
2026-07-22 16:00:26,690 [INFO] ADCParametersView:116 -                Rank 4 : false
2026-07-22 16:00:26,690 [INFO] ADCParametersView:116 -                Rank 1 : false
2026-07-22 16:00:26,690 [INFO] ADCParametersView:116 -                Rank 2 : false
2026-07-22 16:00:26,690 [INFO] ADCParametersView:116 -                Rank 3 : false
2026-07-22 16:00:26,690 [INFO] ADCParametersView:116 -                Rank 4 : false
2026-07-22 16:00:26,691 [INFO] ADCParametersView:116 -                Rank 1 : false
2026-07-22 16:00:26,691 [INFO] ADCParametersView:116 -                Rank 2 : false
2026-07-22 16:00:26,691 [INFO] ADCParametersView:116 -                Rank 3 : false
2026-07-22 16:00:26,691 [INFO] ADCParametersView:116 -                Rank 4 : false
2026-07-22 16:00:26,691 [INFO] ADCParametersView:116 -                Rank 1 : false
2026-07-22 16:00:26,691 [INFO] ADCParametersView:116 -                Rank 2 : false
2026-07-22 16:00:26,691 [INFO] ADCParametersView:116 -                Rank 3 : false
2026-07-22 16:00:26,691 [INFO] ADCParametersView:116 -                Rank 4 : false
2026-07-22 16:00:26,691 [INFO] ADCParametersView:116 -                Rank 1 : false
2026-07-22 16:00:26,691 [INFO] ADCParametersView:116 -                Rank 2 : false
2026-07-22 16:00:26,691 [INFO] ADCParametersView:116 -                Rank 3 : false
2026-07-22 16:00:26,691 [INFO] ADCParametersView:116 -                Rank 4 : false
2026-07-22 16:00:26,691 [INFO] ADCParametersView:116 -                Rank 1 : false
2026-07-22 16:00:26,691 [INFO] ADCParametersView:116 -                Rank 2 : false
2026-07-22 16:00:26,691 [INFO] ADCParametersView:116 -                Rank 3 : false
2026-07-22 16:00:26,691 [INFO] ADCParametersView:116 -                Rank 4 : false
2026-07-22 16:00:26,692 [INFO] ADCParametersView:116 -                Rank 1 : false
2026-07-22 16:00:26,692 [INFO] ADCParametersView:116 -                Rank 2 : false
2026-07-22 16:00:26,692 [INFO] ADCParametersView:116 -                Rank 3 : false
2026-07-22 16:00:26,692 [INFO] ADCParametersView:116 -                Rank 4 : false
2026-07-22 16:00:26,692 [INFO] ADCParametersView:116 -                Rank 1 : false
2026-07-22 16:00:26,692 [INFO] ADCParametersView:116 -                Rank 2 : false
2026-07-22 16:00:26,692 [INFO] ADCParametersView:116 -                Rank 3 : false
2026-07-22 16:00:26,692 [INFO] ADCParametersView:116 -                Rank 4 : false
2026-07-22 16:00:26,692 [INFO] ADCParametersView:116 -                Rank 1 : false
2026-07-22 16:00:26,692 [INFO] ADCParametersView:116 -                Rank 2 : false
2026-07-22 16:00:26,692 [INFO] ADCParametersView:116 -                Rank 3 : false
2026-07-22 16:00:26,692 [INFO] ADCParametersView:116 -                Rank 4 : false
2026-07-22 16:00:26,692 [INFO] ADCParametersView:116 -                Rank 1 : false
2026-07-22 16:00:26,692 [INFO] ADCParametersView:116 -                Rank 2 : false
2026-07-22 16:00:26,692 [INFO] ADCParametersView:116 -                Rank 3 : false
2026-07-22 16:00:26,692 [INFO] ADCParametersView:116 -                Rank 4 : false
2026-07-22 16:00:26,692 [INFO] ADCParametersView:116 -                Rank 1 : false
2026-07-22 16:00:26,692 [INFO] ADCParametersView:116 -                Rank 2 : false
2026-07-22 16:00:26,692 [INFO] ADCParametersView:116 -                Rank 3 : false
2026-07-22 16:00:26,692 [INFO] ADCParametersView:116 -                Rank 4 : false
2026-07-22 16:00:26,693 [INFO] ADCParametersView:116 -                Rank 1 : false
2026-07-22 16:00:26,693 [INFO] ADCParametersView:116 -                Rank 2 : false
2026-07-22 16:00:26,693 [INFO] ADCParametersView:116 -                Rank 3 : false
2026-07-22 16:00:26,693 [INFO] ADCParametersView:116 -                Rank 4 : false
2026-07-22 16:00:26,693 [INFO] ADCParametersView:116 -                Rank 1 : false
2026-07-22 16:00:26,693 [INFO] ADCParametersView:116 -                Rank 2 : false
2026-07-22 16:00:26,693 [INFO] ADCParametersView:116 -                Rank 3 : false
2026-07-22 16:00:26,693 [INFO] ADCParametersView:116 -                Rank 4 : false
2026-07-22 16:00:26,693 [INFO] ADCParametersView:116 -                Rank 2 : false
2026-07-22 16:00:26,693 [INFO] ADCParametersView:116 -                Rank 3 : false
2026-07-22 16:00:26,693 [INFO] ADCParametersView:116 -                Rank 4 : false
2026-07-22 16:00:26,693 [INFO] ADCParametersView:116 -                Rank 3 : false
2026-07-22 16:00:26,693 [INFO] ADCParametersView:116 -                Rank 4 : false
2026-07-22 16:00:26,693 [INFO] ADCParametersView:116 -                Rank 4 : false
2026-07-22 16:00:26,711 [INFO] ADCParametersView:116 -                Rank 1 : false
2026-07-22 16:00:26,712 [INFO] ADCParametersView:116 -                Rank 1 : false
2026-07-22 16:00:26,712 [INFO] ADCParametersView:116 -                Rank 2 : false
2026-07-22 16:00:26,712 [INFO] ADCParametersView:116 -                Rank 1 : false
2026-07-22 16:00:26,712 [INFO] ADCParametersView:116 -                Rank 2 : false
2026-07-22 16:00:26,712 [INFO] ADCParametersView:116 -                Rank 3 : false
2026-07-22 16:00:28,434 [INFO] ADCParametersView:116 -                Rank 1 : false
2026-07-22 16:00:28,434 [INFO] ADCParametersView:116 -                Rank 2 : true
2026-07-22 16:00:28,434 [INFO] ADCParametersView:116 -                Rank 3 : false
2026-07-22 16:00:29,862 [INFO] ADCParametersView:116 -                Rank 1 : false
2026-07-22 16:00:29,862 [INFO] ADCParametersView:116 -                Rank 2 : false
2026-07-22 16:00:29,862 [INFO] ADCParametersView:116 -                Rank 3 : false
2026-07-22 16:00:30,469 [INFO] ADCParametersView:116 -                Rank 1 : true
2026-07-22 16:00:30,470 [INFO] ADCParametersView:116 -                Rank 2 : false
2026-07-22 16:00:30,470 [INFO] ADCParametersView:116 -                Rank 3 : false
2026-07-22 16:00:32,057 [INFO] ADCParametersView:116 -                Rank 1 : true
2026-07-22 16:00:32,057 [INFO] ADCParametersView:116 -                Rank 2 : true
2026-07-22 16:00:32,058 [INFO] ADCParametersView:116 -                Rank 3 : false
2026-07-22 16:00:33,802 [INFO] ADCParametersView:116 -                Rank 1 : true
2026-07-22 16:00:33,803 [INFO] ADCParametersView:116 -                Rank 2 : true
2026-07-22 16:00:33,803 [INFO] ADCParametersView:116 -                Rank 3 : true
2026-07-22 16:00:47,782 [INFO] ADCParametersView:116 -                Rank 1 : true
2026-07-22 16:00:47,782 [INFO] ADCParametersView:116 -                Rank 2 : true
2026-07-22 16:00:47,782 [INFO] ADCParametersView:116 -                Rank 3 : true
2026-07-22 16:00:47,784 [INFO] ADCParametersView:116 -                Rank 1 : true
2026-07-22 16:00:47,784 [INFO] ADCParametersView:116 -                Rank 2 : true
2026-07-22 16:00:47,784 [INFO] ADCParametersView:116 -                Rank 3 : true
2026-07-22 16:00:47,784 [INFO] ADCParametersView:116 -                Rank 1 : true
2026-07-22 16:00:47,784 [INFO] ADCParametersView:116 -                Rank 2 : true
2026-07-22 16:00:47,785 [INFO] ADCParametersView:116 -                Rank 3 : true
2026-07-22 16:00:47,785 [INFO] ADCParametersView:116 -                Rank 1 : true
2026-07-22 16:00:47,785 [INFO] ADCParametersView:116 -                Rank 2 : true
2026-07-22 16:00:47,785 [INFO] ADCParametersView:116 -                Rank 3 : true
2026-07-22 16:00:47,785 [INFO] ADCParametersView:116 -                Rank 1 : true
2026-07-22 16:00:47,785 [INFO] ADCParametersView:116 -                Rank 2 : true
2026-07-22 16:00:47,785 [INFO] ADCParametersView:116 -                Rank 3 : true
2026-07-22 16:00:47,785 [INFO] ADCParametersView:116 -                Rank 1 : true
2026-07-22 16:00:47,785 [INFO] ADCParametersView:116 -                Rank 2 : true
2026-07-22 16:00:47,785 [INFO] ADCParametersView:116 -                Rank 3 : true
2026-07-22 16:00:47,785 [INFO] ADCParametersView:116 -                Rank 1 : true
2026-07-22 16:00:47,785 [INFO] ADCParametersView:116 -                Rank 2 : true
2026-07-22 16:00:47,785 [INFO] ADCParametersView:116 -                Rank 3 : true
2026-07-22 16:00:47,785 [INFO] ADCParametersView:116 -                Rank 1 : true
2026-07-22 16:00:47,785 [INFO] ADCParametersView:116 -                Rank 2 : true
2026-07-22 16:00:47,785 [INFO] ADCParametersView:116 -                Rank 3 : true
2026-07-22 16:00:47,785 [INFO] ADCParametersView:116 -                Rank 1 : true
2026-07-22 16:00:47,785 [INFO] ADCParametersView:116 -                Rank 2 : true
2026-07-22 16:00:47,785 [INFO] ADCParametersView:116 -                Rank 3 : true
2026-07-22 16:00:47,786 [INFO] ADCParametersView:116 -                Rank 1 : true
2026-07-22 16:00:47,786 [INFO] ADCParametersView:116 -                Rank 2 : true
2026-07-22 16:00:47,786 [INFO] ADCParametersView:116 -                Rank 3 : true
2026-07-22 16:00:47,786 [INFO] ADCParametersView:116 -                Rank 1 : true
2026-07-22 16:00:47,786 [INFO] ADCParametersView:116 -                Rank 2 : true
2026-07-22 16:00:47,786 [INFO] ADCParametersView:116 -                Rank 3 : true
2026-07-22 16:00:47,786 [INFO] ADCParametersView:116 -                Rank 1 : true
2026-07-22 16:00:47,786 [INFO] ADCParametersView:116 -                Rank 2 : true
2026-07-22 16:00:47,786 [INFO] ADCParametersView:116 -                Rank 3 : true
2026-07-22 16:00:47,786 [INFO] ADCParametersView:116 -                Rank 1 : true
2026-07-22 16:00:47,786 [INFO] ADCParametersView:116 -                Rank 2 : true
2026-07-22 16:00:47,786 [INFO] ADCParametersView:116 -                Rank 3 : true
2026-07-22 16:00:47,786 [INFO] ADCParametersView:116 -                Rank 1 : true
2026-07-22 16:00:47,786 [INFO] ADCParametersView:116 -                Rank 2 : true
2026-07-22 16:00:47,786 [INFO] ADCParametersView:116 -                Rank 3 : true
2026-07-22 16:00:47,786 [INFO] ADCParametersView:116 -                Rank 2 : true
2026-07-22 16:00:47,786 [INFO] ADCParametersView:116 -                Rank 3 : true
2026-07-22 16:00:47,786 [INFO] ADCParametersView:116 -                Rank 3 : true
2026-07-22 16:00:47,803 [INFO] ADCParametersView:116 -                Rank 1 : true
2026-07-22 16:00:47,803 [INFO] ADCParametersView:116 -                Rank 1 : true
2026-07-22 16:00:47,803 [INFO] ADCParametersView:116 -                Rank 2 : true
2026-07-22 16:00:47,803 [INFO] ADCParametersView:116 -                Rank 1 : true
2026-07-22 16:00:47,803 [INFO] ADCParametersView:116 -                Rank 2 : true
2026-07-22 16:00:47,803 [INFO] ADCParametersView:116 -                Rank 3 : true
2026-07-22 16:00:47,836 [INFO] ADCParametersView:116 -                Rank 1 : true
2026-07-22 16:00:47,836 [INFO] ADCParametersView:116 -                Rank 2 : true
2026-07-22 16:00:47,836 [INFO] ADCParametersView:116 -                Rank 3 : true
2026-07-22 16:00:47,837 [INFO] ADCParametersView:116 -                Rank 1 : true
2026-07-22 16:00:47,837 [INFO] ADCParametersView:116 -                Rank 2 : true
2026-07-22 16:00:47,837 [INFO] ADCParametersView:116 -                Rank 3 : true
2026-07-22 16:00:47,837 [INFO] ADCParametersView:116 -                Rank 1 : true
2026-07-22 16:00:47,837 [INFO] ADCParametersView:116 -                Rank 2 : true
2026-07-22 16:00:47,837 [INFO] ADCParametersView:116 -                Rank 3 : true
2026-07-22 16:00:47,837 [INFO] ADCParametersView:116 -                Rank 1 : true
2026-07-22 16:00:47,837 [INFO] ADCParametersView:116 -                Rank 2 : true
2026-07-22 16:00:47,837 [INFO] ADCParametersView:116 -                Rank 3 : true
2026-07-22 16:00:47,837 [INFO] ADCParametersView:116 -                Rank 1 : true
2026-07-22 16:00:47,837 [INFO] ADCParametersView:116 -                Rank 2 : true
2026-07-22 16:00:47,837 [INFO] ADCParametersView:116 -                Rank 3 : true
2026-07-22 16:00:47,838 [INFO] ADCParametersView:116 -                Rank 1 : true
2026-07-22 16:00:47,838 [INFO] ADCParametersView:116 -                Rank 2 : true
2026-07-22 16:00:47,838 [INFO] ADCParametersView:116 -                Rank 3 : true
2026-07-22 16:00:47,838 [INFO] ADCParametersView:116 -                Rank 1 : true
2026-07-22 16:00:47,838 [INFO] ADCParametersView:116 -                Rank 2 : true
2026-07-22 16:00:47,838 [INFO] ADCParametersView:116 -                Rank 3 : true
2026-07-22 16:00:47,838 [INFO] ADCParametersView:116 -                Rank 1 : true
2026-07-22 16:00:47,838 [INFO] ADCParametersView:116 -                Rank 2 : true
2026-07-22 16:00:47,838 [INFO] ADCParametersView:116 -                Rank 3 : true
2026-07-22 16:00:47,838 [INFO] ADCParametersView:116 -                Rank 1 : true
2026-07-22 16:00:47,838 [INFO] ADCParametersView:116 -                Rank 2 : true
2026-07-22 16:00:47,838 [INFO] ADCParametersView:116 -                Rank 3 : true
2026-07-22 16:00:47,838 [INFO] ADCParametersView:116 -                Rank 1 : true
2026-07-22 16:00:47,838 [INFO] ADCParametersView:116 -                Rank 2 : true
2026-07-22 16:00:47,838 [INFO] ADCParametersView:116 -                Rank 3 : true
2026-07-22 16:00:47,838 [INFO] ADCParametersView:116 -                Rank 1 : true
2026-07-22 16:00:47,838 [INFO] ADCParametersView:116 -                Rank 2 : true
2026-07-22 16:00:47,838 [INFO] ADCParametersView:116 -                Rank 3 : true
2026-07-22 16:00:47,838 [INFO] ADCParametersView:116 -                Rank 1 : true
2026-07-22 16:00:47,838 [INFO] ADCParametersView:116 -                Rank 2 : true
2026-07-22 16:00:47,838 [INFO] ADCParametersView:116 -                Rank 3 : true
2026-07-22 16:00:47,838 [INFO] ADCParametersView:116 -                Rank 1 : true
2026-07-22 16:00:47,838 [INFO] ADCParametersView:116 -                Rank 2 : true
2026-07-22 16:00:47,838 [INFO] ADCParametersView:116 -                Rank 3 : true
2026-07-22 16:00:47,838 [INFO] ADCParametersView:116 -                Rank 1 : true
2026-07-22 16:00:47,839 [INFO] ADCParametersView:116 -                Rank 2 : true
2026-07-22 16:00:47,839 [INFO] ADCParametersView:116 -                Rank 3 : true
2026-07-22 16:00:47,839 [INFO] ADCParametersView:116 -                Rank 2 : true
2026-07-22 16:00:47,839 [INFO] ADCParametersView:116 -                Rank 3 : true
2026-07-22 16:00:47,839 [INFO] ADCParametersView:116 -                Rank 3 : true
2026-07-22 16:00:47,855 [INFO] ADCParametersView:116 -                Rank 1 : true
2026-07-22 16:00:47,855 [INFO] ADCParametersView:116 -                Rank 1 : true
2026-07-22 16:00:47,855 [INFO] ADCParametersView:116 -                Rank 2 : true
2026-07-22 16:00:47,856 [INFO] ADCParametersView:116 -                Rank 1 : true
2026-07-22 16:00:47,856 [INFO] ADCParametersView:116 -                Rank 2 : true
2026-07-22 16:00:47,856 [INFO] ADCParametersView:116 -                Rank 3 : true
2026-07-22 16:00:47,936 [INFO] ADCParametersView:116 -                Rank 1 : true
2026-07-22 16:00:47,936 [INFO] ADCParametersView:116 -                Rank 2 : true
2026-07-22 16:00:47,936 [INFO] ADCParametersView:116 -                Rank 3 : true
2026-07-22 16:00:47,938 [INFO] ADCParametersView:116 -                Rank 1 : true
2026-07-22 16:00:47,938 [INFO] ADCParametersView:116 -                Rank 2 : true
2026-07-22 16:00:47,938 [INFO] ADCParametersView:116 -                Rank 3 : true
2026-07-22 16:00:47,938 [INFO] ADCParametersView:116 -                Rank 1 : true
2026-07-22 16:00:47,938 [INFO] ADCParametersView:116 -                Rank 2 : true
2026-07-22 16:00:47,938 [INFO] ADCParametersView:116 -                Rank 3 : true
2026-07-22 16:00:47,938 [INFO] ADCParametersView:116 -                Rank 1 : true
2026-07-22 16:00:47,938 [INFO] ADCParametersView:116 -                Rank 2 : true
2026-07-22 16:00:47,938 [INFO] ADCParametersView:116 -                Rank 3 : true
2026-07-22 16:00:47,939 [INFO] ADCParametersView:116 -                Rank 1 : true
2026-07-22 16:00:47,939 [INFO] ADCParametersView:116 -                Rank 2 : true
2026-07-22 16:00:47,939 [INFO] ADCParametersView:116 -                Rank 3 : true
2026-07-22 16:00:47,939 [INFO] ADCParametersView:116 -                Rank 1 : true
2026-07-22 16:00:47,939 [INFO] ADCParametersView:116 -                Rank 2 : true
2026-07-22 16:00:47,939 [INFO] ADCParametersView:116 -                Rank 3 : true
2026-07-22 16:00:47,939 [INFO] ADCParametersView:116 -                Rank 1 : true
2026-07-22 16:00:47,939 [INFO] ADCParametersView:116 -                Rank 2 : true
2026-07-22 16:00:47,939 [INFO] ADCParametersView:116 -                Rank 3 : true
2026-07-22 16:00:47,939 [INFO] ADCParametersView:116 -                Rank 1 : true
2026-07-22 16:00:47,939 [INFO] ADCParametersView:116 -                Rank 2 : true
2026-07-22 16:00:47,939 [INFO] ADCParametersView:116 -                Rank 3 : true
2026-07-22 16:00:47,939 [INFO] ADCParametersView:116 -                Rank 1 : true
2026-07-22 16:00:47,939 [INFO] ADCParametersView:116 -                Rank 2 : true
2026-07-22 16:00:47,939 [INFO] ADCParametersView:116 -                Rank 3 : true
2026-07-22 16:00:47,939 [INFO] ADCParametersView:116 -                Rank 1 : true
2026-07-22 16:00:47,939 [INFO] ADCParametersView:116 -                Rank 2 : true
2026-07-22 16:00:47,939 [INFO] ADCParametersView:116 -                Rank 3 : true
2026-07-22 16:00:47,939 [INFO] ADCParametersView:116 -                Rank 1 : true
2026-07-22 16:00:47,939 [INFO] ADCParametersView:116 -                Rank 2 : true
2026-07-22 16:00:47,939 [INFO] ADCParametersView:116 -                Rank 3 : true
2026-07-22 16:00:47,939 [INFO] ADCParametersView:116 -                Rank 1 : true
2026-07-22 16:00:47,939 [INFO] ADCParametersView:116 -                Rank 2 : true
2026-07-22 16:00:47,939 [INFO] ADCParametersView:116 -                Rank 3 : true
2026-07-22 16:00:47,939 [INFO] ADCParametersView:116 -                Rank 1 : true
2026-07-22 16:00:47,939 [INFO] ADCParametersView:116 -                Rank 2 : true
2026-07-22 16:00:47,939 [INFO] ADCParametersView:116 -                Rank 3 : true
2026-07-22 16:00:47,939 [INFO] ADCParametersView:116 -                Rank 1 : true
2026-07-22 16:00:47,939 [INFO] ADCParametersView:116 -                Rank 2 : true
2026-07-22 16:00:47,939 [INFO] ADCParametersView:116 -                Rank 3 : true
2026-07-22 16:00:47,940 [INFO] ADCParametersView:116 -                Rank 2 : true
2026-07-22 16:00:47,940 [INFO] ADCParametersView:116 -                Rank 3 : true
2026-07-22 16:00:47,940 [INFO] ADCParametersView:116 -                Rank 3 : true
2026-07-22 16:00:47,955 [INFO] ADCParametersView:116 -                Rank 1 : true
2026-07-22 16:00:47,955 [INFO] ADCParametersView:116 -                Rank 1 : true
2026-07-22 16:00:47,955 [INFO] ADCParametersView:116 -                Rank 2 : true
2026-07-22 16:00:47,956 [INFO] ADCParametersView:116 -                Rank 1 : true
2026-07-22 16:00:47,956 [INFO] ADCParametersView:116 -                Rank 2 : true
2026-07-22 16:00:47,956 [INFO] ADCParametersView:116 -                Rank 3 : true
2026-07-22 16:00:47,988 [INFO] ADCParametersView:116 -                Rank 1 : true
2026-07-22 16:00:47,988 [INFO] ADCParametersView:116 -                Rank 2 : true
2026-07-22 16:00:47,988 [INFO] ADCParametersView:116 -                Rank 3 : true
2026-07-22 16:00:47,990 [INFO] ADCParametersView:116 -                Rank 1 : true
2026-07-22 16:00:47,990 [INFO] ADCParametersView:116 -                Rank 2 : true
2026-07-22 16:00:47,990 [INFO] ADCParametersView:116 -                Rank 3 : true
2026-07-22 16:00:47,990 [INFO] ADCParametersView:116 -                Rank 1 : true
2026-07-22 16:00:47,990 [INFO] ADCParametersView:116 -                Rank 2 : true
2026-07-22 16:00:47,990 [INFO] ADCParametersView:116 -                Rank 3 : true
2026-07-22 16:00:47,990 [INFO] ADCParametersView:116 -                Rank 1 : true
2026-07-22 16:00:47,990 [INFO] ADCParametersView:116 -                Rank 2 : true
2026-07-22 16:00:47,991 [INFO] ADCParametersView:116 -                Rank 3 : true
2026-07-22 16:00:47,991 [INFO] ADCParametersView:116 -                Rank 1 : true
2026-07-22 16:00:47,991 [INFO] ADCParametersView:116 -                Rank 2 : true
2026-07-22 16:00:47,991 [INFO] ADCParametersView:116 -                Rank 3 : true
2026-07-22 16:00:47,991 [INFO] ADCParametersView:116 -                Rank 1 : true
2026-07-22 16:00:47,991 [INFO] ADCParametersView:116 -                Rank 2 : true
2026-07-22 16:00:47,991 [INFO] ADCParametersView:116 -                Rank 3 : true
2026-07-22 16:00:47,991 [INFO] ADCParametersView:116 -                Rank 1 : true
2026-07-22 16:00:47,991 [INFO] ADCParametersView:116 -                Rank 2 : true
2026-07-22 16:00:47,991 [INFO] ADCParametersView:116 -                Rank 3 : true
2026-07-22 16:00:47,991 [INFO] ADCParametersView:116 -                Rank 1 : true
2026-07-22 16:00:47,991 [INFO] ADCParametersView:116 -                Rank 2 : true
2026-07-22 16:00:47,991 [INFO] ADCParametersView:116 -                Rank 3 : true
2026-07-22 16:00:47,991 [INFO] ADCParametersView:116 -                Rank 1 : true
2026-07-22 16:00:47,991 [INFO] ADCParametersView:116 -                Rank 2 : true
2026-07-22 16:00:47,991 [INFO] ADCParametersView:116 -                Rank 3 : true
2026-07-22 16:00:47,991 [INFO] ADCParametersView:116 -                Rank 1 : true
2026-07-22 16:00:47,991 [INFO] ADCParametersView:116 -                Rank 2 : true
2026-07-22 16:00:47,991 [INFO] ADCParametersView:116 -                Rank 3 : true
2026-07-22 16:00:47,991 [INFO] ADCParametersView:116 -                Rank 1 : true
2026-07-22 16:00:47,991 [INFO] ADCParametersView:116 -                Rank 2 : true
2026-07-22 16:00:47,991 [INFO] ADCParametersView:116 -                Rank 3 : true
2026-07-22 16:00:47,991 [INFO] ADCParametersView:116 -                Rank 1 : true
2026-07-22 16:00:47,991 [INFO] ADCParametersView:116 -                Rank 2 : true
2026-07-22 16:00:47,991 [INFO] ADCParametersView:116 -                Rank 3 : true
2026-07-22 16:00:47,991 [INFO] ADCParametersView:116 -                Rank 1 : true
2026-07-22 16:00:47,991 [INFO] ADCParametersView:116 -                Rank 2 : true
2026-07-22 16:00:47,991 [INFO] ADCParametersView:116 -                Rank 3 : true
2026-07-22 16:00:47,991 [INFO] ADCParametersView:116 -                Rank 1 : true
2026-07-22 16:00:47,991 [INFO] ADCParametersView:116 -                Rank 2 : true
2026-07-22 16:00:47,991 [INFO] ADCParametersView:116 -                Rank 3 : true
2026-07-22 16:00:47,991 [INFO] ADCParametersView:116 -                Rank 2 : true
2026-07-22 16:00:47,992 [INFO] ADCParametersView:116 -                Rank 3 : true
2026-07-22 16:00:47,992 [INFO] ADCParametersView:116 -                Rank 3 : true
2026-07-22 16:00:48,007 [INFO] ADCParametersView:116 -                Rank 1 : true
2026-07-22 16:00:48,008 [INFO] ADCParametersView:116 -                Rank 1 : true
2026-07-22 16:00:48,008 [INFO] ADCParametersView:116 -                Rank 2 : true
2026-07-22 16:00:48,008 [INFO] ADCParametersView:116 -                Rank 1 : true
2026-07-22 16:00:48,008 [INFO] ADCParametersView:116 -                Rank 2 : true
2026-07-22 16:00:48,008 [INFO] ADCParametersView:116 -                Rank 3 : true
2026-07-22 16:00:48,916 [INFO] ADCParametersView:116 -                Rank 1 : true
2026-07-22 16:00:48,916 [INFO] ADCParametersView:116 -                Rank 2 : true
2026-07-22 16:00:48,916 [INFO] ADCParametersView:116 -                Rank 3 : true
2026-07-22 16:00:48,918 [INFO] ADCParametersView:116 -                Rank 1 : true
2026-07-22 16:00:48,918 [INFO] ADCParametersView:116 -                Rank 2 : true
2026-07-22 16:00:48,918 [INFO] ADCParametersView:116 -                Rank 3 : true
2026-07-22 16:00:48,918 [INFO] ADCParametersView:116 -                Rank 1 : true
2026-07-22 16:00:48,918 [INFO] ADCParametersView:116 -                Rank 2 : true
2026-07-22 16:00:48,918 [INFO] ADCParametersView:116 -                Rank 3 : true
2026-07-22 16:00:48,918 [INFO] ADCParametersView:116 -                Rank 1 : true
2026-07-22 16:00:48,918 [INFO] ADCParametersView:116 -                Rank 2 : true
2026-07-22 16:00:48,918 [INFO] ADCParametersView:116 -                Rank 3 : true
2026-07-22 16:00:48,918 [INFO] ADCParametersView:116 -                Rank 1 : true
2026-07-22 16:00:48,918 [INFO] ADCParametersView:116 -                Rank 2 : true
2026-07-22 16:00:48,918 [INFO] ADCParametersView:116 -                Rank 3 : true
2026-07-22 16:00:48,918 [INFO] ADCParametersView:116 -                Rank 1 : true
2026-07-22 16:00:48,918 [INFO] ADCParametersView:116 -                Rank 2 : true
2026-07-22 16:00:48,918 [INFO] ADCParametersView:116 -                Rank 3 : true
2026-07-22 16:00:48,918 [INFO] ADCParametersView:116 -                Rank 1 : true
2026-07-22 16:00:48,918 [INFO] ADCParametersView:116 -                Rank 2 : true
2026-07-22 16:00:48,918 [INFO] ADCParametersView:116 -                Rank 3 : true
2026-07-22 16:00:48,919 [INFO] ADCParametersView:116 -                Rank 1 : true
2026-07-22 16:00:48,919 [INFO] ADCParametersView:116 -                Rank 2 : true
2026-07-22 16:00:48,919 [INFO] ADCParametersView:116 -                Rank 3 : true
2026-07-22 16:00:48,919 [INFO] ADCParametersView:116 -                Rank 1 : true
2026-07-22 16:00:48,919 [INFO] ADCParametersView:116 -                Rank 2 : true
2026-07-22 16:00:48,919 [INFO] ADCParametersView:116 -                Rank 3 : true
2026-07-22 16:00:48,919 [INFO] ADCParametersView:116 -                Rank 1 : true
2026-07-22 16:00:48,919 [INFO] ADCParametersView:116 -                Rank 2 : true
2026-07-22 16:00:48,919 [INFO] ADCParametersView:116 -                Rank 3 : true
2026-07-22 16:00:48,919 [INFO] ADCParametersView:116 -                Rank 1 : true
2026-07-22 16:00:48,919 [INFO] ADCParametersView:116 -                Rank 2 : true
2026-07-22 16:00:48,919 [INFO] ADCParametersView:116 -                Rank 3 : true
2026-07-22 16:00:48,919 [INFO] ADCParametersView:116 -                Rank 1 : true
2026-07-22 16:00:48,919 [INFO] ADCParametersView:116 -                Rank 2 : true
2026-07-22 16:00:48,919 [INFO] ADCParametersView:116 -                Rank 3 : true
2026-07-22 16:00:48,919 [INFO] ADCParametersView:116 -                Rank 1 : true
2026-07-22 16:00:48,919 [INFO] ADCParametersView:116 -                Rank 2 : true
2026-07-22 16:00:48,919 [INFO] ADCParametersView:116 -                Rank 3 : true
2026-07-22 16:00:48,919 [INFO] ADCParametersView:116 -                Rank 1 : true
2026-07-22 16:00:48,919 [INFO] ADCParametersView:116 -                Rank 2 : true
2026-07-22 16:00:48,919 [INFO] ADCParametersView:116 -                Rank 3 : true
2026-07-22 16:00:48,919 [INFO] ADCParametersView:116 -                Rank 2 : true
2026-07-22 16:00:48,919 [INFO] ADCParametersView:116 -                Rank 3 : true
2026-07-22 16:00:48,919 [INFO] ADCParametersView:116 -                Rank 3 : true
2026-07-22 16:00:48,936 [INFO] ADCParametersView:116 -                Rank 1 : true
2026-07-22 16:00:48,936 [INFO] ADCParametersView:116 -                Rank 1 : true
2026-07-22 16:00:48,936 [INFO] ADCParametersView:116 -                Rank 2 : true
2026-07-22 16:00:48,936 [INFO] ADCParametersView:116 -                Rank 1 : true
2026-07-22 16:00:48,936 [INFO] ADCParametersView:116 -                Rank 2 : true
2026-07-22 16:00:48,936 [INFO] ADCParametersView:116 -                Rank 3 : true
2026-07-22 16:00:48,968 [INFO] ADCParametersView:116 -                Rank 1 : true
2026-07-22 16:00:48,968 [INFO] ADCParametersView:116 -                Rank 2 : true
2026-07-22 16:00:48,968 [INFO] ADCParametersView:116 -                Rank 3 : true
2026-07-22 16:00:48,969 [INFO] ADCParametersView:116 -                Rank 1 : true
2026-07-22 16:00:48,969 [INFO] ADCParametersView:116 -                Rank 2 : true
2026-07-22 16:00:48,969 [INFO] ADCParametersView:116 -                Rank 3 : true
2026-07-22 16:00:48,969 [INFO] ADCParametersView:116 -                Rank 1 : true
2026-07-22 16:00:48,969 [INFO] ADCParametersView:116 -                Rank 2 : true
2026-07-22 16:00:48,969 [INFO] ADCParametersView:116 -                Rank 3 : true
2026-07-22 16:00:48,970 [INFO] ADCParametersView:116 -                Rank 1 : true
2026-07-22 16:00:48,970 [INFO] ADCParametersView:116 -                Rank 2 : true
2026-07-22 16:00:48,970 [INFO] ADCParametersView:116 -                Rank 3 : true
2026-07-22 16:00:48,970 [INFO] ADCParametersView:116 -                Rank 1 : true
2026-07-22 16:00:48,970 [INFO] ADCParametersView:116 -                Rank 2 : true
2026-07-22 16:00:48,970 [INFO] ADCParametersView:116 -                Rank 3 : true
2026-07-22 16:00:48,970 [INFO] ADCParametersView:116 -                Rank 1 : true
2026-07-22 16:00:48,970 [INFO] ADCParametersView:116 -                Rank 2 : true
2026-07-22 16:00:48,970 [INFO] ADCParametersView:116 -                Rank 3 : true
2026-07-22 16:00:48,970 [INFO] ADCParametersView:116 -                Rank 1 : true
2026-07-22 16:00:48,970 [INFO] ADCParametersView:116 -                Rank 2 : true
2026-07-22 16:00:48,970 [INFO] ADCParametersView:116 -                Rank 3 : true
2026-07-22 16:00:48,970 [INFO] ADCParametersView:116 -                Rank 1 : true
2026-07-22 16:00:48,970 [INFO] ADCParametersView:116 -                Rank 2 : true
2026-07-22 16:00:48,970 [INFO] ADCParametersView:116 -                Rank 3 : true
2026-07-22 16:00:48,970 [INFO] ADCParametersView:116 -                Rank 1 : true
2026-07-22 16:00:48,970 [INFO] ADCParametersView:116 -                Rank 2 : true
2026-07-22 16:00:48,970 [INFO] ADCParametersView:116 -                Rank 3 : true
2026-07-22 16:00:48,970 [INFO] ADCParametersView:116 -                Rank 1 : true
2026-07-22 16:00:48,970 [INFO] ADCParametersView:116 -                Rank 2 : true
2026-07-22 16:00:48,970 [INFO] ADCParametersView:116 -                Rank 3 : true
2026-07-22 16:00:48,970 [INFO] ADCParametersView:116 -                Rank 1 : true
2026-07-22 16:00:48,970 [INFO] ADCParametersView:116 -                Rank 2 : true
2026-07-22 16:00:48,970 [INFO] ADCParametersView:116 -                Rank 3 : true
2026-07-22 16:00:48,970 [INFO] ADCParametersView:116 -                Rank 1 : true
2026-07-22 16:00:48,970 [INFO] ADCParametersView:116 -                Rank 2 : true
2026-07-22 16:00:48,970 [INFO] ADCParametersView:116 -                Rank 3 : true
2026-07-22 16:00:48,970 [INFO] ADCParametersView:116 -                Rank 1 : true
2026-07-22 16:00:48,970 [INFO] ADCParametersView:116 -                Rank 2 : true
2026-07-22 16:00:48,970 [INFO] ADCParametersView:116 -                Rank 3 : true
2026-07-22 16:00:48,970 [INFO] ADCParametersView:116 -                Rank 1 : true
2026-07-22 16:00:48,971 [INFO] ADCParametersView:116 -                Rank 2 : true
2026-07-22 16:00:48,971 [INFO] ADCParametersView:116 -                Rank 3 : true
2026-07-22 16:00:48,971 [INFO] ADCParametersView:116 -                Rank 2 : true
2026-07-22 16:00:48,971 [INFO] ADCParametersView:116 -                Rank 3 : true
2026-07-22 16:00:48,971 [INFO] ADCParametersView:116 -                Rank 3 : true
2026-07-22 16:00:48,987 [INFO] ADCParametersView:116 -                Rank 1 : true
2026-07-22 16:00:48,987 [INFO] ADCParametersView:116 -                Rank 1 : true
2026-07-22 16:00:48,987 [INFO] ADCParametersView:116 -                Rank 2 : true
2026-07-22 16:00:48,987 [INFO] ADCParametersView:116 -                Rank 1 : true
2026-07-22 16:00:48,987 [INFO] ADCParametersView:116 -                Rank 2 : true
2026-07-22 16:00:48,987 [INFO] ADCParametersView:116 -                Rank 3 : true
2026-07-22 16:00:49,063 [INFO] ADCParametersView:116 -                Rank 1 : true
2026-07-22 16:00:49,063 [INFO] ADCParametersView:116 -                Rank 2 : true
2026-07-22 16:00:49,063 [INFO] ADCParametersView:116 -                Rank 3 : true
2026-07-22 16:00:49,064 [INFO] ADCParametersView:116 -                Rank 1 : true
2026-07-22 16:00:49,064 [INFO] ADCParametersView:116 -                Rank 2 : true
2026-07-22 16:00:49,064 [INFO] ADCParametersView:116 -                Rank 3 : true
2026-07-22 16:00:49,064 [INFO] ADCParametersView:116 -                Rank 1 : true
2026-07-22 16:00:49,064 [INFO] ADCParametersView:116 -                Rank 2 : true
2026-07-22 16:00:49,064 [INFO] ADCParametersView:116 -                Rank 3 : true
2026-07-22 16:00:49,064 [INFO] ADCParametersView:116 -                Rank 1 : true
2026-07-22 16:00:49,064 [INFO] ADCParametersView:116 -                Rank 2 : true
2026-07-22 16:00:49,064 [INFO] ADCParametersView:116 -                Rank 3 : true
2026-07-22 16:00:49,064 [INFO] ADCParametersView:116 -                Rank 1 : true
2026-07-22 16:00:49,065 [INFO] ADCParametersView:116 -                Rank 2 : true
2026-07-22 16:00:49,065 [INFO] ADCParametersView:116 -                Rank 3 : true
2026-07-22 16:00:49,065 [INFO] ADCParametersView:116 -                Rank 1 : true
2026-07-22 16:00:49,065 [INFO] ADCParametersView:116 -                Rank 2 : true
2026-07-22 16:00:49,065 [INFO] ADCParametersView:116 -                Rank 3 : true
2026-07-22 16:00:49,065 [INFO] ADCParametersView:116 -                Rank 1 : true
2026-07-22 16:00:49,065 [INFO] ADCParametersView:116 -                Rank 2 : true
2026-07-22 16:00:49,065 [INFO] ADCParametersView:116 -                Rank 3 : true
2026-07-22 16:00:49,065 [INFO] ADCParametersView:116 -                Rank 1 : true
2026-07-22 16:00:49,065 [INFO] ADCParametersView:116 -                Rank 2 : true
2026-07-22 16:00:49,065 [INFO] ADCParametersView:116 -                Rank 3 : true
2026-07-22 16:00:49,065 [INFO] ADCParametersView:116 -                Rank 1 : true
2026-07-22 16:00:49,065 [INFO] ADCParametersView:116 -                Rank 2 : true
2026-07-22 16:00:49,065 [INFO] ADCParametersView:116 -                Rank 3 : true
2026-07-22 16:00:49,065 [INFO] ADCParametersView:116 -                Rank 1 : true
2026-07-22 16:00:49,065 [INFO] ADCParametersView:116 -                Rank 2 : true
2026-07-22 16:00:49,065 [INFO] ADCParametersView:116 -                Rank 3 : true
2026-07-22 16:00:49,065 [INFO] ADCParametersView:116 -                Rank 1 : true
2026-07-22 16:00:49,065 [INFO] ADCParametersView:116 -                Rank 2 : true
2026-07-22 16:00:49,065 [INFO] ADCParametersView:116 -                Rank 3 : true
2026-07-22 16:00:49,065 [INFO] ADCParametersView:116 -                Rank 1 : true
2026-07-22 16:00:49,065 [INFO] ADCParametersView:116 -                Rank 2 : true
2026-07-22 16:00:49,065 [INFO] ADCParametersView:116 -                Rank 3 : true
2026-07-22 16:00:49,065 [INFO] ADCParametersView:116 -                Rank 1 : true
2026-07-22 16:00:49,065 [INFO] ADCParametersView:116 -                Rank 2 : true
2026-07-22 16:00:49,065 [INFO] ADCParametersView:116 -                Rank 3 : true
2026-07-22 16:00:49,065 [INFO] ADCParametersView:116 -                Rank 1 : true
2026-07-22 16:00:49,065 [INFO] ADCParametersView:116 -                Rank 2 : true
2026-07-22 16:00:49,065 [INFO] ADCParametersView:116 -                Rank 3 : true
2026-07-22 16:00:49,065 [INFO] ADCParametersView:116 -                Rank 2 : true
2026-07-22 16:00:49,065 [INFO] ADCParametersView:116 -                Rank 3 : true
2026-07-22 16:00:49,065 [INFO] ADCParametersView:116 -                Rank 3 : true
2026-07-22 16:00:49,080 [INFO] ADCParametersView:116 -                Rank 1 : true
2026-07-22 16:00:49,080 [INFO] ADCParametersView:116 -                Rank 1 : true
2026-07-22 16:00:49,080 [INFO] ADCParametersView:116 -                Rank 2 : true
2026-07-22 16:00:49,081 [INFO] ADCParametersView:116 -                Rank 1 : true
2026-07-22 16:00:49,081 [INFO] ADCParametersView:116 -                Rank 2 : true
2026-07-22 16:00:49,081 [INFO] ADCParametersView:116 -                Rank 3 : true
2026-07-22 16:00:49,112 [INFO] ADCParametersView:116 -                Rank 1 : true
2026-07-22 16:00:49,112 [INFO] ADCParametersView:116 -                Rank 2 : true
2026-07-22 16:00:49,112 [INFO] ADCParametersView:116 -                Rank 3 : true
2026-07-22 16:00:49,113 [INFO] ADCParametersView:116 -                Rank 1 : true
2026-07-22 16:00:49,113 [INFO] ADCParametersView:116 -                Rank 2 : true
2026-07-22 16:00:49,113 [INFO] ADCParametersView:116 -                Rank 3 : true
2026-07-22 16:00:49,114 [INFO] ADCParametersView:116 -                Rank 1 : true
2026-07-22 16:00:49,114 [INFO] ADCParametersView:116 -                Rank 2 : true
2026-07-22 16:00:49,114 [INFO] ADCParametersView:116 -                Rank 3 : true
2026-07-22 16:00:49,114 [INFO] ADCParametersView:116 -                Rank 1 : true
2026-07-22 16:00:49,114 [INFO] ADCParametersView:116 -                Rank 2 : true
2026-07-22 16:00:49,114 [INFO] ADCParametersView:116 -                Rank 3 : true
2026-07-22 16:00:49,114 [INFO] ADCParametersView:116 -                Rank 1 : true
2026-07-22 16:00:49,114 [INFO] ADCParametersView:116 -                Rank 2 : true
2026-07-22 16:00:49,114 [INFO] ADCParametersView:116 -                Rank 3 : true
2026-07-22 16:00:49,114 [INFO] ADCParametersView:116 -                Rank 1 : true
2026-07-22 16:00:49,114 [INFO] ADCParametersView:116 -                Rank 2 : true
2026-07-22 16:00:49,114 [INFO] ADCParametersView:116 -                Rank 3 : true
2026-07-22 16:00:49,114 [INFO] ADCParametersView:116 -                Rank 1 : true
2026-07-22 16:00:49,114 [INFO] ADCParametersView:116 -                Rank 2 : true
2026-07-22 16:00:49,114 [INFO] ADCParametersView:116 -                Rank 3 : true
2026-07-22 16:00:49,114 [INFO] ADCParametersView:116 -                Rank 1 : true
2026-07-22 16:00:49,114 [INFO] ADCParametersView:116 -                Rank 2 : true
2026-07-22 16:00:49,114 [INFO] ADCParametersView:116 -                Rank 3 : true
2026-07-22 16:00:49,114 [INFO] ADCParametersView:116 -                Rank 1 : true
2026-07-22 16:00:49,114 [INFO] ADCParametersView:116 -                Rank 2 : true
2026-07-22 16:00:49,114 [INFO] ADCParametersView:116 -                Rank 3 : true
2026-07-22 16:00:49,114 [INFO] ADCParametersView:116 -                Rank 1 : true
2026-07-22 16:00:49,114 [INFO] ADCParametersView:116 -                Rank 2 : true
2026-07-22 16:00:49,114 [INFO] ADCParametersView:116 -                Rank 3 : true
2026-07-22 16:00:49,114 [INFO] ADCParametersView:116 -                Rank 1 : true
2026-07-22 16:00:49,114 [INFO] ADCParametersView:116 -                Rank 2 : true
2026-07-22 16:00:49,114 [INFO] ADCParametersView:116 -                Rank 3 : true
2026-07-22 16:00:49,114 [INFO] ADCParametersView:116 -                Rank 1 : true
2026-07-22 16:00:49,114 [INFO] ADCParametersView:116 -                Rank 2 : true
2026-07-22 16:00:49,114 [INFO] ADCParametersView:116 -                Rank 3 : true
2026-07-22 16:00:49,114 [INFO] ADCParametersView:116 -                Rank 1 : true
2026-07-22 16:00:49,114 [INFO] ADCParametersView:116 -                Rank 2 : true
2026-07-22 16:00:49,114 [INFO] ADCParametersView:116 -                Rank 3 : true
2026-07-22 16:00:49,115 [INFO] ADCParametersView:116 -                Rank 1 : true
2026-07-22 16:00:49,115 [INFO] ADCParametersView:116 -                Rank 2 : true
2026-07-22 16:00:49,115 [INFO] ADCParametersView:116 -                Rank 3 : true
2026-07-22 16:00:49,115 [INFO] ADCParametersView:116 -                Rank 2 : true
2026-07-22 16:00:49,115 [INFO] ADCParametersView:116 -                Rank 3 : true
2026-07-22 16:00:49,115 [INFO] ADCParametersView:116 -                Rank 3 : true
2026-07-22 16:00:49,130 [INFO] ADCParametersView:116 -                Rank 1 : true
2026-07-22 16:00:49,131 [INFO] ADCParametersView:116 -                Rank 1 : true
2026-07-22 16:00:49,131 [INFO] ADCParametersView:116 -                Rank 2 : true
2026-07-22 16:00:49,131 [INFO] ADCParametersView:116 -                Rank 1 : true
2026-07-22 16:00:49,131 [INFO] ADCParametersView:116 -                Rank 2 : true
2026-07-22 16:00:49,131 [INFO] ADCParametersView:116 -                Rank 3 : true
2026-07-22 16:00:50,132 [INFO] ADCParametersView:116 -                Rank 1 : true
2026-07-22 16:00:50,132 [INFO] ADCParametersView:116 -                Rank 2 : true
2026-07-22 16:00:50,133 [INFO] ADCParametersView:116 -                Rank 3 : true
2026-07-22 16:00:50,133 [INFO] ADCParametersView:116 -                Rank 1 : true
2026-07-22 16:00:50,134 [INFO] ADCParametersView:116 -                Rank 2 : true
2026-07-22 16:00:50,134 [INFO] ADCParametersView:116 -                Rank 3 : true
2026-07-22 16:00:50,134 [INFO] ADCParametersView:116 -                Rank 1 : true
2026-07-22 16:00:50,134 [INFO] ADCParametersView:116 -                Rank 2 : true
2026-07-22 16:00:50,134 [INFO] ADCParametersView:116 -                Rank 3 : true
2026-07-22 16:00:50,134 [INFO] ADCParametersView:116 -                Rank 1 : true
2026-07-22 16:00:50,134 [INFO] ADCParametersView:116 -                Rank 2 : true
2026-07-22 16:00:50,134 [INFO] ADCParametersView:116 -                Rank 3 : true
2026-07-22 16:00:50,134 [INFO] ADCParametersView:116 -                Rank 1 : true
2026-07-22 16:00:50,134 [INFO] ADCParametersView:116 -                Rank 2 : true
2026-07-22 16:00:50,134 [INFO] ADCParametersView:116 -                Rank 3 : true
2026-07-22 16:00:50,134 [INFO] ADCParametersView:116 -                Rank 1 : true
2026-07-22 16:00:50,134 [INFO] ADCParametersView:116 -                Rank 2 : true
2026-07-22 16:00:50,134 [INFO] ADCParametersView:116 -                Rank 3 : true
2026-07-22 16:00:50,134 [INFO] ADCParametersView:116 -                Rank 1 : true
2026-07-22 16:00:50,134 [INFO] ADCParametersView:116 -                Rank 2 : true
2026-07-22 16:00:50,134 [INFO] ADCParametersView:116 -                Rank 3 : true
2026-07-22 16:00:50,134 [INFO] ADCParametersView:116 -                Rank 1 : true
2026-07-22 16:00:50,134 [INFO] ADCParametersView:116 -                Rank 2 : true
2026-07-22 16:00:50,134 [INFO] ADCParametersView:116 -                Rank 3 : true
2026-07-22 16:00:50,134 [INFO] ADCParametersView:116 -                Rank 1 : true
2026-07-22 16:00:50,134 [INFO] ADCParametersView:116 -                Rank 2 : true
2026-07-22 16:00:50,134 [INFO] ADCParametersView:116 -                Rank 3 : true
2026-07-22 16:00:50,134 [INFO] ADCParametersView:116 -                Rank 1 : true
2026-07-22 16:00:50,134 [INFO] ADCParametersView:116 -                Rank 2 : true
2026-07-22 16:00:50,134 [INFO] ADCParametersView:116 -                Rank 3 : true
2026-07-22 16:00:50,134 [INFO] ADCParametersView:116 -                Rank 1 : true
2026-07-22 16:00:50,134 [INFO] ADCParametersView:116 -                Rank 2 : true
2026-07-22 16:00:50,134 [INFO] ADCParametersView:116 -                Rank 3 : true
2026-07-22 16:00:50,134 [INFO] ADCParametersView:116 -                Rank 1 : true
2026-07-22 16:00:50,134 [INFO] ADCParametersView:116 -                Rank 2 : true
2026-07-22 16:00:50,134 [INFO] ADCParametersView:116 -                Rank 3 : true
2026-07-22 16:00:50,134 [INFO] ADCParametersView:116 -                Rank 1 : true
2026-07-22 16:00:50,134 [INFO] ADCParametersView:116 -                Rank 2 : true
2026-07-22 16:00:50,135 [INFO] ADCParametersView:116 -                Rank 3 : true
2026-07-22 16:00:50,135 [INFO] ADCParametersView:116 -                Rank 1 : true
2026-07-22 16:00:50,135 [INFO] ADCParametersView:116 -                Rank 2 : true
2026-07-22 16:00:50,135 [INFO] ADCParametersView:116 -                Rank 3 : true
2026-07-22 16:00:50,135 [INFO] ADCParametersView:116 -                Rank 2 : true
2026-07-22 16:00:50,135 [INFO] ADCParametersView:116 -                Rank 3 : true
2026-07-22 16:00:50,135 [INFO] ADCParametersView:116 -                Rank 3 : true
2026-07-22 16:00:50,149 [INFO] ADCParametersView:116 -                Rank 1 : true
2026-07-22 16:00:50,149 [INFO] ADCParametersView:116 -                Rank 1 : true
2026-07-22 16:00:50,150 [INFO] ADCParametersView:116 -                Rank 2 : true
2026-07-22 16:00:50,150 [INFO] ADCParametersView:116 -                Rank 1 : true
2026-07-22 16:00:50,150 [INFO] ADCParametersView:116 -                Rank 2 : true
2026-07-22 16:00:50,150 [INFO] ADCParametersView:116 -                Rank 3 : true
2026-07-22 16:00:50,177 [INFO] ADCParametersView:116 -                Rank 1 : true
2026-07-22 16:00:50,177 [INFO] ADCParametersView:116 -                Rank 2 : true
2026-07-22 16:00:50,177 [INFO] ADCParametersView:116 -                Rank 3 : true
2026-07-22 16:00:50,178 [INFO] ADCParametersView:116 -                Rank 1 : true
2026-07-22 16:00:50,178 [INFO] ADCParametersView:116 -                Rank 2 : true
2026-07-22 16:00:50,178 [INFO] ADCParametersView:116 -                Rank 3 : true
2026-07-22 16:00:50,178 [INFO] ADCParametersView:116 -                Rank 1 : true
2026-07-22 16:00:50,178 [INFO] ADCParametersView:116 -                Rank 2 : true
2026-07-22 16:00:50,178 [INFO] ADCParametersView:116 -                Rank 3 : true
2026-07-22 16:00:50,179 [INFO] ADCParametersView:116 -                Rank 1 : true
2026-07-22 16:00:50,179 [INFO] ADCParametersView:116 -                Rank 2 : true
2026-07-22 16:00:50,179 [INFO] ADCParametersView:116 -                Rank 3 : true
2026-07-22 16:00:50,179 [INFO] ADCParametersView:116 -                Rank 1 : true
2026-07-22 16:00:50,179 [INFO] ADCParametersView:116 -                Rank 2 : true
2026-07-22 16:00:50,179 [INFO] ADCParametersView:116 -                Rank 3 : true
2026-07-22 16:00:50,179 [INFO] ADCParametersView:116 -                Rank 1 : true
2026-07-22 16:00:50,179 [INFO] ADCParametersView:116 -                Rank 2 : true
2026-07-22 16:00:50,179 [INFO] ADCParametersView:116 -                Rank 3 : true
2026-07-22 16:00:50,179 [INFO] ADCParametersView:116 -                Rank 1 : true
2026-07-22 16:00:50,179 [INFO] ADCParametersView:116 -                Rank 2 : true
2026-07-22 16:00:50,179 [INFO] ADCParametersView:116 -                Rank 3 : true
2026-07-22 16:00:50,179 [INFO] ADCParametersView:116 -                Rank 1 : true
2026-07-22 16:00:50,179 [INFO] ADCParametersView:116 -                Rank 2 : true
2026-07-22 16:00:50,179 [INFO] ADCParametersView:116 -                Rank 3 : true
2026-07-22 16:00:50,179 [INFO] ADCParametersView:116 -                Rank 1 : true
2026-07-22 16:00:50,179 [INFO] ADCParametersView:116 -                Rank 2 : true
2026-07-22 16:00:50,179 [INFO] ADCParametersView:116 -                Rank 3 : true
2026-07-22 16:00:50,179 [INFO] ADCParametersView:116 -                Rank 1 : true
2026-07-22 16:00:50,179 [INFO] ADCParametersView:116 -                Rank 2 : true
2026-07-22 16:00:50,179 [INFO] ADCParametersView:116 -                Rank 3 : true
2026-07-22 16:00:50,179 [INFO] ADCParametersView:116 -                Rank 1 : true
2026-07-22 16:00:50,179 [INFO] ADCParametersView:116 -                Rank 2 : true
2026-07-22 16:00:50,179 [INFO] ADCParametersView:116 -                Rank 3 : true
2026-07-22 16:00:50,179 [INFO] ADCParametersView:116 -                Rank 1 : true
2026-07-22 16:00:50,179 [INFO] ADCParametersView:116 -                Rank 2 : true
2026-07-22 16:00:50,179 [INFO] ADCParametersView:116 -                Rank 3 : true
2026-07-22 16:00:50,179 [INFO] ADCParametersView:116 -                Rank 1 : true
2026-07-22 16:00:50,180 [INFO] ADCParametersView:116 -                Rank 2 : true
2026-07-22 16:00:50,180 [INFO] ADCParametersView:116 -                Rank 3 : true
2026-07-22 16:00:50,180 [INFO] ADCParametersView:116 -                Rank 1 : true
2026-07-22 16:00:50,180 [INFO] ADCParametersView:116 -                Rank 2 : true
2026-07-22 16:00:50,180 [INFO] ADCParametersView:116 -                Rank 3 : true
2026-07-22 16:00:50,180 [INFO] ADCParametersView:116 -                Rank 2 : true
2026-07-22 16:00:50,180 [INFO] ADCParametersView:116 -                Rank 3 : true
2026-07-22 16:00:50,180 [INFO] ADCParametersView:116 -                Rank 3 : true
2026-07-22 16:00:50,197 [INFO] ADCParametersView:116 -                Rank 1 : true
2026-07-22 16:00:50,197 [INFO] ADCParametersView:116 -                Rank 1 : true
2026-07-22 16:00:50,197 [INFO] ADCParametersView:116 -                Rank 2 : true
2026-07-22 16:00:50,198 [INFO] ADCParametersView:116 -                Rank 1 : true
2026-07-22 16:00:50,198 [INFO] ADCParametersView:116 -                Rank 2 : true
2026-07-22 16:00:50,198 [INFO] ADCParametersView:116 -                Rank 3 : true
2026-07-22 16:00:50,268 [INFO] ADCParametersView:116 -                Rank 1 : true
2026-07-22 16:00:50,268 [INFO] ADCParametersView:116 -                Rank 2 : true
2026-07-22 16:00:50,268 [INFO] ADCParametersView:116 -                Rank 3 : true
2026-07-22 16:00:50,269 [INFO] ADCParametersView:116 -                Rank 1 : true
2026-07-22 16:00:50,269 [INFO] ADCParametersView:116 -                Rank 2 : true
2026-07-22 16:00:50,269 [INFO] ADCParametersView:116 -                Rank 3 : true
2026-07-22 16:00:50,269 [INFO] ADCParametersView:116 -                Rank 1 : true
2026-07-22 16:00:50,269 [INFO] ADCParametersView:116 -                Rank 2 : true
2026-07-22 16:00:50,270 [INFO] ADCParametersView:116 -                Rank 3 : true
2026-07-22 16:00:50,270 [INFO] ADCParametersView:116 -                Rank 1 : true
2026-07-22 16:00:50,270 [INFO] ADCParametersView:116 -                Rank 2 : true
2026-07-22 16:00:50,270 [INFO] ADCParametersView:116 -                Rank 3 : true
2026-07-22 16:00:50,270 [INFO] ADCParametersView:116 -                Rank 1 : true
2026-07-22 16:00:50,270 [INFO] ADCParametersView:116 -                Rank 2 : true
2026-07-22 16:00:50,270 [INFO] ADCParametersView:116 -                Rank 3 : true
2026-07-22 16:00:50,270 [INFO] ADCParametersView:116 -                Rank 1 : true
2026-07-22 16:00:50,270 [INFO] ADCParametersView:116 -                Rank 2 : true
2026-07-22 16:00:50,270 [INFO] ADCParametersView:116 -                Rank 3 : true
2026-07-22 16:00:50,270 [INFO] ADCParametersView:116 -                Rank 1 : true
2026-07-22 16:00:50,270 [INFO] ADCParametersView:116 -                Rank 2 : true
2026-07-22 16:00:50,270 [INFO] ADCParametersView:116 -                Rank 3 : true
2026-07-22 16:00:50,270 [INFO] ADCParametersView:116 -                Rank 1 : true
2026-07-22 16:00:50,270 [INFO] ADCParametersView:116 -                Rank 2 : true
2026-07-22 16:00:50,270 [INFO] ADCParametersView:116 -                Rank 3 : true
2026-07-22 16:00:50,270 [INFO] ADCParametersView:116 -                Rank 1 : true
2026-07-22 16:00:50,270 [INFO] ADCParametersView:116 -                Rank 2 : true
2026-07-22 16:00:50,270 [INFO] ADCParametersView:116 -                Rank 3 : true
2026-07-22 16:00:50,270 [INFO] ADCParametersView:116 -                Rank 1 : true
2026-07-22 16:00:50,270 [INFO] ADCParametersView:116 -                Rank 2 : true
2026-07-22 16:00:50,270 [INFO] ADCParametersView:116 -                Rank 3 : true
2026-07-22 16:00:50,270 [INFO] ADCParametersView:116 -                Rank 1 : true
2026-07-22 16:00:50,270 [INFO] ADCParametersView:116 -                Rank 2 : true
2026-07-22 16:00:50,270 [INFO] ADCParametersView:116 -                Rank 3 : true
2026-07-22 16:00:50,270 [INFO] ADCParametersView:116 -                Rank 1 : true
2026-07-22 16:00:50,270 [INFO] ADCParametersView:116 -                Rank 2 : true
2026-07-22 16:00:50,270 [INFO] ADCParametersView:116 -                Rank 3 : true
2026-07-22 16:00:50,270 [INFO] ADCParametersView:116 -                Rank 1 : true
2026-07-22 16:00:50,270 [INFO] ADCParametersView:116 -                Rank 2 : true
2026-07-22 16:00:50,270 [INFO] ADCParametersView:116 -                Rank 3 : true
2026-07-22 16:00:50,270 [INFO] ADCParametersView:116 -                Rank 1 : true
2026-07-22 16:00:50,270 [INFO] ADCParametersView:116 -                Rank 2 : true
2026-07-22 16:00:50,271 [INFO] ADCParametersView:116 -                Rank 3 : true
2026-07-22 16:00:50,271 [INFO] ADCParametersView:116 -                Rank 2 : true
2026-07-22 16:00:50,271 [INFO] ADCParametersView:116 -                Rank 3 : true
2026-07-22 16:00:50,271 [INFO] ADCParametersView:116 -                Rank 3 : true
2026-07-22 16:00:50,285 [INFO] ADCParametersView:116 -                Rank 1 : true
2026-07-22 16:00:50,285 [INFO] ADCParametersView:116 -                Rank 1 : true
2026-07-22 16:00:50,285 [INFO] ADCParametersView:116 -                Rank 2 : true
2026-07-22 16:00:50,286 [INFO] ADCParametersView:116 -                Rank 1 : true
2026-07-22 16:00:50,286 [INFO] ADCParametersView:116 -                Rank 2 : true
2026-07-22 16:00:50,286 [INFO] ADCParametersView:116 -                Rank 3 : true
2026-07-22 16:00:50,315 [INFO] ADCParametersView:116 -                Rank 1 : true
2026-07-22 16:00:50,315 [INFO] ADCParametersView:116 -                Rank 2 : true
2026-07-22 16:00:50,315 [INFO] ADCParametersView:116 -                Rank 3 : true
2026-07-22 16:00:50,316 [INFO] ADCParametersView:116 -                Rank 1 : true
2026-07-22 16:00:50,316 [INFO] ADCParametersView:116 -                Rank 2 : true
2026-07-22 16:00:50,316 [INFO] ADCParametersView:116 -                Rank 3 : true
2026-07-22 16:00:50,316 [INFO] ADCParametersView:116 -                Rank 1 : true
2026-07-22 16:00:50,316 [INFO] ADCParametersView:116 -                Rank 2 : true
2026-07-22 16:00:50,316 [INFO] ADCParametersView:116 -                Rank 3 : true
2026-07-22 16:00:50,316 [INFO] ADCParametersView:116 -                Rank 1 : true
2026-07-22 16:00:50,316 [INFO] ADCParametersView:116 -                Rank 2 : true
2026-07-22 16:00:50,316 [INFO] ADCParametersView:116 -                Rank 3 : true
2026-07-22 16:00:50,316 [INFO] ADCParametersView:116 -                Rank 1 : true
2026-07-22 16:00:50,316 [INFO] ADCParametersView:116 -                Rank 2 : true
2026-07-22 16:00:50,316 [INFO] ADCParametersView:116 -                Rank 3 : true
2026-07-22 16:00:50,316 [INFO] ADCParametersView:116 -                Rank 1 : true
2026-07-22 16:00:50,316 [INFO] ADCParametersView:116 -                Rank 2 : true
2026-07-22 16:00:50,316 [INFO] ADCParametersView:116 -                Rank 3 : true
2026-07-22 16:00:50,316 [INFO] ADCParametersView:116 -                Rank 1 : true
2026-07-22 16:00:50,316 [INFO] ADCParametersView:116 -                Rank 2 : true
2026-07-22 16:00:50,316 [INFO] ADCParametersView:116 -                Rank 3 : true
2026-07-22 16:00:50,316 [INFO] ADCParametersView:116 -                Rank 1 : true
2026-07-22 16:00:50,316 [INFO] ADCParametersView:116 -                Rank 2 : true
2026-07-22 16:00:50,316 [INFO] ADCParametersView:116 -                Rank 3 : true
2026-07-22 16:00:50,316 [INFO] ADCParametersView:116 -                Rank 1 : true
2026-07-22 16:00:50,316 [INFO] ADCParametersView:116 -                Rank 2 : true
2026-07-22 16:00:50,316 [INFO] ADCParametersView:116 -                Rank 3 : true
2026-07-22 16:00:50,316 [INFO] ADCParametersView:116 -                Rank 1 : true
2026-07-22 16:00:50,316 [INFO] ADCParametersView:116 -                Rank 2 : true
2026-07-22 16:00:50,316 [INFO] ADCParametersView:116 -                Rank 3 : true
2026-07-22 16:00:50,316 [INFO] ADCParametersView:116 -                Rank 1 : true
2026-07-22 16:00:50,316 [INFO] ADCParametersView:116 -                Rank 2 : true
2026-07-22 16:00:50,317 [INFO] ADCParametersView:116 -                Rank 3 : true
2026-07-22 16:00:50,317 [INFO] ADCParametersView:116 -                Rank 1 : true
2026-07-22 16:00:50,317 [INFO] ADCParametersView:116 -                Rank 2 : true
2026-07-22 16:00:50,317 [INFO] ADCParametersView:116 -                Rank 3 : true
2026-07-22 16:00:50,317 [INFO] ADCParametersView:116 -                Rank 1 : true
2026-07-22 16:00:50,317 [INFO] ADCParametersView:116 -                Rank 2 : true
2026-07-22 16:00:50,317 [INFO] ADCParametersView:116 -                Rank 3 : true
2026-07-22 16:00:50,317 [INFO] ADCParametersView:116 -                Rank 1 : true
2026-07-22 16:00:50,317 [INFO] ADCParametersView:116 -                Rank 2 : true
2026-07-22 16:00:50,317 [INFO] ADCParametersView:116 -                Rank 3 : true
2026-07-22 16:00:50,317 [INFO] ADCParametersView:116 -                Rank 2 : true
2026-07-22 16:00:50,317 [INFO] ADCParametersView:116 -                Rank 3 : true
2026-07-22 16:00:50,317 [INFO] ADCParametersView:116 -                Rank 3 : true
2026-07-22 16:00:50,332 [INFO] ADCParametersView:116 -                Rank 1 : true
2026-07-22 16:00:50,332 [INFO] ADCParametersView:116 -                Rank 1 : true
2026-07-22 16:00:50,332 [INFO] ADCParametersView:116 -                Rank 2 : true
2026-07-22 16:00:50,332 [INFO] ADCParametersView:116 -                Rank 1 : true
2026-07-22 16:00:50,332 [INFO] ADCParametersView:116 -                Rank 2 : true
2026-07-22 16:00:50,332 [INFO] ADCParametersView:116 -                Rank 3 : true
2026-07-22 16:00:51,175 [INFO] ADCParametersView:116 -                Rank 1 : true
2026-07-22 16:00:51,175 [INFO] ADCParametersView:116 -                Rank 2 : true
2026-07-22 16:00:51,175 [INFO] ADCParametersView:116 -                Rank 3 : true
2026-07-22 16:00:51,176 [INFO] ADCParametersView:116 -                Rank 1 : true
2026-07-22 16:00:51,176 [INFO] ADCParametersView:116 -                Rank 2 : true
2026-07-22 16:00:51,176 [INFO] ADCParametersView:116 -                Rank 3 : true
2026-07-22 16:00:51,176 [INFO] ADCParametersView:116 -                Rank 1 : true
2026-07-22 16:00:51,176 [INFO] ADCParametersView:116 -                Rank 2 : true
2026-07-22 16:00:51,176 [INFO] ADCParametersView:116 -                Rank 3 : true
2026-07-22 16:00:51,177 [INFO] ADCParametersView:116 -                Rank 1 : true
2026-07-22 16:00:51,177 [INFO] ADCParametersView:116 -                Rank 2 : true
2026-07-22 16:00:51,177 [INFO] ADCParametersView:116 -                Rank 3 : true
2026-07-22 16:00:51,177 [INFO] ADCParametersView:116 -                Rank 1 : true
2026-07-22 16:00:51,177 [INFO] ADCParametersView:116 -                Rank 2 : true
2026-07-22 16:00:51,177 [INFO] ADCParametersView:116 -                Rank 3 : true
2026-07-22 16:00:51,177 [INFO] ADCParametersView:116 -                Rank 1 : true
2026-07-22 16:00:51,177 [INFO] ADCParametersView:116 -                Rank 2 : true
2026-07-22 16:00:51,177 [INFO] ADCParametersView:116 -                Rank 3 : true
2026-07-22 16:00:51,177 [INFO] ADCParametersView:116 -                Rank 1 : true
2026-07-22 16:00:51,177 [INFO] ADCParametersView:116 -                Rank 2 : true
2026-07-22 16:00:51,177 [INFO] ADCParametersView:116 -                Rank 3 : true
2026-07-22 16:00:51,177 [INFO] ADCParametersView:116 -                Rank 1 : true
2026-07-22 16:00:51,177 [INFO] ADCParametersView:116 -                Rank 2 : true
2026-07-22 16:00:51,177 [INFO] ADCParametersView:116 -                Rank 3 : true
2026-07-22 16:00:51,177 [INFO] ADCParametersView:116 -                Rank 1 : true
2026-07-22 16:00:51,177 [INFO] ADCParametersView:116 -                Rank 2 : true
2026-07-22 16:00:51,177 [INFO] ADCParametersView:116 -                Rank 3 : true
2026-07-22 16:00:51,177 [INFO] ADCParametersView:116 -                Rank 1 : true
2026-07-22 16:00:51,177 [INFO] ADCParametersView:116 -                Rank 2 : true
2026-07-22 16:00:51,177 [INFO] ADCParametersView:116 -                Rank 3 : true
2026-07-22 16:00:51,177 [INFO] ADCParametersView:116 -                Rank 1 : true
2026-07-22 16:00:51,178 [INFO] ADCParametersView:116 -                Rank 2 : true
2026-07-22 16:00:51,178 [INFO] ADCParametersView:116 -                Rank 3 : true
2026-07-22 16:00:51,178 [INFO] ADCParametersView:116 -                Rank 1 : true
2026-07-22 16:00:51,178 [INFO] ADCParametersView:116 -                Rank 2 : true
2026-07-22 16:00:51,178 [INFO] ADCParametersView:116 -                Rank 3 : true
2026-07-22 16:00:51,178 [INFO] ADCParametersView:116 -                Rank 1 : true
2026-07-22 16:00:51,178 [INFO] ADCParametersView:116 -                Rank 2 : true
2026-07-22 16:00:51,178 [INFO] ADCParametersView:116 -                Rank 3 : true
2026-07-22 16:00:51,178 [INFO] ADCParametersView:116 -                Rank 1 : true
2026-07-22 16:00:51,178 [INFO] ADCParametersView:116 -                Rank 2 : true
2026-07-22 16:00:51,178 [INFO] ADCParametersView:116 -                Rank 3 : true
2026-07-22 16:00:51,178 [INFO] ADCParametersView:116 -                Rank 2 : true
2026-07-22 16:00:51,178 [INFO] ADCParametersView:116 -                Rank 3 : true
2026-07-22 16:00:51,178 [INFO] ADCParametersView:116 -                Rank 3 : true
2026-07-22 16:00:51,192 [INFO] ADCParametersView:116 -                Rank 1 : true
2026-07-22 16:00:51,192 [INFO] ADCParametersView:116 -                Rank 1 : true
2026-07-22 16:00:51,192 [INFO] ADCParametersView:116 -                Rank 2 : true
2026-07-22 16:00:51,192 [INFO] ADCParametersView:116 -                Rank 1 : true
2026-07-22 16:00:51,192 [INFO] ADCParametersView:116 -                Rank 2 : true
2026-07-22 16:00:51,192 [INFO] ADCParametersView:116 -                Rank 3 : true
2026-07-22 16:00:51,222 [INFO] ADCParametersView:116 -                Rank 1 : true
2026-07-22 16:00:51,223 [INFO] ADCParametersView:116 -                Rank 2 : true
2026-07-22 16:00:51,223 [INFO] ADCParametersView:116 -                Rank 3 : true
2026-07-22 16:00:51,224 [INFO] ADCParametersView:116 -                Rank 1 : true
2026-07-22 16:00:51,224 [INFO] ADCParametersView:116 -                Rank 2 : true
2026-07-22 16:00:51,224 [INFO] ADCParametersView:116 -                Rank 3 : true
2026-07-22 16:00:51,224 [INFO] ADCParametersView:116 -                Rank 1 : true
2026-07-22 16:00:51,224 [INFO] ADCParametersView:116 -                Rank 2 : true
2026-07-22 16:00:51,224 [INFO] ADCParametersView:116 -                Rank 3 : true
2026-07-22 16:00:51,224 [INFO] ADCParametersView:116 -                Rank 1 : true
2026-07-22 16:00:51,224 [INFO] ADCParametersView:116 -                Rank 2 : true
2026-07-22 16:00:51,224 [INFO] ADCParametersView:116 -                Rank 3 : true
2026-07-22 16:00:51,224 [INFO] ADCParametersView:116 -                Rank 1 : true
2026-07-22 16:00:51,224 [INFO] ADCParametersView:116 -                Rank 2 : true
2026-07-22 16:00:51,224 [INFO] ADCParametersView:116 -                Rank 3 : true
2026-07-22 16:00:51,224 [INFO] ADCParametersView:116 -                Rank 1 : true
2026-07-22 16:00:51,224 [INFO] ADCParametersView:116 -                Rank 2 : true
2026-07-22 16:00:51,224 [INFO] ADCParametersView:116 -                Rank 3 : true
2026-07-22 16:00:51,224 [INFO] ADCParametersView:116 -                Rank 1 : true
2026-07-22 16:00:51,224 [INFO] ADCParametersView:116 -                Rank 2 : true
2026-07-22 16:00:51,224 [INFO] ADCParametersView:116 -                Rank 3 : true
2026-07-22 16:00:51,224 [INFO] ADCParametersView:116 -                Rank 1 : true
2026-07-22 16:00:51,224 [INFO] ADCParametersView:116 -                Rank 2 : true
2026-07-22 16:00:51,224 [INFO] ADCParametersView:116 -                Rank 3 : true
2026-07-22 16:00:51,224 [INFO] ADCParametersView:116 -                Rank 1 : true
2026-07-22 16:00:51,224 [INFO] ADCParametersView:116 -                Rank 2 : true
2026-07-22 16:00:51,224 [INFO] ADCParametersView:116 -                Rank 3 : true
2026-07-22 16:00:51,224 [INFO] ADCParametersView:116 -                Rank 1 : true
2026-07-22 16:00:51,224 [INFO] ADCParametersView:116 -                Rank 2 : true
2026-07-22 16:00:51,224 [INFO] ADCParametersView:116 -                Rank 3 : true
2026-07-22 16:00:51,225 [INFO] ADCParametersView:116 -                Rank 1 : true
2026-07-22 16:00:51,225 [INFO] ADCParametersView:116 -                Rank 2 : true
2026-07-22 16:00:51,225 [INFO] ADCParametersView:116 -                Rank 3 : true
2026-07-22 16:00:51,225 [INFO] ADCParametersView:116 -                Rank 1 : true
2026-07-22 16:00:51,225 [INFO] ADCParametersView:116 -                Rank 2 : true
2026-07-22 16:00:51,225 [INFO] ADCParametersView:116 -                Rank 3 : true
2026-07-22 16:00:51,225 [INFO] ADCParametersView:116 -                Rank 1 : true
2026-07-22 16:00:51,225 [INFO] ADCParametersView:116 -                Rank 2 : true
2026-07-22 16:00:51,225 [INFO] ADCParametersView:116 -                Rank 3 : true
2026-07-22 16:00:51,225 [INFO] ADCParametersView:116 -                Rank 1 : true
2026-07-22 16:00:51,225 [INFO] ADCParametersView:116 -                Rank 2 : true
2026-07-22 16:00:51,225 [INFO] ADCParametersView:116 -                Rank 3 : true
2026-07-22 16:00:51,225 [INFO] ADCParametersView:116 -                Rank 2 : true
2026-07-22 16:00:51,225 [INFO] ADCParametersView:116 -                Rank 3 : true
2026-07-22 16:00:51,225 [INFO] ADCParametersView:116 -                Rank 3 : true
2026-07-22 16:00:51,239 [INFO] ADCParametersView:116 -                Rank 1 : true
2026-07-22 16:00:51,239 [INFO] ADCParametersView:116 -                Rank 1 : true
2026-07-22 16:00:51,239 [INFO] ADCParametersView:116 -                Rank 2 : true
2026-07-22 16:00:51,240 [INFO] ADCParametersView:116 -                Rank 1 : true
2026-07-22 16:00:51,240 [INFO] ADCParametersView:116 -                Rank 2 : true
2026-07-22 16:00:51,240 [INFO] ADCParametersView:116 -                Rank 3 : true
2026-07-22 16:00:51,317 [INFO] ADCParametersView:116 -                Rank 1 : true
2026-07-22 16:00:51,317 [INFO] ADCParametersView:116 -                Rank 2 : true
2026-07-22 16:00:51,317 [INFO] ADCParametersView:116 -                Rank 3 : true
2026-07-22 16:00:51,318 [INFO] ADCParametersView:116 -                Rank 1 : true
2026-07-22 16:00:51,318 [INFO] ADCParametersView:116 -                Rank 2 : true
2026-07-22 16:00:51,319 [INFO] ADCParametersView:116 -                Rank 3 : true
2026-07-22 16:00:51,319 [INFO] ADCParametersView:116 -                Rank 1 : true
2026-07-22 16:00:51,319 [INFO] ADCParametersView:116 -                Rank 2 : true
2026-07-22 16:00:51,319 [INFO] ADCParametersView:116 -                Rank 3 : true
2026-07-22 16:00:51,319 [INFO] ADCParametersView:116 -                Rank 1 : true
2026-07-22 16:00:51,319 [INFO] ADCParametersView:116 -                Rank 2 : true
2026-07-22 16:00:51,319 [INFO] ADCParametersView:116 -                Rank 3 : true
2026-07-22 16:00:51,319 [INFO] ADCParametersView:116 -                Rank 1 : true
2026-07-22 16:00:51,319 [INFO] ADCParametersView:116 -                Rank 2 : true
2026-07-22 16:00:51,319 [INFO] ADCParametersView:116 -                Rank 3 : true
2026-07-22 16:00:51,319 [INFO] ADCParametersView:116 -                Rank 1 : true
2026-07-22 16:00:51,319 [INFO] ADCParametersView:116 -                Rank 2 : true
2026-07-22 16:00:51,319 [INFO] ADCParametersView:116 -                Rank 3 : true
2026-07-22 16:00:51,319 [INFO] ADCParametersView:116 -                Rank 1 : true
2026-07-22 16:00:51,319 [INFO] ADCParametersView:116 -                Rank 2 : true
2026-07-22 16:00:51,319 [INFO] ADCParametersView:116 -                Rank 3 : true
2026-07-22 16:00:51,320 [INFO] ADCParametersView:116 -                Rank 1 : true
2026-07-22 16:00:51,320 [INFO] ADCParametersView:116 -                Rank 2 : true
2026-07-22 16:00:51,320 [INFO] ADCParametersView:116 -                Rank 3 : true
2026-07-22 16:00:51,320 [INFO] ADCParametersView:116 -                Rank 1 : true
2026-07-22 16:00:51,320 [INFO] ADCParametersView:116 -                Rank 2 : true
2026-07-22 16:00:51,320 [INFO] ADCParametersView:116 -                Rank 3 : true
2026-07-22 16:00:51,320 [INFO] ADCParametersView:116 -                Rank 1 : true
2026-07-22 16:00:51,320 [INFO] ADCParametersView:116 -                Rank 2 : true
2026-07-22 16:00:51,320 [INFO] ADCParametersView:116 -                Rank 3 : true
2026-07-22 16:00:51,320 [INFO] ADCParametersView:116 -                Rank 1 : true
2026-07-22 16:00:51,320 [INFO] ADCParametersView:116 -                Rank 2 : true
2026-07-22 16:00:51,320 [INFO] ADCParametersView:116 -                Rank 3 : true
2026-07-22 16:00:51,320 [INFO] ADCParametersView:116 -                Rank 1 : true
2026-07-22 16:00:51,320 [INFO] ADCParametersView:116 -                Rank 2 : true
2026-07-22 16:00:51,320 [INFO] ADCParametersView:116 -                Rank 3 : true
2026-07-22 16:00:51,320 [INFO] ADCParametersView:116 -                Rank 1 : true
2026-07-22 16:00:51,320 [INFO] ADCParametersView:116 -                Rank 2 : true
2026-07-22 16:00:51,320 [INFO] ADCParametersView:116 -                Rank 3 : true
2026-07-22 16:00:51,320 [INFO] ADCParametersView:116 -                Rank 1 : true
2026-07-22 16:00:51,320 [INFO] ADCParametersView:116 -                Rank 2 : true
2026-07-22 16:00:51,320 [INFO] ADCParametersView:116 -                Rank 3 : true
2026-07-22 16:00:51,320 [INFO] ADCParametersView:116 -                Rank 2 : true
2026-07-22 16:00:51,320 [INFO] ADCParametersView:116 -                Rank 3 : true
2026-07-22 16:00:51,320 [INFO] ADCParametersView:116 -                Rank 3 : true
2026-07-22 16:00:51,334 [INFO] ADCParametersView:116 -                Rank 1 : true
2026-07-22 16:00:51,335 [INFO] ADCParametersView:116 -                Rank 1 : true
2026-07-22 16:00:51,335 [INFO] ADCParametersView:116 -                Rank 2 : true
2026-07-22 16:00:51,335 [INFO] ADCParametersView:116 -                Rank 1 : true
2026-07-22 16:00:51,335 [INFO] ADCParametersView:116 -                Rank 2 : true
2026-07-22 16:00:51,335 [INFO] ADCParametersView:116 -                Rank 3 : true
2026-07-22 16:00:51,365 [INFO] ADCParametersView:116 -                Rank 1 : true
2026-07-22 16:00:51,365 [INFO] ADCParametersView:116 -                Rank 2 : true
2026-07-22 16:00:51,365 [INFO] ADCParametersView:116 -                Rank 3 : true
2026-07-22 16:00:51,366 [INFO] ADCParametersView:116 -                Rank 1 : true
2026-07-22 16:00:51,366 [INFO] ADCParametersView:116 -                Rank 2 : true
2026-07-22 16:00:51,366 [INFO] ADCParametersView:116 -                Rank 3 : true
2026-07-22 16:00:51,366 [INFO] ADCParametersView:116 -                Rank 1 : true
2026-07-22 16:00:51,366 [INFO] ADCParametersView:116 -                Rank 2 : true
2026-07-22 16:00:51,366 [INFO] ADCParametersView:116 -                Rank 3 : true
2026-07-22 16:00:51,366 [INFO] ADCParametersView:116 -                Rank 1 : true
2026-07-22 16:00:51,366 [INFO] ADCParametersView:116 -                Rank 2 : true
2026-07-22 16:00:51,366 [INFO] ADCParametersView:116 -                Rank 3 : true
2026-07-22 16:00:51,366 [INFO] ADCParametersView:116 -                Rank 1 : true
2026-07-22 16:00:51,366 [INFO] ADCParametersView:116 -                Rank 2 : true
2026-07-22 16:00:51,366 [INFO] ADCParametersView:116 -                Rank 3 : true
2026-07-22 16:00:51,366 [INFO] ADCParametersView:116 -                Rank 1 : true
2026-07-22 16:00:51,366 [INFO] ADCParametersView:116 -                Rank 2 : true
2026-07-22 16:00:51,366 [INFO] ADCParametersView:116 -                Rank 3 : true
2026-07-22 16:00:51,366 [INFO] ADCParametersView:116 -                Rank 1 : true
2026-07-22 16:00:51,366 [INFO] ADCParametersView:116 -                Rank 2 : true
2026-07-22 16:00:51,366 [INFO] ADCParametersView:116 -                Rank 3 : true
2026-07-22 16:00:51,366 [INFO] ADCParametersView:116 -                Rank 1 : true
2026-07-22 16:00:51,366 [INFO] ADCParametersView:116 -                Rank 2 : true
2026-07-22 16:00:51,367 [INFO] ADCParametersView:116 -                Rank 3 : true
2026-07-22 16:00:51,367 [INFO] ADCParametersView:116 -                Rank 1 : true
2026-07-22 16:00:51,367 [INFO] ADCParametersView:116 -                Rank 2 : true
2026-07-22 16:00:51,367 [INFO] ADCParametersView:116 -                Rank 3 : true
2026-07-22 16:00:51,367 [INFO] ADCParametersView:116 -                Rank 1 : true
2026-07-22 16:00:51,367 [INFO] ADCParametersView:116 -                Rank 2 : true
2026-07-22 16:00:51,367 [INFO] ADCParametersView:116 -                Rank 3 : true
2026-07-22 16:00:51,367 [INFO] ADCParametersView:116 -                Rank 1 : true
2026-07-22 16:00:51,367 [INFO] ADCParametersView:116 -                Rank 2 : true
2026-07-22 16:00:51,367 [INFO] ADCParametersView:116 -                Rank 3 : true
2026-07-22 16:00:51,367 [INFO] ADCParametersView:116 -                Rank 1 : true
2026-07-22 16:00:51,367 [INFO] ADCParametersView:116 -                Rank 2 : true
2026-07-22 16:00:51,367 [INFO] ADCParametersView:116 -                Rank 3 : true
2026-07-22 16:00:51,367 [INFO] ADCParametersView:116 -                Rank 1 : true
2026-07-22 16:00:51,367 [INFO] ADCParametersView:116 -                Rank 2 : true
2026-07-22 16:00:51,367 [INFO] ADCParametersView:116 -                Rank 3 : true
2026-07-22 16:00:51,367 [INFO] ADCParametersView:116 -                Rank 1 : true
2026-07-22 16:00:51,367 [INFO] ADCParametersView:116 -                Rank 2 : true
2026-07-22 16:00:51,367 [INFO] ADCParametersView:116 -                Rank 3 : true
2026-07-22 16:00:51,367 [INFO] ADCParametersView:116 -                Rank 2 : true
2026-07-22 16:00:51,367 [INFO] ADCParametersView:116 -                Rank 3 : true
2026-07-22 16:00:51,367 [INFO] ADCParametersView:116 -                Rank 3 : true
2026-07-22 16:00:51,383 [INFO] ADCParametersView:116 -                Rank 1 : true
2026-07-22 16:00:51,383 [INFO] ADCParametersView:116 -                Rank 1 : true
2026-07-22 16:00:51,383 [INFO] ADCParametersView:116 -                Rank 2 : true
2026-07-22 16:00:51,383 [INFO] ADCParametersView:116 -                Rank 1 : true
2026-07-22 16:00:51,383 [INFO] ADCParametersView:116 -                Rank 2 : true
2026-07-22 16:00:51,383 [INFO] ADCParametersView:116 -                Rank 3 : true
2026-07-22 16:01:03,037 [INFO] ADCParametersView:116 -                Rank 1 : true
2026-07-22 16:01:03,038 [INFO] ADCParametersView:116 -                Rank 2 : true
2026-07-22 16:01:03,038 [INFO] ADCParametersView:116 -                Rank 3 : true
2026-07-22 16:01:03,828 [INFO] ADCParametersView:116 -                Rank 1 : true
2026-07-22 16:01:03,828 [INFO] ADCParametersView:116 -                Rank 2 : true
2026-07-22 16:01:03,828 [INFO] ADCParametersView:116 -                Rank 3 : true
2026-07-22 16:01:11,712 [INFO] ADCParametersView:116 -                Rank 1 : true
2026-07-22 16:01:11,713 [INFO] ADCParametersView:116 -                Rank 2 : true
2026-07-22 16:01:11,713 [INFO] ADCParametersView:116 -                Rank 3 : true
2026-07-22 16:01:15,275 [INFO] ADCParametersView:116 -                Rank 1 : true
2026-07-22 16:01:15,276 [INFO] ADCParametersView:116 -                Rank 2 : true
2026-07-22 16:01:15,276 [INFO] ADCParametersView:116 -                Rank 3 : true
2026-07-22 16:01:18,279 [INFO] NvicIntPanel:101 - NVIC parent = com.st.microxplorer.plugins.ip.nvic.MultiNvicIntPanel[,0,0,526x365,layout=javax.swing.BoxLayout,alignmentX=0.0,alignmentY=0.0,border=,flags=9,maximumSize=,minimumSize=,preferredSize=]
2026-07-22 16:01:46,793 [INFO] UtilMem:75 - End SaveConfig() Used Memory: 465601600 Bytes (720371712)
2026-07-22 16:01:48,753 [INFO] UtilMem:75 - End SaveConfig() Used Memory: 484475968 Bytes (720371712)
2026-07-22 16:01:51,292 [INFO] UtilMem:75 - End SaveConfig() Used Memory: 535339368 Bytes (720371712)
2026-07-22 16:01:51,934 [INFO] BlockDiagram:2775 - set Specific Code input for plugin: USB_OTG_FS
2026-07-22 16:01:51,934 [INFO] BlockDiagram:2775 - set Specific Code input for plugin: NVIC
2026-07-22 16:01:51,934 [INFO] BlockDiagram:2775 - set Specific Code input for plugin: DMA
2026-07-22 16:01:51,934 [INFO] BlockDiagram:2775 - set Specific Code input for plugin: TIM1_8
2026-07-22 16:01:51,934 [INFO] BlockDiagram:2775 - set Specific Code input for plugin: TIM1_8
2026-07-22 16:01:51,934 [INFO] BlockDiagram:2775 - set Specific Code input for plugin: TIM1_8
2026-07-22 16:01:51,934 [INFO] BlockDiagram:2775 - set Specific Code input for plugin: USB_DEVICE
2026-07-22 16:01:51,934 [INFO] BlockDiagram:2775 - set Specific Code input for plugin: I2S
2026-07-22 16:01:51,934 [INFO] BlockDiagram:2775 - set Specific Code input for plugin: SYS
2026-07-22 16:01:51,935 [INFO] BlockDiagram:2775 - set Specific Code input for plugin: GPIO
2026-07-22 16:01:51,935 [INFO] BlockDiagram:2775 - set Specific Code input for plugin: ADC
2026-07-22 16:01:51,935 [INFO] BlockDiagram:2775 - set Specific Code input for plugin: RCC
2026-07-22 16:01:51,936 [INFO] CodeGenerator:882 - code generatio: config db path: C:\ST\STM32CubeIDE_1.10.1\STM32CubeIDE\plugins\com.st.stm32cube.common.mx_6.14.1.202504091515\\db\
2026-07-22 16:01:51,962 [WARN] IP:2250 - DEVICE_SERIAL0_HID_FS not found: check if there is a RefParameter without a condition.
2026-07-22 16:01:51,962 [WARN] IP:2250 - DEVICE_SERIAL1_HID_FS not found: check if there is a RefParameter without a condition.
2026-07-22 16:01:51,962 [WARN] IP:2250 - DEVICE_SERIAL2_HID_FS not found: check if there is a RefParameter without a condition.
2026-07-22 16:01:52,186 [INFO] CodeEngine:263 - oldGeneratedFile, D:\Projects\Ventures\Mruda\01_Technical\MCU_Software\MCU_3.1.0\Mruda_midi_3.0.2\MXTmpFiles\license.tmp_save
2026-07-22 16:01:52,534 [INFO] CodeEngine:287 - Generated code: D:\Projects\Ventures\Mruda\01_Technical\MCU_Software\MCU_3.1.0\Mruda_midi_3.0.2\MXTmpFiles\license.tmp
2026-07-22 16:01:52,661 [INFO] CodeEngine:263 - oldGeneratedFile, D:\Projects\Ventures\Mruda\01_Technical\MCU_Software\MCU_3.1.0\Mruda_midi_3.0.2\MXTmpFiles\gpio.tmp_save
2026-07-22 16:01:52,805 [INFO] CodeEngine:287 - Generated code: D:\Projects\Ventures\Mruda\01_Technical\MCU_Software\MCU_3.1.0\Mruda_midi_3.0.2\MXTmpFiles\gpio.tmp
2026-07-22 16:01:52,884 [WARN] IPConfigManager:3217 - Warning: the RefConfig PWREx_EnableUSBVoltageDetector is not available in your config.xml file
2026-07-22 16:01:52,905 [INFO] CodeEngine:263 - oldGeneratedFile, D:\Projects\Ventures\Mruda\01_Technical\MCU_Software\MCU_3.1.0\Mruda_midi_3.0.2\MXTmpFiles\usb_otg_fs_vars.tmp_save
2026-07-22 16:01:53,002 [INFO] CodeEngine:287 - Generated code: D:\Projects\Ventures\Mruda\01_Technical\MCU_Software\MCU_3.1.0\Mruda_midi_3.0.2\MXTmpFiles\usb_otg_fs_vars.tmp
2026-07-22 16:01:53,016 [INFO] CodeEngine:263 - oldGeneratedFile, D:\Projects\Ventures\Mruda\01_Technical\MCU_Software\MCU_3.1.0\Mruda_midi_3.0.2\MXTmpFiles\usb_otg_fs_inc.tmp_save
2026-07-22 16:01:53,095 [INFO] CodeEngine:287 - Generated code: D:\Projects\Ventures\Mruda\01_Technical\MCU_Software\MCU_3.1.0\Mruda_midi_3.0.2\MXTmpFiles\usb_otg_fs_inc.tmp
2026-07-22 16:01:53,118 [INFO] CodeEngine:263 - oldGeneratedFile, D:\Projects\Ventures\Mruda\01_Technical\MCU_Software\MCU_3.1.0\Mruda_midi_3.0.2\MXTmpFiles\usb_otg_fs_HalInit.tmp_save
2026-07-22 16:01:53,229 [INFO] CodeEngine:287 - Generated code: D:\Projects\Ventures\Mruda\01_Technical\MCU_Software\MCU_3.1.0\Mruda_midi_3.0.2\MXTmpFiles\usb_otg_fs_HalInit.tmp
2026-07-22 16:01:53,245 [INFO] CodeEngine:263 - oldGeneratedFile, D:\Projects\Ventures\Mruda\01_Technical\MCU_Software\MCU_3.1.0\Mruda_midi_3.0.2\MXTmpFiles\usb_otg_fs_Msp.tmp_save
2026-07-22 16:01:53,356 [INFO] CodeEngine:287 - Generated code: D:\Projects\Ventures\Mruda\01_Technical\MCU_Software\MCU_3.1.0\Mruda_midi_3.0.2\MXTmpFiles\usb_otg_fs_Msp.tmp
2026-07-22 16:01:53,701 [INFO] Middleware:1452 - No code input for Bsp Dependency
2026-07-22 16:01:53,741 [INFO] CodeEngine:263 - oldGeneratedFile, D:\Projects\Ventures\Mruda\01_Technical\MCU_Software\MCU_3.1.0\Mruda_midi_3.0.2\MXTmpFiles\dma.tmp_save
2026-07-22 16:01:53,827 [INFO] CodeEngine:287 - Generated code: D:\Projects\Ventures\Mruda\01_Technical\MCU_Software\MCU_3.1.0\Mruda_midi_3.0.2\MXTmpFiles\dma.tmp
2026-07-22 16:01:53,841 [INFO] CodeEngine:263 - oldGeneratedFile, D:\Projects\Ventures\Mruda\01_Technical\MCU_Software\MCU_3.1.0\Mruda_midi_3.0.2\MXTmpFiles\dma_GV.tmp_save
2026-07-22 16:01:53,900 [INFO] CodeEngine:287 - Generated code: D:\Projects\Ventures\Mruda\01_Technical\MCU_Software\MCU_3.1.0\Mruda_midi_3.0.2\MXTmpFiles\dma_GV.tmp
2026-07-22 16:01:53,924 [INFO] Middleware:1452 - No code input for Bsp Dependency
2026-07-22 16:01:53,954 [INFO] CodeEngine:263 - oldGeneratedFile, D:\Projects\Ventures\Mruda\01_Technical\MCU_Software\MCU_3.1.0\Mruda_midi_3.0.2\USB_DEVICE\App\usb_device.c_save
2026-07-22 16:01:54,053 [INFO] CodeEngine:287 - Generated code: D:\Projects\Ventures\Mruda\01_Technical\MCU_Software\MCU_3.1.0\Mruda_midi_3.0.2\USB_DEVICE\App\usb_device.c
2026-07-22 16:01:54,079 [INFO] CodeEngine:263 - oldGeneratedFile, D:\Projects\Ventures\Mruda\01_Technical\MCU_Software\MCU_3.1.0\Mruda_midi_3.0.2\USB_DEVICE\App\usb_device.h_save
2026-07-22 16:01:54,167 [INFO] CodeEngine:287 - Generated code: D:\Projects\Ventures\Mruda\01_Technical\MCU_Software\MCU_3.1.0\Mruda_midi_3.0.2\USB_DEVICE\App\usb_device.h
2026-07-22 16:01:54,193 [INFO] CodeEngine:263 - oldGeneratedFile, D:\Projects\Ventures\Mruda\01_Technical\MCU_Software\MCU_3.1.0\Mruda_midi_3.0.2\USB_DEVICE\Target\usbd_conf.h_save
2026-07-22 16:01:54,290 [INFO] CodeEngine:287 - Generated code: D:\Projects\Ventures\Mruda\01_Technical\MCU_Software\MCU_3.1.0\Mruda_midi_3.0.2\USB_DEVICE\Target\usbd_conf.h
2026-07-22 16:01:54,316 [INFO] CodeEngine:263 - oldGeneratedFile, D:\Projects\Ventures\Mruda\01_Technical\MCU_Software\MCU_3.1.0\Mruda_midi_3.0.2\USB_DEVICE\Target\usbd_conf.c_save
2026-07-22 16:01:54,433 [INFO] CodeEngine:287 - Generated code: D:\Projects\Ventures\Mruda\01_Technical\MCU_Software\MCU_3.1.0\Mruda_midi_3.0.2\USB_DEVICE\Target\usbd_conf.c
2026-07-22 16:01:54,459 [INFO] CodeEngine:263 - oldGeneratedFile, D:\Projects\Ventures\Mruda\01_Technical\MCU_Software\MCU_3.1.0\Mruda_midi_3.0.2\USB_DEVICE\App\usbd_desc.h_save
2026-07-22 16:01:54,544 [INFO] CodeEngine:287 - Generated code: D:\Projects\Ventures\Mruda\01_Technical\MCU_Software\MCU_3.1.0\Mruda_midi_3.0.2\USB_DEVICE\App\usbd_desc.h
2026-07-22 16:01:54,570 [INFO] CodeEngine:263 - oldGeneratedFile, D:\Projects\Ventures\Mruda\01_Technical\MCU_Software\MCU_3.1.0\Mruda_midi_3.0.2\USB_DEVICE\App\usbd_desc.c_save
2026-07-22 16:01:54,674 [INFO] CodeEngine:287 - Generated code: D:\Projects\Ventures\Mruda\01_Technical\MCU_Software\MCU_3.1.0\Mruda_midi_3.0.2\USB_DEVICE\App\usbd_desc.c
2026-07-22 16:01:54,708 [INFO] CodeEngine:263 - oldGeneratedFile, D:\Projects\Ventures\Mruda\01_Technical\MCU_Software\MCU_3.1.0\Mruda_midi_3.0.2\Core\Src\stm32f4xx_it.c_save
2026-07-22 16:01:54,826 [INFO] CodeEngine:287 - Generated code: D:\Projects\Ventures\Mruda\01_Technical\MCU_Software\MCU_3.1.0\Mruda_midi_3.0.2\Core\Src\stm32f4xx_it.c
2026-07-22 16:01:54,850 [INFO] CodeEngine:263 - oldGeneratedFile, D:\Projects\Ventures\Mruda\01_Technical\MCU_Software\MCU_3.1.0\Mruda_midi_3.0.2\Core\Inc\stm32f4xx_it.h_save
2026-07-22 16:01:54,933 [INFO] CodeEngine:287 - Generated code: D:\Projects\Ventures\Mruda\01_Technical\MCU_Software\MCU_3.1.0\Mruda_midi_3.0.2\Core\Inc\stm32f4xx_it.h
2026-07-22 16:01:54,970 [INFO] CodeEngine:263 - oldGeneratedFile, D:\Projects\Ventures\Mruda\01_Technical\MCU_Software\MCU_3.1.0\Mruda_midi_3.0.2\Core\Src\stm32f4xx_hal_msp.c_save
2026-07-22 16:01:55,108 [INFO] CodeEngine:287 - Generated code: D:\Projects\Ventures\Mruda\01_Technical\MCU_Software\MCU_3.1.0\Mruda_midi_3.0.2\Core\Src\stm32f4xx_hal_msp.c
2026-07-22 16:01:55,122 [INFO] CodeEngine:263 - oldGeneratedFile, D:\Projects\Ventures\Mruda\01_Technical\MCU_Software\MCU_3.1.0\Mruda_midi_3.0.2\MXTmpFiles\system.tmp_save
2026-07-22 16:01:55,190 [INFO] CodeEngine:287 - Generated code: D:\Projects\Ventures\Mruda\01_Technical\MCU_Software\MCU_3.1.0\Mruda_midi_3.0.2\MXTmpFiles\system.tmp
2026-07-22 16:01:55,223 [INFO] CodeEngine:319 - oldGeneratedFile, D:\Projects\Ventures\Mruda\01_Technical\MCU_Software\MCU_3.1.0\Mruda_midi_3.0.2\Core\Inc\stm32f4xx_hal_conf.h_save
2026-07-22 16:01:55,323 [INFO] CodeEngine:343 - Generated code: D:\Projects\Ventures\Mruda\01_Technical\MCU_Software\MCU_3.1.0\Mruda_midi_3.0.2\Core\Inc\stm32f4xx_hal_conf.h
2026-07-22 16:01:55,360 [INFO] ApiDbMcu:508 - Load IP Config File for ADC1
2026-07-22 16:01:55,363 [INFO] ApiDbMcu:508 - Load IP Config File for I2S2
2026-07-22 16:01:55,373 [INFO] ApiDbMcu:508 - Load IP Config File for TIM2
2026-07-22 16:01:55,382 [INFO] ApiDbMcu:508 - Load IP Config File for TIM3
2026-07-22 16:01:55,390 [INFO] ApiDbMcu:508 - Load IP Config File for TIM4
2026-07-22 16:01:55,394 [INFO] ApiDbMcu:508 - Load IP Config File for RCC
2026-07-22 16:01:55,396 [WARN] IPConfigManager:3790 - IP not found : TIM
2026-07-22 16:01:55,398 [WARN] CodeGenerator:4198 - IP not found : null
2026-07-22 16:01:55,428 [INFO] CodeEngine:263 - oldGeneratedFile, D:\Projects\Ventures\Mruda\01_Technical\MCU_Software\MCU_3.1.0\Mruda_midi_3.0.2\Core\Inc\main.h_save
2026-07-22 16:01:55,544 [INFO] CodeEngine:287 - Generated code: D:\Projects\Ventures\Mruda\01_Technical\MCU_Software\MCU_3.1.0\Mruda_midi_3.0.2\Core\Inc\main.h
2026-07-22 16:01:55,570 [INFO] CodeEngine:263 - oldGeneratedFile, D:\Projects\Ventures\Mruda\01_Technical\MCU_Software\MCU_3.1.0\Mruda_midi_3.0.2\Core\Src\main.c_save
2026-07-22 16:01:55,760 [INFO] CodeEngine:287 - Generated code: D:\Projects\Ventures\Mruda\01_Technical\MCU_Software\MCU_3.1.0\Mruda_midi_3.0.2\Core\Src\main.c
2026-07-22 16:01:56,297 [INFO] ProjectBuilder:3324 - Time for Copy HAL[1] : 299mS.
2026-07-22 16:01:56,310 [INFO] ProjectBuilder:4912 - Project Generator version: 4.6.0.1-B1
2026-07-22 16:01:56,411 [INFO] ConfigFileManager:1590 - The Die is : DIE431
2026-07-22 16:01:56,428 [INFO] ApiDbMcu:508 - Load IP Config File for FATFS
2026-07-22 16:01:56,445 [INFO] ApiDbMcu:508 - Load IP Config File for FREERTOS
2026-07-22 16:01:56,458 [INFO] ApiDbMcu:508 - Load IP Config File for LIBJPEG
2026-07-22 16:01:56,475 [INFO] ApiDbMcu:508 - Load IP Config File for MBEDTLS
2026-07-22 16:01:56,490 [INFO] ApiDbMcu:508 - Load IP Config File for USB_HOST
2026-07-22 16:01:57,294 [INFO] LogOutputStream:77 - [STDOUT_REDIRECT] 
2026-07-22 16:01:59,342 [INFO] ProjectBuilder:5191 - Time for Generating toolchain IDE Files: 3031mS.
2026-07-22 16:01:59,343 [INFO] ProjectBuilder:3181 - Time for Copy CMSIS : 1mS.
2026-07-22 16:01:59,348 [INFO] ProjectBuilder:3181 - Time for Copy CMSIS : 0mS.
2026-07-22 16:05:25,010 [INFO] MainUpdater:2872 - connection check result : 22
2026-07-22 16:05:25,016 [INFO] MainUpdater:2872 - connection check result : 22
2026-07-22 16:05:28,747 [INFO] MainUpdater:2872 - connection check result : 22
2026-07-22 16:05:30,422 [INFO] I2sManager:658 - 1.1875E8
2026-07-22 16:05:30,423 [INFO] I2sManager:195 - I2S Clock Value : 1.1875E8
2026-07-22 16:05:30,423 [INFO] I2sManager:553 - AudioClock : 15995Divider : 116Odd : 0
2026-07-22 16:05:30,426 [INFO] MicroXplorer:468 - Change Database Path : 
2026-07-22 16:05:30,426 [INFO] MicroXplorer:498 - Change Database Version : DB.6.0.141
2026-07-22 16:05:30,449 [ERROR] ProjectManagerView:395 - 
java.lang.NullPointerException: Cannot invoke "javax.swing.JTextField.getText()" because the return value of "java.util.List.get(int)" is null
	at com.st.microxplorer.plugins.projectmanager.gui.ProjectChoiceTab$9.caretUpdate(ProjectChoiceTab.java:2678) ~[filemanager.jar:?]
	at javax.swing.text.JTextComponent.fireCaretUpdate(JTextComponent.java:408) ~[?:?]
	at javax.swing.text.JTextComponent$MutableCaretEvent.fire(JTextComponent.java:4484) ~[?:?]
	at javax.swing.text.JTextComponent$MutableCaretEvent.stateChanged(JTextComponent.java:4506) ~[?:?]
	at javax.swing.text.DefaultCaret.fireStateChanged(DefaultCaret.java:857) ~[?:?]
	at javax.swing.text.DefaultCaret.changeCaretPosition(DefaultCaret.java:1343) ~[?:?]
	at javax.swing.text.DefaultCaret.handleSetDot(DefaultCaret.java:1242) ~[?:?]
	at javax.swing.text.DefaultCaret.setDot(DefaultCaret.java:1223) ~[?:?]
	at javax.swing.text.DefaultCaret$Handler.insertUpdate(DefaultCaret.java:1819) ~[?:?]
	at javax.swing.text.AbstractDocument.fireInsertUpdate(AbstractDocument.java:227) ~[?:?]
	at javax.swing.text.AbstractDocument.handleInsertString(AbstractDocument.java:781) ~[?:?]
	at javax.swing.text.AbstractDocument.insertString(AbstractDocument.java:740) ~[?:?]
	at javax.swing.text.PlainDocument.insertString(PlainDocument.java:131) ~[?:?]
	at javax.swing.text.AbstractDocument.replace(AbstractDocument.java:699) ~[?:?]
	at javax.swing.text.JTextComponent.setText(JTextComponent.java:1725) ~[?:?]
	at com.st.microxplorer.plugins.projectmanager.gui.ProjectChoiceTab.createHeapStackFields(ProjectChoiceTab.java:979) ~[filemanager.jar:?]
	at com.st.microxplorer.plugins.projectmanager.gui.ProjectChoiceTab.buildLinkSettingsPanel(ProjectChoiceTab.java:3766) ~[filemanager.jar:?]
	at com.st.microxplorer.plugins.projectmanager.gui.ProjectChoiceTab.defineWindowsFields(ProjectChoiceTab.java:1962) ~[filemanager.jar:?]
	at com.st.microxplorer.plugins.projectmanager.gui.ProjectChoiceTab.updateSettings(ProjectChoiceTab.java:555) ~[filemanager.jar:?]
	at com.st.microxplorer.plugins.projectmanager.gui.ProjectSettingsPanel.UpdateDialog(ProjectSettingsPanel.java:245) ~[filemanager.jar:?]
	at com.st.microxplorer.plugins.projectmanager.ProjectManagerView.propertyChange(ProjectManagerView.java:392) ~[filemanager.jar:?]
	at java.beans.PropertyChangeSupport.fire(PropertyChangeSupport.java:343) ~[?:?]
	at java.beans.PropertyChangeSupport.firePropertyChange(PropertyChangeSupport.java:335) ~[?:?]
	at java.beans.PropertyChangeSupport.firePropertyChange(PropertyChangeSupport.java:268) ~[?:?]
	at com.st.microxplorer.util.MXPropertyChangeSupport.firePropertyChange(MXPropertyChangeSupport.java:54) ~[STM32CubeMX.jar:?]
	at com.st.microxplorer.mxsystem.MxSystem.closeConfig(MxSystem.java:899) ~[STM32CubeMX.jar:?]
	at com.st.microxplorer.maingui.MainPanel.closeConfig(MainPanel.java:789) ~[STM32CubeMX.jar:?]
	at com.st.microxplorer.plugins.filemanager.engine.OpenFileManager.loadConfigurationFile(OpenFileManager.java:287) ~[filemanager.jar:?]
	at com.st.microxplorer.plugins.filemanager.engine.MainFileManager.userLoadConfig(MainFileManager.java:341) ~[filemanager.jar:?]
	at com.st.microxplorer.plugins.filemanager.engine.MainFileManager.userLoadConfig(MainFileManager.java:319) ~[filemanager.jar:?]
	at com.st.microxplorer.plugins.filemanager.FileManagerView.getSpecificTask(FileManagerView.java:246) ~[filemanager.jar:?]
	at com.st.stm32cube.common.mx.editor.CubeMxEditor.getMxTabbedPaneInstance(CubeMxEditor.java:1198) ~[com.st.stm32cube.common.mx_6.14.1.202504091515/:?]
	at com.st.stm32cube.common.mx.editor.CubeMxEditor$12$1.createSwingComponent(CubeMxEditor.java:1068) ~[com.st.stm32cube.common.mx_6.14.1.202504091515/:?]
	at com.st.stm32cube.common.mx.oss.core.awtswtbridge.EmbeddedSwingComposite.doComponentCreation(EmbeddedSwingComposite.java:492) ~[com.st.stm32cube.common.mx.oss_6.14.1.202504091515/:?]
	at com.st.stm32cube.common.mx.oss.core.awtswtbridge.EmbeddedSwingComposite$4.run(EmbeddedSwingComposite.java:291) ~[com.st.stm32cube.common.mx.oss_6.14.1.202504091515/:?]
	at com.st.stm32cube.common.mx.oss.core.awtswtbridge.AwtEnvironment$2.run(AwtEnvironment.java:166) ~[com.st.stm32cube.common.mx.oss_6.14.1.202504091515/:?]
	at java.awt.event.InvocationEvent.dispatch(InvocationEvent.java:318) ~[?:?]
	at java.awt.EventQueue.dispatchEventImpl(EventQueue.java:773) ~[?:?]
	at java.awt.EventQueue$4.run(EventQueue.java:720) ~[?:?]
	at java.awt.EventQueue$4.run(EventQueue.java:714) ~[?:?]
	at java.security.AccessController.doPrivileged(AccessController.java:400) ~[?:?]
	at java.security.ProtectionDomain$JavaSecurityAccessImpl.doIntersectionPrivilege(ProtectionDomain.java:87) ~[?:?]
	at java.awt.EventQueue.dispatchEvent(EventQueue.java:742) ~[?:?]
	at java.awt.EventDispatchThread.pumpOneEventForFilters(EventDispatchThread.java:203) ~[?:?]
	at java.awt.EventDispatchThread.pumpEventsForFilter(EventDispatchThread.java:124) ~[?:?]
	at java.awt.EventDispatchThread.pumpEventsForHierarchy(EventDispatchThread.java:113) ~[?:?]
	at java.awt.EventDispatchThread.pumpEvents(EventDispatchThread.java:109) ~[?:?]
	at java.awt.EventDispatchThread.pumpEvents(EventDispatchThread.java:101) ~[?:?]
	at java.awt.EventDispatchThread.run(EventDispatchThread.java:90) ~[?:?]
2026-07-22 16:05:30,458 [WARN] ThirdParty:871 - waiting for thirdparty lock release [close project]
2026-07-22 16:05:30,458 [INFO] ThirdParty:873 - entering critical section [close project]
2026-07-22 16:05:30,458 [INFO] ThirdParty:883 - exiting critical section [close project]
2026-07-22 16:05:30,460 [INFO] PinOutPanel:1589 - setPackage(No Configuration,No Configuration)
2026-07-22 16:05:30,472 [WARN] IpParametersView:155 - Warning: This peripheral hasn't parameters
2026-07-22 16:05:30,479 [WARN] MainPanel:289 - <html><b><center>Warning: This peripheral has no parameters to be configured<br></b></html>
2026-07-22 16:05:30,488 [INFO] UtilMem:75 - Begin LoadConfig() Used Memory: 421129296 Bytes (830472192)
2026-07-22 16:05:30,490 [INFO] MicroXplorer:468 - Change Database Path : 
2026-07-22 16:05:30,490 [INFO] MicroXplorer:498 - Change Database Version : DB.6.0.141
2026-07-22 16:05:30,490 [INFO] OpenFileManager:354 - Change cursor
2026-07-22 16:05:30,523 [INFO] RulesReader:64 - Compatibility file has been processed (302 Rules)
2026-07-22 16:05:30,529 [INFO] Mcu:2011 - Initializing MCU STM32F411C(C-E)Ux STM32F411CEUx STM32F411CEU6
2026-07-22 16:05:31,422 [INFO] Context:756 - Trying to add GPIOservice into a context  which must be forbidden
2026-07-22 16:05:31,778 [INFO] ImportTextPane:218 - (OptionalMessage_ERROR) Pin26 (VP_RIF_VS_RIF1) cannot be retrieved for this MCU
2026-07-22 16:05:31,964 [INFO] RtosManager:558 - Registered RTOS mode: class=CMSIS, group=RTOS, mode=CMSIS_V1, owner=FREERTOS
2026-07-22 16:05:31,964 [INFO] RtosManager:558 - Registered RTOS mode: class=CMSIS, group=RTOS2, mode=CMSIS_V2, owner=FREERTOS
2026-07-22 16:05:31,964 [INFO] RtosManager:558 - Registered RTOS mode: class=RTOS, group=Core, mode=CMSIS_V1, owner=FREERTOS
2026-07-22 16:05:31,964 [INFO] RtosManager:558 - Registered RTOS mode: class=RTOS, group=Core, mode=CMSIS_V2, owner=FREERTOS
2026-07-22 16:05:31,964 [WARN] ModelIntegratedComponent:184 - Missing modes for component STMicroelectronics:FreeRTOS:0.0.1:STMicroelectronics:RTOS:FreeRTOS:Core:::10.2.0:
2026-07-22 16:05:31,971 [WARN] ModelIntegratedComponent:63 - No mode defined for component null
2026-07-22 16:05:31,971 [WARN] ModelIntegratedComponent:63 - No mode defined for component null
2026-07-22 16:05:31,971 [WARN] ModelIntegratedComponent:63 - No mode defined for component null
2026-07-22 16:05:31,971 [WARN] ModelIntegratedComponent:63 - No mode defined for component null
2026-07-22 16:05:31,971 [WARN] ModelIntegratedComponent:63 - No mode defined for component null
2026-07-22 16:05:31,971 [WARN] ModelIntegratedComponent:63 - No mode defined for component null
2026-07-22 16:05:31,971 [WARN] ModelIntegratedComponent:63 - No mode defined for component null
2026-07-22 16:05:31,971 [WARN] ModelIntegratedComponent:63 - No mode defined for component null
2026-07-22 16:05:31,971 [WARN] ModelIntegratedComponent:63 - No mode defined for component null
2026-07-22 16:05:31,971 [WARN] ModelIntegratedComponent:63 - No mode defined for component null
2026-07-22 16:05:31,971 [WARN] ModelIntegratedComponent:63 - No mode defined for component null
2026-07-22 16:05:31,971 [WARN] ModelIntegratedComponent:63 - No mode defined for component null
2026-07-22 16:05:31,972 [WARN] ModelIntegratedComponent:63 - No mode defined for component null
2026-07-22 16:05:31,972 [WARN] ModelIntegratedComponent:63 - No mode defined for component null
2026-07-22 16:05:31,972 [WARN] ModelIntegratedComponent:63 - No mode defined for component null
2026-07-22 16:05:31,972 [WARN] ModelIntegratedComponent:63 - No mode defined for component null
2026-07-22 16:05:31,972 [WARN] ModelIntegratedComponent:63 - No mode defined for component null
2026-07-22 16:05:31,972 [WARN] ModelIntegratedComponent:63 - No mode defined for component null
2026-07-22 16:05:31,972 [WARN] ModelIntegratedComponent:63 - No mode defined for component null
2026-07-22 16:05:31,972 [WARN] ModelIntegratedComponent:63 - No mode defined for component null
2026-07-22 16:05:31,972 [WARN] ModelIntegratedComponent:63 - No mode defined for component null
2026-07-22 16:05:31,972 [WARN] ModelIntegratedComponent:63 - No mode defined for component null
2026-07-22 16:05:31,972 [WARN] ModelIntegratedComponent:63 - No mode defined for component null
2026-07-22 16:05:31,972 [WARN] ModelIntegratedComponent:63 - No mode defined for component null
2026-07-22 16:05:31,972 [WARN] ModelIntegratedComponent:63 - No mode defined for component null
2026-07-22 16:05:31,972 [WARN] ModelIntegratedComponent:63 - No mode defined for component null
2026-07-22 16:05:31,972 [WARN] ModelIntegratedComponent:63 - No mode defined for component null
2026-07-22 16:05:31,972 [WARN] ModelIntegratedComponent:63 - No mode defined for component null
2026-07-22 16:05:31,972 [WARN] ModelIntegratedComponent:63 - No mode defined for component null
2026-07-22 16:05:31,972 [WARN] ModelIntegratedComponent:63 - No mode defined for component null
2026-07-22 16:05:31,972 [WARN] ModelIntegratedComponent:63 - No mode defined for component null
2026-07-22 16:05:31,972 [WARN] ModelIntegratedComponent:63 - No mode defined for component null
2026-07-22 16:05:31,972 [WARN] ModelIntegratedComponent:63 - No mode defined for component null
2026-07-22 16:05:31,972 [WARN] ModelIntegratedComponent:63 - No mode defined for component null
2026-07-22 16:05:31,972 [WARN] ModelIntegratedComponent:63 - No mode defined for component null
2026-07-22 16:05:31,972 [WARN] ModelPack:524 - Component already loaded: STMicroelectronics:HAL Drivers:0.0.0:STMicroelectronics:Device:STMicro_Driver:XSPI:HAL::0.0.1:HAL_XSPI
2026-07-22 16:05:32,078 [WARN] ModelIntegratedComponent:182 - Modes not found for component STMicroelectronics:USB_DEVICE:1.0.0:STMicroelectronics:USB::USB Device:Audio HS::1.0:USB_DEVICE_1_0_RESTRICTED_HS
2026-07-22 16:05:32,078 [WARN] ModelIntegratedComponent:188 - Modes not found for component STMicroelectronics:USB_DEVICE:1.0.0:STMicroelectronics:USB::USB Device:Audio HS::1.0:USB_DEVICE_1_0_RESTRICTED_HS
2026-07-22 16:05:32,078 [WARN] ModelIntegratedComponent:182 - Modes not found for component STMicroelectronics:USB_DEVICE:1.0.0:STMicroelectronics:USB::USB Device:CDC HS::1.0:USB_DEVICE_1_0_RESTRICTED_HS
2026-07-22 16:05:32,078 [WARN] ModelIntegratedComponent:188 - Modes not found for component STMicroelectronics:USB_DEVICE:1.0.0:STMicroelectronics:USB::USB Device:CDC HS::1.0:USB_DEVICE_1_0_RESTRICTED_HS
2026-07-22 16:05:32,078 [WARN] ModelIntegratedComponent:182 - Modes not found for component STMicroelectronics:USB_DEVICE:1.0.0:STMicroelectronics:USB::USB Device:DFU HS::1.0:USB_DEVICE_1_0_RESTRICTED_HS
2026-07-22 16:05:32,078 [WARN] ModelIntegratedComponent:188 - Modes not found for component STMicroelectronics:USB_DEVICE:1.0.0:STMicroelectronics:USB::USB Device:DFU HS::1.0:USB_DEVICE_1_0_RESTRICTED_HS
2026-07-22 16:05:32,078 [WARN] ModelIntegratedComponent:182 - Modes not found for component STMicroelectronics:USB_DEVICE:1.0.0:STMicroelectronics:USB::USB Device:HID HS::1.0:USB_DEVICE_1_0_RESTRICTED_HS
2026-07-22 16:05:32,078 [WARN] ModelIntegratedComponent:188 - Modes not found for component STMicroelectronics:USB_DEVICE:1.0.0:STMicroelectronics:USB::USB Device:HID HS::1.0:USB_DEVICE_1_0_RESTRICTED_HS
2026-07-22 16:05:32,079 [WARN] ModelIntegratedComponent:182 - Modes not found for component STMicroelectronics:USB_DEVICE:1.0.0:STMicroelectronics:USB::USB Device:Custom HID HS::1.0:USB_DEVICE_1_0_RESTRICTED_HS
2026-07-22 16:05:32,079 [WARN] ModelIntegratedComponent:188 - Modes not found for component STMicroelectronics:USB_DEVICE:1.0.0:STMicroelectronics:USB::USB Device:Custom HID HS::1.0:USB_DEVICE_1_0_RESTRICTED_HS
2026-07-22 16:05:32,079 [WARN] ModelIntegratedComponent:182 - Modes not found for component STMicroelectronics:USB_DEVICE:1.0.0:STMicroelectronics:USB::USB Device:MSC HS::1.0:USB_DEVICE_1_0_RESTRICTED_HS
2026-07-22 16:05:32,079 [WARN] ModelIntegratedComponent:188 - Modes not found for component STMicroelectronics:USB_DEVICE:1.0.0:STMicroelectronics:USB::USB Device:MSC HS::1.0:USB_DEVICE_1_0_RESTRICTED_HS
2026-07-22 16:05:32,163 [WARN] ModelIntegratedComponent:182 - Modes not found for component STMicroelectronics:USB_HOST:1.0.0:STMicroelectronics:USB::USB Host:Audio HS::1.0:USB_HOST_1_0_RESTRICTED_HS
2026-07-22 16:05:32,163 [WARN] ModelIntegratedComponent:188 - Modes not found for component STMicroelectronics:USB_HOST:1.0.0:STMicroelectronics:USB::USB Host:Audio HS::1.0:USB_HOST_1_0_RESTRICTED_HS
2026-07-22 16:05:32,163 [WARN] ModelIntegratedComponent:182 - Modes not found for component STMicroelectronics:USB_HOST:1.0.0:STMicroelectronics:USB::USB Host:CDC HS::1.0:USB_HOST_1_0_RESTRICTED_HS
2026-07-22 16:05:32,163 [WARN] ModelIntegratedComponent:188 - Modes not found for component STMicroelectronics:USB_HOST:1.0.0:STMicroelectronics:USB::USB Host:CDC HS::1.0:USB_HOST_1_0_RESTRICTED_HS
2026-07-22 16:05:32,163 [WARN] ModelIntegratedComponent:182 - Modes not found for component STMicroelectronics:USB_HOST:1.0.0:STMicroelectronics:USB::USB Host:MSC HS::1.0:USB_HOST_1_0_RESTRICTED_HS
2026-07-22 16:05:32,163 [WARN] ModelIntegratedComponent:188 - Modes not found for component STMicroelectronics:USB_HOST:1.0.0:STMicroelectronics:USB::USB Host:MSC HS::1.0:USB_HOST_1_0_RESTRICTED_HS
2026-07-22 16:05:32,163 [WARN] ModelIntegratedComponent:182 - Modes not found for component STMicroelectronics:USB_HOST:1.0.0:STMicroelectronics:USB::USB Host:HID HS::1.0:USB_HOST_1_0_RESTRICTED_HS
2026-07-22 16:05:32,163 [WARN] ModelIntegratedComponent:188 - Modes not found for component STMicroelectronics:USB_HOST:1.0.0:STMicroelectronics:USB::USB Host:HID HS::1.0:USB_HOST_1_0_RESTRICTED_HS
2026-07-22 16:05:32,163 [WARN] ModelIntegratedComponent:182 - Modes not found for component STMicroelectronics:USB_HOST:1.0.0:STMicroelectronics:USB::USB Host:MTP HS::1.0:USB_HOST_1_0_RESTRICTED_HS
2026-07-22 16:05:32,163 [WARN] ModelIntegratedComponent:188 - Modes not found for component STMicroelectronics:USB_HOST:1.0.0:STMicroelectronics:USB::USB Host:MTP HS::1.0:USB_HOST_1_0_RESTRICTED_HS
2026-07-22 16:05:32,365 [INFO] ThirdPartyModel:298 - Start build external matchings
2026-07-22 16:05:36,514 [INFO] ThirdPartyModel:316 - End build external matchings
2026-07-22 16:05:36,645 [INFO] ImportTextPane:218 - (OptionalMessage_ERROR) IP (DMA) : Parameter (Instance) has Id (SPI2_TX) currently not set
2026-07-22 16:05:36,646 [INFO] ImportTextPane:218 - (OptionalMessage_ERROR) IP (DMA) : Parameter (Channel) has Id (SPI2_TX) currently not set
2026-07-22 16:05:36,646 [INFO] ImportTextPane:218 - (OptionalMessage_ERROR) IP (DMA) : Parameter (Direction) has Id (SPI2_TX) currently not set
2026-07-22 16:05:36,646 [INFO] ImportTextPane:218 - (OptionalMessage_ERROR) IP (DMA) : Parameter (PeriphInc) has Id (SPI2_TX) currently not set
2026-07-22 16:05:36,646 [INFO] ImportTextPane:218 - (OptionalMessage_ERROR) IP (DMA) : Parameter (MemInc) has Id (SPI2_TX) currently not set
2026-07-22 16:05:36,646 [INFO] ImportTextPane:218 - (OptionalMessage_ERROR) IP (DMA) : Parameter (PeriphDataAlignment) has Id (SPI2_TX) currently not set
2026-07-22 16:05:36,646 [INFO] ImportTextPane:218 - (OptionalMessage_ERROR) IP (DMA) : Parameter (MemDataAlignment) has Id (SPI2_TX) currently not set
2026-07-22 16:05:36,646 [INFO] ImportTextPane:218 - (OptionalMessage_ERROR) IP (DMA) : Parameter (Mode) has Id (SPI2_TX) currently not set
2026-07-22 16:05:36,646 [INFO] ImportTextPane:218 - (OptionalMessage_ERROR) IP (DMA) : Parameter (Priority) has Id (SPI2_TX) currently not set
2026-07-22 16:05:36,646 [INFO] ImportTextPane:218 - (OptionalMessage_ERROR) IP (DMA) : Parameter (FIFOMode) has Id (SPI2_TX) currently not set
2026-07-22 16:05:36,646 [INFO] ImportTextPane:218 - (OptionalMessage_ERROR) IP (DMA) : Parameter (Instance) has Id (ADC1) currently not set
2026-07-22 16:05:36,646 [INFO] ImportTextPane:218 - (OptionalMessage_ERROR) IP (DMA) : Parameter (Channel) has Id (ADC1) currently not set
2026-07-22 16:05:36,646 [INFO] ImportTextPane:218 - (OptionalMessage_ERROR) IP (DMA) : Parameter (Direction) has Id (ADC1) currently not set
2026-07-22 16:05:36,646 [INFO] ImportTextPane:218 - (OptionalMessage_ERROR) IP (DMA) : Parameter (PeriphInc) has Id (ADC1) currently not set
2026-07-22 16:05:36,646 [INFO] ImportTextPane:218 - (OptionalMessage_ERROR) IP (DMA) : Parameter (MemInc) has Id (ADC1) currently not set
2026-07-22 16:05:36,646 [INFO] ImportTextPane:218 - (OptionalMessage_ERROR) IP (DMA) : Parameter (PeriphDataAlignment) has Id (ADC1) currently not set
2026-07-22 16:05:36,646 [INFO] ImportTextPane:218 - (OptionalMessage_ERROR) IP (DMA) : Parameter (MemDataAlignment) has Id (ADC1) currently not set
2026-07-22 16:05:36,646 [INFO] ImportTextPane:218 - (OptionalMessage_ERROR) IP (DMA) : Parameter (Mode) has Id (ADC1) currently not set
2026-07-22 16:05:36,646 [INFO] ImportTextPane:218 - (OptionalMessage_ERROR) IP (DMA) : Parameter (Priority) has Id (ADC1) currently not set
2026-07-22 16:05:36,646 [INFO] ImportTextPane:218 - (OptionalMessage_ERROR) IP (DMA) : Parameter (FIFOMode) has Id (ADC1) currently not set
2026-07-22 16:05:36,647 [INFO] ImportTextPane:218 - (OptionalMessage_ERROR) IP (RCC) : Parameter (RTCHSEDivFreq_Value) has invalid value (12500000)
2026-07-22 16:05:36,652 [WARN] IP:2250 - DEVICE_SERIAL0_HID_FS not found: check if there is a RefParameter without a condition.
2026-07-22 16:05:36,653 [WARN] IP:2250 - DEVICE_SERIAL1_HID_FS not found: check if there is a RefParameter without a condition.
2026-07-22 16:05:36,653 [WARN] IP:2250 - DEVICE_SERIAL2_HID_FS not found: check if there is a RefParameter without a condition.
2026-07-22 16:05:36,836 [INFO] UtilMem:75 - End LoadConfig() Used Memory: 587301840 Bytes (830472192)
2026-07-22 16:05:36,895 [WARN] ThirdParty:833 - waiting for thirdparty lock release [change project]
2026-07-22 16:05:36,895 [INFO] ThirdParty:835 - entering critical section [change project]
2026-07-22 16:05:36,895 [INFO] ThirdParty:1030 - CMSIS Pack Vendor :STMicroelectronics X-CUBE-AZRTOS-H7 3.5.0
2026-07-22 16:05:36,895 [INFO] ThirdParty:1030 - CMSIS Pack Vendor :STMicroelectronics X-CUBE-PM33A1 1.0.0
2026-07-22 16:05:36,895 [INFO] ThirdParty:1030 - CMSIS Pack Vendor :STMicroelectronics USBPD 4.1
2026-07-22 16:05:36,895 [INFO] ThirdParty:1030 - CMSIS Pack Vendor :STMicroelectronics X-CUBE-GNSS1 6.0.0
2026-07-22 16:05:36,895 [INFO] ThirdParty:1030 - CMSIS Pack Vendor :STMicroelectronics USB_HOST 2.0.0
2026-07-22 16:05:36,895 [INFO] ThirdParty:1030 - CMSIS Pack Vendor :STMicroelectronics FP-SNS-MOTENVWB1 1.4.0
2026-07-22 16:05:36,895 [INFO] ThirdParty:1030 - CMSIS Pack Vendor :STMicroelectronics FP-ATR-ASTRA1 2.0.3
2026-07-22 16:05:36,895 [INFO] ThirdParty:1030 - CMSIS Pack Vendor :STMicroelectronics X-CUBE-AZRTOS-F4 1.1.0
2026-07-22 16:05:36,895 [INFO] ThirdParty:1030 - CMSIS Pack Vendor :STMicroelectronics LIBJPEG 8.0.0
2026-07-22 16:05:36,895 [INFO] ThirdParty:1030 - CMSIS Pack Vendor :STMicroelectronics FP-ATR-ASTRA1 2.0.2
2026-07-22 16:05:36,895 [INFO] ThirdParty:1030 - CMSIS Pack Vendor :STMicroelectronics FP-ATR-ASTRA1 2.0.1
2026-07-22 16:05:36,896 [INFO] ThirdParty:1030 - CMSIS Pack Vendor :Avnet-IotConnect X-CUBE-IoTC-DA16k-PMOD 1.0.0
2026-07-22 16:05:36,896 [INFO] ThirdParty:1030 - CMSIS Pack Vendor :STMicroelectronics X-CUBE-SMBUS 2.1.0
2026-07-22 16:05:36,896 [INFO] ThirdParty:1030 - CMSIS Pack Vendor :STMicroelectronics X-CUBE-WB05N 1.1.0
2026-07-22 16:05:36,896 [INFO] ThirdParty:1030 - CMSIS Pack Vendor :STMicroelectronics X-CUBE-ISPU 2.1.0
2026-07-22 16:05:36,896 [INFO] ThirdParty:1030 - CMSIS Pack Vendor :STMicroelectronics eDS-WB_DPC_TT-BIDIR 2.1.1
2026-07-22 16:05:36,896 [INFO] ThirdParty:1030 - CMSIS Pack Vendor :STMicroelectronics X-CUBE-FREERTOS 1.2.0
2026-07-22 16:05:36,896 [INFO] ThirdParty:1030 - CMSIS Pack Vendor :STMicroelectronics X-CUBE-ST60 1.0.0
2026-07-22 16:05:36,896 [INFO] ThirdParty:1030 - CMSIS Pack Vendor :STMicroelectronics X-CUBE-NFC12 1.0.0
2026-07-22 16:05:36,896 [INFO] ThirdParty:1030 - CMSIS Pack Vendor :STMicroelectronics X-CUBE-BLEMGR 1.2.0
2026-07-22 16:05:36,896 [INFO] ThirdParty:1030 - CMSIS Pack Vendor :STMicroelectronics X-CUBE-TOUCHGFX 4.23.2
2026-07-22 16:05:36,896 [INFO] ThirdParty:1030 - CMSIS Pack Vendor :STMicroelectronics X-CUBE-AZRTOS-F7 1.1.0
2026-07-22 16:05:36,896 [INFO] ThirdParty:1030 - CMSIS Pack Vendor :STMicroelectronics X-CUBE-AZRTOS-L5 2.0.0
2026-07-22 16:05:36,896 [INFO] ThirdParty:1030 - CMSIS Pack Vendor :STMicroelectronics USB_DEVICE 2.0.0
2026-07-22 16:05:36,896 [INFO] ThirdParty:1030 - CMSIS Pack Vendor :STMicroelectronics X-CUBE-NFC6 3.1.0
2026-07-22 16:05:36,896 [INFO] ThirdParty:1030 - CMSIS Pack Vendor :STMicroelectronics X-CUBE-BLE1 6.2.3
2026-07-22 16:05:36,896 [INFO] ThirdParty:1030 - CMSIS Pack Vendor :STMicroelectronics X-CUBE-MEMS1 11.0.0
2026-07-22 16:05:36,896 [INFO] ThirdParty:1030 - CMSIS Pack Vendor :STMicroelectronics X-CUBE-BLE1 6.2.4
2026-07-22 16:05:36,896 [INFO] ThirdParty:1030 - CMSIS Pack Vendor :STMicroelectronics X-CUBE-ALGOBUILD 1.5.0
2026-07-22 16:05:36,896 [INFO] ThirdParty:1030 - CMSIS Pack Vendor :STMicroelectronics FreeRTOS 0.0.1
2026-07-22 16:05:36,896 [INFO] ThirdParty:1030 - CMSIS Pack Vendor :STMicroelectronics X-CUBE-AZRTOS-H7RS 1.3.0
2026-07-22 16:05:36,896 [INFO] ThirdParty:1030 - CMSIS Pack Vendor :STMicroelectronics X-CUBE-BLEMGR 2.0.0
2026-07-22 16:05:36,896 [INFO] ThirdParty:1030 - CMSIS Pack Vendor :STMicroelectronics X-CUBE-DPower 1.2.0
2026-07-22 16:05:36,896 [INFO] ThirdParty:1030 - CMSIS Pack Vendor :STMicroelectronics eDS-WB_DPC_VIENNA 1.2.0
2026-07-22 16:05:36,896 [INFO] ThirdParty:1030 - CMSIS Pack Vendor :STMicroelectronics FP-SNS-FLIGHT1 5.0.2
2026-07-22 16:05:36,896 [INFO] ThirdParty:1030 - CMSIS Pack Vendor :STMicroelectronics eDS-WB_DPC_3PH2L-BIDIR 1.1.1
2026-07-22 16:05:36,896 [INFO] ThirdParty:1030 - CMSIS Pack Vendor :STMicroelectronics X-CUBE-NFC4 2.0.4
2026-07-22 16:05:36,896 [INFO] ThirdParty:1030 - CMSIS Pack Vendor :STMicroelectronics X-CUBE-AI 9.0.0
2026-07-22 16:05:36,897 [INFO] ThirdParty:1030 - CMSIS Pack Vendor :STMicroelectronics X-CUBE-AZRTOS-H7 3.1.0
2026-07-22 16:05:36,897 [INFO] ThirdParty:1030 - CMSIS Pack Vendor :STMicroelectronics PDM2PCM 3.3.0
2026-07-22 16:05:36,897 [INFO] ThirdParty:1030 - CMSIS Pack Vendor :STMicroelectronics X-CUBE-TOF1 3.1.0
2026-07-22 16:05:36,897 [INFO] ThirdParty:1030 - CMSIS Pack Vendor :STMicroelectronics X-CUBE-AZRTOS-H7 3.4.0
2026-07-22 16:05:36,897 [INFO] ThirdParty:1030 - CMSIS Pack Vendor :STMicroelectronics X-CUBE-DISPLAY 3.0.0
2026-07-22 16:05:36,897 [INFO] ThirdParty:1030 - CMSIS Pack Vendor :STMicroelectronics X-CUBE-GNSS1 7.1.1
2026-07-22 16:05:36,897 [INFO] ThirdParty:1030 - CMSIS Pack Vendor :STMicroelectronics X-CUBE-BLE1 7.0.0
2026-07-22 16:05:36,897 [INFO] ThirdParty:1030 - CMSIS Pack Vendor :STMicroelectronics X-CUBE-NFC10 1.0.0
2026-07-22 16:05:36,897 [INFO] ThirdParty:1030 - CMSIS Pack Vendor :wolfSSL I-CUBE-wolfSSL 5.5.1
2026-07-22 16:05:36,897 [INFO] ThirdParty:1030 - CMSIS Pack Vendor :STMicroelectronics X-CUBE-BLEMGR 4.0.0
2026-07-22 16:05:36,897 [INFO] ThirdParty:1030 - CMSIS Pack Vendor :STMicroelectronics X-CUBE-FREERTOS 1.3.1
2026-07-22 16:05:36,897 [INFO] ThirdParty:1030 - CMSIS Pack Vendor :STMicroelectronics HAL Drivers 0.0.0
2026-07-22 16:05:36,897 [INFO] ThirdParty:1030 - CMSIS Pack Vendor :STMicroelectronics X-CUBE-ST60 1.1.0
2026-07-22 16:05:36,897 [INFO] ThirdParty:1030 - CMSIS Pack Vendor :STMicroelectronics X-CUBE-FREERTOS 1.3.0
2026-07-22 16:05:36,897 [INFO] ThirdParty:1030 - CMSIS Pack Vendor :STMicroelectronics X-CUBE-NFC7 1.0.1
2026-07-22 16:05:36,897 [INFO] ThirdParty:1030 - CMSIS Pack Vendor :STMicroelectronics MBEDTLS 2.14.1
2026-07-22 16:05:36,897 [INFO] ThirdParty:1030 - CMSIS Pack Vendor :STMicroelectronics X-CUBE-GNSS1 7.1.0
2026-07-22 16:05:36,897 [INFO] ThirdParty:1030 - CMSIS Pack Vendor :STMicroelectronics X-CUBE-NFC7 1.0.0
2026-07-22 16:05:36,897 [INFO] ThirdParty:1030 - CMSIS Pack Vendor :STMicroelectronics X-CUBE-TOUCHGFX 4.26.0
2026-07-22 16:05:36,897 [INFO] ThirdParty:1030 - CMSIS Pack Vendor :STMicroelectronics X-CUBE-MEMS1 9.3.0
2026-07-22 16:05:36,897 [INFO] ThirdParty:1030 - CMSIS Pack Vendor :STMicroelectronics X-CUBE-TOUCHGFX 4.26.1
2026-07-22 16:05:36,897 [INFO] ThirdParty:1030 - CMSIS Pack Vendor :STMicroelectronics X-CUBE-EEPRMA1 4.1.0
2026-07-22 16:05:36,897 [INFO] ThirdParty:1030 - CMSIS Pack Vendor :STMicroelectronics X-CUBE-AI 7.2.0
2026-07-22 16:05:36,897 [INFO] ThirdParty:1030 - CMSIS Pack Vendor :STMicroelectronics X-CUBE-BLEMGR 3.1.0
2026-07-22 16:05:36,897 [INFO] ThirdParty:1030 - CMSIS Pack Vendor :STMicroelectronics X-CUBE-AI 10.0.0
2026-07-22 16:05:36,897 [INFO] ThirdParty:1030 - CMSIS Pack Vendor :STMicroelectronics FP-SNS-STAIOTCFT 1.0.0
2026-07-22 16:05:36,897 [INFO] ThirdParty:1030 - CMSIS Pack Vendor :STMicroelectronics FP-SNS-SMARTAG2 1.2.0
2026-07-22 16:05:36,897 [INFO] ThirdParty:1030 - CMSIS Pack Vendor :STMicroelectronics FP-SNS-FLIGHT1 5.1.0
2026-07-22 16:05:36,897 [INFO] ThirdParty:1030 - CMSIS Pack Vendor :STMicroelectronics X-CUBE-MEMS1 11.1.0
2026-07-22 16:05:36,898 [INFO] ThirdParty:1030 - CMSIS Pack Vendor :STMicroelectronics X-CUBE-AZRTOS-WL 2.0.0
2026-07-22 16:05:36,898 [INFO] ThirdParty:1030 - CMSIS Pack Vendor :STMicroelectronics X-CUBE-DPower 1.3.0
2026-07-22 16:05:36,898 [INFO] ThirdParty:1030 - CMSIS Pack Vendor :STMicroelectronics FP-SNS-MOTENV1 5.0.0
2026-07-22 16:05:36,898 [INFO] ThirdParty:1030 - CMSIS Pack Vendor :STMicroelectronics USB_DEVICE 1.0.0
2026-07-22 16:05:36,898 [INFO] ThirdParty:1030 - CMSIS Pack Vendor :STMicroelectronics X-CUBE-AZRTOS-H7RS 1.2.0
2026-07-22 16:05:36,898 [INFO] ThirdParty:1030 - CMSIS Pack Vendor :wolfSSL I-CUBE-wolfMQTT 1.19.0
2026-07-22 16:05:36,898 [INFO] ThirdParty:1030 - CMSIS Pack Vendor :STMicroelectronics X-CUBE-AZRTOS-L4 2.0.0
2026-07-22 16:05:36,898 [INFO] ThirdParty:1030 - CMSIS Pack Vendor :STMicroelectronics ThreadX 0.0.2
2026-07-22 16:05:36,898 [INFO] ThirdParty:1030 - CMSIS Pack Vendor :WES I-CUBE-Cesium 1.3.0
2026-07-22 16:05:36,898 [INFO] ThirdParty:1030 - CMSIS Pack Vendor :STMicroelectronics lwIP 2.1.2
2026-07-22 16:05:36,898 [INFO] ThirdParty:1030 - CMSIS Pack Vendor :STMicroelectronics X-CUBE-SFXS2LP1 4.0.0
2026-07-22 16:05:36,898 [INFO] ThirdParty:1030 - CMSIS Pack Vendor :STMicroelectronics X-CUBE-BLE2 3.3.0
2026-07-22 16:05:36,898 [INFO] ThirdParty:1030 - CMSIS Pack Vendor :Avnet-IOTCONNECT X-CUBE-iotc-st67-sdk 1.0.0
2026-07-22 16:05:36,898 [INFO] ThirdParty:1030 - CMSIS Pack Vendor :STMicroelectronics X-CUBE-DISPLAY 2.2.0
2026-07-22 16:05:36,898 [INFO] ThirdParty:1030 - CMSIS Pack Vendor :STMicroelectronics X-CUBE-TOF1 3.2.0
2026-07-22 16:05:36,898 [INFO] ThirdParty:1030 - CMSIS Pack Vendor :STMicroelectronics PDM2PCM 3.2.0
2026-07-22 16:05:36,898 [INFO] ThirdParty:1030 - CMSIS Pack Vendor :STMicroelectronics X-CUBE-ISPU 1.0.0
2026-07-22 16:05:36,898 [INFO] ThirdParty:1030 - CMSIS Pack Vendor :STMicroelectronics X-CUBE-WB05N 2.1.0
2026-07-22 16:05:36,898 [INFO] ThirdParty:1030 - CMSIS Pack Vendor :STMicroelectronics X-CUBE-ISPU 1.1.0
2026-07-22 16:05:36,898 [INFO] ThirdParty:1030 - CMSIS Pack Vendor :STMicroelectronics X-CUBE-AZRTOS-H7 3.3.0
2026-07-22 16:05:36,898 [INFO] ThirdParty:1030 - CMSIS Pack Vendor :RoweBots I-CUBE-UNISONRTOS 5.5.0-4
2026-07-22 16:05:36,898 [INFO] ThirdParty:1030 - CMSIS Pack Vendor :STMicroelectronics X-CUBE-NFC9 1.0.0
2026-07-22 16:05:36,899 [INFO] ThirdParty:1030 - CMSIS Pack Vendor :STMicroelectronics X-CUBE-AZRTOS-H7 2.1.0
2026-07-22 16:05:36,899 [INFO] ThirdParty:1030 - CMSIS Pack Vendor :STMicroelectronics X-CUBE-BLE1 7.1.0
2026-07-22 16:05:36,899 [INFO] ThirdParty:1030 - CMSIS Pack Vendor :STMicroelectronics USB_DEVICE 3.0.0
2026-07-22 16:05:36,899 [INFO] ThirdParty:1030 - CMSIS Pack Vendor :STMicroelectronics X-CUBE-TCPP 4.1.0
2026-07-22 16:05:36,899 [INFO] ThirdParty:1030 - CMSIS Pack Vendor :STMicroelectronics X-CUBE-EEPRMA1 5.2.0
2026-07-22 16:05:36,899 [INFO] ThirdParty:1030 - CMSIS Pack Vendor :STMicroelectronics X-CUBE-BLEMGR 4.1.0
2026-07-22 16:05:36,899 [INFO] ThirdParty:1030 - CMSIS Pack Vendor :STMicroelectronics X-CUBE-AI 8.0.0
2026-07-22 16:05:36,899 [INFO] ThirdParty:1030 - CMSIS Pack Vendor :STMicroelectronics X-CUBE-IPS 3.0.0
2026-07-22 16:05:36,899 [INFO] ThirdParty:1030 - CMSIS Pack Vendor :STMicroelectronics X-CUBE-AZRTOS-WB 2.0.0
2026-07-22 16:05:36,899 [INFO] ThirdParty:1030 - CMSIS Pack Vendor :STMicroelectronics X-CUBE-FREERTOS 1.0.1
2026-07-22 16:05:36,899 [INFO] ThirdParty:1030 - CMSIS Pack Vendor :STMicroelectronics X-CUBE-GNSS1 7.0.0
2026-07-22 16:05:36,899 [INFO] ThirdParty:1030 - CMSIS Pack Vendor :STMicroelectronics X-CUBE-GNSS1 7.0.1
2026-07-22 16:05:36,899 [INFO] ThirdParty:1030 - CMSIS Pack Vendor :STMicroelectronics X-CUBE-TOUCHGFX 4.21.3
2026-07-22 16:05:36,899 [INFO] ThirdParty:1030 - CMSIS Pack Vendor :STMicroelectronics X-CUBE-TOUCHGFX 4.25.0
2026-07-22 16:05:36,899 [INFO] ThirdParty:1030 - CMSIS Pack Vendor :STMicroelectronics X-CUBE-AI 7.3.0
2026-07-22 16:05:36,899 [INFO] ThirdParty:1030 - CMSIS Pack Vendor :STMicroelectronics X-CUBE-AI 10.1.0
2026-07-22 16:05:36,899 [INFO] ThirdParty:1030 - CMSIS Pack Vendor :STMicroelectronics FP-SNS-STBOX1 2.0.0
2026-07-22 16:05:36,899 [INFO] ThirdParty:1030 - CMSIS Pack Vendor :STMicroelectronics X-CUBE-MEMS1 12.0.0
2026-07-22 16:05:36,899 [INFO] ThirdParty:1030 - CMSIS Pack Vendor :STMicroelectronics X-CUBE-ALGOBUILD 1.3.0
2026-07-22 16:05:36,899 [INFO] ThirdParty:1030 - CMSIS Pack Vendor :STMicroelectronics X-CUBE-STSE01 2.0.0
2026-07-22 16:05:36,900 [INFO] ThirdParty:1030 - CMSIS Pack Vendor :STMicroelectronics X-CUBE-AZRTOS-L5 1.1.0
2026-07-22 16:05:36,900 [INFO] ThirdParty:1030 - CMSIS Pack Vendor :STMicroelectronics X-CUBE-MEMS1 11.2.0
2026-07-22 16:05:36,900 [INFO] ThirdParty:1030 - CMSIS Pack Vendor :STMicroelectronics X-CUBE-AZRTOS-G0 1.1.0
2026-07-22 16:05:36,900 [INFO] ThirdParty:1030 - CMSIS Pack Vendor :STMicroelectronics X-CUBE-SAFEA1 1.2.2
2026-07-22 16:05:36,900 [INFO] ThirdParty:1030 - CMSIS Pack Vendor :STMicroelectronics X-CUBE-NFC4 3.0.0
2026-07-22 16:05:36,900 [INFO] ThirdParty:1030 - CMSIS Pack Vendor :STMicroelectronics X-CUBE-SUBG2 5.0.0
2026-07-22 16:05:36,900 [INFO] ThirdParty:1030 - CMSIS Pack Vendor :STMicroelectronics X-CUBE-AZRTOS-H7RS 1.1.0
2026-07-22 16:05:36,900 [INFO] ThirdParty:1030 - CMSIS Pack Vendor :STMicroelectronics STM32_WPAN 1.0.0
2026-07-22 16:05:36,900 [INFO] ThirdParty:1030 - CMSIS Pack Vendor :SEGGER I-CUBE-embOS 1.2.1
2026-07-22 16:05:36,900 [INFO] ThirdParty:1030 - CMSIS Pack Vendor :wolfSSL I-CUBE-wolfMQTT 1.18.0
2026-07-22 16:05:36,900 [INFO] ThirdParty:1030 - CMSIS Pack Vendor :EmbeddedOffice I-CUBE-FS-RTOS 1.0.1
2026-07-22 16:05:36,900 [INFO] ThirdParty:1030 - CMSIS Pack Vendor :STMicroelectronics lwIP 2.0.3
2026-07-22 16:05:36,900 [INFO] ThirdParty:1030 - CMSIS Pack Vendor :Cesanta I-CUBE-Mongoose 7.13.0
2026-07-22 16:05:36,900 [INFO] ThirdParty:1030 - CMSIS Pack Vendor :STMicroelectronics USB_HOST 1.0.0
2026-07-22 16:05:36,900 [INFO] ThirdParty:1030 - CMSIS Pack Vendor :STMicroelectronics X-CUBE-AZRTOS-G4 2.0.0
2026-07-22 16:05:36,900 [INFO] ThirdParty:1030 - CMSIS Pack Vendor :STMicroelectronics X-CUBE-WB05N 2.0.0
2026-07-22 16:05:36,900 [INFO] ThirdParty:1030 - CMSIS Pack Vendor :STMicroelectronics PDM2PCM 3.1.0
2026-07-22 16:05:36,900 [INFO] ThirdParty:1030 - CMSIS Pack Vendor :STMicroelectronics X-CUBE-TOF1 3.3.0
2026-07-22 16:05:36,900 [INFO] ThirdParty:1030 - CMSIS Pack Vendor :STMicroelectronics FP-ATR-ASTRA1 1.1.1
2026-07-22 16:05:36,900 [INFO] ThirdParty:1030 - CMSIS Pack Vendor :STMicroelectronics X-CUBE-NFC7 2.0.0
2026-07-22 16:05:36,900 [INFO] ThirdParty:1030 - CMSIS Pack Vendor :STMicroelectronics X-CUBE-TCPP 4.2.0
2026-07-22 16:05:36,900 [INFO] ThirdParty:1030 - CMSIS Pack Vendor :RealThread X-CUBE-RT-Thread_Nano 4.1.1
2026-07-22 16:05:36,900 [INFO] ThirdParty:1030 - CMSIS Pack Vendor :STMicroelectronics FP-ATR-SIGFOX1 3.2.0
2026-07-22 16:05:36,900 [INFO] ThirdParty:1030 - CMSIS Pack Vendor :STMicroelectronics X-CUBE-AZRTOS-G4 1.0.0
2026-07-22 16:05:36,900 [INFO] ThirdParty:1030 - CMSIS Pack Vendor :STMicroelectronics X-CUBE-AZRTOS-L4 1.0.0
2026-07-22 16:05:36,900 [INFO] ThirdParty:1030 - CMSIS Pack Vendor :quantropi X-CUBE-qispace-sdk-base 1.9.3
2026-07-22 16:05:36,900 [INFO] ThirdParty:1030 - CMSIS Pack Vendor :STMicroelectronics X-CUBE-ISPU 2.0.0
2026-07-22 16:05:36,900 [INFO] ThirdParty:1030 - CMSIS Pack Vendor :STMicroelectronics X-CUBE-EEPRMA1 5.1.0
2026-07-22 16:05:36,900 [INFO] ThirdParty:1030 - CMSIS Pack Vendor :STMicroelectronics MBEDTLS 2.16.2
2026-07-22 16:05:36,900 [INFO] ThirdParty:1030 - CMSIS Pack Vendor :STMicroelectronics X-CUBE-IPS 3.1.0
2026-07-22 16:05:36,900 [INFO] ThirdParty:1030 - CMSIS Pack Vendor :STMicroelectronics X-CUBE-ALS 1.0.2
2026-07-22 16:05:36,900 [INFO] ThirdParty:1030 - CMSIS Pack Vendor :emotas I-CUBE-CANOPEN 1.1.2
2026-07-22 16:05:36,900 [INFO] ThirdParty:1030 - CMSIS Pack Vendor :STMicroelectronics X-CUBE-TOUCHGFX 4.20.0
2026-07-22 16:05:36,902 [INFO] ThirdParty:1030 - CMSIS Pack Vendor :STMicroelectronics X-CUBE-MEMS1 10.0.0
2026-07-22 16:05:36,902 [INFO] ThirdParty:1030 - CMSIS Pack Vendor :ITTIA_DB I-CUBE-ITTIADB 8.9.0
2026-07-22 16:05:36,902 [INFO] ThirdParty:1030 - CMSIS Pack Vendor :STMicroelectronics X-CUBE-TOUCHGFX 4.24.2
2026-07-22 16:05:36,902 [INFO] ThirdParty:1030 - CMSIS Pack Vendor :STMicroelectronics X-CUBE-AZRTOS-WL 1.0.0
2026-07-22 16:05:36,902 [INFO] ThirdParty:1030 - CMSIS Pack Vendor :STMicroelectronics X-CUBE-TOUCHGFX 4.24.1
2026-07-22 16:05:36,902 [INFO] ThirdParty:1030 - CMSIS Pack Vendor :STMicroelectronics X-CUBE-STSE01 1.0.0
2026-07-22 16:05:36,902 [INFO] ThirdParty:1030 - CMSIS Pack Vendor :wolfSSL I-CUBE-wolfTPM 3.4.0
2026-07-22 16:05:36,902 [INFO] ThirdParty:1030 - CMSIS Pack Vendor :portGmbH I-Cube-SoM-uGOAL 1.1.0
2026-07-22 16:05:36,902 [INFO] ThirdParty:1030 - CMSIS Pack Vendor :STMicroelectronics X-CUBE-ALS 1.0.1
2026-07-22 16:05:36,902 [INFO] ThirdParty:1030 - CMSIS Pack Vendor :STMicroelectronics X-CUBE-NFC6 3.2.0
2026-07-22 16:05:36,902 [INFO] ThirdParty:1030 - CMSIS Pack Vendor :STMicroelectronics X-CUBE-MEMS1 9.5.0
2026-07-22 16:05:36,902 [INFO] ThirdParty:1030 - CMSIS Pack Vendor :STMicroelectronics X-CUBE-ST67W61 1.0.0
2026-07-22 16:05:36,902 [INFO] ThirdParty:1030 - CMSIS Pack Vendor :STMicroelectronics X-CUBE-AI 10.2.1
2026-07-22 16:05:36,902 [INFO] ThirdParty:1030 - CMSIS Pack Vendor :STMicroelectronics X-CUBE-AI 10.2.0
2026-07-22 16:05:36,902 [INFO] ThirdParty:1030 - CMSIS Pack Vendor :STMicroelectronics ThreadX 1.0.0
2026-07-22 16:05:36,902 [INFO] ThirdParty:1030 - CMSIS Pack Vendor :STMicroelectronics X-CUBE-MEMS1 12.1.0
2026-07-22 16:05:36,902 [INFO] ThirdParty:1030 - CMSIS Pack Vendor :STMicroelectronics X-CUBE-AZRTOS-WB 1.1.0
2026-07-22 16:05:36,902 [INFO] ThirdParty:1030 - CMSIS Pack Vendor :SEGGER I-CUBE-embOS 1.3.1
2026-07-22 16:05:36,902 [INFO] ThirdParty:1030 - CMSIS Pack Vendor :STMicroelectronics X-CUBE-ALGOBUILD 1.4.0
2026-07-22 16:05:36,902 [INFO] ThirdParty:1030 - CMSIS Pack Vendor :STMicroelectronics X-CUBE-MEMS1 11.3.0
2026-07-22 16:05:36,902 [INFO] ThirdParty:1030 - CMSIS Pack Vendor :STMicroelectronics X-CUBE-AZRTOS-L5 1.0.0
2026-07-22 16:05:36,903 [INFO] ThirdParty:1030 - CMSIS Pack Vendor :STMicroelectronics X-CUBE-EEPRMA1 3.1.1
2026-07-22 16:05:36,903 [INFO] ThirdParty:1030 - CMSIS Pack Vendor :STMicroelectronics X-CUBE-AZRTOS-H7RS 1.0.0
2026-07-22 16:05:36,903 [INFO] ThirdParty:1030 - CMSIS Pack Vendor :STMicroelectronics FP-ATR-ASTRA1 2.0.0
2026-07-22 16:05:36,903 [INFO] ThirdParty:1030 - CMSIS Pack Vendor :STMicroelectronics X-CUBE-TOF1 3.4.2
2026-07-22 16:05:36,903 [INFO] ThirdParty:1030 - CMSIS Pack Vendor :STMicroelectronics X-CUBE-TOF1 3.4.3
2026-07-22 16:05:36,903 [INFO] ThirdParty:1030 - CMSIS Pack Vendor :STMicroelectronics X-CUBE-AI 9.1.0
2026-07-22 16:05:36,903 [INFO] ThirdParty:1030 - CMSIS Pack Vendor :STMicroelectronics X-CUBE-TOF1 3.4.1
2026-07-22 16:05:36,903 [INFO] ThirdParty:1030 - CMSIS Pack Vendor :STMicroelectronics X-CUBE-AZRTOS-H7 3.2.0
2026-07-22 16:05:36,903 [INFO] ThirdParty:1030 - CMSIS Pack Vendor :STMicroelectronics X-CUBE-NFC13 1.0.0
2026-07-22 16:05:36,903 [INFO] ThirdParty:1030 - CMSIS Pack Vendor :Infineon AIROC-Wi-Fi-Bluetooth-STM32 1.6.0
2026-07-22 16:05:36,903 [INFO] ThirdParty:1030 - CMSIS Pack Vendor :wolfSSL I-CUBE-wolfSSH 1.4.17
2026-07-22 16:05:36,903 [INFO] ThirdParty:841 - exiting critical section [change project]
2026-07-22 16:05:37,074 [INFO] PinOutPanel:1589 - setPackage(No Configuration,No Configuration)
2026-07-22 16:05:37,075 [INFO] PinOutPanel:1589 - setPackage(STM32F411CEUx,UFQFPN48)
2026-07-22 16:05:37,278 [INFO] UtilMem:75 - Before build in PCC Used Memory: 462585856 Bytes (830472192)
2026-07-22 16:05:37,527 [INFO] UtilMem:75 - After build in PCC Used Memory: 491419648 Bytes (830472192)
2026-07-22 16:05:37,539 [INFO] ApiDbMcu:508 - Load IP Config File for USB_DEVICE
2026-07-22 16:05:37,553 [INFO] IPUIPlugin:80 - create IPUIPlugin
2026-07-22 16:05:37,555 [INFO] IPUIPlugin:80 - create IPUIPlugin
2026-07-22 16:05:37,555 [INFO] IPUIPlugin:80 - create IPUIPlugin
2026-07-22 16:05:37,555 [INFO] IPUIPlugin:80 - create IPUIPlugin
2026-07-22 16:05:37,555 [INFO] IPUIPlugin:80 - create IPUIPlugin
2026-07-22 16:05:37,555 [INFO] IPUIPlugin:80 - create IPUIPlugin
2026-07-22 16:05:37,555 [INFO] IPUIPlugin:80 - create IPUIPlugin
2026-07-22 16:05:37,555 [INFO] IPUIPlugin:80 - create IPUIPlugin
2026-07-22 16:05:37,555 [INFO] IPUIPlugin:80 - create IPUIPlugin
2026-07-22 16:05:37,555 [INFO] IPUIPlugin:80 - create IPUIPlugin
2026-07-22 16:05:37,555 [INFO] IPUIPlugin:80 - create IPUIPlugin
2026-07-22 16:05:37,555 [INFO] IPUIPlugin:80 - create IPUIPlugin
2026-07-22 16:05:37,555 [INFO] IPUIPlugin:80 - create IPUIPlugin
2026-07-22 16:05:37,556 [INFO] IPUIPlugin:80 - create IPUIPlugin
2026-07-22 16:05:37,556 [INFO] IPUIPlugin:80 - create IPUIPlugin
2026-07-22 16:05:37,556 [INFO] IPUIPlugin:80 - create IPUIPlugin
2026-07-22 16:05:37,556 [INFO] IPUIPlugin:80 - create IPUIPlugin
2026-07-22 16:05:37,556 [INFO] IPUIPlugin:80 - create IPUIPlugin
2026-07-22 16:05:37,556 [INFO] IPUIPlugin:80 - create IPUIPlugin
2026-07-22 16:05:37,557 [INFO] IPUIPlugin:80 - create IPUIPlugin
2026-07-22 16:05:37,557 [INFO] IPUIPlugin:80 - create IPUIPlugin
2026-07-22 16:05:37,557 [INFO] IPUIPlugin:80 - create IPUIPlugin
2026-07-22 16:05:37,557 [INFO] IPUIPlugin:80 - create IPUIPlugin
2026-07-22 16:05:37,558 [INFO] IPUIPlugin:80 - create IPUIPlugin
2026-07-22 16:05:37,558 [INFO] IPUIPlugin:80 - create IPUIPlugin
2026-07-22 16:05:37,558 [INFO] IPUIPlugin:80 - create IPUIPlugin
2026-07-22 16:05:37,558 [INFO] IPUIPlugin:80 - create IPUIPlugin
2026-07-22 16:05:37,558 [INFO] IPUIPlugin:80 - create IPUIPlugin
2026-07-22 16:05:37,559 [INFO] IPUIPlugin:80 - create IPUIPlugin
2026-07-22 16:05:37,559 [INFO] IPUIPlugin:80 - create IPUIPlugin
2026-07-22 16:05:37,559 [INFO] IPUIPlugin:80 - create IPUIPlugin
2026-07-22 16:05:37,559 [INFO] IPUIPlugin:80 - create IPUIPlugin
2026-07-22 16:05:37,559 [INFO] IPUIPlugin:80 - create IPUIPlugin
2026-07-22 16:05:37,559 [INFO] IPUIPlugin:80 - create IPUIPlugin
2026-07-22 16:05:37,559 [INFO] IPUIPlugin:80 - create IPUIPlugin
2026-07-22 16:05:37,560 [INFO] IPUIPlugin:80 - create IPUIPlugin
2026-07-22 16:05:37,560 [INFO] IPUIPlugin:80 - create IPUIPlugin
2026-07-22 16:05:37,560 [INFO] IPUIPlugin:80 - create IPUIPlugin
2026-07-22 16:05:37,560 [INFO] IPUIPlugin:80 - create IPUIPlugin
2026-07-22 16:05:37,560 [INFO] IPUIPlugin:80 - create IPUIPlugin
2026-07-22 16:05:37,561 [INFO] IPUIPlugin:80 - create IPUIPlugin
2026-07-22 16:05:37,561 [INFO] IPUIPlugin:80 - create IPUIPlugin
2026-07-22 16:05:37,561 [INFO] IPUIPlugin:80 - create IPUIPlugin
2026-07-22 16:05:37,563 [INFO] ApiDbMcu:508 - Load IP Config File for PDM2PCM
2026-07-22 16:05:37,565 [INFO] I2sManager:658 - 1.1875E8
2026-07-22 16:05:37,565 [INFO] I2sManager:195 - I2S Clock Value : 1.1875E8
2026-07-22 16:05:37,565 [INFO] I2sManager:553 - AudioClock : 15995Divider : 116Odd : 0
2026-07-22 16:05:37,637 [INFO] CADModel:165 - CPN selected for project levelSTM32F411CEU6
2026-07-22 16:05:37,637 [INFO] CADModel:114 - Register for checkConnection events
2026-07-22 16:05:37,697 [INFO] OpenFileManager:385 - Restore cursor
2026-07-22 16:05:37,870 [WARN] IP:2250 - DEVICE_SERIAL0_HID_FS not found: check if there is a RefParameter without a condition.
2026-07-22 16:05:37,870 [WARN] IP:2250 - DEVICE_SERIAL1_HID_FS not found: check if there is a RefParameter without a condition.
2026-07-22 16:05:37,870 [WARN] IP:2250 - DEVICE_SERIAL2_HID_FS not found: check if there is a RefParameter without a condition.
2026-07-22 16:05:37,870 [WARN] IP:2250 - DEVICE_SERIAL0_HID_FS not found: check if there is a RefParameter without a condition.
2026-07-22 16:05:37,870 [WARN] IP:2250 - DEVICE_SERIAL1_HID_FS not found: check if there is a RefParameter without a condition.
2026-07-22 16:05:37,871 [WARN] IP:2250 - DEVICE_SERIAL2_HID_FS not found: check if there is a RefParameter without a condition.
2026-07-22 16:05:52,923 [INFO] MainUpdater:2872 - connection check result : 22
2026-07-22 16:05:52,928 [INFO] MainUpdater:2872 - connection check result : 22
2026-07-22 16:06:19,712 [INFO] MainUpdater:2872 - connection check result : 22
2026-07-22 16:06:20,627 [INFO] I2sManager:658 - 1.1875E8
2026-07-22 16:06:20,628 [INFO] I2sManager:195 - I2S Clock Value : 1.1875E8
2026-07-22 16:06:20,628 [INFO] I2sManager:553 - AudioClock : 15995Divider : 116Odd : 0
2026-07-22 16:06:20,629 [INFO] MicroXplorer:468 - Change Database Path : 
2026-07-22 16:06:20,629 [INFO] MicroXplorer:498 - Change Database Version : DB.6.0.141
2026-07-22 16:06:20,639 [ERROR] ProjectManagerView:395 - 
java.lang.NullPointerException: Cannot invoke "javax.swing.JTextField.getText()" because the return value of "java.util.List.get(int)" is null
	at com.st.microxplorer.plugins.projectmanager.gui.ProjectChoiceTab$9.caretUpdate(ProjectChoiceTab.java:2678) ~[filemanager.jar:?]
	at javax.swing.text.JTextComponent.fireCaretUpdate(JTextComponent.java:408) ~[?:?]
	at javax.swing.text.JTextComponent$MutableCaretEvent.fire(JTextComponent.java:4484) ~[?:?]
	at javax.swing.text.JTextComponent$MutableCaretEvent.stateChanged(JTextComponent.java:4506) ~[?:?]
	at javax.swing.text.DefaultCaret.fireStateChanged(DefaultCaret.java:857) ~[?:?]
	at javax.swing.text.DefaultCaret.changeCaretPosition(DefaultCaret.java:1343) ~[?:?]
	at javax.swing.text.DefaultCaret.handleSetDot(DefaultCaret.java:1242) ~[?:?]
	at javax.swing.text.DefaultCaret.setDot(DefaultCaret.java:1223) ~[?:?]
	at javax.swing.text.DefaultCaret$Handler.insertUpdate(DefaultCaret.java:1819) ~[?:?]
	at javax.swing.text.AbstractDocument.fireInsertUpdate(AbstractDocument.java:227) ~[?:?]
	at javax.swing.text.AbstractDocument.handleInsertString(AbstractDocument.java:781) ~[?:?]
	at javax.swing.text.AbstractDocument.insertString(AbstractDocument.java:740) ~[?:?]
	at javax.swing.text.PlainDocument.insertString(PlainDocument.java:131) ~[?:?]
	at javax.swing.text.AbstractDocument.replace(AbstractDocument.java:699) ~[?:?]
	at javax.swing.text.JTextComponent.setText(JTextComponent.java:1725) ~[?:?]
	at com.st.microxplorer.plugins.projectmanager.gui.ProjectChoiceTab.createHeapStackFields(ProjectChoiceTab.java:979) ~[filemanager.jar:?]
	at com.st.microxplorer.plugins.projectmanager.gui.ProjectChoiceTab.buildLinkSettingsPanel(ProjectChoiceTab.java:3766) ~[filemanager.jar:?]
	at com.st.microxplorer.plugins.projectmanager.gui.ProjectChoiceTab.defineWindowsFields(ProjectChoiceTab.java:1962) ~[filemanager.jar:?]
	at com.st.microxplorer.plugins.projectmanager.gui.ProjectChoiceTab.updateSettings(ProjectChoiceTab.java:555) ~[filemanager.jar:?]
	at com.st.microxplorer.plugins.projectmanager.gui.ProjectSettingsPanel.UpdateDialog(ProjectSettingsPanel.java:245) ~[filemanager.jar:?]
	at com.st.microxplorer.plugins.projectmanager.ProjectManagerView.propertyChange(ProjectManagerView.java:392) ~[filemanager.jar:?]
	at java.beans.PropertyChangeSupport.fire(PropertyChangeSupport.java:343) ~[?:?]
	at java.beans.PropertyChangeSupport.firePropertyChange(PropertyChangeSupport.java:335) ~[?:?]
	at java.beans.PropertyChangeSupport.firePropertyChange(PropertyChangeSupport.java:268) ~[?:?]
	at com.st.microxplorer.util.MXPropertyChangeSupport.firePropertyChange(MXPropertyChangeSupport.java:54) ~[STM32CubeMX.jar:?]
	at com.st.microxplorer.mxsystem.MxSystem.closeConfig(MxSystem.java:899) ~[STM32CubeMX.jar:?]
	at com.st.microxplorer.maingui.MainPanel.closeConfig(MainPanel.java:789) ~[STM32CubeMX.jar:?]
	at com.st.microxplorer.plugins.filemanager.engine.OpenFileManager.loadConfigurationFile(OpenFileManager.java:287) ~[filemanager.jar:?]
	at com.st.microxplorer.plugins.filemanager.engine.MainFileManager.userLoadConfig(MainFileManager.java:341) ~[filemanager.jar:?]
	at com.st.microxplorer.plugins.filemanager.engine.MainFileManager.userLoadConfig(MainFileManager.java:319) ~[filemanager.jar:?]
	at com.st.microxplorer.plugins.filemanager.FileManagerView.getSpecificTask(FileManagerView.java:246) ~[filemanager.jar:?]
	at com.st.stm32cube.common.mx.editor.CubeMxEditor.getMxTabbedPaneInstance(CubeMxEditor.java:1198) ~[com.st.stm32cube.common.mx_6.14.1.202504091515/:?]
	at com.st.stm32cube.common.mx.editor.CubeMxEditor$12$1.createSwingComponent(CubeMxEditor.java:1068) ~[com.st.stm32cube.common.mx_6.14.1.202504091515/:?]
	at com.st.stm32cube.common.mx.oss.core.awtswtbridge.EmbeddedSwingComposite.doComponentCreation(EmbeddedSwingComposite.java:492) ~[com.st.stm32cube.common.mx.oss_6.14.1.202504091515/:?]
	at com.st.stm32cube.common.mx.oss.core.awtswtbridge.EmbeddedSwingComposite$4.run(EmbeddedSwingComposite.java:291) ~[com.st.stm32cube.common.mx.oss_6.14.1.202504091515/:?]
	at com.st.stm32cube.common.mx.oss.core.awtswtbridge.AwtEnvironment$2.run(AwtEnvironment.java:166) ~[com.st.stm32cube.common.mx.oss_6.14.1.202504091515/:?]
	at java.awt.event.InvocationEvent.dispatch(InvocationEvent.java:318) ~[?:?]
	at java.awt.EventQueue.dispatchEventImpl(EventQueue.java:773) ~[?:?]
	at java.awt.EventQueue$4.run(EventQueue.java:720) ~[?:?]
	at java.awt.EventQueue$4.run(EventQueue.java:714) ~[?:?]
	at java.security.AccessController.doPrivileged(AccessController.java:400) ~[?:?]
	at java.security.ProtectionDomain$JavaSecurityAccessImpl.doIntersectionPrivilege(ProtectionDomain.java:87) ~[?:?]
	at java.awt.EventQueue.dispatchEvent(EventQueue.java:742) ~[?:?]
	at java.awt.EventDispatchThread.pumpOneEventForFilters(EventDispatchThread.java:203) ~[?:?]
	at java.awt.EventDispatchThread.pumpEventsForFilter(EventDispatchThread.java:124) ~[?:?]
	at java.awt.EventDispatchThread.pumpEventsForHierarchy(EventDispatchThread.java:113) ~[?:?]
	at java.awt.EventDispatchThread.pumpEvents(EventDispatchThread.java:109) ~[?:?]
	at java.awt.EventDispatchThread.pumpEvents(EventDispatchThread.java:101) ~[?:?]
	at java.awt.EventDispatchThread.run(EventDispatchThread.java:90) ~[?:?]
2026-07-22 16:06:20,639 [WARN] ThirdParty:871 - waiting for thirdparty lock release [close project]
2026-07-22 16:06:20,639 [INFO] ThirdParty:873 - entering critical section [close project]
2026-07-22 16:06:20,639 [INFO] ThirdParty:883 - exiting critical section [close project]
2026-07-22 16:06:20,641 [INFO] PinOutPanel:1589 - setPackage(No Configuration,No Configuration)
2026-07-22 16:06:20,646 [WARN] IpParametersView:155 - Warning: This peripheral hasn't parameters
2026-07-22 16:06:20,649 [WARN] MainPanel:289 - <html><b><center>Warning: This peripheral has no parameters to be configured<br></b></html>
2026-07-22 16:06:20,651 [INFO] UtilMem:75 - Begin LoadConfig() Used Memory: 734243864 Bytes (830472192)
2026-07-22 16:06:20,652 [INFO] MicroXplorer:468 - Change Database Path : 
2026-07-22 16:06:20,653 [INFO] MicroXplorer:498 - Change Database Version : DB.6.0.141
2026-07-22 16:06:20,653 [INFO] OpenFileManager:354 - Change cursor
2026-07-22 16:06:20,661 [INFO] Mcu:2011 - Initializing MCU STM32F411C(C-E)Ux STM32F411CEUx STM32F411CEU6
2026-07-22 16:06:21,308 [INFO] Context:756 - Trying to add GPIOservice into a context  which must be forbidden
2026-07-22 16:06:21,442 [INFO] ImportTextPane:218 - (OptionalMessage_ERROR) Pin27 (VP_RIF_VS_RIF1) cannot be retrieved for this MCU
2026-07-22 16:06:21,495 [INFO] RtosManager:558 - Registered RTOS mode: class=CMSIS, group=RTOS, mode=CMSIS_V1, owner=FREERTOS
2026-07-22 16:06:21,495 [INFO] RtosManager:558 - Registered RTOS mode: class=CMSIS, group=RTOS2, mode=CMSIS_V2, owner=FREERTOS
2026-07-22 16:06:21,495 [INFO] RtosManager:558 - Registered RTOS mode: class=RTOS, group=Core, mode=CMSIS_V1, owner=FREERTOS
2026-07-22 16:06:21,495 [INFO] RtosManager:558 - Registered RTOS mode: class=RTOS, group=Core, mode=CMSIS_V2, owner=FREERTOS
2026-07-22 16:06:21,495 [WARN] ModelIntegratedComponent:184 - Missing modes for component STMicroelectronics:FreeRTOS:0.0.1:STMicroelectronics:RTOS:FreeRTOS:Core:::10.2.0:
2026-07-22 16:06:21,499 [WARN] ModelIntegratedComponent:63 - No mode defined for component null
2026-07-22 16:06:21,499 [WARN] ModelIntegratedComponent:63 - No mode defined for component null
2026-07-22 16:06:21,499 [WARN] ModelIntegratedComponent:63 - No mode defined for component null
2026-07-22 16:06:21,499 [WARN] ModelIntegratedComponent:63 - No mode defined for component null
2026-07-22 16:06:21,499 [WARN] ModelIntegratedComponent:63 - No mode defined for component null
2026-07-22 16:06:21,499 [WARN] ModelIntegratedComponent:63 - No mode defined for component null
2026-07-22 16:06:21,499 [WARN] ModelIntegratedComponent:63 - No mode defined for component null
2026-07-22 16:06:21,499 [WARN] ModelIntegratedComponent:63 - No mode defined for component null
2026-07-22 16:06:21,499 [WARN] ModelIntegratedComponent:63 - No mode defined for component null
2026-07-22 16:06:21,499 [WARN] ModelIntegratedComponent:63 - No mode defined for component null
2026-07-22 16:06:21,499 [WARN] ModelIntegratedComponent:63 - No mode defined for component null
2026-07-22 16:06:21,499 [WARN] ModelIntegratedComponent:63 - No mode defined for component null
2026-07-22 16:06:21,499 [WARN] ModelIntegratedComponent:63 - No mode defined for component null
2026-07-22 16:06:21,499 [WARN] ModelIntegratedComponent:63 - No mode defined for component null
2026-07-22 16:06:21,499 [WARN] ModelIntegratedComponent:63 - No mode defined for component null
2026-07-22 16:06:21,499 [WARN] ModelIntegratedComponent:63 - No mode defined for component null
2026-07-22 16:06:21,499 [WARN] ModelIntegratedComponent:63 - No mode defined for component null
2026-07-22 16:06:21,499 [WARN] ModelIntegratedComponent:63 - No mode defined for component null
2026-07-22 16:06:21,501 [WARN] ModelIntegratedComponent:63 - No mode defined for component null
2026-07-22 16:06:21,501 [WARN] ModelIntegratedComponent:63 - No mode defined for component null
2026-07-22 16:06:21,501 [WARN] ModelIntegratedComponent:63 - No mode defined for component null
2026-07-22 16:06:21,501 [WARN] ModelIntegratedComponent:63 - No mode defined for component null
2026-07-22 16:06:21,501 [WARN] ModelIntegratedComponent:63 - No mode defined for component null
2026-07-22 16:06:21,501 [WARN] ModelIntegratedComponent:63 - No mode defined for component null
2026-07-22 16:06:21,501 [WARN] ModelIntegratedComponent:63 - No mode defined for component null
2026-07-22 16:06:21,501 [WARN] ModelIntegratedComponent:63 - No mode defined for component null
2026-07-22 16:06:21,501 [WARN] ModelIntegratedComponent:63 - No mode defined for component null
2026-07-22 16:06:21,501 [WARN] ModelIntegratedComponent:63 - No mode defined for component null
2026-07-22 16:06:21,501 [WARN] ModelIntegratedComponent:63 - No mode defined for component null
2026-07-22 16:06:21,501 [WARN] ModelIntegratedComponent:63 - No mode defined for component null
2026-07-22 16:06:21,501 [WARN] ModelIntegratedComponent:63 - No mode defined for component null
2026-07-22 16:06:21,501 [WARN] ModelIntegratedComponent:63 - No mode defined for component null
2026-07-22 16:06:21,501 [WARN] ModelIntegratedComponent:63 - No mode defined for component null
2026-07-22 16:06:21,501 [WARN] ModelIntegratedComponent:63 - No mode defined for component null
2026-07-22 16:06:21,501 [WARN] ModelIntegratedComponent:63 - No mode defined for component null
2026-07-22 16:06:21,501 [WARN] ModelPack:524 - Component already loaded: STMicroelectronics:HAL Drivers:0.0.0:STMicroelectronics:Device:STMicro_Driver:XSPI:HAL::0.0.1:HAL_XSPI
2026-07-22 16:06:21,587 [WARN] ModelIntegratedComponent:182 - Modes not found for component STMicroelectronics:USB_DEVICE:1.0.0:STMicroelectronics:USB::USB Device:Audio HS::1.0:USB_DEVICE_1_0_RESTRICTED_HS
2026-07-22 16:06:21,587 [WARN] ModelIntegratedComponent:188 - Modes not found for component STMicroelectronics:USB_DEVICE:1.0.0:STMicroelectronics:USB::USB Device:Audio HS::1.0:USB_DEVICE_1_0_RESTRICTED_HS
2026-07-22 16:06:21,587 [WARN] ModelIntegratedComponent:182 - Modes not found for component STMicroelectronics:USB_DEVICE:1.0.0:STMicroelectronics:USB::USB Device:CDC HS::1.0:USB_DEVICE_1_0_RESTRICTED_HS
2026-07-22 16:06:21,587 [WARN] ModelIntegratedComponent:188 - Modes not found for component STMicroelectronics:USB_DEVICE:1.0.0:STMicroelectronics:USB::USB Device:CDC HS::1.0:USB_DEVICE_1_0_RESTRICTED_HS
2026-07-22 16:06:21,587 [WARN] ModelIntegratedComponent:182 - Modes not found for component STMicroelectronics:USB_DEVICE:1.0.0:STMicroelectronics:USB::USB Device:DFU HS::1.0:USB_DEVICE_1_0_RESTRICTED_HS
2026-07-22 16:06:21,587 [WARN] ModelIntegratedComponent:188 - Modes not found for component STMicroelectronics:USB_DEVICE:1.0.0:STMicroelectronics:USB::USB Device:DFU HS::1.0:USB_DEVICE_1_0_RESTRICTED_HS
2026-07-22 16:06:21,587 [WARN] ModelIntegratedComponent:182 - Modes not found for component STMicroelectronics:USB_DEVICE:1.0.0:STMicroelectronics:USB::USB Device:HID HS::1.0:USB_DEVICE_1_0_RESTRICTED_HS
2026-07-22 16:06:21,587 [WARN] ModelIntegratedComponent:188 - Modes not found for component STMicroelectronics:USB_DEVICE:1.0.0:STMicroelectronics:USB::USB Device:HID HS::1.0:USB_DEVICE_1_0_RESTRICTED_HS
2026-07-22 16:06:21,587 [WARN] ModelIntegratedComponent:182 - Modes not found for component STMicroelectronics:USB_DEVICE:1.0.0:STMicroelectronics:USB::USB Device:Custom HID HS::1.0:USB_DEVICE_1_0_RESTRICTED_HS
2026-07-22 16:06:21,587 [WARN] ModelIntegratedComponent:188 - Modes not found for component STMicroelectronics:USB_DEVICE:1.0.0:STMicroelectronics:USB::USB Device:Custom HID HS::1.0:USB_DEVICE_1_0_RESTRICTED_HS
2026-07-22 16:06:21,587 [WARN] ModelIntegratedComponent:182 - Modes not found for component STMicroelectronics:USB_DEVICE:1.0.0:STMicroelectronics:USB::USB Device:MSC HS::1.0:USB_DEVICE_1_0_RESTRICTED_HS
2026-07-22 16:06:21,587 [WARN] ModelIntegratedComponent:188 - Modes not found for component STMicroelectronics:USB_DEVICE:1.0.0:STMicroelectronics:USB::USB Device:MSC HS::1.0:USB_DEVICE_1_0_RESTRICTED_HS
2026-07-22 16:06:21,666 [WARN] ModelIntegratedComponent:182 - Modes not found for component STMicroelectronics:USB_HOST:1.0.0:STMicroelectronics:USB::USB Host:Audio HS::1.0:USB_HOST_1_0_RESTRICTED_HS
2026-07-22 16:06:21,666 [WARN] ModelIntegratedComponent:188 - Modes not found for component STMicroelectronics:USB_HOST:1.0.0:STMicroelectronics:USB::USB Host:Audio HS::1.0:USB_HOST_1_0_RESTRICTED_HS
2026-07-22 16:06:21,666 [WARN] ModelIntegratedComponent:182 - Modes not found for component STMicroelectronics:USB_HOST:1.0.0:STMicroelectronics:USB::USB Host:CDC HS::1.0:USB_HOST_1_0_RESTRICTED_HS
2026-07-22 16:06:21,666 [WARN] ModelIntegratedComponent:188 - Modes not found for component STMicroelectronics:USB_HOST:1.0.0:STMicroelectronics:USB::USB Host:CDC HS::1.0:USB_HOST_1_0_RESTRICTED_HS
2026-07-22 16:06:21,666 [WARN] ModelIntegratedComponent:182 - Modes not found for component STMicroelectronics:USB_HOST:1.0.0:STMicroelectronics:USB::USB Host:MSC HS::1.0:USB_HOST_1_0_RESTRICTED_HS
2026-07-22 16:06:21,666 [WARN] ModelIntegratedComponent:188 - Modes not found for component STMicroelectronics:USB_HOST:1.0.0:STMicroelectronics:USB::USB Host:MSC HS::1.0:USB_HOST_1_0_RESTRICTED_HS
2026-07-22 16:06:21,666 [WARN] ModelIntegratedComponent:182 - Modes not found for component STMicroelectronics:USB_HOST:1.0.0:STMicroelectronics:USB::USB Host:HID HS::1.0:USB_HOST_1_0_RESTRICTED_HS
2026-07-22 16:06:21,666 [WARN] ModelIntegratedComponent:188 - Modes not found for component STMicroelectronics:USB_HOST:1.0.0:STMicroelectronics:USB::USB Host:HID HS::1.0:USB_HOST_1_0_RESTRICTED_HS
2026-07-22 16:06:21,666 [WARN] ModelIntegratedComponent:182 - Modes not found for component STMicroelectronics:USB_HOST:1.0.0:STMicroelectronics:USB::USB Host:MTP HS::1.0:USB_HOST_1_0_RESTRICTED_HS
2026-07-22 16:06:21,666 [WARN] ModelIntegratedComponent:188 - Modes not found for component STMicroelectronics:USB_HOST:1.0.0:STMicroelectronics:USB::USB Host:MTP HS::1.0:USB_HOST_1_0_RESTRICTED_HS
2026-07-22 16:06:21,860 [INFO] ThirdPartyModel:298 - Start build external matchings
2026-07-22 16:06:26,060 [INFO] ThirdPartyModel:316 - End build external matchings
2026-07-22 16:06:26,153 [INFO] ImportTextPane:218 - (OptionalMessage_ERROR) IP (DMA) : Parameter (Instance) has Id (SPI2_TX) currently not set
2026-07-22 16:06:26,153 [INFO] ImportTextPane:218 - (OptionalMessage_ERROR) IP (DMA) : Parameter (Channel) has Id (SPI2_TX) currently not set
2026-07-22 16:06:26,153 [INFO] ImportTextPane:218 - (OptionalMessage_ERROR) IP (DMA) : Parameter (Direction) has Id (SPI2_TX) currently not set
2026-07-22 16:06:26,153 [INFO] ImportTextPane:218 - (OptionalMessage_ERROR) IP (DMA) : Parameter (PeriphInc) has Id (SPI2_TX) currently not set
2026-07-22 16:06:26,153 [INFO] ImportTextPane:218 - (OptionalMessage_ERROR) IP (DMA) : Parameter (MemInc) has Id (SPI2_TX) currently not set
2026-07-22 16:06:26,153 [INFO] ImportTextPane:218 - (OptionalMessage_ERROR) IP (DMA) : Parameter (PeriphDataAlignment) has Id (SPI2_TX) currently not set
2026-07-22 16:06:26,153 [INFO] ImportTextPane:218 - (OptionalMessage_ERROR) IP (DMA) : Parameter (MemDataAlignment) has Id (SPI2_TX) currently not set
2026-07-22 16:06:26,153 [INFO] ImportTextPane:218 - (OptionalMessage_ERROR) IP (DMA) : Parameter (Mode) has Id (SPI2_TX) currently not set
2026-07-22 16:06:26,153 [INFO] ImportTextPane:218 - (OptionalMessage_ERROR) IP (DMA) : Parameter (Priority) has Id (SPI2_TX) currently not set
2026-07-22 16:06:26,153 [INFO] ImportTextPane:218 - (OptionalMessage_ERROR) IP (DMA) : Parameter (FIFOMode) has Id (SPI2_TX) currently not set
2026-07-22 16:06:26,153 [INFO] ImportTextPane:218 - (OptionalMessage_ERROR) IP (DMA) : Parameter (Instance) has Id (ADC1) currently not set
2026-07-22 16:06:26,153 [INFO] ImportTextPane:218 - (OptionalMessage_ERROR) IP (DMA) : Parameter (Channel) has Id (ADC1) currently not set
2026-07-22 16:06:26,153 [INFO] ImportTextPane:218 - (OptionalMessage_ERROR) IP (DMA) : Parameter (Direction) has Id (ADC1) currently not set
2026-07-22 16:06:26,153 [INFO] ImportTextPane:218 - (OptionalMessage_ERROR) IP (DMA) : Parameter (PeriphInc) has Id (ADC1) currently not set
2026-07-22 16:06:26,153 [INFO] ImportTextPane:218 - (OptionalMessage_ERROR) IP (DMA) : Parameter (MemInc) has Id (ADC1) currently not set
2026-07-22 16:06:26,153 [INFO] ImportTextPane:218 - (OptionalMessage_ERROR) IP (DMA) : Parameter (PeriphDataAlignment) has Id (ADC1) currently not set
2026-07-22 16:06:26,153 [INFO] ImportTextPane:218 - (OptionalMessage_ERROR) IP (DMA) : Parameter (MemDataAlignment) has Id (ADC1) currently not set
2026-07-22 16:06:26,153 [INFO] ImportTextPane:218 - (OptionalMessage_ERROR) IP (DMA) : Parameter (Mode) has Id (ADC1) currently not set
2026-07-22 16:06:26,153 [INFO] ImportTextPane:218 - (OptionalMessage_ERROR) IP (DMA) : Parameter (Priority) has Id (ADC1) currently not set
2026-07-22 16:06:26,153 [INFO] ImportTextPane:218 - (OptionalMessage_ERROR) IP (DMA) : Parameter (FIFOMode) has Id (ADC1) currently not set
2026-07-22 16:06:26,154 [INFO] ImportTextPane:218 - (OptionalMessage_ERROR) IP (RCC) : Parameter (RTCHSEDivFreq_Value) has invalid value (12500000)
2026-07-22 16:06:26,159 [WARN] IP:2250 - DEVICE_SERIAL0_HID_FS not found: check if there is a RefParameter without a condition.
2026-07-22 16:06:26,159 [WARN] IP:2250 - DEVICE_SERIAL1_HID_FS not found: check if there is a RefParameter without a condition.
2026-07-22 16:06:26,159 [WARN] IP:2250 - DEVICE_SERIAL2_HID_FS not found: check if there is a RefParameter without a condition.
2026-07-22 16:06:26,286 [INFO] UtilMem:75 - End LoadConfig() Used Memory: 618405248 Bytes (830472192)
2026-07-22 16:06:26,319 [WARN] ThirdParty:833 - waiting for thirdparty lock release [change project]
2026-07-22 16:06:26,319 [INFO] ThirdParty:835 - entering critical section [change project]
2026-07-22 16:06:26,319 [INFO] ThirdParty:1030 - CMSIS Pack Vendor :STMicroelectronics X-CUBE-AZRTOS-H7 3.5.0
2026-07-22 16:06:26,319 [INFO] ThirdParty:1030 - CMSIS Pack Vendor :STMicroelectronics X-CUBE-PM33A1 1.0.0
2026-07-22 16:06:26,319 [INFO] ThirdParty:1030 - CMSIS Pack Vendor :STMicroelectronics USBPD 4.1
2026-07-22 16:06:26,319 [INFO] ThirdParty:1030 - CMSIS Pack Vendor :STMicroelectronics X-CUBE-GNSS1 6.0.0
2026-07-22 16:06:26,319 [INFO] ThirdParty:1030 - CMSIS Pack Vendor :STMicroelectronics USB_HOST 2.0.0
2026-07-22 16:06:26,319 [INFO] ThirdParty:1030 - CMSIS Pack Vendor :STMicroelectronics FP-SNS-MOTENVWB1 1.4.0
2026-07-22 16:06:26,319 [INFO] ThirdParty:1030 - CMSIS Pack Vendor :STMicroelectronics FP-ATR-ASTRA1 2.0.3
2026-07-22 16:06:26,319 [INFO] ThirdParty:1030 - CMSIS Pack Vendor :STMicroelectronics X-CUBE-AZRTOS-F4 1.1.0
2026-07-22 16:06:26,319 [INFO] ThirdParty:1030 - CMSIS Pack Vendor :STMicroelectronics LIBJPEG 8.0.0
2026-07-22 16:06:26,319 [INFO] ThirdParty:1030 - CMSIS Pack Vendor :STMicroelectronics FP-ATR-ASTRA1 2.0.2
2026-07-22 16:06:26,319 [INFO] ThirdParty:1030 - CMSIS Pack Vendor :STMicroelectronics FP-ATR-ASTRA1 2.0.1
2026-07-22 16:06:26,319 [INFO] ThirdParty:1030 - CMSIS Pack Vendor :Avnet-IotConnect X-CUBE-IoTC-DA16k-PMOD 1.0.0
2026-07-22 16:06:26,319 [INFO] ThirdParty:1030 - CMSIS Pack Vendor :STMicroelectronics X-CUBE-SMBUS 2.1.0
2026-07-22 16:06:26,319 [INFO] ThirdParty:1030 - CMSIS Pack Vendor :STMicroelectronics X-CUBE-WB05N 1.1.0
2026-07-22 16:06:26,319 [INFO] ThirdParty:1030 - CMSIS Pack Vendor :STMicroelectronics X-CUBE-ISPU 2.1.0
2026-07-22 16:06:26,319 [INFO] ThirdParty:1030 - CMSIS Pack Vendor :STMicroelectronics eDS-WB_DPC_TT-BIDIR 2.1.1
2026-07-22 16:06:26,319 [INFO] ThirdParty:1030 - CMSIS Pack Vendor :STMicroelectronics X-CUBE-FREERTOS 1.2.0
2026-07-22 16:06:26,319 [INFO] ThirdParty:1030 - CMSIS Pack Vendor :STMicroelectronics X-CUBE-ST60 1.0.0
2026-07-22 16:06:26,319 [INFO] ThirdParty:1030 - CMSIS Pack Vendor :STMicroelectronics X-CUBE-NFC12 1.0.0
2026-07-22 16:06:26,319 [INFO] ThirdParty:1030 - CMSIS Pack Vendor :STMicroelectronics X-CUBE-BLEMGR 1.2.0
2026-07-22 16:06:26,319 [INFO] ThirdParty:1030 - CMSIS Pack Vendor :STMicroelectronics X-CUBE-TOUCHGFX 4.23.2
2026-07-22 16:06:26,319 [INFO] ThirdParty:1030 - CMSIS Pack Vendor :STMicroelectronics X-CUBE-AZRTOS-F7 1.1.0
2026-07-22 16:06:26,319 [INFO] ThirdParty:1030 - CMSIS Pack Vendor :STMicroelectronics X-CUBE-AZRTOS-L5 2.0.0
2026-07-22 16:06:26,319 [INFO] ThirdParty:1030 - CMSIS Pack Vendor :STMicroelectronics USB_DEVICE 2.0.0
2026-07-22 16:06:26,319 [INFO] ThirdParty:1030 - CMSIS Pack Vendor :STMicroelectronics X-CUBE-NFC6 3.1.0
2026-07-22 16:06:26,319 [INFO] ThirdParty:1030 - CMSIS Pack Vendor :STMicroelectronics X-CUBE-BLE1 6.2.3
2026-07-22 16:06:26,320 [INFO] ThirdParty:1030 - CMSIS Pack Vendor :STMicroelectronics X-CUBE-MEMS1 11.0.0
2026-07-22 16:06:26,320 [INFO] ThirdParty:1030 - CMSIS Pack Vendor :STMicroelectronics X-CUBE-BLE1 6.2.4
2026-07-22 16:06:26,320 [INFO] ThirdParty:1030 - CMSIS Pack Vendor :STMicroelectronics X-CUBE-ALGOBUILD 1.5.0
2026-07-22 16:06:26,320 [INFO] ThirdParty:1030 - CMSIS Pack Vendor :STMicroelectronics FreeRTOS 0.0.1
2026-07-22 16:06:26,320 [INFO] ThirdParty:1030 - CMSIS Pack Vendor :STMicroelectronics X-CUBE-AZRTOS-H7RS 1.3.0
2026-07-22 16:06:26,320 [INFO] ThirdParty:1030 - CMSIS Pack Vendor :STMicroelectronics X-CUBE-BLEMGR 2.0.0
2026-07-22 16:06:26,320 [INFO] ThirdParty:1030 - CMSIS Pack Vendor :STMicroelectronics X-CUBE-DPower 1.2.0
2026-07-22 16:06:26,320 [INFO] ThirdParty:1030 - CMSIS Pack Vendor :STMicroelectronics eDS-WB_DPC_VIENNA 1.2.0
2026-07-22 16:06:26,320 [INFO] ThirdParty:1030 - CMSIS Pack Vendor :STMicroelectronics FP-SNS-FLIGHT1 5.0.2
2026-07-22 16:06:26,320 [INFO] ThirdParty:1030 - CMSIS Pack Vendor :STMicroelectronics eDS-WB_DPC_3PH2L-BIDIR 1.1.1
2026-07-22 16:06:26,320 [INFO] ThirdParty:1030 - CMSIS Pack Vendor :STMicroelectronics X-CUBE-NFC4 2.0.4
2026-07-22 16:06:26,320 [INFO] ThirdParty:1030 - CMSIS Pack Vendor :STMicroelectronics X-CUBE-AI 9.0.0
2026-07-22 16:06:26,320 [INFO] ThirdParty:1030 - CMSIS Pack Vendor :STMicroelectronics X-CUBE-AZRTOS-H7 3.1.0
2026-07-22 16:06:26,320 [INFO] ThirdParty:1030 - CMSIS Pack Vendor :STMicroelectronics PDM2PCM 3.3.0
2026-07-22 16:06:26,320 [INFO] ThirdParty:1030 - CMSIS Pack Vendor :STMicroelectronics X-CUBE-TOF1 3.1.0
2026-07-22 16:06:26,320 [INFO] ThirdParty:1030 - CMSIS Pack Vendor :STMicroelectronics X-CUBE-AZRTOS-H7 3.4.0
2026-07-22 16:06:26,320 [INFO] ThirdParty:1030 - CMSIS Pack Vendor :STMicroelectronics X-CUBE-DISPLAY 3.0.0
2026-07-22 16:06:26,320 [INFO] ThirdParty:1030 - CMSIS Pack Vendor :STMicroelectronics X-CUBE-GNSS1 7.1.1
2026-07-22 16:06:26,320 [INFO] ThirdParty:1030 - CMSIS Pack Vendor :STMicroelectronics X-CUBE-BLE1 7.0.0
2026-07-22 16:06:26,320 [INFO] ThirdParty:1030 - CMSIS Pack Vendor :STMicroelectronics X-CUBE-NFC10 1.0.0
2026-07-22 16:06:26,320 [INFO] ThirdParty:1030 - CMSIS Pack Vendor :wolfSSL I-CUBE-wolfSSL 5.5.1
2026-07-22 16:06:26,320 [INFO] ThirdParty:1030 - CMSIS Pack Vendor :STMicroelectronics X-CUBE-BLEMGR 4.0.0
2026-07-22 16:06:26,320 [INFO] ThirdParty:1030 - CMSIS Pack Vendor :STMicroelectronics X-CUBE-FREERTOS 1.3.1
2026-07-22 16:06:26,320 [INFO] ThirdParty:1030 - CMSIS Pack Vendor :STMicroelectronics HAL Drivers 0.0.0
2026-07-22 16:06:26,320 [INFO] ThirdParty:1030 - CMSIS Pack Vendor :STMicroelectronics X-CUBE-ST60 1.1.0
2026-07-22 16:06:26,320 [INFO] ThirdParty:1030 - CMSIS Pack Vendor :STMicroelectronics X-CUBE-FREERTOS 1.3.0
2026-07-22 16:06:26,320 [INFO] ThirdParty:1030 - CMSIS Pack Vendor :STMicroelectronics X-CUBE-NFC7 1.0.1
2026-07-22 16:06:26,320 [INFO] ThirdParty:1030 - CMSIS Pack Vendor :STMicroelectronics MBEDTLS 2.14.1
2026-07-22 16:06:26,320 [INFO] ThirdParty:1030 - CMSIS Pack Vendor :STMicroelectronics X-CUBE-GNSS1 7.1.0
2026-07-22 16:06:26,320 [INFO] ThirdParty:1030 - CMSIS Pack Vendor :STMicroelectronics X-CUBE-NFC7 1.0.0
2026-07-22 16:06:26,320 [INFO] ThirdParty:1030 - CMSIS Pack Vendor :STMicroelectronics X-CUBE-TOUCHGFX 4.26.0
2026-07-22 16:06:26,320 [INFO] ThirdParty:1030 - CMSIS Pack Vendor :STMicroelectronics X-CUBE-MEMS1 9.3.0
2026-07-22 16:06:26,320 [INFO] ThirdParty:1030 - CMSIS Pack Vendor :STMicroelectronics X-CUBE-TOUCHGFX 4.26.1
2026-07-22 16:06:26,320 [INFO] ThirdParty:1030 - CMSIS Pack Vendor :STMicroelectronics X-CUBE-EEPRMA1 4.1.0
2026-07-22 16:06:26,320 [INFO] ThirdParty:1030 - CMSIS Pack Vendor :STMicroelectronics X-CUBE-AI 7.2.0
2026-07-22 16:06:26,320 [INFO] ThirdParty:1030 - CMSIS Pack Vendor :STMicroelectronics X-CUBE-BLEMGR 3.1.0
2026-07-22 16:06:26,320 [INFO] ThirdParty:1030 - CMSIS Pack Vendor :STMicroelectronics X-CUBE-AI 10.0.0
2026-07-22 16:06:26,321 [INFO] ThirdParty:1030 - CMSIS Pack Vendor :STMicroelectronics FP-SNS-STAIOTCFT 1.0.0
2026-07-22 16:06:26,321 [INFO] ThirdParty:1030 - CMSIS Pack Vendor :STMicroelectronics FP-SNS-SMARTAG2 1.2.0
2026-07-22 16:06:26,321 [INFO] ThirdParty:1030 - CMSIS Pack Vendor :STMicroelectronics FP-SNS-FLIGHT1 5.1.0
2026-07-22 16:06:26,321 [INFO] ThirdParty:1030 - CMSIS Pack Vendor :STMicroelectronics X-CUBE-MEMS1 11.1.0
2026-07-22 16:06:26,321 [INFO] ThirdParty:1030 - CMSIS Pack Vendor :STMicroelectronics X-CUBE-AZRTOS-WL 2.0.0
2026-07-22 16:06:26,321 [INFO] ThirdParty:1030 - CMSIS Pack Vendor :STMicroelectronics X-CUBE-DPower 1.3.0
2026-07-22 16:06:26,321 [INFO] ThirdParty:1030 - CMSIS Pack Vendor :STMicroelectronics FP-SNS-MOTENV1 5.0.0
2026-07-22 16:06:26,321 [INFO] ThirdParty:1030 - CMSIS Pack Vendor :STMicroelectronics USB_DEVICE 1.0.0
2026-07-22 16:06:26,321 [INFO] ThirdParty:1030 - CMSIS Pack Vendor :STMicroelectronics X-CUBE-AZRTOS-H7RS 1.2.0
2026-07-22 16:06:26,321 [INFO] ThirdParty:1030 - CMSIS Pack Vendor :wolfSSL I-CUBE-wolfMQTT 1.19.0
2026-07-22 16:06:26,321 [INFO] ThirdParty:1030 - CMSIS Pack Vendor :STMicroelectronics X-CUBE-AZRTOS-L4 2.0.0
2026-07-22 16:06:26,321 [INFO] ThirdParty:1030 - CMSIS Pack Vendor :STMicroelectronics ThreadX 0.0.2
2026-07-22 16:06:26,321 [INFO] ThirdParty:1030 - CMSIS Pack Vendor :WES I-CUBE-Cesium 1.3.0
2026-07-22 16:06:26,321 [INFO] ThirdParty:1030 - CMSIS Pack Vendor :STMicroelectronics lwIP 2.1.2
2026-07-22 16:06:26,321 [INFO] ThirdParty:1030 - CMSIS Pack Vendor :STMicroelectronics X-CUBE-SFXS2LP1 4.0.0
2026-07-22 16:06:26,321 [INFO] ThirdParty:1030 - CMSIS Pack Vendor :STMicroelectronics X-CUBE-BLE2 3.3.0
2026-07-22 16:06:26,321 [INFO] ThirdParty:1030 - CMSIS Pack Vendor :Avnet-IOTCONNECT X-CUBE-iotc-st67-sdk 1.0.0
2026-07-22 16:06:26,321 [INFO] ThirdParty:1030 - CMSIS Pack Vendor :STMicroelectronics X-CUBE-DISPLAY 2.2.0
2026-07-22 16:06:26,321 [INFO] ThirdParty:1030 - CMSIS Pack Vendor :STMicroelectronics X-CUBE-TOF1 3.2.0
2026-07-22 16:06:26,321 [INFO] ThirdParty:1030 - CMSIS Pack Vendor :STMicroelectronics PDM2PCM 3.2.0
2026-07-22 16:06:26,321 [INFO] ThirdParty:1030 - CMSIS Pack Vendor :STMicroelectronics X-CUBE-ISPU 1.0.0
2026-07-22 16:06:26,321 [INFO] ThirdParty:1030 - CMSIS Pack Vendor :STMicroelectronics X-CUBE-WB05N 2.1.0
2026-07-22 16:06:26,321 [INFO] ThirdParty:1030 - CMSIS Pack Vendor :STMicroelectronics X-CUBE-ISPU 1.1.0
2026-07-22 16:06:26,321 [INFO] ThirdParty:1030 - CMSIS Pack Vendor :STMicroelectronics X-CUBE-AZRTOS-H7 3.3.0
2026-07-22 16:06:26,321 [INFO] ThirdParty:1030 - CMSIS Pack Vendor :RoweBots I-CUBE-UNISONRTOS 5.5.0-4
2026-07-22 16:06:26,321 [INFO] ThirdParty:1030 - CMSIS Pack Vendor :STMicroelectronics X-CUBE-NFC9 1.0.0
2026-07-22 16:06:26,321 [INFO] ThirdParty:1030 - CMSIS Pack Vendor :STMicroelectronics X-CUBE-AZRTOS-H7 2.1.0
2026-07-22 16:06:26,321 [INFO] ThirdParty:1030 - CMSIS Pack Vendor :STMicroelectronics X-CUBE-BLE1 7.1.0
2026-07-22 16:06:26,321 [INFO] ThirdParty:1030 - CMSIS Pack Vendor :STMicroelectronics USB_DEVICE 3.0.0
2026-07-22 16:06:26,321 [INFO] ThirdParty:1030 - CMSIS Pack Vendor :STMicroelectronics X-CUBE-TCPP 4.1.0
2026-07-22 16:06:26,321 [INFO] ThirdParty:1030 - CMSIS Pack Vendor :STMicroelectronics X-CUBE-EEPRMA1 5.2.0
2026-07-22 16:06:26,321 [INFO] ThirdParty:1030 - CMSIS Pack Vendor :STMicroelectronics X-CUBE-BLEMGR 4.1.0
2026-07-22 16:06:26,321 [INFO] ThirdParty:1030 - CMSIS Pack Vendor :STMicroelectronics X-CUBE-AI 8.0.0
2026-07-22 16:06:26,321 [INFO] ThirdParty:1030 - CMSIS Pack Vendor :STMicroelectronics X-CUBE-IPS 3.0.0
2026-07-22 16:06:26,321 [INFO] ThirdParty:1030 - CMSIS Pack Vendor :STMicroelectronics X-CUBE-AZRTOS-WB 2.0.0
2026-07-22 16:06:26,321 [INFO] ThirdParty:1030 - CMSIS Pack Vendor :STMicroelectronics X-CUBE-FREERTOS 1.0.1
2026-07-22 16:06:26,321 [INFO] ThirdParty:1030 - CMSIS Pack Vendor :STMicroelectronics X-CUBE-GNSS1 7.0.0
2026-07-22 16:06:26,321 [INFO] ThirdParty:1030 - CMSIS Pack Vendor :STMicroelectronics X-CUBE-GNSS1 7.0.1
2026-07-22 16:06:26,321 [INFO] ThirdParty:1030 - CMSIS Pack Vendor :STMicroelectronics X-CUBE-TOUCHGFX 4.21.3
2026-07-22 16:06:26,321 [INFO] ThirdParty:1030 - CMSIS Pack Vendor :STMicroelectronics X-CUBE-TOUCHGFX 4.25.0
2026-07-22 16:06:26,321 [INFO] ThirdParty:1030 - CMSIS Pack Vendor :STMicroelectronics X-CUBE-AI 7.3.0
2026-07-22 16:06:26,321 [INFO] ThirdParty:1030 - CMSIS Pack Vendor :STMicroelectronics X-CUBE-AI 10.1.0
2026-07-22 16:06:26,321 [INFO] ThirdParty:1030 - CMSIS Pack Vendor :STMicroelectronics FP-SNS-STBOX1 2.0.0
2026-07-22 16:06:26,321 [INFO] ThirdParty:1030 - CMSIS Pack Vendor :STMicroelectronics X-CUBE-MEMS1 12.0.0
2026-07-22 16:06:26,321 [INFO] ThirdParty:1030 - CMSIS Pack Vendor :STMicroelectronics X-CUBE-ALGOBUILD 1.3.0
2026-07-22 16:06:26,321 [INFO] ThirdParty:1030 - CMSIS Pack Vendor :STMicroelectronics X-CUBE-STSE01 2.0.0
2026-07-22 16:06:26,321 [INFO] ThirdParty:1030 - CMSIS Pack Vendor :STMicroelectronics X-CUBE-AZRTOS-L5 1.1.0
2026-07-22 16:06:26,321 [INFO] ThirdParty:1030 - CMSIS Pack Vendor :STMicroelectronics X-CUBE-MEMS1 11.2.0
2026-07-22 16:06:26,321 [INFO] ThirdParty:1030 - CMSIS Pack Vendor :STMicroelectronics X-CUBE-AZRTOS-G0 1.1.0
2026-07-22 16:06:26,321 [INFO] ThirdParty:1030 - CMSIS Pack Vendor :STMicroelectronics X-CUBE-SAFEA1 1.2.2
2026-07-22 16:06:26,321 [INFO] ThirdParty:1030 - CMSIS Pack Vendor :STMicroelectronics X-CUBE-NFC4 3.0.0
2026-07-22 16:06:26,321 [INFO] ThirdParty:1030 - CMSIS Pack Vendor :STMicroelectronics X-CUBE-SUBG2 5.0.0
2026-07-22 16:06:26,321 [INFO] ThirdParty:1030 - CMSIS Pack Vendor :STMicroelectronics X-CUBE-AZRTOS-H7RS 1.1.0
2026-07-22 16:06:26,321 [INFO] ThirdParty:1030 - CMSIS Pack Vendor :STMicroelectronics STM32_WPAN 1.0.0
2026-07-22 16:06:26,322 [INFO] ThirdParty:1030 - CMSIS Pack Vendor :SEGGER I-CUBE-embOS 1.2.1
2026-07-22 16:06:26,322 [INFO] ThirdParty:1030 - CMSIS Pack Vendor :wolfSSL I-CUBE-wolfMQTT 1.18.0
2026-07-22 16:06:26,322 [INFO] ThirdParty:1030 - CMSIS Pack Vendor :EmbeddedOffice I-CUBE-FS-RTOS 1.0.1
2026-07-22 16:06:26,322 [INFO] ThirdParty:1030 - CMSIS Pack Vendor :STMicroelectronics lwIP 2.0.3
2026-07-22 16:06:26,322 [INFO] ThirdParty:1030 - CMSIS Pack Vendor :Cesanta I-CUBE-Mongoose 7.13.0
2026-07-22 16:06:26,322 [INFO] ThirdParty:1030 - CMSIS Pack Vendor :STMicroelectronics USB_HOST 1.0.0
2026-07-22 16:06:26,322 [INFO] ThirdParty:1030 - CMSIS Pack Vendor :STMicroelectronics X-CUBE-AZRTOS-G4 2.0.0
2026-07-22 16:06:26,322 [INFO] ThirdParty:1030 - CMSIS Pack Vendor :STMicroelectronics X-CUBE-WB05N 2.0.0
2026-07-22 16:06:26,322 [INFO] ThirdParty:1030 - CMSIS Pack Vendor :STMicroelectronics PDM2PCM 3.1.0
2026-07-22 16:06:26,322 [INFO] ThirdParty:1030 - CMSIS Pack Vendor :STMicroelectronics X-CUBE-TOF1 3.3.0
2026-07-22 16:06:26,322 [INFO] ThirdParty:1030 - CMSIS Pack Vendor :STMicroelectronics FP-ATR-ASTRA1 1.1.1
2026-07-22 16:06:26,322 [INFO] ThirdParty:1030 - CMSIS Pack Vendor :STMicroelectronics X-CUBE-NFC7 2.0.0
2026-07-22 16:06:26,322 [INFO] ThirdParty:1030 - CMSIS Pack Vendor :STMicroelectronics X-CUBE-TCPP 4.2.0
2026-07-22 16:06:26,322 [INFO] ThirdParty:1030 - CMSIS Pack Vendor :RealThread X-CUBE-RT-Thread_Nano 4.1.1
2026-07-22 16:06:26,322 [INFO] ThirdParty:1030 - CMSIS Pack Vendor :STMicroelectronics FP-ATR-SIGFOX1 3.2.0
2026-07-22 16:06:26,322 [INFO] ThirdParty:1030 - CMSIS Pack Vendor :STMicroelectronics X-CUBE-AZRTOS-G4 1.0.0
2026-07-22 16:06:26,322 [INFO] ThirdParty:1030 - CMSIS Pack Vendor :STMicroelectronics X-CUBE-AZRTOS-L4 1.0.0
2026-07-22 16:06:26,322 [INFO] ThirdParty:1030 - CMSIS Pack Vendor :quantropi X-CUBE-qispace-sdk-base 1.9.3
2026-07-22 16:06:26,322 [INFO] ThirdParty:1030 - CMSIS Pack Vendor :STMicroelectronics X-CUBE-ISPU 2.0.0
2026-07-22 16:06:26,322 [INFO] ThirdParty:1030 - CMSIS Pack Vendor :STMicroelectronics X-CUBE-EEPRMA1 5.1.0
2026-07-22 16:06:26,322 [INFO] ThirdParty:1030 - CMSIS Pack Vendor :STMicroelectronics MBEDTLS 2.16.2
2026-07-22 16:06:26,322 [INFO] ThirdParty:1030 - CMSIS Pack Vendor :STMicroelectronics X-CUBE-IPS 3.1.0
2026-07-22 16:06:26,322 [INFO] ThirdParty:1030 - CMSIS Pack Vendor :STMicroelectronics X-CUBE-ALS 1.0.2
2026-07-22 16:06:26,322 [INFO] ThirdParty:1030 - CMSIS Pack Vendor :emotas I-CUBE-CANOPEN 1.1.2
2026-07-22 16:06:26,322 [INFO] ThirdParty:1030 - CMSIS Pack Vendor :STMicroelectronics X-CUBE-TOUCHGFX 4.20.0
2026-07-22 16:06:26,322 [INFO] ThirdParty:1030 - CMSIS Pack Vendor :STMicroelectronics X-CUBE-MEMS1 10.0.0
2026-07-22 16:06:26,322 [INFO] ThirdParty:1030 - CMSIS Pack Vendor :ITTIA_DB I-CUBE-ITTIADB 8.9.0
2026-07-22 16:06:26,322 [INFO] ThirdParty:1030 - CMSIS Pack Vendor :STMicroelectronics X-CUBE-TOUCHGFX 4.24.2
2026-07-22 16:06:26,322 [INFO] ThirdParty:1030 - CMSIS Pack Vendor :STMicroelectronics X-CUBE-AZRTOS-WL 1.0.0
2026-07-22 16:06:26,322 [INFO] ThirdParty:1030 - CMSIS Pack Vendor :STMicroelectronics X-CUBE-TOUCHGFX 4.24.1
2026-07-22 16:06:26,322 [INFO] ThirdParty:1030 - CMSIS Pack Vendor :STMicroelectronics X-CUBE-STSE01 1.0.0
2026-07-22 16:06:26,322 [INFO] ThirdParty:1030 - CMSIS Pack Vendor :wolfSSL I-CUBE-wolfTPM 3.4.0
2026-07-22 16:06:26,322 [INFO] ThirdParty:1030 - CMSIS Pack Vendor :portGmbH I-Cube-SoM-uGOAL 1.1.0
2026-07-22 16:06:26,322 [INFO] ThirdParty:1030 - CMSIS Pack Vendor :STMicroelectronics X-CUBE-ALS 1.0.1
2026-07-22 16:06:26,322 [INFO] ThirdParty:1030 - CMSIS Pack Vendor :STMicroelectronics X-CUBE-NFC6 3.2.0
2026-07-22 16:06:26,322 [INFO] ThirdParty:1030 - CMSIS Pack Vendor :STMicroelectronics X-CUBE-MEMS1 9.5.0
2026-07-22 16:06:26,322 [INFO] ThirdParty:1030 - CMSIS Pack Vendor :STMicroelectronics X-CUBE-ST67W61 1.0.0
2026-07-22 16:06:26,322 [INFO] ThirdParty:1030 - CMSIS Pack Vendor :STMicroelectronics X-CUBE-AI 10.2.1
2026-07-22 16:06:26,322 [INFO] ThirdParty:1030 - CMSIS Pack Vendor :STMicroelectronics X-CUBE-AI 10.2.0
2026-07-22 16:06:26,322 [INFO] ThirdParty:1030 - CMSIS Pack Vendor :STMicroelectronics ThreadX 1.0.0
2026-07-22 16:06:26,322 [INFO] ThirdParty:1030 - CMSIS Pack Vendor :STMicroelectronics X-CUBE-MEMS1 12.1.0
2026-07-22 16:06:26,322 [INFO] ThirdParty:1030 - CMSIS Pack Vendor :STMicroelectronics X-CUBE-AZRTOS-WB 1.1.0
2026-07-22 16:06:26,322 [INFO] ThirdParty:1030 - CMSIS Pack Vendor :SEGGER I-CUBE-embOS 1.3.1
2026-07-22 16:06:26,322 [INFO] ThirdParty:1030 - CMSIS Pack Vendor :STMicroelectronics X-CUBE-ALGOBUILD 1.4.0
2026-07-22 16:06:26,322 [INFO] ThirdParty:1030 - CMSIS Pack Vendor :STMicroelectronics X-CUBE-MEMS1 11.3.0
2026-07-22 16:06:26,322 [INFO] ThirdParty:1030 - CMSIS Pack Vendor :STMicroelectronics X-CUBE-AZRTOS-L5 1.0.0
2026-07-22 16:06:26,322 [INFO] ThirdParty:1030 - CMSIS Pack Vendor :STMicroelectronics X-CUBE-EEPRMA1 3.1.1
2026-07-22 16:06:26,322 [INFO] ThirdParty:1030 - CMSIS Pack Vendor :STMicroelectronics X-CUBE-AZRTOS-H7RS 1.0.0
2026-07-22 16:06:26,323 [INFO] ThirdParty:1030 - CMSIS Pack Vendor :STMicroelectronics FP-ATR-ASTRA1 2.0.0
2026-07-22 16:06:26,323 [INFO] ThirdParty:1030 - CMSIS Pack Vendor :STMicroelectronics X-CUBE-TOF1 3.4.2
2026-07-22 16:06:26,323 [INFO] ThirdParty:1030 - CMSIS Pack Vendor :STMicroelectronics X-CUBE-TOF1 3.4.3
2026-07-22 16:06:26,323 [INFO] ThirdParty:1030 - CMSIS Pack Vendor :STMicroelectronics X-CUBE-AI 9.1.0
2026-07-22 16:06:26,323 [INFO] ThirdParty:1030 - CMSIS Pack Vendor :STMicroelectronics X-CUBE-TOF1 3.4.1
2026-07-22 16:06:26,323 [INFO] ThirdParty:1030 - CMSIS Pack Vendor :STMicroelectronics X-CUBE-AZRTOS-H7 3.2.0
2026-07-22 16:06:26,323 [INFO] ThirdParty:1030 - CMSIS Pack Vendor :STMicroelectronics X-CUBE-NFC13 1.0.0
2026-07-22 16:06:26,323 [INFO] ThirdParty:1030 - CMSIS Pack Vendor :Infineon AIROC-Wi-Fi-Bluetooth-STM32 1.6.0
2026-07-22 16:06:26,323 [INFO] ThirdParty:1030 - CMSIS Pack Vendor :wolfSSL I-CUBE-wolfSSH 1.4.17
2026-07-22 16:06:26,323 [INFO] ThirdParty:841 - exiting critical section [change project]
2026-07-22 16:06:26,433 [INFO] PinOutPanel:1589 - setPackage(No Configuration,No Configuration)
2026-07-22 16:06:26,434 [INFO] PinOutPanel:1589 - setPackage(STM32F411CEUx,UFQFPN48)
2026-07-22 16:06:26,555 [INFO] UtilMem:75 - Before build in PCC Used Memory: 463358528 Bytes (830472192)
2026-07-22 16:06:26,726 [INFO] UtilMem:75 - After build in PCC Used Memory: 471220800 Bytes (830472192)
2026-07-22 16:06:26,732 [INFO] ApiDbMcu:508 - Load IP Config File for USB_DEVICE
2026-07-22 16:06:26,746 [INFO] IPUIPlugin:80 - create IPUIPlugin
2026-07-22 16:06:26,746 [INFO] IPUIPlugin:80 - create IPUIPlugin
2026-07-22 16:06:26,746 [INFO] IPUIPlugin:80 - create IPUIPlugin
2026-07-22 16:06:26,746 [INFO] IPUIPlugin:80 - create IPUIPlugin
2026-07-22 16:06:26,746 [INFO] IPUIPlugin:80 - create IPUIPlugin
2026-07-22 16:06:26,746 [INFO] IPUIPlugin:80 - create IPUIPlugin
2026-07-22 16:06:26,746 [INFO] IPUIPlugin:80 - create IPUIPlugin
2026-07-22 16:06:26,746 [INFO] IPUIPlugin:80 - create IPUIPlugin
2026-07-22 16:06:26,746 [INFO] IPUIPlugin:80 - create IPUIPlugin
2026-07-22 16:06:26,746 [INFO] IPUIPlugin:80 - create IPUIPlugin
2026-07-22 16:06:26,746 [INFO] IPUIPlugin:80 - create IPUIPlugin
2026-07-22 16:06:26,746 [INFO] IPUIPlugin:80 - create IPUIPlugin
2026-07-22 16:06:26,746 [INFO] IPUIPlugin:80 - create IPUIPlugin
2026-07-22 16:06:26,747 [INFO] IPUIPlugin:80 - create IPUIPlugin
2026-07-22 16:06:26,747 [INFO] IPUIPlugin:80 - create IPUIPlugin
2026-07-22 16:06:26,747 [INFO] IPUIPlugin:80 - create IPUIPlugin
2026-07-22 16:06:26,747 [INFO] IPUIPlugin:80 - create IPUIPlugin
2026-07-22 16:06:26,747 [INFO] IPUIPlugin:80 - create IPUIPlugin
2026-07-22 16:06:26,747 [INFO] IPUIPlugin:80 - create IPUIPlugin
2026-07-22 16:06:26,747 [INFO] IPUIPlugin:80 - create IPUIPlugin
2026-07-22 16:06:26,747 [INFO] IPUIPlugin:80 - create IPUIPlugin
2026-07-22 16:06:26,747 [INFO] IPUIPlugin:80 - create IPUIPlugin
2026-07-22 16:06:26,748 [INFO] IPUIPlugin:80 - create IPUIPlugin
2026-07-22 16:06:26,748 [INFO] IPUIPlugin:80 - create IPUIPlugin
2026-07-22 16:06:26,748 [INFO] IPUIPlugin:80 - create IPUIPlugin
2026-07-22 16:06:26,748 [INFO] IPUIPlugin:80 - create IPUIPlugin
2026-07-22 16:06:26,748 [INFO] IPUIPlugin:80 - create IPUIPlugin
2026-07-22 16:06:26,748 [INFO] IPUIPlugin:80 - create IPUIPlugin
2026-07-22 16:06:26,749 [INFO] IPUIPlugin:80 - create IPUIPlugin
2026-07-22 16:06:26,749 [INFO] IPUIPlugin:80 - create IPUIPlugin
2026-07-22 16:06:26,749 [INFO] IPUIPlugin:80 - create IPUIPlugin
2026-07-22 16:06:26,749 [INFO] IPUIPlugin:80 - create IPUIPlugin
2026-07-22 16:06:26,749 [INFO] IPUIPlugin:80 - create IPUIPlugin
2026-07-22 16:06:26,749 [INFO] IPUIPlugin:80 - create IPUIPlugin
2026-07-22 16:06:26,749 [INFO] IPUIPlugin:80 - create IPUIPlugin
2026-07-22 16:06:26,750 [INFO] IPUIPlugin:80 - create IPUIPlugin
2026-07-22 16:06:26,750 [INFO] IPUIPlugin:80 - create IPUIPlugin
2026-07-22 16:06:26,750 [INFO] IPUIPlugin:80 - create IPUIPlugin
2026-07-22 16:06:26,750 [INFO] IPUIPlugin:80 - create IPUIPlugin
2026-07-22 16:06:26,750 [INFO] IPUIPlugin:80 - create IPUIPlugin
2026-07-22 16:06:26,750 [INFO] IPUIPlugin:80 - create IPUIPlugin
2026-07-22 16:06:26,751 [INFO] IPUIPlugin:80 - create IPUIPlugin
2026-07-22 16:06:26,751 [INFO] IPUIPlugin:80 - create IPUIPlugin
2026-07-22 16:06:26,754 [INFO] ApiDbMcu:508 - Load IP Config File for PDM2PCM
2026-07-22 16:06:26,755 [INFO] I2sManager:658 - 1.1875E8
2026-07-22 16:06:26,755 [INFO] I2sManager:195 - I2S Clock Value : 1.1875E8
2026-07-22 16:06:26,755 [INFO] I2sManager:553 - AudioClock : 15995Divider : 116Odd : 0
2026-07-22 16:06:26,815 [INFO] CADModel:165 - CPN selected for project levelSTM32F411CEU6
2026-07-22 16:06:26,815 [INFO] CADModel:114 - Register for checkConnection events
2026-07-22 16:06:26,873 [INFO] OpenFileManager:385 - Restore cursor
2026-07-22 16:06:27,026 [WARN] IP:2250 - DEVICE_SERIAL0_HID_FS not found: check if there is a RefParameter without a condition.
2026-07-22 16:06:27,026 [WARN] IP:2250 - DEVICE_SERIAL1_HID_FS not found: check if there is a RefParameter without a condition.
2026-07-22 16:06:27,026 [WARN] IP:2250 - DEVICE_SERIAL2_HID_FS not found: check if there is a RefParameter without a condition.
2026-07-22 16:06:27,027 [WARN] IP:2250 - DEVICE_SERIAL0_HID_FS not found: check if there is a RefParameter without a condition.
2026-07-22 16:06:27,027 [WARN] IP:2250 - DEVICE_SERIAL1_HID_FS not found: check if there is a RefParameter without a condition.
2026-07-22 16:06:27,027 [WARN] IP:2250 - DEVICE_SERIAL2_HID_FS not found: check if there is a RefParameter without a condition.
2026-07-22 16:06:58,691 [INFO] I2sManager:658 - 1.1875E8
2026-07-22 16:06:58,691 [INFO] I2sManager:195 - I2S Clock Value : 1.1875E8
2026-07-22 16:06:58,691 [INFO] I2sManager:553 - AudioClock : 15995Divider : 116Odd : 0
2026-07-22 16:06:58,764 [WARN] IP:2250 - DEVICE_SERIAL0_HID_FS not found: check if there is a RefParameter without a condition.
2026-07-22 16:06:58,764 [WARN] IP:2250 - DEVICE_SERIAL1_HID_FS not found: check if there is a RefParameter without a condition.
2026-07-22 16:06:58,764 [WARN] IP:2250 - DEVICE_SERIAL2_HID_FS not found: check if there is a RefParameter without a condition.
2026-07-22 16:06:58,765 [WARN] IP:2250 - DEVICE_SERIAL0_HID_FS not found: check if there is a RefParameter without a condition.
2026-07-22 16:06:58,765 [WARN] IP:2250 - DEVICE_SERIAL1_HID_FS not found: check if there is a RefParameter without a condition.
2026-07-22 16:06:58,765 [WARN] IP:2250 - DEVICE_SERIAL2_HID_FS not found: check if there is a RefParameter without a condition.
2026-07-22 16:07:14,388 [INFO] I2sManager:658 - 1.1875E8
2026-07-22 16:07:14,388 [INFO] I2sManager:195 - I2S Clock Value : 1.1875E8
2026-07-22 16:07:14,388 [INFO] I2sManager:553 - AudioClock : 15995Divider : 116Odd : 0
2026-07-22 16:07:14,459 [WARN] IP:2250 - DEVICE_SERIAL0_HID_FS not found: check if there is a RefParameter without a condition.
2026-07-22 16:07:14,459 [WARN] IP:2250 - DEVICE_SERIAL1_HID_FS not found: check if there is a RefParameter without a condition.
2026-07-22 16:07:14,459 [WARN] IP:2250 - DEVICE_SERIAL2_HID_FS not found: check if there is a RefParameter without a condition.
2026-07-22 16:07:14,460 [WARN] IP:2250 - DEVICE_SERIAL0_HID_FS not found: check if there is a RefParameter without a condition.
2026-07-22 16:07:14,460 [WARN] IP:2250 - DEVICE_SERIAL1_HID_FS not found: check if there is a RefParameter without a condition.
2026-07-22 16:07:14,460 [WARN] IP:2250 - DEVICE_SERIAL2_HID_FS not found: check if there is a RefParameter without a condition.
2026-07-22 16:07:38,639 [INFO] I2sManager:658 - 1.1875E8
2026-07-22 16:07:38,639 [INFO] I2sManager:195 - I2S Clock Value : 1.1875E8
2026-07-22 16:07:38,639 [INFO] I2sManager:553 - AudioClock : 15995Divider : 116Odd : 0
2026-07-22 16:07:44,959 [INFO] I2sManager:658 - 1.1875E8
2026-07-22 16:07:44,959 [INFO] I2sManager:195 - I2S Clock Value : 1.1875E8
2026-07-22 16:07:44,959 [INFO] I2sManager:553 - AudioClock : 15995Divider : 116Odd : 0
2026-07-22 16:07:49,777 [INFO] ADCParametersView:116 -                Rank 1 : false
2026-07-22 16:07:49,777 [INFO] ADCParametersView:116 -                Rank 1 : false
2026-07-22 16:07:49,777 [INFO] ADCParametersView:116 -                Rank 2 : false
2026-07-22 16:07:49,778 [INFO] ADCParametersView:116 -                Rank 1 : false
2026-07-22 16:07:49,778 [INFO] ADCParametersView:116 -                Rank 2 : false
2026-07-22 16:07:49,778 [INFO] ADCParametersView:116 -                Rank 3 : false
2026-07-22 16:07:49,827 [INFO] ADCParametersView:116 -                Rank 1 : false
2026-07-22 16:07:49,827 [INFO] ADCParametersView:116 -                Rank 2 : false
2026-07-22 16:07:49,827 [INFO] ADCParametersView:116 -                Rank 3 : false
2026-07-22 16:07:49,827 [INFO] ADCParametersView:116 -                Rank 1 : false
2026-07-22 16:07:49,827 [INFO] ADCParametersView:116 -                Rank 2 : false
2026-07-22 16:07:49,827 [INFO] ADCParametersView:116 -                Rank 3 : false
2026-07-22 16:07:49,827 [INFO] ADCParametersView:116 -                Rank 1 : false
2026-07-22 16:07:49,827 [INFO] ADCParametersView:116 -                Rank 2 : false
2026-07-22 16:07:49,827 [INFO] ADCParametersView:116 -                Rank 3 : false
2026-07-22 16:07:49,827 [INFO] ADCParametersView:116 -                Rank 1 : false
2026-07-22 16:07:49,827 [INFO] ADCParametersView:116 -                Rank 2 : false
2026-07-22 16:07:49,827 [INFO] ADCParametersView:116 -                Rank 3 : false
2026-07-22 16:07:49,828 [INFO] ADCParametersView:116 -                Rank 1 : false
2026-07-22 16:07:49,828 [INFO] ADCParametersView:116 -                Rank 2 : false
2026-07-22 16:07:49,828 [INFO] ADCParametersView:116 -                Rank 3 : false
2026-07-22 16:07:49,828 [INFO] ADCParametersView:116 -                Rank 1 : false
2026-07-22 16:07:49,828 [INFO] ADCParametersView:116 -                Rank 2 : false
2026-07-22 16:07:49,828 [INFO] ADCParametersView:116 -                Rank 3 : false
2026-07-22 16:07:49,828 [INFO] ADCParametersView:116 -                Rank 1 : false
2026-07-22 16:07:49,828 [INFO] ADCParametersView:116 -                Rank 2 : false
2026-07-22 16:07:49,828 [INFO] ADCParametersView:116 -                Rank 3 : false
2026-07-22 16:07:49,828 [INFO] ADCParametersView:116 -                Rank 1 : false
2026-07-22 16:07:49,828 [INFO] ADCParametersView:116 -                Rank 2 : false
2026-07-22 16:07:49,828 [INFO] ADCParametersView:116 -                Rank 3 : false
2026-07-22 16:07:49,828 [INFO] ADCParametersView:116 -                Rank 1 : false
2026-07-22 16:07:49,828 [INFO] ADCParametersView:116 -                Rank 2 : false
2026-07-22 16:07:49,828 [INFO] ADCParametersView:116 -                Rank 3 : false
2026-07-22 16:07:49,828 [INFO] ADCParametersView:116 -                Rank 1 : false
2026-07-22 16:07:49,828 [INFO] ADCParametersView:116 -                Rank 2 : false
2026-07-22 16:07:49,828 [INFO] ADCParametersView:116 -                Rank 3 : false
2026-07-22 16:07:49,828 [INFO] ADCParametersView:116 -                Rank 1 : false
2026-07-22 16:07:49,828 [INFO] ADCParametersView:116 -                Rank 2 : false
2026-07-22 16:07:49,828 [INFO] ADCParametersView:116 -                Rank 3 : false
2026-07-22 16:07:49,828 [INFO] ADCParametersView:116 -                Rank 1 : false
2026-07-22 16:07:49,828 [INFO] ADCParametersView:116 -                Rank 2 : false
2026-07-22 16:07:49,828 [INFO] ADCParametersView:116 -                Rank 3 : false
2026-07-22 16:07:49,828 [INFO] ADCParametersView:116 -                Rank 1 : false
2026-07-22 16:07:49,828 [INFO] ADCParametersView:116 -                Rank 2 : false
2026-07-22 16:07:49,828 [INFO] ADCParametersView:116 -                Rank 3 : false
2026-07-22 16:07:49,828 [INFO] ADCParametersView:116 -                Rank 1 : false
2026-07-22 16:07:49,829 [INFO] ADCParametersView:116 -                Rank 2 : false
2026-07-22 16:07:49,829 [INFO] ADCParametersView:116 -                Rank 3 : false
2026-07-22 16:07:49,829 [INFO] ADCParametersView:116 -                Rank 2 : false
2026-07-22 16:07:49,829 [INFO] ADCParametersView:116 -                Rank 3 : false
2026-07-22 16:07:49,829 [INFO] ADCParametersView:116 -                Rank 3 : false
2026-07-22 16:07:49,845 [INFO] ADCParametersView:116 -                Rank 1 : false
2026-07-22 16:07:49,845 [INFO] ADCParametersView:116 -                Rank 1 : false
2026-07-22 16:07:49,846 [INFO] ADCParametersView:116 -                Rank 2 : false
2026-07-22 16:07:49,846 [INFO] ADCParametersView:116 -                Rank 1 : false
2026-07-22 16:07:49,846 [INFO] ADCParametersView:116 -                Rank 2 : false
2026-07-22 16:07:49,846 [INFO] ADCParametersView:116 -                Rank 3 : false
2026-07-22 16:07:49,856 [INFO] NvicIntPanel:101 - NVIC parent = com.st.microxplorer.plugins.ip.nvic.MultiNvicIntPanel[,0,0,0x0,invalid,layout=javax.swing.BoxLayout,alignmentX=0.0,alignmentY=0.0,border=,flags=9,maximumSize=,minimumSize=,preferredSize=]
2026-07-22 16:07:53,210 [INFO] I2sManager:658 - 1.1875E8
2026-07-22 16:07:53,210 [INFO] I2sManager:195 - I2S Clock Value : 1.1875E8
2026-07-22 16:07:53,210 [INFO] I2sManager:553 - AudioClock : 15995Divider : 116Odd : 0
2026-07-22 16:08:07,347 [INFO] ADCParametersView:116 -                Rank 1 : false
2026-07-22 16:08:07,347 [INFO] ADCParametersView:116 -                Rank 2 : false
2026-07-22 16:08:07,347 [INFO] ADCParametersView:116 -                Rank 3 : false
2026-07-22 16:08:07,347 [INFO] ADCParametersView:116 -                Rank 1 : false
2026-07-22 16:08:07,347 [INFO] ADCParametersView:116 -                Rank 2 : false
2026-07-22 16:08:07,347 [INFO] ADCParametersView:116 -                Rank 3 : false
2026-07-22 16:08:07,348 [INFO] ADCParametersView:116 -                Rank 1 : false
2026-07-22 16:08:07,348 [INFO] ADCParametersView:116 -                Rank 2 : false
2026-07-22 16:08:07,348 [INFO] ADCParametersView:116 -                Rank 3 : false
2026-07-22 16:08:07,348 [INFO] ADCParametersView:116 -                Rank 1 : false
2026-07-22 16:08:07,348 [INFO] ADCParametersView:116 -                Rank 2 : false
2026-07-22 16:08:07,348 [INFO] ADCParametersView:116 -                Rank 3 : false
2026-07-22 16:08:07,348 [INFO] ADCParametersView:116 -                Rank 1 : false
2026-07-22 16:08:07,348 [INFO] ADCParametersView:116 -                Rank 2 : false
2026-07-22 16:08:07,348 [INFO] ADCParametersView:116 -                Rank 3 : false
2026-07-22 16:08:07,348 [INFO] ADCParametersView:116 -                Rank 1 : false
2026-07-22 16:08:07,348 [INFO] ADCParametersView:116 -                Rank 2 : false
2026-07-22 16:08:07,348 [INFO] ADCParametersView:116 -                Rank 3 : false
2026-07-22 16:08:07,348 [INFO] ADCParametersView:116 -                Rank 1 : false
2026-07-22 16:08:07,348 [INFO] ADCParametersView:116 -                Rank 2 : false
2026-07-22 16:08:07,348 [INFO] ADCParametersView:116 -                Rank 3 : false
2026-07-22 16:08:07,348 [INFO] ADCParametersView:116 -                Rank 1 : false
2026-07-22 16:08:07,348 [INFO] ADCParametersView:116 -                Rank 2 : false
2026-07-22 16:08:07,348 [INFO] ADCParametersView:116 -                Rank 3 : false
2026-07-22 16:08:07,348 [INFO] ADCParametersView:116 -                Rank 1 : false
2026-07-22 16:08:07,348 [INFO] ADCParametersView:116 -                Rank 2 : false
2026-07-22 16:08:07,348 [INFO] ADCParametersView:116 -                Rank 3 : false
2026-07-22 16:08:07,348 [INFO] ADCParametersView:116 -                Rank 1 : false
2026-07-22 16:08:07,348 [INFO] ADCParametersView:116 -                Rank 2 : false
2026-07-22 16:08:07,348 [INFO] ADCParametersView:116 -                Rank 3 : false
2026-07-22 16:08:07,348 [INFO] ADCParametersView:116 -                Rank 1 : false
2026-07-22 16:08:07,348 [INFO] ADCParametersView:116 -                Rank 2 : false
2026-07-22 16:08:07,348 [INFO] ADCParametersView:116 -                Rank 3 : false
2026-07-22 16:08:07,348 [INFO] ADCParametersView:116 -                Rank 1 : false
2026-07-22 16:08:07,348 [INFO] ADCParametersView:116 -                Rank 2 : false
2026-07-22 16:08:07,348 [INFO] ADCParametersView:116 -                Rank 3 : false
2026-07-22 16:08:07,348 [INFO] ADCParametersView:116 -                Rank 1 : false
2026-07-22 16:08:07,348 [INFO] ADCParametersView:116 -                Rank 2 : false
2026-07-22 16:08:07,348 [INFO] ADCParametersView:116 -                Rank 3 : false
2026-07-22 16:08:07,348 [INFO] ADCParametersView:116 -                Rank 1 : false
2026-07-22 16:08:07,349 [INFO] ADCParametersView:116 -                Rank 2 : false
2026-07-22 16:08:07,349 [INFO] ADCParametersView:116 -                Rank 3 : false
2026-07-22 16:08:07,349 [INFO] ADCParametersView:116 -                Rank 2 : false
2026-07-22 16:08:07,349 [INFO] ADCParametersView:116 -                Rank 3 : false
2026-07-22 16:08:07,349 [INFO] ADCParametersView:116 -                Rank 3 : false
2026-07-22 16:08:07,363 [INFO] ADCParametersView:116 -                Rank 1 : false
2026-07-22 16:08:07,363 [INFO] ADCParametersView:116 -                Rank 1 : false
2026-07-22 16:08:07,363 [INFO] ADCParametersView:116 -                Rank 2 : false
2026-07-22 16:08:07,363 [INFO] ADCParametersView:116 -                Rank 1 : false
2026-07-22 16:08:07,364 [INFO] ADCParametersView:116 -                Rank 2 : false
2026-07-22 16:08:07,364 [INFO] ADCParametersView:116 -                Rank 3 : false
2026-07-22 16:08:07,393 [INFO] ADCParametersView:116 -                Rank 1 : false
2026-07-22 16:08:07,393 [INFO] ADCParametersView:116 -                Rank 2 : false
2026-07-22 16:08:07,393 [INFO] ADCParametersView:116 -                Rank 3 : false
2026-07-22 16:08:07,393 [INFO] ADCParametersView:116 -                Rank 1 : false
2026-07-22 16:08:07,393 [INFO] ADCParametersView:116 -                Rank 2 : false
2026-07-22 16:08:07,393 [INFO] ADCParametersView:116 -                Rank 3 : false
2026-07-22 16:08:07,393 [INFO] ADCParametersView:116 -                Rank 1 : false
2026-07-22 16:08:07,393 [INFO] ADCParametersView:116 -                Rank 2 : false
2026-07-22 16:08:07,393 [INFO] ADCParametersView:116 -                Rank 3 : false
2026-07-22 16:08:07,393 [INFO] ADCParametersView:116 -                Rank 1 : false
2026-07-22 16:08:07,393 [INFO] ADCParametersView:116 -                Rank 2 : false
2026-07-22 16:08:07,393 [INFO] ADCParametersView:116 -                Rank 3 : false
2026-07-22 16:08:07,393 [INFO] ADCParametersView:116 -                Rank 1 : false
2026-07-22 16:08:07,393 [INFO] ADCParametersView:116 -                Rank 2 : false
2026-07-22 16:08:07,393 [INFO] ADCParametersView:116 -                Rank 3 : false
2026-07-22 16:08:07,393 [INFO] ADCParametersView:116 -                Rank 1 : false
2026-07-22 16:08:07,393 [INFO] ADCParametersView:116 -                Rank 2 : false
2026-07-22 16:08:07,394 [INFO] ADCParametersView:116 -                Rank 3 : false
2026-07-22 16:08:07,394 [INFO] ADCParametersView:116 -                Rank 1 : false
2026-07-22 16:08:07,394 [INFO] ADCParametersView:116 -                Rank 2 : false
2026-07-22 16:08:07,394 [INFO] ADCParametersView:116 -                Rank 3 : false
2026-07-22 16:08:07,394 [INFO] ADCParametersView:116 -                Rank 1 : false
2026-07-22 16:08:07,394 [INFO] ADCParametersView:116 -                Rank 2 : false
2026-07-22 16:08:07,394 [INFO] ADCParametersView:116 -                Rank 3 : false
2026-07-22 16:08:07,394 [INFO] ADCParametersView:116 -                Rank 1 : false
2026-07-22 16:08:07,394 [INFO] ADCParametersView:116 -                Rank 2 : false
2026-07-22 16:08:07,394 [INFO] ADCParametersView:116 -                Rank 3 : false
2026-07-22 16:08:07,394 [INFO] ADCParametersView:116 -                Rank 1 : false
2026-07-22 16:08:07,394 [INFO] ADCParametersView:116 -                Rank 2 : false
2026-07-22 16:08:07,394 [INFO] ADCParametersView:116 -                Rank 3 : false
2026-07-22 16:08:07,394 [INFO] ADCParametersView:116 -                Rank 1 : false
2026-07-22 16:08:07,394 [INFO] ADCParametersView:116 -                Rank 2 : false
2026-07-22 16:08:07,394 [INFO] ADCParametersView:116 -                Rank 3 : false
2026-07-22 16:08:07,394 [INFO] ADCParametersView:116 -                Rank 1 : false
2026-07-22 16:08:07,394 [INFO] ADCParametersView:116 -                Rank 2 : false
2026-07-22 16:08:07,394 [INFO] ADCParametersView:116 -                Rank 3 : false
2026-07-22 16:08:07,394 [INFO] ADCParametersView:116 -                Rank 1 : false
2026-07-22 16:08:07,394 [INFO] ADCParametersView:116 -                Rank 2 : false
2026-07-22 16:08:07,394 [INFO] ADCParametersView:116 -                Rank 3 : false
2026-07-22 16:08:07,394 [INFO] ADCParametersView:116 -                Rank 1 : false
2026-07-22 16:08:07,394 [INFO] ADCParametersView:116 -                Rank 2 : false
2026-07-22 16:08:07,394 [INFO] ADCParametersView:116 -                Rank 3 : false
2026-07-22 16:08:07,394 [INFO] ADCParametersView:116 -                Rank 2 : false
2026-07-22 16:08:07,394 [INFO] ADCParametersView:116 -                Rank 3 : false
2026-07-22 16:08:07,394 [INFO] ADCParametersView:116 -                Rank 3 : false
2026-07-22 16:08:07,409 [INFO] ADCParametersView:116 -                Rank 1 : false
2026-07-22 16:08:07,409 [INFO] ADCParametersView:116 -                Rank 1 : false
2026-07-22 16:08:07,409 [INFO] ADCParametersView:116 -                Rank 2 : false
2026-07-22 16:08:07,409 [INFO] ADCParametersView:116 -                Rank 1 : false
2026-07-22 16:08:07,409 [INFO] ADCParametersView:116 -                Rank 2 : false
2026-07-22 16:08:07,409 [INFO] ADCParametersView:116 -                Rank 3 : false
2026-07-22 16:08:07,417 [INFO] NvicIntPanel:101 - NVIC parent = com.st.microxplorer.plugins.ip.nvic.MultiNvicIntPanel[,0,0,0x0,invalid,layout=javax.swing.BoxLayout,alignmentX=0.0,alignmentY=0.0,border=,flags=9,maximumSize=,minimumSize=,preferredSize=]
2026-07-22 16:08:09,028 [INFO] ADCParametersView:116 -                Rank 1 : false
2026-07-22 16:08:09,028 [INFO] ADCParametersView:116 -                Rank 2 : false
2026-07-22 16:08:09,028 [INFO] ADCParametersView:116 -                Rank 3 : false
2026-07-22 16:08:09,028 [INFO] ADCParametersView:116 -                Rank 1 : false
2026-07-22 16:08:09,028 [INFO] ADCParametersView:116 -                Rank 2 : false
2026-07-22 16:08:09,028 [INFO] ADCParametersView:116 -                Rank 3 : false
2026-07-22 16:08:09,028 [INFO] ADCParametersView:116 -                Rank 1 : false
2026-07-22 16:08:09,028 [INFO] ADCParametersView:116 -                Rank 2 : false
2026-07-22 16:08:09,028 [INFO] ADCParametersView:116 -                Rank 3 : false
2026-07-22 16:08:09,028 [INFO] ADCParametersView:116 -                Rank 1 : false
2026-07-22 16:08:09,028 [INFO] ADCParametersView:116 -                Rank 2 : false
2026-07-22 16:08:09,028 [INFO] ADCParametersView:116 -                Rank 3 : false
2026-07-22 16:08:09,028 [INFO] ADCParametersView:116 -                Rank 1 : false
2026-07-22 16:08:09,028 [INFO] ADCParametersView:116 -                Rank 2 : false
2026-07-22 16:08:09,028 [INFO] ADCParametersView:116 -                Rank 3 : false
2026-07-22 16:08:09,028 [INFO] ADCParametersView:116 -                Rank 1 : false
2026-07-22 16:08:09,028 [INFO] ADCParametersView:116 -                Rank 2 : false
2026-07-22 16:08:09,028 [INFO] ADCParametersView:116 -                Rank 3 : false
2026-07-22 16:08:09,029 [INFO] ADCParametersView:116 -                Rank 1 : false
2026-07-22 16:08:09,029 [INFO] ADCParametersView:116 -                Rank 2 : false
2026-07-22 16:08:09,029 [INFO] ADCParametersView:116 -                Rank 3 : false
2026-07-22 16:08:09,029 [INFO] ADCParametersView:116 -                Rank 1 : false
2026-07-22 16:08:09,029 [INFO] ADCParametersView:116 -                Rank 2 : false
2026-07-22 16:08:09,029 [INFO] ADCParametersView:116 -                Rank 3 : false
2026-07-22 16:08:09,029 [INFO] ADCParametersView:116 -                Rank 1 : false
2026-07-22 16:08:09,029 [INFO] ADCParametersView:116 -                Rank 2 : false
2026-07-22 16:08:09,029 [INFO] ADCParametersView:116 -                Rank 3 : false
2026-07-22 16:08:09,029 [INFO] ADCParametersView:116 -                Rank 1 : false
2026-07-22 16:08:09,029 [INFO] ADCParametersView:116 -                Rank 2 : false
2026-07-22 16:08:09,029 [INFO] ADCParametersView:116 -                Rank 3 : false
2026-07-22 16:08:09,029 [INFO] ADCParametersView:116 -                Rank 1 : false
2026-07-22 16:08:09,029 [INFO] ADCParametersView:116 -                Rank 2 : false
2026-07-22 16:08:09,029 [INFO] ADCParametersView:116 -                Rank 3 : false
2026-07-22 16:08:09,029 [INFO] ADCParametersView:116 -                Rank 1 : false
2026-07-22 16:08:09,029 [INFO] ADCParametersView:116 -                Rank 2 : false
2026-07-22 16:08:09,029 [INFO] ADCParametersView:116 -                Rank 3 : false
2026-07-22 16:08:09,029 [INFO] ADCParametersView:116 -                Rank 1 : false
2026-07-22 16:08:09,029 [INFO] ADCParametersView:116 -                Rank 2 : false
2026-07-22 16:08:09,029 [INFO] ADCParametersView:116 -                Rank 3 : false
2026-07-22 16:08:09,029 [INFO] ADCParametersView:116 -                Rank 1 : false
2026-07-22 16:08:09,029 [INFO] ADCParametersView:116 -                Rank 2 : false
2026-07-22 16:08:09,029 [INFO] ADCParametersView:116 -                Rank 3 : false
2026-07-22 16:08:09,029 [INFO] ADCParametersView:116 -                Rank 2 : false
2026-07-22 16:08:09,029 [INFO] ADCParametersView:116 -                Rank 3 : false
2026-07-22 16:08:09,029 [INFO] ADCParametersView:116 -                Rank 3 : false
2026-07-22 16:08:09,043 [INFO] ADCParametersView:116 -                Rank 1 : false
2026-07-22 16:08:09,044 [INFO] ADCParametersView:116 -                Rank 1 : false
2026-07-22 16:08:09,044 [INFO] ADCParametersView:116 -                Rank 2 : false
2026-07-22 16:08:09,044 [INFO] ADCParametersView:116 -                Rank 1 : false
2026-07-22 16:08:09,044 [INFO] ADCParametersView:116 -                Rank 2 : false
2026-07-22 16:08:09,044 [INFO] ADCParametersView:116 -                Rank 3 : false
2026-07-22 16:08:26,251 [INFO] UtilMem:75 - End SaveConfig() Used Memory: 785289472 Bytes (900726784)
2026-07-22 16:08:28,145 [INFO] UtilMem:75 - End SaveConfig() Used Memory: 802593024 Bytes (900726784)
2026-07-22 16:08:31,943 [INFO] UtilMem:75 - End SaveConfig() Used Memory: 850825680 Bytes (900726784)
2026-07-22 16:08:32,137 [INFO] BlockDiagram:2775 - set Specific Code input for plugin: USB_OTG_FS
2026-07-22 16:08:32,137 [INFO] BlockDiagram:2775 - set Specific Code input for plugin: NVIC
2026-07-22 16:08:32,137 [INFO] BlockDiagram:2775 - set Specific Code input for plugin: DMA
2026-07-22 16:08:32,137 [INFO] BlockDiagram:2775 - set Specific Code input for plugin: TIM1_8
2026-07-22 16:08:32,137 [INFO] BlockDiagram:2775 - set Specific Code input for plugin: TIM1_8
2026-07-22 16:08:32,137 [INFO] BlockDiagram:2775 - set Specific Code input for plugin: TIM1_8
2026-07-22 16:08:32,137 [INFO] BlockDiagram:2775 - set Specific Code input for plugin: USB_DEVICE
2026-07-22 16:08:32,137 [INFO] BlockDiagram:2775 - set Specific Code input for plugin: I2S
2026-07-22 16:08:32,137 [INFO] BlockDiagram:2775 - set Specific Code input for plugin: SYS
2026-07-22 16:08:32,138 [INFO] BlockDiagram:2775 - set Specific Code input for plugin: GPIO
2026-07-22 16:08:32,138 [INFO] BlockDiagram:2775 - set Specific Code input for plugin: ADC
2026-07-22 16:08:32,138 [INFO] BlockDiagram:2775 - set Specific Code input for plugin: RCC
2026-07-22 16:08:32,139 [INFO] CodeGenerator:882 - code generatio: config db path: C:\ST\STM32CubeIDE_1.10.1\STM32CubeIDE\plugins\com.st.stm32cube.common.mx_6.14.1.202504091515\\db\
2026-07-22 16:08:32,147 [INFO] Argument:325 - Argument : hdmavalue: null
2026-07-22 16:08:32,147 [INFO] Argument:327 - 	 sub Args: 
2026-07-22 16:08:32,147 [INFO] Argument:325 - Argument : Instancevalue: DMA2_Stream0
2026-07-22 16:08:32,149 [INFO] Argument:335 - Argument : Instancevalue: DMA2_Stream0
2026-07-22 16:08:32,149 [INFO] Argument:325 - Argument : Initvalue: null
2026-07-22 16:08:32,149 [INFO] Argument:327 - 	 sub Args: 
2026-07-22 16:08:32,149 [INFO] Argument:325 - Argument : Channelvalue: DMA_CHANNEL_0
2026-07-22 16:08:32,149 [INFO] Argument:335 - Argument : Channelvalue: DMA_CHANNEL_0
2026-07-22 16:08:32,149 [INFO] Argument:325 - Argument : Directionvalue: DMA_PERIPH_TO_MEMORY
2026-07-22 16:08:32,149 [INFO] Argument:335 - Argument : Directionvalue: DMA_PERIPH_TO_MEMORY
2026-07-22 16:08:32,149 [INFO] Argument:325 - Argument : PeriphIncvalue: DMA_PINC_DISABLE
2026-07-22 16:08:32,149 [INFO] Argument:335 - Argument : PeriphIncvalue: DMA_PINC_DISABLE
2026-07-22 16:08:32,149 [INFO] Argument:325 - Argument : MemIncvalue: DMA_MINC_ENABLE
2026-07-22 16:08:32,149 [INFO] Argument:335 - Argument : MemIncvalue: DMA_MINC_ENABLE
2026-07-22 16:08:32,149 [INFO] Argument:325 - Argument : PeriphDataAlignmentvalue: DMA_PDATAALIGN_HALFWORD
2026-07-22 16:08:32,149 [INFO] Argument:335 - Argument : PeriphDataAlignmentvalue: DMA_PDATAALIGN_HALFWORD
2026-07-22 16:08:32,149 [INFO] Argument:325 - Argument : MemDataAlignmentvalue: DMA_MDATAALIGN_HALFWORD
2026-07-22 16:08:32,149 [INFO] Argument:335 - Argument : MemDataAlignmentvalue: DMA_MDATAALIGN_HALFWORD
2026-07-22 16:08:32,149 [INFO] Argument:325 - Argument : Modevalue: DMA_CIRCULAR
2026-07-22 16:08:32,149 [INFO] Argument:335 - Argument : Modevalue: DMA_CIRCULAR
2026-07-22 16:08:32,149 [INFO] Argument:325 - Argument : Priorityvalue: DMA_PRIORITY_LOW
2026-07-22 16:08:32,149 [INFO] Argument:335 - Argument : Priorityvalue: DMA_PRIORITY_LOW
2026-07-22 16:08:32,149 [INFO] Argument:325 - Argument : FIFOModevalue: DMA_FIFOMODE_DISABLE
2026-07-22 16:08:32,149 [INFO] Argument:335 - Argument : FIFOModevalue: DMA_FIFOMODE_DISABLE
2026-07-22 16:08:32,149 [INFO] Argument:325 - Argument : FIFOThresholdvalue: null
2026-07-22 16:08:32,149 [INFO] Argument:335 - Argument : FIFOThresholdvalue: null
2026-07-22 16:08:32,149 [INFO] Argument:325 - Argument : MemBurstvalue: null
2026-07-22 16:08:32,149 [INFO] Argument:335 - Argument : MemBurstvalue: null
2026-07-22 16:08:32,149 [INFO] Argument:325 - Argument : PeriphBurstvalue: null
2026-07-22 16:08:32,149 [INFO] Argument:335 - Argument : PeriphBurstvalue: null
2026-07-22 16:08:32,149 [INFO] Argument:325 - Argument : Lockvalue: null
2026-07-22 16:08:32,149 [INFO] Argument:335 - Argument : Lockvalue: null
2026-07-22 16:08:32,150 [INFO] Argument:325 - Argument : Statevalue: null
2026-07-22 16:08:32,150 [INFO] Argument:335 - Argument : Statevalue: null
2026-07-22 16:08:32,150 [INFO] Argument:325 - Argument : Parentvalue: null
2026-07-22 16:08:32,150 [INFO] Argument:335 - Argument : Parentvalue: null
2026-07-22 16:08:32,150 [INFO] Argument:325 - Argument : XferCpltCallbackvalue: null
2026-07-22 16:08:32,150 [INFO] Argument:335 - Argument : XferCpltCallbackvalue: null
2026-07-22 16:08:32,150 [INFO] Argument:325 - Argument : XferHalfCpltCallbackvalue: null
2026-07-22 16:08:32,150 [INFO] Argument:335 - Argument : XferHalfCpltCallbackvalue: null
2026-07-22 16:08:32,150 [INFO] Argument:325 - Argument : XferM1CpltCallbackvalue: null
2026-07-22 16:08:32,150 [INFO] Argument:335 - Argument : XferM1CpltCallbackvalue: null
2026-07-22 16:08:32,150 [INFO] Argument:325 - Argument : XferErrorCallbackvalue: null
2026-07-22 16:08:32,150 [INFO] Argument:335 - Argument : XferErrorCallbackvalue: null
2026-07-22 16:08:32,150 [INFO] Argument:325 - Argument : ErrorCodevalue: null
2026-07-22 16:08:32,150 [INFO] Argument:335 - Argument : ErrorCodevalue: null
2026-07-22 16:08:32,152 [INFO] Argument:325 - Argument : hdmavalue: null
2026-07-22 16:08:32,152 [INFO] Argument:327 - 	 sub Args: 
2026-07-22 16:08:32,152 [INFO] Argument:325 - Argument : Instancevalue: DMA1_Stream4
2026-07-22 16:08:32,152 [INFO] Argument:335 - Argument : Instancevalue: DMA1_Stream4
2026-07-22 16:08:32,152 [INFO] Argument:325 - Argument : Initvalue: null
2026-07-22 16:08:32,152 [INFO] Argument:327 - 	 sub Args: 
2026-07-22 16:08:32,152 [INFO] Argument:325 - Argument : Channelvalue: DMA_CHANNEL_0
2026-07-22 16:08:32,152 [INFO] Argument:335 - Argument : Channelvalue: DMA_CHANNEL_0
2026-07-22 16:08:32,152 [INFO] Argument:325 - Argument : Directionvalue: DMA_MEMORY_TO_PERIPH
2026-07-22 16:08:32,152 [INFO] Argument:335 - Argument : Directionvalue: DMA_MEMORY_TO_PERIPH
2026-07-22 16:08:32,152 [INFO] Argument:325 - Argument : PeriphIncvalue: DMA_PINC_DISABLE
2026-07-22 16:08:32,152 [INFO] Argument:335 - Argument : PeriphIncvalue: DMA_PINC_DISABLE
2026-07-22 16:08:32,152 [INFO] Argument:325 - Argument : MemIncvalue: DMA_MINC_ENABLE
2026-07-22 16:08:32,152 [INFO] Argument:335 - Argument : MemIncvalue: DMA_MINC_ENABLE
2026-07-22 16:08:32,152 [INFO] Argument:325 - Argument : PeriphDataAlignmentvalue: DMA_PDATAALIGN_HALFWORD
2026-07-22 16:08:32,152 [INFO] Argument:335 - Argument : PeriphDataAlignmentvalue: DMA_PDATAALIGN_HALFWORD
2026-07-22 16:08:32,152 [INFO] Argument:325 - Argument : MemDataAlignmentvalue: DMA_MDATAALIGN_HALFWORD
2026-07-22 16:08:32,152 [INFO] Argument:335 - Argument : MemDataAlignmentvalue: DMA_MDATAALIGN_HALFWORD
2026-07-22 16:08:32,152 [INFO] Argument:325 - Argument : Modevalue: DMA_CIRCULAR
2026-07-22 16:08:32,152 [INFO] Argument:335 - Argument : Modevalue: DMA_CIRCULAR
2026-07-22 16:08:32,152 [INFO] Argument:325 - Argument : Priorityvalue: DMA_PRIORITY_VERY_HIGH
2026-07-22 16:08:32,152 [INFO] Argument:335 - Argument : Priorityvalue: DMA_PRIORITY_VERY_HIGH
2026-07-22 16:08:32,152 [INFO] Argument:325 - Argument : FIFOModevalue: DMA_FIFOMODE_DISABLE
2026-07-22 16:08:32,152 [INFO] Argument:335 - Argument : FIFOModevalue: DMA_FIFOMODE_DISABLE
2026-07-22 16:08:32,152 [INFO] Argument:325 - Argument : FIFOThresholdvalue: null
2026-07-22 16:08:32,152 [INFO] Argument:335 - Argument : FIFOThresholdvalue: null
2026-07-22 16:08:32,152 [INFO] Argument:325 - Argument : MemBurstvalue: null
2026-07-22 16:08:32,152 [INFO] Argument:335 - Argument : MemBurstvalue: null
2026-07-22 16:08:32,152 [INFO] Argument:325 - Argument : PeriphBurstvalue: null
2026-07-22 16:08:32,153 [INFO] Argument:335 - Argument : PeriphBurstvalue: null
2026-07-22 16:08:32,153 [INFO] Argument:325 - Argument : Lockvalue: null
2026-07-22 16:08:32,153 [INFO] Argument:335 - Argument : Lockvalue: null
2026-07-22 16:08:32,153 [INFO] Argument:325 - Argument : Statevalue: null
2026-07-22 16:08:32,153 [INFO] Argument:335 - Argument : Statevalue: null
2026-07-22 16:08:32,153 [INFO] Argument:325 - Argument : Parentvalue: null
2026-07-22 16:08:32,153 [INFO] Argument:335 - Argument : Parentvalue: null
2026-07-22 16:08:32,153 [INFO] Argument:325 - Argument : XferCpltCallbackvalue: null
2026-07-22 16:08:32,153 [INFO] Argument:335 - Argument : XferCpltCallbackvalue: null
2026-07-22 16:08:32,153 [INFO] Argument:325 - Argument : XferHalfCpltCallbackvalue: null
2026-07-22 16:08:32,153 [INFO] Argument:335 - Argument : XferHalfCpltCallbackvalue: null
2026-07-22 16:08:32,153 [INFO] Argument:325 - Argument : XferM1CpltCallbackvalue: null
2026-07-22 16:08:32,153 [INFO] Argument:335 - Argument : XferM1CpltCallbackvalue: null
2026-07-22 16:08:32,153 [INFO] Argument:325 - Argument : XferErrorCallbackvalue: null
2026-07-22 16:08:32,153 [INFO] Argument:335 - Argument : XferErrorCallbackvalue: null
2026-07-22 16:08:32,153 [INFO] Argument:325 - Argument : ErrorCodevalue: null
2026-07-22 16:08:32,153 [INFO] Argument:335 - Argument : ErrorCodevalue: null
2026-07-22 16:08:32,172 [WARN] IP:2250 - DEVICE_SERIAL0_HID_FS not found: check if there is a RefParameter without a condition.
2026-07-22 16:08:32,172 [WARN] IP:2250 - DEVICE_SERIAL1_HID_FS not found: check if there is a RefParameter without a condition.
2026-07-22 16:08:32,172 [WARN] IP:2250 - DEVICE_SERIAL2_HID_FS not found: check if there is a RefParameter without a condition.
2026-07-22 16:08:32,267 [INFO] CodeEngine:263 - oldGeneratedFile, D:\Projects\Ventures\Mruda\01_Technical\MCU_Software\MCU_3.1.0\Mruda_midi_3.0.2\MXTmpFiles\license.tmp_save
2026-07-22 16:08:32,400 [INFO] CodeEngine:287 - Generated code: D:\Projects\Ventures\Mruda\01_Technical\MCU_Software\MCU_3.1.0\Mruda_midi_3.0.2\MXTmpFiles\license.tmp
2026-07-22 16:08:32,460 [INFO] CodeEngine:263 - oldGeneratedFile, D:\Projects\Ventures\Mruda\01_Technical\MCU_Software\MCU_3.1.0\Mruda_midi_3.0.2\MXTmpFiles\gpio.tmp_save
2026-07-22 16:08:32,563 [INFO] CodeEngine:287 - Generated code: D:\Projects\Ventures\Mruda\01_Technical\MCU_Software\MCU_3.1.0\Mruda_midi_3.0.2\MXTmpFiles\gpio.tmp
2026-07-22 16:08:32,609 [WARN] IPConfigManager:3217 - Warning: the RefConfig PWREx_EnableUSBVoltageDetector is not available in your config.xml file
2026-07-22 16:08:32,620 [INFO] CodeEngine:263 - oldGeneratedFile, D:\Projects\Ventures\Mruda\01_Technical\MCU_Software\MCU_3.1.0\Mruda_midi_3.0.2\MXTmpFiles\usb_otg_fs_vars.tmp_save
2026-07-22 16:08:32,709 [INFO] CodeEngine:287 - Generated code: D:\Projects\Ventures\Mruda\01_Technical\MCU_Software\MCU_3.1.0\Mruda_midi_3.0.2\MXTmpFiles\usb_otg_fs_vars.tmp
2026-07-22 16:08:32,715 [INFO] CodeEngine:263 - oldGeneratedFile, D:\Projects\Ventures\Mruda\01_Technical\MCU_Software\MCU_3.1.0\Mruda_midi_3.0.2\MXTmpFiles\usb_otg_fs_inc.tmp_save
2026-07-22 16:08:32,781 [INFO] CodeEngine:287 - Generated code: D:\Projects\Ventures\Mruda\01_Technical\MCU_Software\MCU_3.1.0\Mruda_midi_3.0.2\MXTmpFiles\usb_otg_fs_inc.tmp
2026-07-22 16:08:32,786 [INFO] CodeEngine:263 - oldGeneratedFile, D:\Projects\Ventures\Mruda\01_Technical\MCU_Software\MCU_3.1.0\Mruda_midi_3.0.2\MXTmpFiles\usb_otg_fs_HalInit.tmp_save
2026-07-22 16:08:32,877 [INFO] CodeEngine:287 - Generated code: D:\Projects\Ventures\Mruda\01_Technical\MCU_Software\MCU_3.1.0\Mruda_midi_3.0.2\MXTmpFiles\usb_otg_fs_HalInit.tmp
2026-07-22 16:08:32,882 [INFO] CodeEngine:263 - oldGeneratedFile, D:\Projects\Ventures\Mruda\01_Technical\MCU_Software\MCU_3.1.0\Mruda_midi_3.0.2\MXTmpFiles\usb_otg_fs_Msp.tmp_save
2026-07-22 16:08:32,969 [INFO] CodeEngine:287 - Generated code: D:\Projects\Ventures\Mruda\01_Technical\MCU_Software\MCU_3.1.0\Mruda_midi_3.0.2\MXTmpFiles\usb_otg_fs_Msp.tmp
2026-07-22 16:08:33,198 [INFO] Middleware:1452 - No code input for Bsp Dependency
2026-07-22 16:08:33,224 [INFO] CodeEngine:263 - oldGeneratedFile, D:\Projects\Ventures\Mruda\01_Technical\MCU_Software\MCU_3.1.0\Mruda_midi_3.0.2\MXTmpFiles\dma.tmp_save
2026-07-22 16:08:33,309 [INFO] CodeEngine:287 - Generated code: D:\Projects\Ventures\Mruda\01_Technical\MCU_Software\MCU_3.1.0\Mruda_midi_3.0.2\MXTmpFiles\dma.tmp
2026-07-22 16:08:33,315 [INFO] CodeEngine:263 - oldGeneratedFile, D:\Projects\Ventures\Mruda\01_Technical\MCU_Software\MCU_3.1.0\Mruda_midi_3.0.2\MXTmpFiles\dma_GV.tmp_save
2026-07-22 16:08:33,374 [INFO] CodeEngine:287 - Generated code: D:\Projects\Ventures\Mruda\01_Technical\MCU_Software\MCU_3.1.0\Mruda_midi_3.0.2\MXTmpFiles\dma_GV.tmp
2026-07-22 16:08:33,395 [INFO] Middleware:1452 - No code input for Bsp Dependency
2026-07-22 16:08:33,415 [INFO] CodeEngine:263 - oldGeneratedFile, D:\Projects\Ventures\Mruda\01_Technical\MCU_Software\MCU_3.1.0\Mruda_midi_3.0.2\USB_DEVICE\App\usb_device.c_save
2026-07-22 16:08:33,493 [INFO] CodeEngine:287 - Generated code: D:\Projects\Ventures\Mruda\01_Technical\MCU_Software\MCU_3.1.0\Mruda_midi_3.0.2\USB_DEVICE\App\usb_device.c
2026-07-22 16:08:33,501 [INFO] CodeEngine:263 - oldGeneratedFile, D:\Projects\Ventures\Mruda\01_Technical\MCU_Software\MCU_3.1.0\Mruda_midi_3.0.2\USB_DEVICE\App\usb_device.h_save
2026-07-22 16:08:33,575 [INFO] CodeEngine:287 - Generated code: D:\Projects\Ventures\Mruda\01_Technical\MCU_Software\MCU_3.1.0\Mruda_midi_3.0.2\USB_DEVICE\App\usb_device.h
2026-07-22 16:08:33,584 [INFO] CodeEngine:263 - oldGeneratedFile, D:\Projects\Ventures\Mruda\01_Technical\MCU_Software\MCU_3.1.0\Mruda_midi_3.0.2\USB_DEVICE\Target\usbd_conf.h_save
2026-07-22 16:08:33,647 [INFO] CodeEngine:287 - Generated code: D:\Projects\Ventures\Mruda\01_Technical\MCU_Software\MCU_3.1.0\Mruda_midi_3.0.2\USB_DEVICE\Target\usbd_conf.h
2026-07-22 16:08:33,664 [INFO] CodeEngine:263 - oldGeneratedFile, D:\Projects\Ventures\Mruda\01_Technical\MCU_Software\MCU_3.1.0\Mruda_midi_3.0.2\USB_DEVICE\Target\usbd_conf.c_save
2026-07-22 16:08:33,765 [INFO] CodeEngine:287 - Generated code: D:\Projects\Ventures\Mruda\01_Technical\MCU_Software\MCU_3.1.0\Mruda_midi_3.0.2\USB_DEVICE\Target\usbd_conf.c
2026-07-22 16:08:33,773 [INFO] CodeEngine:263 - oldGeneratedFile, D:\Projects\Ventures\Mruda\01_Technical\MCU_Software\MCU_3.1.0\Mruda_midi_3.0.2\USB_DEVICE\App\usbd_desc.h_save
2026-07-22 16:08:33,836 [INFO] CodeEngine:287 - Generated code: D:\Projects\Ventures\Mruda\01_Technical\MCU_Software\MCU_3.1.0\Mruda_midi_3.0.2\USB_DEVICE\App\usbd_desc.h
2026-07-22 16:08:33,851 [INFO] CodeEngine:263 - oldGeneratedFile, D:\Projects\Ventures\Mruda\01_Technical\MCU_Software\MCU_3.1.0\Mruda_midi_3.0.2\USB_DEVICE\App\usbd_desc.c_save
2026-07-22 16:08:33,946 [INFO] CodeEngine:287 - Generated code: D:\Projects\Ventures\Mruda\01_Technical\MCU_Software\MCU_3.1.0\Mruda_midi_3.0.2\USB_DEVICE\App\usbd_desc.c
2026-07-22 16:08:33,973 [INFO] CodeEngine:263 - oldGeneratedFile, D:\Projects\Ventures\Mruda\01_Technical\MCU_Software\MCU_3.1.0\Mruda_midi_3.0.2\Core\Src\stm32f4xx_it.c_save
2026-07-22 16:08:34,054 [INFO] CodeEngine:287 - Generated code: D:\Projects\Ventures\Mruda\01_Technical\MCU_Software\MCU_3.1.0\Mruda_midi_3.0.2\Core\Src\stm32f4xx_it.c
2026-07-22 16:08:34,062 [INFO] CodeEngine:263 - oldGeneratedFile, D:\Projects\Ventures\Mruda\01_Technical\MCU_Software\MCU_3.1.0\Mruda_midi_3.0.2\Core\Inc\stm32f4xx_it.h_save
2026-07-22 16:08:34,125 [INFO] CodeEngine:287 - Generated code: D:\Projects\Ventures\Mruda\01_Technical\MCU_Software\MCU_3.1.0\Mruda_midi_3.0.2\Core\Inc\stm32f4xx_it.h
2026-07-22 16:08:34,153 [INFO] CodeEngine:263 - oldGeneratedFile, D:\Projects\Ventures\Mruda\01_Technical\MCU_Software\MCU_3.1.0\Mruda_midi_3.0.2\Core\Src\stm32f4xx_hal_msp.c_save
2026-07-22 16:08:34,276 [INFO] CodeEngine:287 - Generated code: D:\Projects\Ventures\Mruda\01_Technical\MCU_Software\MCU_3.1.0\Mruda_midi_3.0.2\Core\Src\stm32f4xx_hal_msp.c
2026-07-22 16:08:34,283 [INFO] CodeEngine:263 - oldGeneratedFile, D:\Projects\Ventures\Mruda\01_Technical\MCU_Software\MCU_3.1.0\Mruda_midi_3.0.2\MXTmpFiles\system.tmp_save
2026-07-22 16:08:34,341 [INFO] CodeEngine:287 - Generated code: D:\Projects\Ventures\Mruda\01_Technical\MCU_Software\MCU_3.1.0\Mruda_midi_3.0.2\MXTmpFiles\system.tmp
2026-07-22 16:08:34,363 [INFO] CodeEngine:319 - oldGeneratedFile, D:\Projects\Ventures\Mruda\01_Technical\MCU_Software\MCU_3.1.0\Mruda_midi_3.0.2\Core\Inc\stm32f4xx_hal_conf.h_save
2026-07-22 16:08:34,458 [INFO] CodeEngine:343 - Generated code: D:\Projects\Ventures\Mruda\01_Technical\MCU_Software\MCU_3.1.0\Mruda_midi_3.0.2\Core\Inc\stm32f4xx_hal_conf.h
2026-07-22 16:08:34,488 [INFO] ApiDbMcu:508 - Load IP Config File for ADC1
2026-07-22 16:08:34,491 [INFO] ApiDbMcu:508 - Load IP Config File for I2S2
2026-07-22 16:08:34,501 [INFO] ApiDbMcu:508 - Load IP Config File for TIM2
2026-07-22 16:08:34,509 [INFO] ApiDbMcu:508 - Load IP Config File for TIM3
2026-07-22 16:08:34,518 [INFO] ApiDbMcu:508 - Load IP Config File for TIM4
2026-07-22 16:08:34,521 [INFO] ApiDbMcu:508 - Load IP Config File for RCC
2026-07-22 16:08:34,522 [WARN] IPConfigManager:3790 - IP not found : TIM
2026-07-22 16:08:34,523 [WARN] CodeGenerator:4198 - IP not found : null
2026-07-22 16:08:34,544 [INFO] CodeEngine:263 - oldGeneratedFile, D:\Projects\Ventures\Mruda\01_Technical\MCU_Software\MCU_3.1.0\Mruda_midi_3.0.2\Core\Inc\main.h_save
2026-07-22 16:08:34,622 [INFO] CodeEngine:287 - Generated code: D:\Projects\Ventures\Mruda\01_Technical\MCU_Software\MCU_3.1.0\Mruda_midi_3.0.2\Core\Inc\main.h
2026-07-22 16:08:34,638 [INFO] CodeEngine:263 - oldGeneratedFile, D:\Projects\Ventures\Mruda\01_Technical\MCU_Software\MCU_3.1.0\Mruda_midi_3.0.2\Core\Src\main.c_save
2026-07-22 16:08:34,780 [INFO] CodeEngine:287 - Generated code: D:\Projects\Ventures\Mruda\01_Technical\MCU_Software\MCU_3.1.0\Mruda_midi_3.0.2\Core\Src\main.c
2026-07-22 16:08:35,193 [INFO] ProjectBuilder:3324 - Time for Copy HAL[1] : 244mS.
2026-07-22 16:08:35,201 [INFO] ProjectBuilder:4912 - Project Generator version: 4.6.0.1-B1
2026-07-22 16:08:35,282 [INFO] ConfigFileManager:1590 - The Die is : DIE431
2026-07-22 16:08:35,285 [INFO] ApiDbMcu:508 - Load IP Config File for FATFS
2026-07-22 16:08:35,288 [INFO] ApiDbMcu:508 - Load IP Config File for FREERTOS
2026-07-22 16:08:35,289 [INFO] ApiDbMcu:508 - Load IP Config File for LIBJPEG
2026-07-22 16:08:35,294 [INFO] ApiDbMcu:508 - Load IP Config File for MBEDTLS
2026-07-22 16:08:35,297 [INFO] ApiDbMcu:508 - Load IP Config File for USB_HOST
2026-07-22 16:08:36,751 [INFO] ProjectBuilder:5191 - Time for Generating toolchain IDE Files: 1550mS.
2026-07-22 16:08:36,753 [INFO] ProjectBuilder:3181 - Time for Copy CMSIS : 0mS.
2026-07-22 16:08:36,760 [INFO] ProjectBuilder:3181 - Time for Copy CMSIS : 0mS.
2026-07-22 16:12:04,931 [INFO] I2sManager:658 - 1.1875E8
2026-07-22 16:12:04,931 [INFO] I2sManager:195 - I2S Clock Value : 1.1875E8
2026-07-22 16:12:04,932 [INFO] I2sManager:553 - AudioClock : 15995Divider : 116Odd : 0
2026-07-22 16:12:15,922 [INFO] I2sManager:658 - 1.1875E8
2026-07-22 16:12:15,922 [INFO] I2sManager:195 - I2S Clock Value : 1.1875E8
2026-07-22 16:12:15,922 [INFO] I2sManager:553 - AudioClock : 15995Divider : 116Odd : 0
2026-07-22 16:12:25,973 [INFO] NvicIntPanel:101 - NVIC parent = com.st.microxplorer.plugins.ip.nvic.MultiNvicIntPanel[,0,0,0x0,invalid,layout=javax.swing.BoxLayout,alignmentX=0.0,alignmentY=0.0,border=,flags=9,maximumSize=,minimumSize=,preferredSize=]
2026-07-22 16:12:42,337 [INFO] UtilMem:75 - End SaveConfig() Used Memory: 811126832 Bytes (900726784)
2026-07-22 16:12:44,263 [INFO] UtilMem:75 - End SaveConfig() Used Memory: 829474864 Bytes (900726784)
2026-07-22 16:12:45,543 [INFO] UtilMem:75 - End SaveConfig() Used Memory: 380109864 Bytes (900726784)
2026-07-22 16:12:45,723 [INFO] BlockDiagram:2775 - set Specific Code input for plugin: USB_OTG_FS
2026-07-22 16:12:45,723 [INFO] BlockDiagram:2775 - set Specific Code input for plugin: NVIC
2026-07-22 16:12:45,723 [INFO] BlockDiagram:2775 - set Specific Code input for plugin: DMA
2026-07-22 16:12:45,723 [INFO] BlockDiagram:2775 - set Specific Code input for plugin: TIM1_8
2026-07-22 16:12:45,723 [INFO] BlockDiagram:2775 - set Specific Code input for plugin: TIM1_8
2026-07-22 16:12:45,723 [INFO] BlockDiagram:2775 - set Specific Code input for plugin: TIM1_8
2026-07-22 16:12:45,723 [INFO] BlockDiagram:2775 - set Specific Code input for plugin: USB_DEVICE
2026-07-22 16:12:45,723 [INFO] BlockDiagram:2775 - set Specific Code input for plugin: I2S
2026-07-22 16:12:45,723 [INFO] BlockDiagram:2775 - set Specific Code input for plugin: SYS
2026-07-22 16:12:45,723 [INFO] BlockDiagram:2775 - set Specific Code input for plugin: GPIO
2026-07-22 16:12:45,723 [INFO] BlockDiagram:2775 - set Specific Code input for plugin: ADC
2026-07-22 16:12:45,723 [INFO] BlockDiagram:2775 - set Specific Code input for plugin: RCC
2026-07-22 16:12:45,725 [INFO] CodeGenerator:882 - code generatio: config db path: C:\ST\STM32CubeIDE_1.10.1\STM32CubeIDE\plugins\com.st.stm32cube.common.mx_6.14.1.202504091515\\db\
2026-07-22 16:12:45,731 [INFO] Argument:325 - Argument : hdmavalue: null
2026-07-22 16:12:45,732 [INFO] Argument:327 - 	 sub Args: 
2026-07-22 16:12:45,732 [INFO] Argument:325 - Argument : Instancevalue: DMA2_Stream0
2026-07-22 16:12:45,732 [INFO] Argument:335 - Argument : Instancevalue: DMA2_Stream0
2026-07-22 16:12:45,732 [INFO] Argument:325 - Argument : Initvalue: null
2026-07-22 16:12:45,732 [INFO] Argument:327 - 	 sub Args: 
2026-07-22 16:12:45,732 [INFO] Argument:325 - Argument : Channelvalue: DMA_CHANNEL_0
2026-07-22 16:12:45,732 [INFO] Argument:335 - Argument : Channelvalue: DMA_CHANNEL_0
2026-07-22 16:12:45,732 [INFO] Argument:325 - Argument : Directionvalue: DMA_PERIPH_TO_MEMORY
2026-07-22 16:12:45,732 [INFO] Argument:335 - Argument : Directionvalue: DMA_PERIPH_TO_MEMORY
2026-07-22 16:12:45,732 [INFO] Argument:325 - Argument : PeriphIncvalue: DMA_PINC_DISABLE
2026-07-22 16:12:45,732 [INFO] Argument:335 - Argument : PeriphIncvalue: DMA_PINC_DISABLE
2026-07-22 16:12:45,732 [INFO] Argument:325 - Argument : MemIncvalue: DMA_MINC_ENABLE
2026-07-22 16:12:45,732 [INFO] Argument:335 - Argument : MemIncvalue: DMA_MINC_ENABLE
2026-07-22 16:12:45,732 [INFO] Argument:325 - Argument : PeriphDataAlignmentvalue: DMA_PDATAALIGN_HALFWORD
2026-07-22 16:12:45,732 [INFO] Argument:335 - Argument : PeriphDataAlignmentvalue: DMA_PDATAALIGN_HALFWORD
2026-07-22 16:12:45,732 [INFO] Argument:325 - Argument : MemDataAlignmentvalue: DMA_MDATAALIGN_HALFWORD
2026-07-22 16:12:45,732 [INFO] Argument:335 - Argument : MemDataAlignmentvalue: DMA_MDATAALIGN_HALFWORD
2026-07-22 16:12:45,732 [INFO] Argument:325 - Argument : Modevalue: DMA_CIRCULAR
2026-07-22 16:12:45,732 [INFO] Argument:335 - Argument : Modevalue: DMA_CIRCULAR
2026-07-22 16:12:45,732 [INFO] Argument:325 - Argument : Priorityvalue: DMA_PRIORITY_LOW
2026-07-22 16:12:45,732 [INFO] Argument:335 - Argument : Priorityvalue: DMA_PRIORITY_LOW
2026-07-22 16:12:45,732 [INFO] Argument:325 - Argument : FIFOModevalue: DMA_FIFOMODE_DISABLE
2026-07-22 16:12:45,732 [INFO] Argument:335 - Argument : FIFOModevalue: DMA_FIFOMODE_DISABLE
2026-07-22 16:12:45,732 [INFO] Argument:325 - Argument : FIFOThresholdvalue: null
2026-07-22 16:12:45,732 [INFO] Argument:335 - Argument : FIFOThresholdvalue: null
2026-07-22 16:12:45,732 [INFO] Argument:325 - Argument : MemBurstvalue: null
2026-07-22 16:12:45,732 [INFO] Argument:335 - Argument : MemBurstvalue: null
2026-07-22 16:12:45,732 [INFO] Argument:325 - Argument : PeriphBurstvalue: null
2026-07-22 16:12:45,732 [INFO] Argument:335 - Argument : PeriphBurstvalue: null
2026-07-22 16:12:45,732 [INFO] Argument:325 - Argument : Lockvalue: null
2026-07-22 16:12:45,732 [INFO] Argument:335 - Argument : Lockvalue: null
2026-07-22 16:12:45,732 [INFO] Argument:325 - Argument : Statevalue: null
2026-07-22 16:12:45,732 [INFO] Argument:335 - Argument : Statevalue: null
2026-07-22 16:12:45,732 [INFO] Argument:325 - Argument : Parentvalue: null
2026-07-22 16:12:45,732 [INFO] Argument:335 - Argument : Parentvalue: null
2026-07-22 16:12:45,732 [INFO] Argument:325 - Argument : XferCpltCallbackvalue: null
2026-07-22 16:12:45,732 [INFO] Argument:335 - Argument : XferCpltCallbackvalue: null
2026-07-22 16:12:45,732 [INFO] Argument:325 - Argument : XferHalfCpltCallbackvalue: null
2026-07-22 16:12:45,732 [INFO] Argument:335 - Argument : XferHalfCpltCallbackvalue: null
2026-07-22 16:12:45,732 [INFO] Argument:325 - Argument : XferM1CpltCallbackvalue: null
2026-07-22 16:12:45,732 [INFO] Argument:335 - Argument : XferM1CpltCallbackvalue: null
2026-07-22 16:12:45,732 [INFO] Argument:325 - Argument : XferErrorCallbackvalue: null
2026-07-22 16:12:45,732 [INFO] Argument:335 - Argument : XferErrorCallbackvalue: null
2026-07-22 16:12:45,732 [INFO] Argument:325 - Argument : ErrorCodevalue: null
2026-07-22 16:12:45,732 [INFO] Argument:335 - Argument : ErrorCodevalue: null
2026-07-22 16:12:45,734 [INFO] Argument:325 - Argument : hdmavalue: null
2026-07-22 16:12:45,734 [INFO] Argument:327 - 	 sub Args: 
2026-07-22 16:12:45,734 [INFO] Argument:325 - Argument : Instancevalue: DMA1_Stream4
2026-07-22 16:12:45,734 [INFO] Argument:335 - Argument : Instancevalue: DMA1_Stream4
2026-07-22 16:12:45,734 [INFO] Argument:325 - Argument : Initvalue: null
2026-07-22 16:12:45,734 [INFO] Argument:327 - 	 sub Args: 
2026-07-22 16:12:45,734 [INFO] Argument:325 - Argument : Channelvalue: DMA_CHANNEL_0
2026-07-22 16:12:45,734 [INFO] Argument:335 - Argument : Channelvalue: DMA_CHANNEL_0
2026-07-22 16:12:45,734 [INFO] Argument:325 - Argument : Directionvalue: DMA_MEMORY_TO_PERIPH
2026-07-22 16:12:45,734 [INFO] Argument:335 - Argument : Directionvalue: DMA_MEMORY_TO_PERIPH
2026-07-22 16:12:45,734 [INFO] Argument:325 - Argument : PeriphIncvalue: DMA_PINC_DISABLE
2026-07-22 16:12:45,734 [INFO] Argument:335 - Argument : PeriphIncvalue: DMA_PINC_DISABLE
2026-07-22 16:12:45,734 [INFO] Argument:325 - Argument : MemIncvalue: DMA_MINC_ENABLE
2026-07-22 16:12:45,734 [INFO] Argument:335 - Argument : MemIncvalue: DMA_MINC_ENABLE
2026-07-22 16:12:45,734 [INFO] Argument:325 - Argument : PeriphDataAlignmentvalue: DMA_PDATAALIGN_HALFWORD
2026-07-22 16:12:45,734 [INFO] Argument:335 - Argument : PeriphDataAlignmentvalue: DMA_PDATAALIGN_HALFWORD
2026-07-22 16:12:45,734 [INFO] Argument:325 - Argument : MemDataAlignmentvalue: DMA_MDATAALIGN_HALFWORD
2026-07-22 16:12:45,734 [INFO] Argument:335 - Argument : MemDataAlignmentvalue: DMA_MDATAALIGN_HALFWORD
2026-07-22 16:12:45,734 [INFO] Argument:325 - Argument : Modevalue: DMA_CIRCULAR
2026-07-22 16:12:45,734 [INFO] Argument:335 - Argument : Modevalue: DMA_CIRCULAR
2026-07-22 16:12:45,734 [INFO] Argument:325 - Argument : Priorityvalue: DMA_PRIORITY_VERY_HIGH
2026-07-22 16:12:45,734 [INFO] Argument:335 - Argument : Priorityvalue: DMA_PRIORITY_VERY_HIGH
2026-07-22 16:12:45,734 [INFO] Argument:325 - Argument : FIFOModevalue: DMA_FIFOMODE_DISABLE
2026-07-22 16:12:45,734 [INFO] Argument:335 - Argument : FIFOModevalue: DMA_FIFOMODE_DISABLE
2026-07-22 16:12:45,734 [INFO] Argument:325 - Argument : FIFOThresholdvalue: null
2026-07-22 16:12:45,734 [INFO] Argument:335 - Argument : FIFOThresholdvalue: null
2026-07-22 16:12:45,734 [INFO] Argument:325 - Argument : MemBurstvalue: null
2026-07-22 16:12:45,734 [INFO] Argument:335 - Argument : MemBurstvalue: null
2026-07-22 16:12:45,734 [INFO] Argument:325 - Argument : PeriphBurstvalue: null
2026-07-22 16:12:45,734 [INFO] Argument:335 - Argument : PeriphBurstvalue: null
2026-07-22 16:12:45,734 [INFO] Argument:325 - Argument : Lockvalue: null
2026-07-22 16:12:45,734 [INFO] Argument:335 - Argument : Lockvalue: null
2026-07-22 16:12:45,734 [INFO] Argument:325 - Argument : Statevalue: null
2026-07-22 16:12:45,734 [INFO] Argument:335 - Argument : Statevalue: null
2026-07-22 16:12:45,734 [INFO] Argument:325 - Argument : Parentvalue: null
2026-07-22 16:12:45,735 [INFO] Argument:335 - Argument : Parentvalue: null
2026-07-22 16:12:45,735 [INFO] Argument:325 - Argument : XferCpltCallbackvalue: null
2026-07-22 16:12:45,735 [INFO] Argument:335 - Argument : XferCpltCallbackvalue: null
2026-07-22 16:12:45,735 [INFO] Argument:325 - Argument : XferHalfCpltCallbackvalue: null
2026-07-22 16:12:45,735 [INFO] Argument:335 - Argument : XferHalfCpltCallbackvalue: null
2026-07-22 16:12:45,735 [INFO] Argument:325 - Argument : XferM1CpltCallbackvalue: null
2026-07-22 16:12:45,735 [INFO] Argument:335 - Argument : XferM1CpltCallbackvalue: null
2026-07-22 16:12:45,735 [INFO] Argument:325 - Argument : XferErrorCallbackvalue: null
2026-07-22 16:12:45,735 [INFO] Argument:335 - Argument : XferErrorCallbackvalue: null
2026-07-22 16:12:45,735 [INFO] Argument:325 - Argument : ErrorCodevalue: null
2026-07-22 16:12:45,735 [INFO] Argument:335 - Argument : ErrorCodevalue: null
2026-07-22 16:12:45,753 [WARN] IP:2250 - DEVICE_SERIAL0_HID_FS not found: check if there is a RefParameter without a condition.
2026-07-22 16:12:45,753 [WARN] IP:2250 - DEVICE_SERIAL1_HID_FS not found: check if there is a RefParameter without a condition.
2026-07-22 16:12:45,753 [WARN] IP:2250 - DEVICE_SERIAL2_HID_FS not found: check if there is a RefParameter without a condition.
2026-07-22 16:12:45,847 [INFO] CodeEngine:263 - oldGeneratedFile, D:\Projects\Ventures\Mruda\01_Technical\MCU_Software\MCU_3.1.0\Mruda_midi_3.0.2\MXTmpFiles\license.tmp_save
2026-07-22 16:12:45,929 [INFO] CodeEngine:287 - Generated code: D:\Projects\Ventures\Mruda\01_Technical\MCU_Software\MCU_3.1.0\Mruda_midi_3.0.2\MXTmpFiles\license.tmp
2026-07-22 16:12:45,954 [INFO] CodeEngine:263 - oldGeneratedFile, D:\Projects\Ventures\Mruda\01_Technical\MCU_Software\MCU_3.1.0\Mruda_midi_3.0.2\MXTmpFiles\gpio.tmp_save
2026-07-22 16:12:46,031 [INFO] CodeEngine:287 - Generated code: D:\Projects\Ventures\Mruda\01_Technical\MCU_Software\MCU_3.1.0\Mruda_midi_3.0.2\MXTmpFiles\gpio.tmp
2026-07-22 16:12:46,061 [WARN] IPConfigManager:3217 - Warning: the RefConfig PWREx_EnableUSBVoltageDetector is not available in your config.xml file
2026-07-22 16:12:46,071 [INFO] CodeEngine:263 - oldGeneratedFile, D:\Projects\Ventures\Mruda\01_Technical\MCU_Software\MCU_3.1.0\Mruda_midi_3.0.2\MXTmpFiles\usb_otg_fs_vars.tmp_save
2026-07-22 16:12:46,146 [INFO] CodeEngine:287 - Generated code: D:\Projects\Ventures\Mruda\01_Technical\MCU_Software\MCU_3.1.0\Mruda_midi_3.0.2\MXTmpFiles\usb_otg_fs_vars.tmp
2026-07-22 16:12:46,151 [INFO] CodeEngine:263 - oldGeneratedFile, D:\Projects\Ventures\Mruda\01_Technical\MCU_Software\MCU_3.1.0\Mruda_midi_3.0.2\MXTmpFiles\usb_otg_fs_inc.tmp_save
2026-07-22 16:12:46,205 [INFO] CodeEngine:287 - Generated code: D:\Projects\Ventures\Mruda\01_Technical\MCU_Software\MCU_3.1.0\Mruda_midi_3.0.2\MXTmpFiles\usb_otg_fs_inc.tmp
2026-07-22 16:12:46,209 [INFO] CodeEngine:263 - oldGeneratedFile, D:\Projects\Ventures\Mruda\01_Technical\MCU_Software\MCU_3.1.0\Mruda_midi_3.0.2\MXTmpFiles\usb_otg_fs_HalInit.tmp_save
2026-07-22 16:12:46,286 [INFO] CodeEngine:287 - Generated code: D:\Projects\Ventures\Mruda\01_Technical\MCU_Software\MCU_3.1.0\Mruda_midi_3.0.2\MXTmpFiles\usb_otg_fs_HalInit.tmp
2026-07-22 16:12:46,291 [INFO] CodeEngine:263 - oldGeneratedFile, D:\Projects\Ventures\Mruda\01_Technical\MCU_Software\MCU_3.1.0\Mruda_midi_3.0.2\MXTmpFiles\usb_otg_fs_Msp.tmp_save
2026-07-22 16:12:46,365 [INFO] CodeEngine:287 - Generated code: D:\Projects\Ventures\Mruda\01_Technical\MCU_Software\MCU_3.1.0\Mruda_midi_3.0.2\MXTmpFiles\usb_otg_fs_Msp.tmp
2026-07-22 16:12:46,567 [INFO] Middleware:1452 - No code input for Bsp Dependency
2026-07-22 16:12:46,591 [INFO] CodeEngine:263 - oldGeneratedFile, D:\Projects\Ventures\Mruda\01_Technical\MCU_Software\MCU_3.1.0\Mruda_midi_3.0.2\MXTmpFiles\dma.tmp_save
2026-07-22 16:12:46,665 [INFO] CodeEngine:287 - Generated code: D:\Projects\Ventures\Mruda\01_Technical\MCU_Software\MCU_3.1.0\Mruda_midi_3.0.2\MXTmpFiles\dma.tmp
2026-07-22 16:12:46,670 [INFO] CodeEngine:263 - oldGeneratedFile, D:\Projects\Ventures\Mruda\01_Technical\MCU_Software\MCU_3.1.0\Mruda_midi_3.0.2\MXTmpFiles\dma_GV.tmp_save
2026-07-22 16:12:46,722 [INFO] CodeEngine:287 - Generated code: D:\Projects\Ventures\Mruda\01_Technical\MCU_Software\MCU_3.1.0\Mruda_midi_3.0.2\MXTmpFiles\dma_GV.tmp
2026-07-22 16:12:46,737 [INFO] Middleware:1452 - No code input for Bsp Dependency
2026-07-22 16:12:46,756 [INFO] CodeEngine:263 - oldGeneratedFile, D:\Projects\Ventures\Mruda\01_Technical\MCU_Software\MCU_3.1.0\Mruda_midi_3.0.2\USB_DEVICE\App\usb_device.c_save
2026-07-22 16:12:46,825 [INFO] CodeEngine:287 - Generated code: D:\Projects\Ventures\Mruda\01_Technical\MCU_Software\MCU_3.1.0\Mruda_midi_3.0.2\USB_DEVICE\App\usb_device.c
2026-07-22 16:12:46,841 [INFO] CodeEngine:263 - oldGeneratedFile, D:\Projects\Ventures\Mruda\01_Technical\MCU_Software\MCU_3.1.0\Mruda_midi_3.0.2\USB_DEVICE\App\usb_device.h_save
2026-07-22 16:12:46,901 [INFO] CodeEngine:287 - Generated code: D:\Projects\Ventures\Mruda\01_Technical\MCU_Software\MCU_3.1.0\Mruda_midi_3.0.2\USB_DEVICE\App\usb_device.h
2026-07-22 16:12:46,908 [INFO] CodeEngine:263 - oldGeneratedFile, D:\Projects\Ventures\Mruda\01_Technical\MCU_Software\MCU_3.1.0\Mruda_midi_3.0.2\USB_DEVICE\Target\usbd_conf.h_save
2026-07-22 16:12:46,968 [INFO] CodeEngine:287 - Generated code: D:\Projects\Ventures\Mruda\01_Technical\MCU_Software\MCU_3.1.0\Mruda_midi_3.0.2\USB_DEVICE\Target\usbd_conf.h
2026-07-22 16:12:46,983 [INFO] CodeEngine:263 - oldGeneratedFile, D:\Projects\Ventures\Mruda\01_Technical\MCU_Software\MCU_3.1.0\Mruda_midi_3.0.2\USB_DEVICE\Target\usbd_conf.c_save
2026-07-22 16:12:47,086 [INFO] CodeEngine:287 - Generated code: D:\Projects\Ventures\Mruda\01_Technical\MCU_Software\MCU_3.1.0\Mruda_midi_3.0.2\USB_DEVICE\Target\usbd_conf.c
2026-07-22 16:12:47,093 [INFO] CodeEngine:263 - oldGeneratedFile, D:\Projects\Ventures\Mruda\01_Technical\MCU_Software\MCU_3.1.0\Mruda_midi_3.0.2\USB_DEVICE\App\usbd_desc.h_save
2026-07-22 16:12:47,153 [INFO] CodeEngine:287 - Generated code: D:\Projects\Ventures\Mruda\01_Technical\MCU_Software\MCU_3.1.0\Mruda_midi_3.0.2\USB_DEVICE\App\usbd_desc.h
2026-07-22 16:12:47,168 [INFO] CodeEngine:263 - oldGeneratedFile, D:\Projects\Ventures\Mruda\01_Technical\MCU_Software\MCU_3.1.0\Mruda_midi_3.0.2\USB_DEVICE\App\usbd_desc.c_save
2026-07-22 16:12:47,259 [INFO] CodeEngine:287 - Generated code: D:\Projects\Ventures\Mruda\01_Technical\MCU_Software\MCU_3.1.0\Mruda_midi_3.0.2\USB_DEVICE\App\usbd_desc.c
2026-07-22 16:12:47,283 [INFO] CodeEngine:263 - oldGeneratedFile, D:\Projects\Ventures\Mruda\01_Technical\MCU_Software\MCU_3.1.0\Mruda_midi_3.0.2\Core\Src\stm32f4xx_it.c_save
2026-07-22 16:12:47,360 [INFO] CodeEngine:287 - Generated code: D:\Projects\Ventures\Mruda\01_Technical\MCU_Software\MCU_3.1.0\Mruda_midi_3.0.2\Core\Src\stm32f4xx_it.c
2026-07-22 16:12:47,368 [INFO] CodeEngine:263 - oldGeneratedFile, D:\Projects\Ventures\Mruda\01_Technical\MCU_Software\MCU_3.1.0\Mruda_midi_3.0.2\Core\Inc\stm32f4xx_it.h_save
2026-07-22 16:12:47,426 [INFO] CodeEngine:287 - Generated code: D:\Projects\Ventures\Mruda\01_Technical\MCU_Software\MCU_3.1.0\Mruda_midi_3.0.2\Core\Inc\stm32f4xx_it.h
2026-07-22 16:12:47,455 [INFO] CodeEngine:263 - oldGeneratedFile, D:\Projects\Ventures\Mruda\01_Technical\MCU_Software\MCU_3.1.0\Mruda_midi_3.0.2\Core\Src\stm32f4xx_hal_msp.c_save
2026-07-22 16:12:47,569 [INFO] CodeEngine:287 - Generated code: D:\Projects\Ventures\Mruda\01_Technical\MCU_Software\MCU_3.1.0\Mruda_midi_3.0.2\Core\Src\stm32f4xx_hal_msp.c
2026-07-22 16:12:47,574 [INFO] CodeEngine:263 - oldGeneratedFile, D:\Projects\Ventures\Mruda\01_Technical\MCU_Software\MCU_3.1.0\Mruda_midi_3.0.2\MXTmpFiles\system.tmp_save
2026-07-22 16:12:47,628 [INFO] CodeEngine:287 - Generated code: D:\Projects\Ventures\Mruda\01_Technical\MCU_Software\MCU_3.1.0\Mruda_midi_3.0.2\MXTmpFiles\system.tmp
2026-07-22 16:12:47,649 [INFO] CodeEngine:319 - oldGeneratedFile, D:\Projects\Ventures\Mruda\01_Technical\MCU_Software\MCU_3.1.0\Mruda_midi_3.0.2\Core\Inc\stm32f4xx_hal_conf.h_save
2026-07-22 16:12:47,741 [INFO] CodeEngine:343 - Generated code: D:\Projects\Ventures\Mruda\01_Technical\MCU_Software\MCU_3.1.0\Mruda_midi_3.0.2\Core\Inc\stm32f4xx_hal_conf.h
2026-07-22 16:12:47,766 [WARN] IPConfigManager:3790 - IP not found : TIM
2026-07-22 16:12:47,767 [WARN] CodeGenerator:4198 - IP not found : null
2026-07-22 16:12:47,784 [INFO] CodeEngine:263 - oldGeneratedFile, D:\Projects\Ventures\Mruda\01_Technical\MCU_Software\MCU_3.1.0\Mruda_midi_3.0.2\Core\Inc\main.h_save
2026-07-22 16:12:47,865 [INFO] CodeEngine:287 - Generated code: D:\Projects\Ventures\Mruda\01_Technical\MCU_Software\MCU_3.1.0\Mruda_midi_3.0.2\Core\Inc\main.h
2026-07-22 16:12:47,882 [INFO] CodeEngine:263 - oldGeneratedFile, D:\Projects\Ventures\Mruda\01_Technical\MCU_Software\MCU_3.1.0\Mruda_midi_3.0.2\Core\Src\main.c_save
2026-07-22 16:12:48,017 [INFO] CodeEngine:287 - Generated code: D:\Projects\Ventures\Mruda\01_Technical\MCU_Software\MCU_3.1.0\Mruda_midi_3.0.2\Core\Src\main.c
2026-07-22 16:12:48,427 [INFO] ProjectBuilder:3324 - Time for Copy HAL[1] : 245mS.
2026-07-22 16:12:48,436 [INFO] ProjectBuilder:4912 - Project Generator version: 4.6.0.1-B1
2026-07-22 16:12:48,515 [INFO] ConfigFileManager:1590 - The Die is : DIE431
2026-07-22 16:12:49,676 [INFO] ProjectBuilder:5191 - Time for Generating toolchain IDE Files: 1240mS.
2026-07-22 16:12:49,677 [INFO] ProjectBuilder:3181 - Time for Copy CMSIS : 1mS.
2026-07-22 16:12:49,683 [INFO] ProjectBuilder:3181 - Time for Copy CMSIS : 0mS.
2026-07-22 18:43:13,351 [INFO] ADCParametersView:116 -                Rank 1 : false
2026-07-22 18:43:13,351 [INFO] ADCParametersView:116 -                Rank 2 : false
2026-07-22 18:43:13,351 [INFO] ADCParametersView:116 -                Rank 3 : false
2026-07-22 18:43:13,355 [INFO] ADCParametersView:116 -                Rank 1 : false
2026-07-22 18:43:13,355 [INFO] ADCParametersView:116 -                Rank 2 : false
2026-07-22 18:43:13,355 [INFO] ADCParametersView:116 -                Rank 3 : false
2026-07-22 18:43:13,356 [INFO] ADCParametersView:116 -                Rank 1 : false
2026-07-22 18:43:13,356 [INFO] ADCParametersView:116 -                Rank 2 : false
2026-07-22 18:43:13,356 [INFO] ADCParametersView:116 -                Rank 3 : false
2026-07-22 18:43:13,356 [INFO] ADCParametersView:116 -                Rank 1 : false
2026-07-22 18:43:13,356 [INFO] ADCParametersView:116 -                Rank 2 : false
2026-07-22 18:43:13,356 [INFO] ADCParametersView:116 -                Rank 3 : false
2026-07-22 18:43:13,357 [INFO] ADCParametersView:116 -                Rank 1 : false
2026-07-22 18:43:13,357 [INFO] ADCParametersView:116 -                Rank 2 : false
2026-07-22 18:43:13,357 [INFO] ADCParametersView:116 -                Rank 3 : false
2026-07-22 18:43:13,357 [INFO] ADCParametersView:116 -                Rank 1 : false
2026-07-22 18:43:13,357 [INFO] ADCParametersView:116 -                Rank 2 : false
2026-07-22 18:43:13,357 [INFO] ADCParametersView:116 -                Rank 3 : false
2026-07-22 18:43:13,357 [INFO] ADCParametersView:116 -                Rank 1 : false
2026-07-22 18:43:13,357 [INFO] ADCParametersView:116 -                Rank 2 : false
2026-07-22 18:43:13,357 [INFO] ADCParametersView:116 -                Rank 3 : false
2026-07-22 18:43:13,358 [INFO] ADCParametersView:116 -                Rank 1 : false
2026-07-22 18:43:13,358 [INFO] ADCParametersView:116 -                Rank 2 : false
2026-07-22 18:43:13,358 [INFO] ADCParametersView:116 -                Rank 3 : false
2026-07-22 18:43:13,358 [INFO] ADCParametersView:116 -                Rank 1 : false
2026-07-22 18:43:13,358 [INFO] ADCParametersView:116 -                Rank 2 : false
2026-07-22 18:43:13,358 [INFO] ADCParametersView:116 -                Rank 3 : false
2026-07-22 18:43:13,358 [INFO] ADCParametersView:116 -                Rank 1 : false
2026-07-22 18:43:13,359 [INFO] ADCParametersView:116 -                Rank 2 : false
2026-07-22 18:43:13,359 [INFO] ADCParametersView:116 -                Rank 3 : false
2026-07-22 18:43:13,359 [INFO] ADCParametersView:116 -                Rank 1 : false
2026-07-22 18:43:13,360 [INFO] ADCParametersView:116 -                Rank 2 : false
2026-07-22 18:43:13,360 [INFO] ADCParametersView:116 -                Rank 3 : false
2026-07-22 18:43:13,361 [INFO] ADCParametersView:116 -                Rank 1 : false
2026-07-22 18:43:13,361 [INFO] ADCParametersView:116 -                Rank 2 : false
2026-07-22 18:43:13,361 [INFO] ADCParametersView:116 -                Rank 3 : false
2026-07-22 18:43:13,361 [INFO] ADCParametersView:116 -                Rank 1 : false
2026-07-22 18:43:13,362 [INFO] ADCParametersView:116 -                Rank 2 : false
2026-07-22 18:43:13,362 [INFO] ADCParametersView:116 -                Rank 3 : false
2026-07-22 18:43:13,362 [INFO] ADCParametersView:116 -                Rank 1 : false
2026-07-22 18:43:13,362 [INFO] ADCParametersView:116 -                Rank 2 : false
2026-07-22 18:43:13,362 [INFO] ADCParametersView:116 -                Rank 3 : false
2026-07-22 18:43:13,362 [INFO] ADCParametersView:116 -                Rank 2 : false
2026-07-22 18:43:13,362 [INFO] ADCParametersView:116 -                Rank 3 : false
2026-07-22 18:43:13,363 [INFO] ADCParametersView:116 -                Rank 3 : false
2026-07-22 18:43:13,430 [INFO] ADCParametersView:116 -                Rank 1 : false
2026-07-22 18:43:13,430 [INFO] ADCParametersView:116 -                Rank 1 : false
2026-07-22 18:43:13,431 [INFO] ADCParametersView:116 -                Rank 2 : false
2026-07-22 18:43:13,431 [INFO] ADCParametersView:116 -                Rank 1 : false
2026-07-22 18:43:13,431 [INFO] ADCParametersView:116 -                Rank 2 : false
2026-07-22 18:43:13,431 [INFO] ADCParametersView:116 -                Rank 3 : false
2026-07-22 18:43:13,505 [INFO] ADCParametersView:116 -                Rank 1 : false
2026-07-22 18:43:13,505 [INFO] ADCParametersView:116 -                Rank 2 : false
2026-07-22 18:43:13,505 [INFO] ADCParametersView:116 -                Rank 3 : false
2026-07-22 18:43:13,505 [INFO] ADCParametersView:116 -                Rank 1 : false
2026-07-22 18:43:13,505 [INFO] ADCParametersView:116 -                Rank 2 : false
2026-07-22 18:43:13,505 [INFO] ADCParametersView:116 -                Rank 3 : false
2026-07-22 18:43:13,509 [INFO] ADCParametersView:116 -                Rank 1 : false
2026-07-22 18:43:13,509 [INFO] ADCParametersView:116 -                Rank 2 : false
2026-07-22 18:43:13,509 [INFO] ADCParametersView:116 -                Rank 3 : false
2026-07-22 18:43:13,509 [INFO] ADCParametersView:116 -                Rank 1 : false
2026-07-22 18:43:13,509 [INFO] ADCParametersView:116 -                Rank 2 : false
2026-07-22 18:43:13,510 [INFO] ADCParametersView:116 -                Rank 3 : false
2026-07-22 18:43:13,510 [INFO] ADCParametersView:116 -                Rank 1 : false
2026-07-22 18:43:13,510 [INFO] ADCParametersView:116 -                Rank 2 : false
2026-07-22 18:43:13,510 [INFO] ADCParametersView:116 -                Rank 3 : false
2026-07-22 18:43:13,510 [INFO] ADCParametersView:116 -                Rank 1 : false
2026-07-22 18:43:13,510 [INFO] ADCParametersView:116 -                Rank 2 : false
2026-07-22 18:43:13,510 [INFO] ADCParametersView:116 -                Rank 3 : false
2026-07-22 18:43:13,512 [INFO] ADCParametersView:116 -                Rank 1 : false
2026-07-22 18:43:13,512 [INFO] ADCParametersView:116 -                Rank 2 : false
2026-07-22 18:43:13,512 [INFO] ADCParametersView:116 -                Rank 3 : false
2026-07-22 18:43:13,512 [INFO] ADCParametersView:116 -                Rank 1 : false
2026-07-22 18:43:13,512 [INFO] ADCParametersView:116 -                Rank 2 : false
2026-07-22 18:43:13,512 [INFO] ADCParametersView:116 -                Rank 3 : false
2026-07-22 18:43:13,512 [INFO] ADCParametersView:116 -                Rank 1 : false
2026-07-22 18:43:13,512 [INFO] ADCParametersView:116 -                Rank 2 : false
2026-07-22 18:43:13,512 [INFO] ADCParametersView:116 -                Rank 3 : false
2026-07-22 18:43:13,513 [INFO] ADCParametersView:116 -                Rank 1 : false
2026-07-22 18:43:13,513 [INFO] ADCParametersView:116 -                Rank 2 : false
2026-07-22 18:43:13,513 [INFO] ADCParametersView:116 -                Rank 3 : false
2026-07-22 18:43:13,513 [INFO] ADCParametersView:116 -                Rank 1 : false
2026-07-22 18:43:13,513 [INFO] ADCParametersView:116 -                Rank 2 : false
2026-07-22 18:43:13,513 [INFO] ADCParametersView:116 -                Rank 3 : false
2026-07-22 18:43:13,513 [INFO] ADCParametersView:116 -                Rank 1 : false
2026-07-22 18:43:13,513 [INFO] ADCParametersView:116 -                Rank 2 : false
2026-07-22 18:43:13,513 [INFO] ADCParametersView:116 -                Rank 3 : false
2026-07-22 18:43:13,513 [INFO] ADCParametersView:116 -                Rank 1 : false
2026-07-22 18:43:13,513 [INFO] ADCParametersView:116 -                Rank 2 : false
2026-07-22 18:43:13,514 [INFO] ADCParametersView:116 -                Rank 3 : false
2026-07-22 18:43:13,514 [INFO] ADCParametersView:116 -                Rank 1 : false
2026-07-22 18:43:13,514 [INFO] ADCParametersView:116 -                Rank 2 : false
2026-07-22 18:43:13,514 [INFO] ADCParametersView:116 -                Rank 3 : false
2026-07-22 18:43:13,514 [INFO] ADCParametersView:116 -                Rank 2 : false
2026-07-22 18:43:13,514 [INFO] ADCParametersView:116 -                Rank 3 : false
2026-07-22 18:43:13,515 [INFO] ADCParametersView:116 -                Rank 3 : false
2026-07-22 18:43:13,551 [INFO] ADCParametersView:116 -                Rank 1 : false
2026-07-22 18:43:13,551 [INFO] ADCParametersView:116 -                Rank 1 : false
2026-07-22 18:43:13,551 [INFO] ADCParametersView:116 -                Rank 2 : false
2026-07-22 18:43:13,552 [INFO] ADCParametersView:116 -                Rank 1 : false
2026-07-22 18:43:13,552 [INFO] ADCParametersView:116 -                Rank 2 : false
2026-07-22 18:43:13,552 [INFO] ADCParametersView:116 -                Rank 3 : false
2026-07-22 18:43:16,794 [INFO] ADCParametersView:116 -                Rank 1 : false
2026-07-22 18:43:16,794 [INFO] ADCParametersView:116 -                Rank 2 : false
2026-07-22 18:43:16,794 [INFO] ADCParametersView:116 -                Rank 3 : false
2026-07-22 18:43:24,303 [INFO] ADCParametersView:116 -                Rank 1 : false
2026-07-22 18:43:24,304 [INFO] ADCParametersView:116 -                Rank 2 : false
2026-07-22 18:43:24,304 [INFO] ADCParametersView:116 -                Rank 3 : false
2026-07-22 18:43:25,548 [INFO] ADCParametersView:116 -                Rank 1 : false
2026-07-22 18:43:25,548 [INFO] ADCParametersView:116 -                Rank 2 : false
2026-07-22 18:43:25,548 [INFO] ADCParametersView:116 -                Rank 3 : false
2026-07-22 18:43:32,969 [INFO] ADCParametersView:116 -                Rank 1 : false
2026-07-22 18:43:32,971 [INFO] ADCParametersView:116 -                Rank 2 : false
2026-07-22 18:43:32,971 [INFO] ADCParametersView:116 -                Rank 3 : false
2026-07-22 18:43:34,755 [INFO] ADCParametersView:116 -                Rank 1 : true
2026-07-22 18:43:34,755 [INFO] ADCParametersView:116 -                Rank 2 : false
2026-07-22 18:43:34,755 [INFO] ADCParametersView:116 -                Rank 3 : false
2026-07-22 18:43:35,605 [INFO] ADCParametersView:116 -                Rank 1 : true
2026-07-22 18:43:35,605 [INFO] ADCParametersView:116 -                Rank 2 : true
2026-07-22 18:43:35,605 [INFO] ADCParametersView:116 -                Rank 3 : false
2026-07-22 18:43:36,231 [INFO] ADCParametersView:116 -                Rank 1 : true
2026-07-22 18:43:36,231 [INFO] ADCParametersView:116 -                Rank 2 : true
2026-07-22 18:43:36,231 [INFO] ADCParametersView:116 -                Rank 3 : true
2026-07-22 18:43:41,163 [INFO] NvicIntPanel:101 - NVIC parent = com.st.microxplorer.plugins.ip.nvic.MultiNvicIntPanel[,0,0,0x0,invalid,layout=javax.swing.BoxLayout,alignmentX=0.0,alignmentY=0.0,border=,flags=9,maximumSize=,minimumSize=,preferredSize=]
2026-07-22 18:43:41,218 [INFO] ADCParametersView:116 -                Rank 1 : true
2026-07-22 18:43:41,218 [INFO] ADCParametersView:116 -                Rank 2 : true
2026-07-22 18:43:41,218 [INFO] ADCParametersView:116 -                Rank 3 : true
2026-07-22 18:43:41,222 [INFO] ADCParametersView:116 -                Rank 1 : true
2026-07-22 18:43:41,222 [INFO] ADCParametersView:116 -                Rank 2 : true
2026-07-22 18:43:41,222 [INFO] ADCParametersView:116 -                Rank 3 : true
2026-07-22 18:43:41,223 [INFO] ADCParametersView:116 -                Rank 1 : true
2026-07-22 18:43:41,223 [INFO] ADCParametersView:116 -                Rank 2 : true
2026-07-22 18:43:41,223 [INFO] ADCParametersView:116 -                Rank 3 : true
2026-07-22 18:43:41,223 [INFO] ADCParametersView:116 -                Rank 1 : true
2026-07-22 18:43:41,223 [INFO] ADCParametersView:116 -                Rank 2 : true
2026-07-22 18:43:41,223 [INFO] ADCParametersView:116 -                Rank 3 : true
2026-07-22 18:43:41,223 [INFO] ADCParametersView:116 -                Rank 1 : true
2026-07-22 18:43:41,223 [INFO] ADCParametersView:116 -                Rank 2 : true
2026-07-22 18:43:41,223 [INFO] ADCParametersView:116 -                Rank 3 : true
2026-07-22 18:43:41,223 [INFO] ADCParametersView:116 -                Rank 1 : true
2026-07-22 18:43:41,223 [INFO] ADCParametersView:116 -                Rank 2 : true
2026-07-22 18:43:41,223 [INFO] ADCParametersView:116 -                Rank 3 : true
2026-07-22 18:43:41,223 [INFO] ADCParametersView:116 -                Rank 1 : true
2026-07-22 18:43:41,223 [INFO] ADCParametersView:116 -                Rank 2 : true
2026-07-22 18:43:41,223 [INFO] ADCParametersView:116 -                Rank 3 : true
2026-07-22 18:43:41,223 [INFO] ADCParametersView:116 -                Rank 1 : true
2026-07-22 18:43:41,224 [INFO] ADCParametersView:116 -                Rank 2 : true
2026-07-22 18:43:41,224 [INFO] ADCParametersView:116 -                Rank 3 : true
2026-07-22 18:43:41,224 [INFO] ADCParametersView:116 -                Rank 1 : true
2026-07-22 18:43:41,224 [INFO] ADCParametersView:116 -                Rank 2 : true
2026-07-22 18:43:41,224 [INFO] ADCParametersView:116 -                Rank 3 : true
2026-07-22 18:43:41,224 [INFO] ADCParametersView:116 -                Rank 1 : true
2026-07-22 18:43:41,224 [INFO] ADCParametersView:116 -                Rank 2 : true
2026-07-22 18:43:41,224 [INFO] ADCParametersView:116 -                Rank 3 : true
2026-07-22 18:43:41,224 [INFO] ADCParametersView:116 -                Rank 1 : true
2026-07-22 18:43:41,224 [INFO] ADCParametersView:116 -                Rank 2 : true
2026-07-22 18:43:41,224 [INFO] ADCParametersView:116 -                Rank 3 : true
2026-07-22 18:43:41,224 [INFO] ADCParametersView:116 -                Rank 1 : true
2026-07-22 18:43:41,224 [INFO] ADCParametersView:116 -                Rank 2 : true
2026-07-22 18:43:41,224 [INFO] ADCParametersView:116 -                Rank 3 : true
2026-07-22 18:43:41,224 [INFO] ADCParametersView:116 -                Rank 1 : true
2026-07-22 18:43:41,224 [INFO] ADCParametersView:116 -                Rank 2 : true
2026-07-22 18:43:41,224 [INFO] ADCParametersView:116 -                Rank 3 : true
2026-07-22 18:43:41,224 [INFO] ADCParametersView:116 -                Rank 1 : true
2026-07-22 18:43:41,225 [INFO] ADCParametersView:116 -                Rank 2 : true
2026-07-22 18:43:41,225 [INFO] ADCParametersView:116 -                Rank 3 : true
2026-07-22 18:43:41,225 [INFO] ADCParametersView:116 -                Rank 2 : true
2026-07-22 18:43:41,225 [INFO] ADCParametersView:116 -                Rank 3 : true
2026-07-22 18:43:41,225 [INFO] ADCParametersView:116 -                Rank 3 : true
2026-07-22 18:43:41,246 [INFO] ADCParametersView:116 -                Rank 1 : true
2026-07-22 18:43:41,246 [INFO] ADCParametersView:116 -                Rank 1 : true
2026-07-22 18:43:41,246 [INFO] ADCParametersView:116 -                Rank 2 : true
2026-07-22 18:43:41,247 [INFO] ADCParametersView:116 -                Rank 1 : true
2026-07-22 18:43:41,247 [INFO] ADCParametersView:116 -                Rank 2 : true
2026-07-22 18:43:41,247 [INFO] ADCParametersView:116 -                Rank 3 : true
2026-07-22 18:43:43,146 [INFO] NvicIntPanel:101 - NVIC parent = com.st.microxplorer.plugins.ip.nvic.MultiNvicIntPanel[,0,0,0x0,invalid,layout=javax.swing.BoxLayout,alignmentX=0.0,alignmentY=0.0,border=,flags=9,maximumSize=,minimumSize=,preferredSize=]
2026-07-22 18:43:43,190 [INFO] ADCParametersView:116 -                Rank 1 : true
2026-07-22 18:43:43,190 [INFO] ADCParametersView:116 -                Rank 2 : true
2026-07-22 18:43:43,190 [INFO] ADCParametersView:116 -                Rank 3 : true
2026-07-22 18:43:43,192 [INFO] ADCParametersView:116 -                Rank 1 : true
2026-07-22 18:43:43,193 [INFO] ADCParametersView:116 -                Rank 2 : true
2026-07-22 18:43:43,193 [INFO] ADCParametersView:116 -                Rank 3 : true
2026-07-22 18:43:43,193 [INFO] ADCParametersView:116 -                Rank 1 : true
2026-07-22 18:43:43,193 [INFO] ADCParametersView:116 -                Rank 2 : true
2026-07-22 18:43:43,193 [INFO] ADCParametersView:116 -                Rank 3 : true
2026-07-22 18:43:43,193 [INFO] ADCParametersView:116 -                Rank 1 : true
2026-07-22 18:43:43,193 [INFO] ADCParametersView:116 -                Rank 2 : true
2026-07-22 18:43:43,193 [INFO] ADCParametersView:116 -                Rank 3 : true
2026-07-22 18:43:43,193 [INFO] ADCParametersView:116 -                Rank 1 : true
2026-07-22 18:43:43,193 [INFO] ADCParametersView:116 -                Rank 2 : true
2026-07-22 18:43:43,193 [INFO] ADCParametersView:116 -                Rank 3 : true
2026-07-22 18:43:43,193 [INFO] ADCParametersView:116 -                Rank 1 : true
2026-07-22 18:43:43,193 [INFO] ADCParametersView:116 -                Rank 2 : true
2026-07-22 18:43:43,193 [INFO] ADCParametersView:116 -                Rank 3 : true
2026-07-22 18:43:43,193 [INFO] ADCParametersView:116 -                Rank 1 : true
2026-07-22 18:43:43,193 [INFO] ADCParametersView:116 -                Rank 2 : true
2026-07-22 18:43:43,193 [INFO] ADCParametersView:116 -                Rank 3 : true
2026-07-22 18:43:43,193 [INFO] ADCParametersView:116 -                Rank 1 : true
2026-07-22 18:43:43,193 [INFO] ADCParametersView:116 -                Rank 2 : true
2026-07-22 18:43:43,193 [INFO] ADCParametersView:116 -                Rank 3 : true
2026-07-22 18:43:43,193 [INFO] ADCParametersView:116 -                Rank 1 : true
2026-07-22 18:43:43,193 [INFO] ADCParametersView:116 -                Rank 2 : true
2026-07-22 18:43:43,193 [INFO] ADCParametersView:116 -                Rank 3 : true
2026-07-22 18:43:43,194 [INFO] ADCParametersView:116 -                Rank 1 : true
2026-07-22 18:43:43,194 [INFO] ADCParametersView:116 -                Rank 2 : true
2026-07-22 18:43:43,194 [INFO] ADCParametersView:116 -                Rank 3 : true
2026-07-22 18:43:43,194 [INFO] ADCParametersView:116 -                Rank 1 : true
2026-07-22 18:43:43,194 [INFO] ADCParametersView:116 -                Rank 2 : true
2026-07-22 18:43:43,194 [INFO] ADCParametersView:116 -                Rank 3 : true
2026-07-22 18:43:43,194 [INFO] ADCParametersView:116 -                Rank 1 : true
2026-07-22 18:43:43,194 [INFO] ADCParametersView:116 -                Rank 2 : true
2026-07-22 18:43:43,194 [INFO] ADCParametersView:116 -                Rank 3 : true
2026-07-22 18:43:43,194 [INFO] ADCParametersView:116 -                Rank 1 : true
2026-07-22 18:43:43,194 [INFO] ADCParametersView:116 -                Rank 2 : true
2026-07-22 18:43:43,194 [INFO] ADCParametersView:116 -                Rank 3 : true
2026-07-22 18:43:43,194 [INFO] ADCParametersView:116 -                Rank 1 : true
2026-07-22 18:43:43,194 [INFO] ADCParametersView:116 -                Rank 2 : true
2026-07-22 18:43:43,194 [INFO] ADCParametersView:116 -                Rank 3 : true
2026-07-22 18:43:43,194 [INFO] ADCParametersView:116 -                Rank 2 : true
2026-07-22 18:43:43,194 [INFO] ADCParametersView:116 -                Rank 3 : true
2026-07-22 18:43:43,194 [INFO] ADCParametersView:116 -                Rank 3 : true
2026-07-22 18:43:43,213 [INFO] ADCParametersView:116 -                Rank 1 : true
2026-07-22 18:43:43,213 [INFO] ADCParametersView:116 -                Rank 1 : true
2026-07-22 18:43:43,214 [INFO] ADCParametersView:116 -                Rank 2 : true
2026-07-22 18:43:43,214 [INFO] ADCParametersView:116 -                Rank 1 : true
2026-07-22 18:43:43,214 [INFO] ADCParametersView:116 -                Rank 2 : true
2026-07-22 18:43:43,214 [INFO] ADCParametersView:116 -                Rank 3 : true
2026-07-22 18:43:45,135 [INFO] NvicIntPanel:101 - NVIC parent = com.st.microxplorer.plugins.ip.nvic.MultiNvicIntPanel[,0,0,0x0,invalid,layout=javax.swing.BoxLayout,alignmentX=0.0,alignmentY=0.0,border=,flags=9,maximumSize=,minimumSize=,preferredSize=]
2026-07-22 18:43:45,181 [INFO] ADCParametersView:116 -                Rank 1 : true
2026-07-22 18:43:45,181 [INFO] ADCParametersView:116 -                Rank 2 : true
2026-07-22 18:43:45,181 [INFO] ADCParametersView:116 -                Rank 3 : true
2026-07-22 18:43:45,182 [INFO] ADCParametersView:116 -                Rank 1 : true
2026-07-22 18:43:45,182 [INFO] ADCParametersView:116 -                Rank 2 : true
2026-07-22 18:43:45,182 [INFO] ADCParametersView:116 -                Rank 3 : true
2026-07-22 18:43:45,182 [INFO] ADCParametersView:116 -                Rank 1 : true
2026-07-22 18:43:45,182 [INFO] ADCParametersView:116 -                Rank 2 : true
2026-07-22 18:43:45,182 [INFO] ADCParametersView:116 -                Rank 3 : true
2026-07-22 18:43:45,182 [INFO] ADCParametersView:116 -                Rank 1 : true
2026-07-22 18:43:45,182 [INFO] ADCParametersView:116 -                Rank 2 : true
2026-07-22 18:43:45,182 [INFO] ADCParametersView:116 -                Rank 3 : true
2026-07-22 18:43:45,182 [INFO] ADCParametersView:116 -                Rank 1 : true
2026-07-22 18:43:45,182 [INFO] ADCParametersView:116 -                Rank 2 : true
2026-07-22 18:43:45,182 [INFO] ADCParametersView:116 -                Rank 3 : true
2026-07-22 18:43:45,182 [INFO] ADCParametersView:116 -                Rank 1 : true
2026-07-22 18:43:45,182 [INFO] ADCParametersView:116 -                Rank 2 : true
2026-07-22 18:43:45,182 [INFO] ADCParametersView:116 -                Rank 3 : true
2026-07-22 18:43:45,182 [INFO] ADCParametersView:116 -                Rank 1 : true
2026-07-22 18:43:45,182 [INFO] ADCParametersView:116 -                Rank 2 : true
2026-07-22 18:43:45,182 [INFO] ADCParametersView:116 -                Rank 3 : true
2026-07-22 18:43:45,182 [INFO] ADCParametersView:116 -                Rank 1 : true
2026-07-22 18:43:45,182 [INFO] ADCParametersView:116 -                Rank 2 : true
2026-07-22 18:43:45,182 [INFO] ADCParametersView:116 -                Rank 3 : true
2026-07-22 18:43:45,182 [INFO] ADCParametersView:116 -                Rank 1 : true
2026-07-22 18:43:45,182 [INFO] ADCParametersView:116 -                Rank 2 : true
2026-07-22 18:43:45,182 [INFO] ADCParametersView:116 -                Rank 3 : true
2026-07-22 18:43:45,182 [INFO] ADCParametersView:116 -                Rank 1 : true
2026-07-22 18:43:45,182 [INFO] ADCParametersView:116 -                Rank 2 : true
2026-07-22 18:43:45,182 [INFO] ADCParametersView:116 -                Rank 3 : true
2026-07-22 18:43:45,182 [INFO] ADCParametersView:116 -                Rank 1 : true
2026-07-22 18:43:45,182 [INFO] ADCParametersView:116 -                Rank 2 : true
2026-07-22 18:43:45,182 [INFO] ADCParametersView:116 -                Rank 3 : true
2026-07-22 18:43:45,182 [INFO] ADCParametersView:116 -                Rank 1 : true
2026-07-22 18:43:45,182 [INFO] ADCParametersView:116 -                Rank 2 : true
2026-07-22 18:43:45,182 [INFO] ADCParametersView:116 -                Rank 3 : true
2026-07-22 18:43:45,182 [INFO] ADCParametersView:116 -                Rank 1 : true
2026-07-22 18:43:45,182 [INFO] ADCParametersView:116 -                Rank 2 : true
2026-07-22 18:43:45,182 [INFO] ADCParametersView:116 -                Rank 3 : true
2026-07-22 18:43:45,182 [INFO] ADCParametersView:116 -                Rank 1 : true
2026-07-22 18:43:45,182 [INFO] ADCParametersView:116 -                Rank 2 : true
2026-07-22 18:43:45,182 [INFO] ADCParametersView:116 -                Rank 3 : true
2026-07-22 18:43:45,182 [INFO] ADCParametersView:116 -                Rank 2 : true
2026-07-22 18:43:45,182 [INFO] ADCParametersView:116 -                Rank 3 : true
2026-07-22 18:43:45,182 [INFO] ADCParametersView:116 -                Rank 3 : true
2026-07-22 18:43:45,202 [INFO] ADCParametersView:116 -                Rank 1 : true
2026-07-22 18:43:45,202 [INFO] ADCParametersView:116 -                Rank 1 : true
2026-07-22 18:43:45,202 [INFO] ADCParametersView:116 -                Rank 2 : true
2026-07-22 18:43:45,202 [INFO] ADCParametersView:116 -                Rank 1 : true
2026-07-22 18:43:45,202 [INFO] ADCParametersView:116 -                Rank 2 : true
2026-07-22 18:43:45,202 [INFO] ADCParametersView:116 -                Rank 3 : true
2026-07-22 18:43:48,496 [INFO] UtilMem:75 - End SaveConfig() Used Memory: 553156320 Bytes (900726784)
2026-07-22 18:43:49,866 [INFO] UtilMem:75 - End SaveConfig() Used Memory: 579897056 Bytes (900726784)
2026-07-22 18:43:52,775 [INFO] UtilMem:75 - End SaveConfig() Used Memory: 696288992 Bytes (900726784)
2026-07-22 18:43:53,051 [INFO] BlockDiagram:2775 - set Specific Code input for plugin: USB_OTG_FS
2026-07-22 18:43:53,051 [INFO] BlockDiagram:2775 - set Specific Code input for plugin: NVIC
2026-07-22 18:43:53,051 [INFO] BlockDiagram:2775 - set Specific Code input for plugin: DMA
2026-07-22 18:43:53,051 [INFO] BlockDiagram:2775 - set Specific Code input for plugin: TIM1_8
2026-07-22 18:43:53,051 [INFO] BlockDiagram:2775 - set Specific Code input for plugin: TIM1_8
2026-07-22 18:43:53,051 [INFO] BlockDiagram:2775 - set Specific Code input for plugin: TIM1_8
2026-07-22 18:43:53,051 [INFO] BlockDiagram:2775 - set Specific Code input for plugin: USB_DEVICE
2026-07-22 18:43:53,051 [INFO] BlockDiagram:2775 - set Specific Code input for plugin: I2S
2026-07-22 18:43:53,051 [INFO] BlockDiagram:2775 - set Specific Code input for plugin: SYS
2026-07-22 18:43:53,051 [INFO] BlockDiagram:2775 - set Specific Code input for plugin: GPIO
2026-07-22 18:43:53,051 [INFO] BlockDiagram:2775 - set Specific Code input for plugin: ADC
2026-07-22 18:43:53,051 [INFO] BlockDiagram:2775 - set Specific Code input for plugin: RCC
2026-07-22 18:43:53,052 [INFO] CodeGenerator:882 - code generatio: config db path: C:\ST\STM32CubeIDE_1.10.1\STM32CubeIDE\plugins\com.st.stm32cube.common.mx_6.14.1.202504091515\\db\
2026-07-22 18:43:53,058 [INFO] Argument:325 - Argument : hdmavalue: null
2026-07-22 18:43:53,058 [INFO] Argument:327 - 	 sub Args: 
2026-07-22 18:43:53,059 [INFO] Argument:325 - Argument : Instancevalue: DMA2_Stream0
2026-07-22 18:43:53,059 [INFO] Argument:335 - Argument : Instancevalue: DMA2_Stream0
2026-07-22 18:43:53,059 [INFO] Argument:325 - Argument : Initvalue: null
2026-07-22 18:43:53,059 [INFO] Argument:327 - 	 sub Args: 
2026-07-22 18:43:53,059 [INFO] Argument:325 - Argument : Channelvalue: DMA_CHANNEL_0
2026-07-22 18:43:53,059 [INFO] Argument:335 - Argument : Channelvalue: DMA_CHANNEL_0
2026-07-22 18:43:53,059 [INFO] Argument:325 - Argument : Directionvalue: DMA_PERIPH_TO_MEMORY
2026-07-22 18:43:53,059 [INFO] Argument:335 - Argument : Directionvalue: DMA_PERIPH_TO_MEMORY
2026-07-22 18:43:53,059 [INFO] Argument:325 - Argument : PeriphIncvalue: DMA_PINC_DISABLE
2026-07-22 18:43:53,059 [INFO] Argument:335 - Argument : PeriphIncvalue: DMA_PINC_DISABLE
2026-07-22 18:43:53,059 [INFO] Argument:325 - Argument : MemIncvalue: DMA_MINC_ENABLE
2026-07-22 18:43:53,059 [INFO] Argument:335 - Argument : MemIncvalue: DMA_MINC_ENABLE
2026-07-22 18:43:53,059 [INFO] Argument:325 - Argument : PeriphDataAlignmentvalue: DMA_PDATAALIGN_HALFWORD
2026-07-22 18:43:53,059 [INFO] Argument:335 - Argument : PeriphDataAlignmentvalue: DMA_PDATAALIGN_HALFWORD
2026-07-22 18:43:53,059 [INFO] Argument:325 - Argument : MemDataAlignmentvalue: DMA_MDATAALIGN_HALFWORD
2026-07-22 18:43:53,059 [INFO] Argument:335 - Argument : MemDataAlignmentvalue: DMA_MDATAALIGN_HALFWORD
2026-07-22 18:43:53,059 [INFO] Argument:325 - Argument : Modevalue: DMA_CIRCULAR
2026-07-22 18:43:53,059 [INFO] Argument:335 - Argument : Modevalue: DMA_CIRCULAR
2026-07-22 18:43:53,059 [INFO] Argument:325 - Argument : Priorityvalue: DMA_PRIORITY_LOW
2026-07-22 18:43:53,059 [INFO] Argument:335 - Argument : Priorityvalue: DMA_PRIORITY_LOW
2026-07-22 18:43:53,059 [INFO] Argument:325 - Argument : FIFOModevalue: DMA_FIFOMODE_DISABLE
2026-07-22 18:43:53,059 [INFO] Argument:335 - Argument : FIFOModevalue: DMA_FIFOMODE_DISABLE
2026-07-22 18:43:53,059 [INFO] Argument:325 - Argument : FIFOThresholdvalue: null
2026-07-22 18:43:53,059 [INFO] Argument:335 - Argument : FIFOThresholdvalue: null
2026-07-22 18:43:53,059 [INFO] Argument:325 - Argument : MemBurstvalue: null
2026-07-22 18:43:53,059 [INFO] Argument:335 - Argument : MemBurstvalue: null
2026-07-22 18:43:53,059 [INFO] Argument:325 - Argument : PeriphBurstvalue: null
2026-07-22 18:43:53,059 [INFO] Argument:335 - Argument : PeriphBurstvalue: null
2026-07-22 18:43:53,059 [INFO] Argument:325 - Argument : Lockvalue: null
2026-07-22 18:43:53,059 [INFO] Argument:335 - Argument : Lockvalue: null
2026-07-22 18:43:53,059 [INFO] Argument:325 - Argument : Statevalue: null
2026-07-22 18:43:53,059 [INFO] Argument:335 - Argument : Statevalue: null
2026-07-22 18:43:53,059 [INFO] Argument:325 - Argument : Parentvalue: null
2026-07-22 18:43:53,059 [INFO] Argument:335 - Argument : Parentvalue: null
2026-07-22 18:43:53,059 [INFO] Argument:325 - Argument : XferCpltCallbackvalue: null
2026-07-22 18:43:53,059 [INFO] Argument:335 - Argument : XferCpltCallbackvalue: null
2026-07-22 18:43:53,059 [INFO] Argument:325 - Argument : XferHalfCpltCallbackvalue: null
2026-07-22 18:43:53,059 [INFO] Argument:335 - Argument : XferHalfCpltCallbackvalue: null
2026-07-22 18:43:53,059 [INFO] Argument:325 - Argument : XferM1CpltCallbackvalue: null
2026-07-22 18:43:53,059 [INFO] Argument:335 - Argument : XferM1CpltCallbackvalue: null
2026-07-22 18:43:53,059 [INFO] Argument:325 - Argument : XferErrorCallbackvalue: null
2026-07-22 18:43:53,059 [INFO] Argument:335 - Argument : XferErrorCallbackvalue: null
2026-07-22 18:43:53,059 [INFO] Argument:325 - Argument : ErrorCodevalue: null
2026-07-22 18:43:53,059 [INFO] Argument:335 - Argument : ErrorCodevalue: null
2026-07-22 18:43:53,061 [INFO] Argument:325 - Argument : hdmavalue: null
2026-07-22 18:43:53,061 [INFO] Argument:327 - 	 sub Args: 
2026-07-22 18:43:53,061 [INFO] Argument:325 - Argument : Instancevalue: DMA1_Stream4
2026-07-22 18:43:53,061 [INFO] Argument:335 - Argument : Instancevalue: DMA1_Stream4
2026-07-22 18:43:53,061 [INFO] Argument:325 - Argument : Initvalue: null
2026-07-22 18:43:53,061 [INFO] Argument:327 - 	 sub Args: 
2026-07-22 18:43:53,061 [INFO] Argument:325 - Argument : Channelvalue: DMA_CHANNEL_0
2026-07-22 18:43:53,061 [INFO] Argument:335 - Argument : Channelvalue: DMA_CHANNEL_0
2026-07-22 18:43:53,061 [INFO] Argument:325 - Argument : Directionvalue: DMA_MEMORY_TO_PERIPH
2026-07-22 18:43:53,061 [INFO] Argument:335 - Argument : Directionvalue: DMA_MEMORY_TO_PERIPH
2026-07-22 18:43:53,061 [INFO] Argument:325 - Argument : PeriphIncvalue: DMA_PINC_DISABLE
2026-07-22 18:43:53,061 [INFO] Argument:335 - Argument : PeriphIncvalue: DMA_PINC_DISABLE
2026-07-22 18:43:53,061 [INFO] Argument:325 - Argument : MemIncvalue: DMA_MINC_ENABLE
2026-07-22 18:43:53,061 [INFO] Argument:335 - Argument : MemIncvalue: DMA_MINC_ENABLE
2026-07-22 18:43:53,061 [INFO] Argument:325 - Argument : PeriphDataAlignmentvalue: DMA_PDATAALIGN_HALFWORD
2026-07-22 18:43:53,061 [INFO] Argument:335 - Argument : PeriphDataAlignmentvalue: DMA_PDATAALIGN_HALFWORD
2026-07-22 18:43:53,061 [INFO] Argument:325 - Argument : MemDataAlignmentvalue: DMA_MDATAALIGN_HALFWORD
2026-07-22 18:43:53,061 [INFO] Argument:335 - Argument : MemDataAlignmentvalue: DMA_MDATAALIGN_HALFWORD
2026-07-22 18:43:53,061 [INFO] Argument:325 - Argument : Modevalue: DMA_CIRCULAR
2026-07-22 18:43:53,061 [INFO] Argument:335 - Argument : Modevalue: DMA_CIRCULAR
2026-07-22 18:43:53,061 [INFO] Argument:325 - Argument : Priorityvalue: DMA_PRIORITY_VERY_HIGH
2026-07-22 18:43:53,061 [INFO] Argument:335 - Argument : Priorityvalue: DMA_PRIORITY_VERY_HIGH
2026-07-22 18:43:53,062 [INFO] Argument:325 - Argument : FIFOModevalue: DMA_FIFOMODE_DISABLE
2026-07-22 18:43:53,062 [INFO] Argument:335 - Argument : FIFOModevalue: DMA_FIFOMODE_DISABLE
2026-07-22 18:43:53,062 [INFO] Argument:325 - Argument : FIFOThresholdvalue: null
2026-07-22 18:43:53,062 [INFO] Argument:335 - Argument : FIFOThresholdvalue: null
2026-07-22 18:43:53,062 [INFO] Argument:325 - Argument : MemBurstvalue: null
2026-07-22 18:43:53,062 [INFO] Argument:335 - Argument : MemBurstvalue: null
2026-07-22 18:43:53,062 [INFO] Argument:325 - Argument : PeriphBurstvalue: null
2026-07-22 18:43:53,062 [INFO] Argument:335 - Argument : PeriphBurstvalue: null
2026-07-22 18:43:53,062 [INFO] Argument:325 - Argument : Lockvalue: null
2026-07-22 18:43:53,062 [INFO] Argument:335 - Argument : Lockvalue: null
2026-07-22 18:43:53,062 [INFO] Argument:325 - Argument : Statevalue: null
2026-07-22 18:43:53,062 [INFO] Argument:335 - Argument : Statevalue: null
2026-07-22 18:43:53,062 [INFO] Argument:325 - Argument : Parentvalue: null
2026-07-22 18:43:53,062 [INFO] Argument:335 - Argument : Parentvalue: null
2026-07-22 18:43:53,062 [INFO] Argument:325 - Argument : XferCpltCallbackvalue: null
2026-07-22 18:43:53,062 [INFO] Argument:335 - Argument : XferCpltCallbackvalue: null
2026-07-22 18:43:53,062 [INFO] Argument:325 - Argument : XferHalfCpltCallbackvalue: null
2026-07-22 18:43:53,062 [INFO] Argument:335 - Argument : XferHalfCpltCallbackvalue: null
2026-07-22 18:43:53,062 [INFO] Argument:325 - Argument : XferM1CpltCallbackvalue: null
2026-07-22 18:43:53,062 [INFO] Argument:335 - Argument : XferM1CpltCallbackvalue: null
2026-07-22 18:43:53,062 [INFO] Argument:325 - Argument : XferErrorCallbackvalue: null
2026-07-22 18:43:53,062 [INFO] Argument:335 - Argument : XferErrorCallbackvalue: null
2026-07-22 18:43:53,062 [INFO] Argument:325 - Argument : ErrorCodevalue: null
2026-07-22 18:43:53,062 [INFO] Argument:335 - Argument : ErrorCodevalue: null
2026-07-22 18:43:53,075 [WARN] IP:2250 - DEVICE_SERIAL0_HID_FS not found: check if there is a RefParameter without a condition.
2026-07-22 18:43:53,075 [WARN] IP:2250 - DEVICE_SERIAL1_HID_FS not found: check if there is a RefParameter without a condition.
2026-07-22 18:43:53,075 [WARN] IP:2250 - DEVICE_SERIAL2_HID_FS not found: check if there is a RefParameter without a condition.
2026-07-22 18:43:53,139 [INFO] CodeEngine:263 - oldGeneratedFile, D:\Projects\Ventures\Mruda\01_Technical\MCU_Software\MCU_3.1.0\Mruda_midi_3.0.2\MXTmpFiles\license.tmp_save
2026-07-22 18:43:53,380 [INFO] CodeEngine:287 - Generated code: D:\Projects\Ventures\Mruda\01_Technical\MCU_Software\MCU_3.1.0\Mruda_midi_3.0.2\MXTmpFiles\license.tmp
2026-07-22 18:43:53,418 [INFO] CodeEngine:263 - oldGeneratedFile, D:\Projects\Ventures\Mruda\01_Technical\MCU_Software\MCU_3.1.0\Mruda_midi_3.0.2\MXTmpFiles\gpio.tmp_save
2026-07-22 18:43:53,564 [INFO] CodeEngine:287 - Generated code: D:\Projects\Ventures\Mruda\01_Technical\MCU_Software\MCU_3.1.0\Mruda_midi_3.0.2\MXTmpFiles\gpio.tmp
2026-07-22 18:43:53,614 [WARN] IPConfigManager:3217 - Warning: the RefConfig PWREx_EnableUSBVoltageDetector is not available in your config.xml file
2026-07-22 18:43:53,624 [INFO] CodeEngine:263 - oldGeneratedFile, D:\Projects\Ventures\Mruda\01_Technical\MCU_Software\MCU_3.1.0\Mruda_midi_3.0.2\MXTmpFiles\usb_otg_fs_vars.tmp_save
2026-07-22 18:43:53,758 [INFO] CodeEngine:287 - Generated code: D:\Projects\Ventures\Mruda\01_Technical\MCU_Software\MCU_3.1.0\Mruda_midi_3.0.2\MXTmpFiles\usb_otg_fs_vars.tmp
2026-07-22 18:43:53,763 [INFO] CodeEngine:263 - oldGeneratedFile, D:\Projects\Ventures\Mruda\01_Technical\MCU_Software\MCU_3.1.0\Mruda_midi_3.0.2\MXTmpFiles\usb_otg_fs_inc.tmp_save
2026-07-22 18:43:53,855 [INFO] CodeEngine:287 - Generated code: D:\Projects\Ventures\Mruda\01_Technical\MCU_Software\MCU_3.1.0\Mruda_midi_3.0.2\MXTmpFiles\usb_otg_fs_inc.tmp
2026-07-22 18:43:53,862 [INFO] CodeEngine:263 - oldGeneratedFile, D:\Projects\Ventures\Mruda\01_Technical\MCU_Software\MCU_3.1.0\Mruda_midi_3.0.2\MXTmpFiles\usb_otg_fs_HalInit.tmp_save
2026-07-22 18:43:53,967 [INFO] CodeEngine:287 - Generated code: D:\Projects\Ventures\Mruda\01_Technical\MCU_Software\MCU_3.1.0\Mruda_midi_3.0.2\MXTmpFiles\usb_otg_fs_HalInit.tmp
2026-07-22 18:43:53,972 [INFO] CodeEngine:263 - oldGeneratedFile, D:\Projects\Ventures\Mruda\01_Technical\MCU_Software\MCU_3.1.0\Mruda_midi_3.0.2\MXTmpFiles\usb_otg_fs_Msp.tmp_save
2026-07-22 18:43:54,105 [INFO] CodeEngine:287 - Generated code: D:\Projects\Ventures\Mruda\01_Technical\MCU_Software\MCU_3.1.0\Mruda_midi_3.0.2\MXTmpFiles\usb_otg_fs_Msp.tmp
2026-07-22 18:43:54,418 [INFO] Middleware:1452 - No code input for Bsp Dependency
2026-07-22 18:43:54,445 [INFO] CodeEngine:263 - oldGeneratedFile, D:\Projects\Ventures\Mruda\01_Technical\MCU_Software\MCU_3.1.0\Mruda_midi_3.0.2\MXTmpFiles\dma.tmp_save
2026-07-22 18:43:54,531 [INFO] CodeEngine:287 - Generated code: D:\Projects\Ventures\Mruda\01_Technical\MCU_Software\MCU_3.1.0\Mruda_midi_3.0.2\MXTmpFiles\dma.tmp
2026-07-22 18:43:54,537 [INFO] CodeEngine:263 - oldGeneratedFile, D:\Projects\Ventures\Mruda\01_Technical\MCU_Software\MCU_3.1.0\Mruda_midi_3.0.2\MXTmpFiles\dma_GV.tmp_save
2026-07-22 18:43:54,600 [INFO] CodeEngine:287 - Generated code: D:\Projects\Ventures\Mruda\01_Technical\MCU_Software\MCU_3.1.0\Mruda_midi_3.0.2\MXTmpFiles\dma_GV.tmp
2026-07-22 18:43:54,620 [INFO] Middleware:1452 - No code input for Bsp Dependency
2026-07-22 18:43:54,642 [INFO] CodeEngine:263 - oldGeneratedFile, D:\Projects\Ventures\Mruda\01_Technical\MCU_Software\MCU_3.1.0\Mruda_midi_3.0.2\USB_DEVICE\App\usb_device.c_save
2026-07-22 18:43:54,723 [INFO] CodeEngine:287 - Generated code: D:\Projects\Ventures\Mruda\01_Technical\MCU_Software\MCU_3.1.0\Mruda_midi_3.0.2\USB_DEVICE\App\usb_device.c
2026-07-22 18:43:54,740 [INFO] CodeEngine:263 - oldGeneratedFile, D:\Projects\Ventures\Mruda\01_Technical\MCU_Software\MCU_3.1.0\Mruda_midi_3.0.2\USB_DEVICE\App\usb_device.h_save
2026-07-22 18:43:54,814 [INFO] CodeEngine:287 - Generated code: D:\Projects\Ventures\Mruda\01_Technical\MCU_Software\MCU_3.1.0\Mruda_midi_3.0.2\USB_DEVICE\App\usb_device.h
2026-07-22 18:43:54,822 [INFO] CodeEngine:263 - oldGeneratedFile, D:\Projects\Ventures\Mruda\01_Technical\MCU_Software\MCU_3.1.0\Mruda_midi_3.0.2\USB_DEVICE\Target\usbd_conf.h_save
2026-07-22 18:43:54,897 [INFO] CodeEngine:287 - Generated code: D:\Projects\Ventures\Mruda\01_Technical\MCU_Software\MCU_3.1.0\Mruda_midi_3.0.2\USB_DEVICE\Target\usbd_conf.h
2026-07-22 18:43:54,914 [INFO] CodeEngine:263 - oldGeneratedFile, D:\Projects\Ventures\Mruda\01_Technical\MCU_Software\MCU_3.1.0\Mruda_midi_3.0.2\USB_DEVICE\Target\usbd_conf.c_save
2026-07-22 18:43:55,013 [INFO] CodeEngine:287 - Generated code: D:\Projects\Ventures\Mruda\01_Technical\MCU_Software\MCU_3.1.0\Mruda_midi_3.0.2\USB_DEVICE\Target\usbd_conf.c
2026-07-22 18:43:55,022 [INFO] CodeEngine:263 - oldGeneratedFile, D:\Projects\Ventures\Mruda\01_Technical\MCU_Software\MCU_3.1.0\Mruda_midi_3.0.2\USB_DEVICE\App\usbd_desc.h_save
2026-07-22 18:43:55,087 [INFO] CodeEngine:287 - Generated code: D:\Projects\Ventures\Mruda\01_Technical\MCU_Software\MCU_3.1.0\Mruda_midi_3.0.2\USB_DEVICE\App\usbd_desc.h
2026-07-22 18:43:55,104 [INFO] CodeEngine:263 - oldGeneratedFile, D:\Projects\Ventures\Mruda\01_Technical\MCU_Software\MCU_3.1.0\Mruda_midi_3.0.2\USB_DEVICE\App\usbd_desc.c_save
2026-07-22 18:43:55,200 [INFO] CodeEngine:287 - Generated code: D:\Projects\Ventures\Mruda\01_Technical\MCU_Software\MCU_3.1.0\Mruda_midi_3.0.2\USB_DEVICE\App\usbd_desc.c
2026-07-22 18:43:55,227 [INFO] CodeEngine:263 - oldGeneratedFile, D:\Projects\Ventures\Mruda\01_Technical\MCU_Software\MCU_3.1.0\Mruda_midi_3.0.2\Core\Src\stm32f4xx_it.c_save
2026-07-22 18:43:55,442 [INFO] CodeEngine:287 - Generated code: D:\Projects\Ventures\Mruda\01_Technical\MCU_Software\MCU_3.1.0\Mruda_midi_3.0.2\Core\Src\stm32f4xx_it.c
2026-07-22 18:43:55,450 [INFO] CodeEngine:263 - oldGeneratedFile, D:\Projects\Ventures\Mruda\01_Technical\MCU_Software\MCU_3.1.0\Mruda_midi_3.0.2\Core\Inc\stm32f4xx_it.h_save
2026-07-22 18:43:55,510 [INFO] CodeEngine:287 - Generated code: D:\Projects\Ventures\Mruda\01_Technical\MCU_Software\MCU_3.1.0\Mruda_midi_3.0.2\Core\Inc\stm32f4xx_it.h
2026-07-22 18:43:55,543 [INFO] CodeEngine:263 - oldGeneratedFile, D:\Projects\Ventures\Mruda\01_Technical\MCU_Software\MCU_3.1.0\Mruda_midi_3.0.2\Core\Src\stm32f4xx_hal_msp.c_save
2026-07-22 18:43:55,670 [INFO] CodeEngine:287 - Generated code: D:\Projects\Ventures\Mruda\01_Technical\MCU_Software\MCU_3.1.0\Mruda_midi_3.0.2\Core\Src\stm32f4xx_hal_msp.c
2026-07-22 18:43:55,676 [INFO] CodeEngine:263 - oldGeneratedFile, D:\Projects\Ventures\Mruda\01_Technical\MCU_Software\MCU_3.1.0\Mruda_midi_3.0.2\MXTmpFiles\system.tmp_save
2026-07-22 18:43:55,734 [INFO] CodeEngine:287 - Generated code: D:\Projects\Ventures\Mruda\01_Technical\MCU_Software\MCU_3.1.0\Mruda_midi_3.0.2\MXTmpFiles\system.tmp
2026-07-22 18:43:55,758 [INFO] CodeEngine:319 - oldGeneratedFile, D:\Projects\Ventures\Mruda\01_Technical\MCU_Software\MCU_3.1.0\Mruda_midi_3.0.2\Core\Inc\stm32f4xx_hal_conf.h_save
2026-07-22 18:43:55,852 [INFO] CodeEngine:343 - Generated code: D:\Projects\Ventures\Mruda\01_Technical\MCU_Software\MCU_3.1.0\Mruda_midi_3.0.2\Core\Inc\stm32f4xx_hal_conf.h
2026-07-22 18:43:55,885 [WARN] IPConfigManager:3790 - IP not found : TIM
2026-07-22 18:43:55,886 [WARN] CodeGenerator:4198 - IP not found : null
2026-07-22 18:43:55,906 [INFO] CodeEngine:263 - oldGeneratedFile, D:\Projects\Ventures\Mruda\01_Technical\MCU_Software\MCU_3.1.0\Mruda_midi_3.0.2\Core\Inc\main.h_save
2026-07-22 18:43:55,994 [INFO] CodeEngine:287 - Generated code: D:\Projects\Ventures\Mruda\01_Technical\MCU_Software\MCU_3.1.0\Mruda_midi_3.0.2\Core\Inc\main.h
2026-07-22 18:43:56,011 [INFO] CodeEngine:263 - oldGeneratedFile, D:\Projects\Ventures\Mruda\01_Technical\MCU_Software\MCU_3.1.0\Mruda_midi_3.0.2\Core\Src\main.c_save
2026-07-22 18:43:56,150 [INFO] CodeEngine:287 - Generated code: D:\Projects\Ventures\Mruda\01_Technical\MCU_Software\MCU_3.1.0\Mruda_midi_3.0.2\Core\Src\main.c
2026-07-22 18:43:56,578 [INFO] ProjectBuilder:3324 - Time for Copy HAL[1] : 258mS.
2026-07-22 18:43:56,586 [INFO] ProjectBuilder:4912 - Project Generator version: 4.6.0.1-B1
2026-07-22 18:43:56,672 [INFO] ConfigFileManager:1590 - The Die is : DIE431
2026-07-22 18:43:57,981 [INFO] ProjectBuilder:5191 - Time for Generating toolchain IDE Files: 1395mS.
2026-07-22 18:43:57,982 [INFO] ProjectBuilder:3181 - Time for Copy CMSIS : 1mS.
2026-07-22 18:43:57,989 [INFO] ProjectBuilder:3181 - Time for Copy CMSIS : 0mS.
2026-07-22 18:59:17,419 [INFO] Activator:176 - 


2026-07-22 18:59:17,423 [INFO] Activator:177 - !SESSION log4j initialized
2026-07-22 18:59:26,035 [INFO] LogOutputStream:77 - [STDOUT_REDIRECT] 
2026-07-22 18:59:27,318 [INFO] ApplicationProperties:184 - Using Application install path: C:\ST\STM32CubeIDE_1.10.1\STM32CubeIDE\plugins\com.st.stm32cube.common.mx_6.14.1.202504091515
2026-07-22 18:59:27,339 [INFO] DbMcusXml:78 - Set database path to: C:\ST\STM32CubeIDE_1.10.1\STM32CubeIDE\plugins\com.st.stm32cube.common.mx_6.14.1.202504091515\\db\/mcu/
2026-07-22 18:59:27,339 [INFO] ApiDb:274 - Set plugin database path to: C:\ST\STM32CubeIDE_1.10.1\STM32CubeIDE\plugins\com.st.stm32cube.common.mx_6.14.1.202504091515\\db\/plugins/boardmanager/
2026-07-22 18:59:27,339 [WARN] ApiDb:259 - Overriding images path with different value:  => C:\ST\STM32CubeIDE_1.10.1\STM32CubeIDE\plugins\com.st.stm32cube.common.mx_6.14.1.202504091515\\db\/plugins/mcufinder/images/
2026-07-22 18:59:27,360 [INFO] ApiDb:250 - Set database path to: C:\Users\abhil\.stmcufinder\plugins\mcufinder//mcu/
2026-07-22 18:59:27,362 [INFO] DbMcusAds:125 - Set database path to: C:\Users\abhil\.stmcufinder\plugins\mcufinder//mcu/
2026-07-22 18:59:27,364 [INFO] CrossReferenceDbSqlite:203 - Set database path to: C:\Users\abhil\.stmcufinder\plugins\mcufinder//mcu/cs/
2026-07-22 18:59:27,491 [INFO] RulesReader:64 - Compatibility file has been processed (302 Rules)
2026-07-22 18:59:27,582 [INFO] DbMcusXml:78 - Set database path to: C:\ST\STM32CubeIDE_1.10.1\STM32CubeIDE\plugins\com.st.stm32cube.common.mx_6.14.1.202504091515\\db\/mcu/
2026-07-22 18:59:27,582 [INFO] ApiDb:274 - Set plugin database path to: C:\ST\STM32CubeIDE_1.10.1\STM32CubeIDE\plugins\com.st.stm32cube.common.mx_6.14.1.202504091515\\db\/plugins/boardmanager/
2026-07-22 18:59:27,583 [INFO] ApiDb:261 - Set plugin images path to: C:\ST\STM32CubeIDE_1.10.1\STM32CubeIDE\plugins\com.st.stm32cube.common.mx_6.14.1.202504091515\\db\/plugins/mcufinder/images/
2026-07-22 18:59:27,583 [WARN] DbFile:41 - Overriding database path with different value: C:\Users\abhil\.stmcufinder\plugins\mcufinder/ => C:\Users\abhil\.stmcufinder\plugins\mcufinder
2026-07-22 18:59:27,583 [INFO] ApiDb:250 - Set database path to: C:\Users\abhil\.stmcufinder\plugins\mcufinder//mcu/
2026-07-22 18:59:27,583 [WARN] DbFile:41 - Overriding database path with different value: C:\Users\abhil\.stmcufinder\plugins\mcufinder/ => C:\Users\abhil\.stmcufinder\plugins\mcufinder
2026-07-22 18:59:27,583 [INFO] DbMcusAds:125 - Set database path to: C:\Users\abhil\.stmcufinder\plugins\mcufinder//mcu/
2026-07-22 18:59:27,583 [WARN] DbFile:41 - Overriding database path with different value: C:\Users\abhil\.stmcufinder\plugins\mcufinder/ => C:\Users\abhil\.stmcufinder\plugins\mcufinder
2026-07-22 18:59:27,583 [WARN] DbFile:41 - Overriding database path with different value: C:\Users\abhil\.stmcufinder\plugins\mcufinder/ => C:\Users\abhil\.stmcufinder\plugins\mcufinder
2026-07-22 18:59:27,583 [INFO] CrossReferenceDbSqlite:203 - Set database path to: C:\Users\abhil\.stmcufinder\plugins\mcufinder//mcu/cs/
2026-07-22 18:59:27,670 [INFO] MainPanel:272 - HeapMemory: 268435456
2026-07-22 18:59:27,777 [INFO] DbMcusXml:78 - Set database path to: C:\ST\STM32CubeIDE_1.10.1\STM32CubeIDE\plugins\com.st.stm32cube.common.mx_6.14.1.202504091515\\db\/mcu/
2026-07-22 18:59:27,777 [INFO] ApiDb:274 - Set plugin database path to: C:\ST\STM32CubeIDE_1.10.1\STM32CubeIDE\plugins\com.st.stm32cube.common.mx_6.14.1.202504091515\\db\/plugins/boardmanager/
2026-07-22 18:59:27,777 [INFO] ApiDb:261 - Set plugin images path to: C:\ST\STM32CubeIDE_1.10.1\STM32CubeIDE\plugins\com.st.stm32cube.common.mx_6.14.1.202504091515\\db\/plugins/mcufinder/images/
2026-07-22 18:59:27,778 [WARN] DbFile:41 - Overriding database path with different value: C:\Users\abhil\.stmcufinder\plugins\mcufinder/ => C:\Users\abhil\.stmcufinder\plugins\mcufinder
2026-07-22 18:59:27,778 [INFO] ApiDb:250 - Set database path to: C:\Users\abhil\.stmcufinder\plugins\mcufinder//mcu/
2026-07-22 18:59:27,778 [WARN] DbFile:41 - Overriding database path with different value: C:\Users\abhil\.stmcufinder\plugins\mcufinder/ => C:\Users\abhil\.stmcufinder\plugins\mcufinder
2026-07-22 18:59:27,778 [INFO] DbMcusAds:125 - Set database path to: C:\Users\abhil\.stmcufinder\plugins\mcufinder//mcu/
2026-07-22 18:59:27,778 [WARN] DbFile:41 - Overriding database path with different value: C:\Users\abhil\.stmcufinder\plugins\mcufinder/ => C:\Users\abhil\.stmcufinder\plugins\mcufinder
2026-07-22 18:59:27,778 [WARN] DbFile:41 - Overriding database path with different value: C:\Users\abhil\.stmcufinder\plugins\mcufinder/ => C:\Users\abhil\.stmcufinder\plugins\mcufinder
2026-07-22 18:59:27,778 [INFO] CrossReferenceDbSqlite:203 - Set database path to: C:\Users\abhil\.stmcufinder\plugins\mcufinder//mcu/cs/
2026-07-22 18:59:27,796 [INFO] ApplicationProperties:184 - Using Application install path: C:\ST\STM32CubeIDE_1.10.1\STM32CubeIDE\plugins\com.st.stm32cube.common.mx_6.14.1.202504091515
2026-07-22 18:59:27,797 [INFO] PluginManage:196 - Search for loadable plugins [exclusion list=, ]
2026-07-22 18:59:27,800 [INFO] PluginManage:310 - Check plugin analytics
2026-07-22 18:59:27,974 [INFO] AnalyticsPlugin:253 - Accepted Software Licenses: 
2026-07-22 18:59:27,976 [INFO] AnalyticsPlugin:255 - Accepted CMSIS Pack Licenses: 
2026-07-22 18:59:27,976 [INFO] AnalyticsPlugin:257 - Accepted Firmware Licenses: FW.F4.1.27.0,FW.H7.1.10.0,FW.H7.1.12.0,FW.F4.1.28.0
2026-07-22 18:59:27,978 [INFO] PluginManage:359 - Loaded plugin analytics (category:tool,tabindex:-1)
2026-07-22 18:59:27,979 [INFO] PluginManage:310 - Check plugin cadmodel
2026-07-22 18:59:27,995 [INFO] CADModel:105 - Init CAD model plugin
2026-07-22 18:59:27,996 [INFO] PluginManage:359 - Loaded plugin cadmodel (category:power,tabindex:5)
2026-07-22 18:59:27,996 [INFO] PluginManage:310 - Check plugin clock
2026-07-22 18:59:28,016 [INFO] PluginManage:359 - Loaded plugin clock (category:base,tabindex:2)
2026-07-22 18:59:28,016 [INFO] PluginManage:310 - Check plugin ddr
2026-07-22 18:59:28,018 [INFO] PluginManage:359 - Loaded plugin ddr (category:tool,tabindex:6)
2026-07-22 18:59:28,018 [INFO] PluginManage:310 - Check plugin filemanager
2026-07-22 18:59:28,164 [INFO] PluginManage:359 - Loaded plugin filemanager (category:base,tabindex:10)
2026-07-22 18:59:28,164 [INFO] PluginManage:310 - Check plugin ipmanager
2026-07-22 18:59:28,173 [INFO] PluginManage:359 - Loaded plugin ipmanager (category:base,tabindex:5)
2026-07-22 18:59:28,173 [INFO] PluginManage:310 - Check plugin lpbam
2026-07-22 18:59:28,193 [INFO] PluginManage:359 - Loaded plugin lpbam (category:base,tabindex:0)
2026-07-22 18:59:28,193 [INFO] PluginManage:310 - Check plugin memorymap
2026-07-22 18:59:28,217 [INFO] PluginManage:359 - Loaded plugin memorymap (category:base,tabindex:4)
2026-07-22 18:59:28,218 [INFO] PluginManage:310 - Check plugin pinoutandconfiguration
2026-07-22 18:59:28,238 [INFO] PluginManage:359 - Loaded plugin pinoutandconfiguration (category:base,tabindex:1)
2026-07-22 18:59:28,238 [INFO] PluginManage:310 - Check plugin pinoutconfig
2026-07-22 18:59:28,344 [WARN] SupportedApi:132 - Cannot load RTOS API schema: s4s-elt-must-match.1: The content of 'definitions' must match (annotation?, (simpleType | complexType)?, (unique | key | keyref)*)). A problem was found starting at: attribute.
2026-07-22 18:59:28,488 [INFO] PluginManage:359 - Loaded plugin pinoutconfig (category:base,tabindex:0)
2026-07-22 18:59:28,488 [INFO] PluginManage:310 - Check plugin power
2026-07-22 18:59:28,510 [INFO] PluginManage:359 - Loaded plugin power (category:power,tabindex:4)
2026-07-22 18:59:28,511 [INFO] PluginManage:310 - Check plugin projectmanager
2026-07-22 18:59:28,524 [INFO] PluginManage:359 - Loaded plugin projectmanager (category:projectmanager,tabindex:4)
2026-07-22 18:59:28,525 [INFO] PluginManage:310 - Check plugin rif
2026-07-22 18:59:28,542 [INFO] PluginManage:359 - Loaded plugin rif (category:base,tabindex:3)
2026-07-22 18:59:28,542 [INFO] PluginManage:310 - Check plugin thirdparty
2026-07-22 18:59:28,903 [INFO] PluginManage:359 - Loaded plugin thirdparty (category:base,tabindex:-1)
2026-07-22 18:59:28,903 [INFO] PluginManage:310 - Check plugin tools
2026-07-22 18:59:28,903 [WARN] IntegrityCheckThread:84 - waiting for thirdparty lock release [integrity check]
2026-07-22 18:59:28,905 [INFO] IntegrityCheckThread:86 - entering critical section [integrity check]
2026-07-22 18:59:28,905 [INFO] ThirdPartyUpdaterWithRetryManager:70 - Updater plugin not ready yet. [1/15]
2026-07-22 18:59:28,948 [INFO] PluginManage:359 - Loaded plugin tools (category:base,tabindex:7)
2026-07-22 18:59:28,948 [INFO] PluginManage:310 - Check plugin tutovideos
2026-07-22 18:59:29,171 [INFO] PluginManage:359 - Loaded plugin tutovideos (category:base,tabindex:-1)
2026-07-22 18:59:29,171 [INFO] PluginManage:310 - Check plugin updater
2026-07-22 18:59:29,193 [INFO] PluginManage:359 - Loaded plugin updater (category:base,tabindex:12)
2026-07-22 18:59:29,193 [INFO] PluginManage:310 - Check plugin userauth
2026-07-22 18:59:29,197 [INFO] UserAuth:118 - Init User Auth plugin
2026-07-22 18:59:29,199 [INFO] PluginManage:359 - Loaded plugin userauth (category:base,tabindex:14)
2026-07-22 18:59:29,199 [INFO] PluginManage:283 - PluginManage : Loaded plugins [18]
2026-07-22 18:59:29,441 [INFO] PinOutPanel:1589 - setPackage(No Configuration,No Configuration)
2026-07-22 18:59:29,530 [INFO] CADModel:165 - CPN selected for project level
2026-07-22 18:59:29,530 [INFO] CADModel:114 - Register for checkConnection events
2026-07-22 18:59:29,559 [INFO] IPUIPlugin:80 - create IPUIPlugin
2026-07-22 18:59:29,559 [INFO] PluginManager:220 - loadIPPluginJar : add adc
2026-07-22 18:59:29,604 [INFO] IPUIPlugin:80 - create IPUIPlugin
2026-07-22 18:59:29,604 [INFO] PluginManager:220 - loadIPPluginJar : add aes
2026-07-22 18:59:29,657 [INFO] IPUIPlugin:80 - create IPUIPlugin
2026-07-22 18:59:29,657 [INFO] PluginManager:220 - loadIPPluginJar : add can
2026-07-22 18:59:29,685 [INFO] IPUIPlugin:80 - create IPUIPlugin
2026-07-22 18:59:29,686 [INFO] PluginManager:220 - loadIPPluginJar : add comp
2026-07-22 18:59:29,748 [INFO] IPUIPlugin:80 - create IPUIPlugin
2026-07-22 18:59:29,748 [INFO] PluginManager:220 - loadIPPluginJar : add cryp
2026-07-22 18:59:29,773 [INFO] IPUIPlugin:80 - create IPUIPlugin
2026-07-22 18:59:29,774 [INFO] PluginManager:220 - loadIPPluginJar : add ddr_ctrl_phy
2026-07-22 18:59:29,820 [INFO] IPUIPlugin:80 - create IPUIPlugin
2026-07-22 18:59:29,820 [INFO] PluginManager:220 - loadIPPluginJar : add dfsdm
2026-07-22 18:59:29,835 [INFO] IPUIPlugin:80 - create IPUIPlugin
2026-07-22 18:59:29,835 [INFO] PluginManager:220 - loadIPPluginJar : add dma
2026-07-22 18:59:29,886 [INFO] IPUIPlugin:80 - create IPUIPlugin
2026-07-22 18:59:29,886 [INFO] PluginManager:220 - loadIPPluginJar : add dma3
2026-07-22 18:59:29,943 [INFO] IPUIPlugin:80 - create IPUIPlugin
2026-07-22 18:59:29,943 [INFO] PluginManager:220 - loadIPPluginJar : add extmemmanager
2026-07-22 18:59:29,971 [INFO] IPUIPlugin:80 - create IPUIPlugin
2026-07-22 18:59:29,971 [INFO] PluginManager:220 - loadIPPluginJar : add fatfs
2026-07-22 18:59:30,031 [INFO] IPUIPlugin:80 - create IPUIPlugin
2026-07-22 18:59:30,031 [INFO] PluginManager:220 - loadIPPluginJar : add fmc
2026-07-22 18:59:30,049 [INFO] IPUIPlugin:80 - create IPUIPlugin
2026-07-22 18:59:30,049 [INFO] PluginManager:220 - loadIPPluginJar : add freertos
2026-07-22 18:59:30,077 [INFO] IPUIPlugin:80 - create IPUIPlugin
2026-07-22 18:59:30,077 [INFO] PluginManager:220 - loadIPPluginJar : add genericplugin
2026-07-22 18:59:30,207 [INFO] IPUIPlugin:80 - create IPUIPlugin
2026-07-22 18:59:30,207 [INFO] PluginManager:220 - loadIPPluginJar : add gfxmmu
2026-07-22 18:59:30,371 [INFO] IPUIPlugin:80 - create IPUIPlugin
2026-07-22 18:59:30,371 [INFO] PluginManager:220 - loadIPPluginJar : add gic
2026-07-22 18:59:30,386 [INFO] IPUIPlugin:80 - create IPUIPlugin
2026-07-22 18:59:30,386 [INFO] PluginManager:220 - loadIPPluginJar : add gpio
2026-07-22 18:59:30,505 [INFO] IPUIPlugin:80 - create IPUIPlugin
2026-07-22 18:59:30,505 [INFO] PluginManager:220 - loadIPPluginJar : add gtzc
2026-07-22 18:59:30,546 [INFO] IPUIPlugin:80 - create IPUIPlugin
2026-07-22 18:59:30,546 [INFO] PluginManager:220 - loadIPPluginJar : add hash
2026-07-22 18:59:30,618 [INFO] IPUIPlugin:80 - create IPUIPlugin
2026-07-22 18:59:30,618 [INFO] PluginManager:220 - loadIPPluginJar : add i2c
2026-07-22 18:59:30,676 [INFO] IPUIPlugin:80 - create IPUIPlugin
2026-07-22 18:59:30,676 [INFO] PluginManager:220 - loadIPPluginJar : add i2s
2026-07-22 18:59:30,742 [INFO] IPUIPlugin:80 - create IPUIPlugin
2026-07-22 18:59:30,742 [INFO] PluginManager:220 - loadIPPluginJar : add i3c
2026-07-22 18:59:30,883 [INFO] IPUIPlugin:80 - create IPUIPlugin
2026-07-22 18:59:30,883 [INFO] PluginManager:220 - loadIPPluginJar : add ipddr
2026-07-22 18:59:30,999 [INFO] IPUIPlugin:80 - create IPUIPlugin
2026-07-22 18:59:30,999 [INFO] PluginManager:220 - loadIPPluginJar : add linkedlist
2026-07-22 18:59:31,045 [INFO] IPUIPlugin:80 - create IPUIPlugin
2026-07-22 18:59:31,045 [INFO] PluginManager:220 - loadIPPluginJar : add lorawan
2026-07-22 18:59:31,091 [INFO] IPUIPlugin:80 - create IPUIPlugin
2026-07-22 18:59:31,091 [INFO] PluginManager:220 - loadIPPluginJar : add ltdc
2026-07-22 18:59:31,106 [INFO] IPUIPlugin:80 - create IPUIPlugin
2026-07-22 18:59:31,106 [INFO] PluginManager:220 - loadIPPluginJar : add mdma
2026-07-22 18:59:31,121 [INFO] IPUIPlugin:80 - create IPUIPlugin
2026-07-22 18:59:31,121 [INFO] PluginManager:220 - loadIPPluginJar : add nvic
2026-07-22 18:59:31,166 [INFO] IPUIPlugin:80 - create IPUIPlugin
2026-07-22 18:59:31,167 [INFO] PluginManager:220 - loadIPPluginJar : add opamp
2026-07-22 18:59:31,246 [INFO] IPUIPlugin:80 - create IPUIPlugin
2026-07-22 18:59:31,246 [INFO] PluginManager:220 - loadIPPluginJar : add openamp
2026-07-22 18:59:31,303 [INFO] IPUIPlugin:80 - create IPUIPlugin
2026-07-22 18:59:31,303 [INFO] PluginManager:220 - loadIPPluginJar : add pdm2pcm
2026-07-22 18:59:31,320 [INFO] IPUIPlugin:80 - create IPUIPlugin
2026-07-22 18:59:31,322 [INFO] PluginManager:220 - loadIPPluginJar : add plateformsettings
2026-07-22 18:59:31,350 [INFO] IPUIPlugin:80 - create IPUIPlugin
2026-07-22 18:59:31,350 [INFO] PluginManager:220 - loadIPPluginJar : add quadspi
2026-07-22 18:59:31,384 [INFO] IPUIPlugin:80 - create IPUIPlugin
2026-07-22 18:59:31,385 [INFO] PluginManager:220 - loadIPPluginJar : add radio
2026-07-22 18:59:31,398 [INFO] IPUIPlugin:80 - create IPUIPlugin
2026-07-22 18:59:31,398 [INFO] PluginManager:220 - loadIPPluginJar : add resmgrutility
2026-07-22 18:59:31,461 [INFO] IPUIPlugin:80 - create IPUIPlugin
2026-07-22 18:59:31,461 [INFO] PluginManager:220 - loadIPPluginJar : add sai
2026-07-22 18:59:31,507 [INFO] IPUIPlugin:80 - create IPUIPlugin
2026-07-22 18:59:31,507 [INFO] PluginManager:220 - loadIPPluginJar : add spi
2026-07-22 18:59:31,612 [INFO] IPUIPlugin:80 - create IPUIPlugin
2026-07-22 18:59:31,612 [INFO] PluginManager:220 - loadIPPluginJar : add stm32_wpan
2026-07-22 18:59:31,641 [INFO] IPUIPlugin:80 - create IPUIPlugin
2026-07-22 18:59:31,641 [INFO] PluginManager:220 - loadIPPluginJar : add tim
2026-07-22 18:59:31,720 [INFO] IPUIPlugin:80 - create IPUIPlugin
2026-07-22 18:59:31,720 [INFO] PluginManager:220 - loadIPPluginJar : add touchsensing
2026-07-22 18:59:31,749 [INFO] IPUIPlugin:80 - create IPUIPlugin
2026-07-22 18:59:31,749 [INFO] PluginManager:220 - loadIPPluginJar : add tracer_emb
2026-07-22 18:59:31,778 [INFO] IPUIPlugin:80 - create IPUIPlugin
2026-07-22 18:59:31,778 [INFO] PluginManager:220 - loadIPPluginJar : add ts
2026-07-22 18:59:31,804 [INFO] IPUIPlugin:80 - create IPUIPlugin
2026-07-22 18:59:31,804 [INFO] PluginManager:220 - loadIPPluginJar : add tsc
2026-07-22 18:59:31,833 [INFO] IPUIPlugin:80 - create IPUIPlugin
2026-07-22 18:59:31,833 [INFO] PluginManager:220 - loadIPPluginJar : add ucpd
2026-07-22 18:59:31,889 [INFO] IPUIPlugin:80 - create IPUIPlugin
2026-07-22 18:59:31,889 [INFO] PluginManager:220 - loadIPPluginJar : add usart
2026-07-22 18:59:31,909 [INFO] ThirdPartyUpdaterWithRetryManager:70 - Updater plugin not ready yet. [2/15]
2026-07-22 18:59:31,944 [INFO] IPUIPlugin:80 - create IPUIPlugin
2026-07-22 18:59:31,944 [INFO] PluginManager:220 - loadIPPluginJar : add usbx
2026-07-22 18:59:32,075 [FATAL] Updater:351 - Updater called before beeing initialized
2026-07-22 18:59:32,102 [INFO] RulesReader:64 - Compatibility file has been processed (302 Rules)
2026-07-22 18:59:32,112 [INFO] RulesReader:64 - Compatibility file has been processed (302 Rules)
2026-07-22 18:59:32,118 [INFO] CADModel:165 - CPN selected for project level
2026-07-22 18:59:32,119 [INFO] CADModel:114 - Register for checkConnection events
2026-07-22 18:59:32,119 [FATAL] Updater:351 - Updater called before beeing initialized
2026-07-22 18:59:32,119 [ERROR] CADModel:125 - Updater not yet initialized, retry later 
2026-07-22 18:59:32,259 [FATAL] Updater:351 - Updater called before beeing initialized
2026-07-22 18:59:32,261 [INFO] CADModel:165 - CPN selected for project level
2026-07-22 18:59:32,261 [INFO] CADModel:114 - Register for checkConnection events
2026-07-22 18:59:32,261 [FATAL] Updater:351 - Updater called before beeing initialized
2026-07-22 18:59:32,261 [ERROR] CADModel:125 - Updater not yet initialized, retry later 
2026-07-22 18:59:32,264 [FATAL] Updater:351 - Updater called before beeing initialized
2026-07-22 18:59:32,377 [FATAL] Updater:351 - Updater called before beeing initialized
2026-07-22 18:59:32,391 [INFO] DbMcusAds:53 - JSON generation date=Thu May 28 21:38:17 IST 2026 (1779984497073)
2026-07-22 18:59:32,391 [FATAL] Updater:351 - Updater called before beeing initialized
2026-07-22 18:59:32,428 [WARN] DetailPanel:346 - Failed to get advertising image, set to default
2026-07-22 18:59:32,686 [FATAL] Updater:351 - Updater called before beeing initialized
2026-07-22 18:59:32,688 [FATAL] Updater:351 - Updater called before beeing initialized
2026-07-22 18:59:32,689 [FATAL] Updater:351 - Updater called before beeing initialized
2026-07-22 18:59:32,689 [WARN] DetailPanel:346 - Failed to get advertising image, set to default
2026-07-22 18:59:32,689 [FATAL] Updater:351 - Updater called before beeing initialized
2026-07-22 18:59:32,759 [ERROR] Updater:1198 - MainUpdater not yet initialized. External WinMGr cannot be set.
2026-07-22 18:59:32,772 [INFO] Updater:1134 - Updater Version found : 6.14.1
2026-07-22 18:59:32,793 [INFO] ApplicationProperties:184 - Using Application install path: C:\ST\STM32CubeIDE_1.10.1\STM32CubeIDE\plugins\com.st.stm32cube.common.mx_6.14.1.202504091515
2026-07-22 18:59:33,183 [INFO] MainUpdater:2872 - connection check result : 22
2026-07-22 18:59:33,184 [INFO] MainUpdater:289 - Updater Check For Update Now.
2026-07-22 18:59:33,184 [INFO] MicroXplorer:498 - Change Database Version : DB.6.0.141
2026-07-22 18:59:33,202 [INFO] McuFinderGlobals:63 - Set McuFinder mode to 2 (CubeIDE integrated)
2026-07-22 18:59:33,211 [INFO] UserAuth:484 - Internet connection configuration mode: 2
2026-07-22 18:59:33,219 [INFO] UserAuth:484 - Internet connection configuration mode: 2
2026-07-22 18:59:33,405 [INFO] CheckServerUpdateThread:120 - End of CheckServer Thread
2026-07-22 18:59:35,616 [WARN] PackLoader:240 - Cannot read IP mode file for STMicroelectronics.X-CUBE-AZRTOS-H7.3.5.0
2026-07-22 18:59:35,651 [WARN] PackLoader:240 - Cannot read IP mode file for STMicroelectronics.FP-SNS-MOTENVWB1.1.4.0
2026-07-22 18:59:35,680 [WARN] PackLoader:240 - Cannot read IP mode file for STMicroelectronics.FP-ATR-ASTRA1.2.0.3
2026-07-22 18:59:35,703 [WARN] PackLoader:240 - Cannot read IP mode file for STMicroelectronics.FP-ATR-ASTRA1.2.0.2
2026-07-22 18:59:35,728 [WARN] PackLoader:240 - Cannot read IP mode file for STMicroelectronics.FP-ATR-ASTRA1.2.0.1
2026-07-22 18:59:35,754 [ERROR] Engine:466 - C:\Users\abhil\.stm32cubemx\thirdparties\pdsc\STMicroelectronics.X-CUBE-SMBUS.2.1.1.pdsc: PDSC version is not supported
2026-07-22 18:59:35,780 [WARN] PackLoader:240 - Cannot read IP mode file for STMicroelectronics.X-CUBE-SMBUS.2.1.0
2026-07-22 18:59:35,820 [WARN] PackLoader:240 - Cannot read IP mode file for STMicroelectronics.X-CUBE-WB05N.1.1.0
2026-07-22 18:59:35,851 [WARN] PackLoader:240 - Cannot read IP mode file for STMicroelectronics.X-CUBE-ST60.1.0.0
2026-07-22 18:59:35,890 [WARN] PackLoader:240 - Cannot read IP mode file for STMicroelectronics.X-CUBE-TOUCHGFX.4.23.2
2026-07-22 18:59:35,955 [WARN] PackLoader:240 - Cannot read IP mode file for STMicroelectronics.X-CUBE-AZRTOS-F7.1.1.0
2026-07-22 18:59:36,000 [ERROR] Engine:466 - C:\Users\abhil\.stm32cubemx\thirdparties\pdsc\STMicroelectronics.X-CUBE-FREERTOS.1.6.0.pdsc: PDSC version is not supported
2026-07-22 18:59:36,028 [WARN] PackLoader:240 - Cannot read IP mode file for STMicroelectronics.X-CUBE-BLE1.6.2.3
2026-07-22 18:59:36,117 [WARN] PackLoader:240 - Cannot read IP mode file for STMicroelectronics.X-CUBE-MEMS1.11.0.0
2026-07-22 18:59:36,315 [WARN] PackLoader:240 - Cannot read IP mode file for STMicroelectronics.X-CUBE-BLE1.6.2.4
2026-07-22 18:59:36,338 [ERROR] Engine:466 - C:\Users\abhil\.stm32cubemx\thirdparties\pdsc\STMicroelectronics.FP-SNS-MOTENV1.5.1.0.pdsc: PDSC version is not supported
2026-07-22 18:59:36,392 [WARN] PackLoader:240 - Cannot read IP mode file for STMicroelectronics.X-CUBE-AZRTOS-H7RS.1.3.0
2026-07-22 18:59:36,423 [WARN] PackLoader:240 - Cannot read IP mode file for STMicroelectronics.FP-SNS-FLIGHT1.5.0.2
2026-07-22 18:59:36,457 [WARN] PackLoader:240 - Cannot read IP mode file for STMicroelectronics.X-CUBE-TOF1.3.1.0
2026-07-22 18:59:36,511 [WARN] PackLoader:240 - Cannot read IP mode file for STMicroelectronics.X-CUBE-AZRTOS-H7.3.4.0
2026-07-22 18:59:36,544 [WARN] PackLoader:240 - Cannot read IP mode file for STMicroelectronics.X-CUBE-DISPLAY.3.0.0
2026-07-22 18:59:36,576 [WARN] PackLoader:240 - Cannot read IP mode file for STMicroelectronics.X-CUBE-GNSS1.7.1.1
2026-07-22 18:59:36,598 [ERROR] Engine:466 - C:\Users\abhil\.stm32cubemx\thirdparties\pdsc\STMicroelectronics.FP-SNS-MOTENVWB1.1.5.0.pdsc: PDSC version is not supported
2026-07-22 18:59:36,621 [WARN] PackLoader:240 - Cannot read IP mode file for STMicroelectronics.X-CUBE-BLE1.7.0.0
2026-07-22 18:59:36,648 [WARN] PackLoader:240 - Cannot read IP mode file for STMicroelectronics.X-CUBE-NFC10.1.0.0
2026-07-22 18:59:36,682 [WARN] PackLoader:240 - Cannot read IP mode file for STMicroelectronics.X-CUBE-BLEMGR.4.0.0
2026-07-22 18:59:36,706 [WARN] PackLoader:240 - Cannot read IP mode file for STMicroelectronics.X-CUBE-ST60.1.1.0
2026-07-22 18:59:36,723 [ERROR] Engine:466 - C:\Users\abhil\.stm32cubemx\thirdparties\pdsc\STMicroelectronics.X-CUBE-WBA.1.1.0.pdsc: PDSC version is not supported
2026-07-22 18:59:36,742 [WARN] PackLoader:240 - Cannot read IP mode file for STMicroelectronics.X-CUBE-GNSS1.7.1.0
2026-07-22 18:59:36,806 [WARN] PackLoader:240 - Cannot read IP mode file for STMicroelectronics.X-CUBE-MEMS1.9.3.0
2026-07-22 18:59:36,910 [WARN] PackLoader:240 - Cannot read IP mode file for STMicroelectronics.X-CUBE-AI.7.2.0
2026-07-22 18:59:36,933 [WARN] PackLoader:240 - Cannot read IP mode file for STMicroelectronics.X-CUBE-BLEMGR.3.1.0
2026-07-22 18:59:36,953 [WARN] PackLoader:240 - Cannot read IP mode file for STMicroelectronics.X-CUBE-AI.10.0.0
2026-07-22 18:59:36,973 [ERROR] Engine:466 - C:\Users\abhil\.stm32cubemx\thirdparties\pdsc\STMicroelectronics.FP-SNS-STBOX1.2.1.0.pdsc: PDSC version is not supported
2026-07-22 18:59:36,993 [WARN] PackLoader:240 - Cannot read IP mode file for STMicroelectronics.FP-SNS-SMARTAG2.1.2.0
2026-07-22 18:59:37,011 [WARN] PackLoader:240 - Cannot read IP mode file for STMicroelectronics.FP-SNS-FLIGHT1.5.1.0
2026-07-22 18:59:37,079 [WARN] PackLoader:240 - Cannot read IP mode file for STMicroelectronics.X-CUBE-MEMS1.11.1.0
2026-07-22 18:59:37,268 [INFO] LogOutputStream:77 - [STDOUT_REDIRECT] 1 : Invalid condition id : UX_CORESTACK_Condition cause : null
2026-07-22 18:59:37,269 [INFO] LogOutputStream:77 - [STDOUT_REDIRECT] 1 : Invalid condition id : UX_CORESTACK_Condition cause : null
2026-07-22 18:59:37,270 [INFO] LogOutputStream:77 - [STDOUT_REDIRECT] 1 : Invalid condition id : UX_CORESTACK_Condition cause : null
2026-07-22 18:59:37,271 [INFO] LogOutputStream:77 - [STDOUT_REDIRECT] 1 : Invalid condition id : UX_CORESTACK_Condition cause : null
2026-07-22 18:59:37,273 [INFO] LogOutputStream:77 - [STDOUT_REDIRECT] 1 : Invalid condition id : UX_CORESTACK_Condition cause : null
2026-07-22 18:59:37,277 [WARN] PackLoader:240 - Cannot read IP mode file for STMicroelectronics.X-CUBE-AZRTOS-WL.2.0.0
2026-07-22 18:59:37,300 [WARN] PackLoader:240 - Cannot read IP mode file for STMicroelectronics.FP-SNS-MOTENV1.5.0.0
2026-07-22 18:59:37,343 [WARN] PackLoader:240 - Cannot read IP mode file for STMicroelectronics.X-CUBE-AZRTOS-H7RS.1.2.0
2026-07-22 18:59:37,366 [WARN] PackLoader:240 - Cannot read IP mode file for wolfSSL.I-CUBE-wolfMQTT.1.19.0
2026-07-22 18:59:37,391 [WARN] PackLoader:240 - Cannot read IP mode file for WES.I-CUBE-Cesium.1.3.0
2026-07-22 18:59:37,411 [WARN] PackLoader:240 - Cannot read IP mode file for STMicroelectronics.X-CUBE-BLE2.3.3.0
2026-07-22 18:59:37,479 [WARN] PackLoader:240 - Cannot read IP mode file for STMicroelectronics.X-CUBE-DISPLAY.2.2.0
2026-07-22 18:59:37,505 [WARN] PackLoader:240 - Cannot read IP mode file for STMicroelectronics.X-CUBE-TOF1.3.2.0
2026-07-22 18:59:37,527 [WARN] PackLoader:240 - Cannot read IP mode file for STMicroelectronics.X-CUBE-ISPU.1.0.0
2026-07-22 18:59:37,550 [WARN] PackLoader:240 - Cannot read IP mode file for STMicroelectronics.X-CUBE-NFC9.1.0.0
2026-07-22 18:59:37,587 [WARN] PackLoader:240 - Cannot read IP mode file for STMicroelectronics.X-CUBE-AZRTOS-H7.2.1.0
2026-07-22 18:59:37,608 [WARN] PackLoader:240 - Cannot read IP mode file for STMicroelectronics.X-CUBE-BLE1.7.1.0
2026-07-22 18:59:37,629 [WARN] PackLoader:240 - Cannot read IP mode file for STMicroelectronics.X-CUBE-TCPP.4.1.0
2026-07-22 18:59:37,647 [ERROR] Engine:466 - C:\Users\abhil\.stm32cubemx\thirdparties\pdsc\STMicroelectronics.X-CUBE-FREERTOS.1.4.0.pdsc: PDSC version is not supported
2026-07-22 18:59:37,666 [WARN] PackLoader:240 - Cannot read IP mode file for STMicroelectronics.X-CUBE-EEPRMA1.5.2.0
2026-07-22 18:59:37,686 [WARN] PackLoader:240 - Cannot read IP mode file for STMicroelectronics.X-CUBE-TOUCHGFX.4.21.3
2026-07-22 18:59:37,703 [WARN] PackLoader:240 - Cannot read IP mode file for STMicroelectronics.X-CUBE-AI.7.3.0
2026-07-22 18:59:37,719 [ERROR] Engine:466 - C:\Users\abhil\.stm32cubemx\thirdparties\pdsc\STMicroelectronics.X-CUBE-ST67W61.1.1.0.pdsc: PDSC version is not supported
2026-07-22 18:59:37,737 [WARN] PackLoader:240 - Cannot read IP mode file for STMicroelectronics.X-CUBE-AI.10.1.0
2026-07-22 18:59:37,753 [ERROR] Engine:466 - C:\Users\abhil\.stm32cubemx\thirdparties\pdsc\STMicroelectronics.FP-SNS-STAIOTCFT.1.1.0.pdsc: PDSC version is not supported
2026-07-22 18:59:37,808 [WARN] PackLoader:240 - Cannot read IP mode file for STMicroelectronics.X-CUBE-MEMS1.12.0.0
2026-07-22 18:59:37,884 [WARN] PackLoader:240 - Cannot read IP mode file for STMicroelectronics.X-CUBE-ALGOBUILD.1.3.0
2026-07-22 18:59:37,951 [WARN] PackLoader:240 - Cannot read IP mode file for STMicroelectronics.X-CUBE-MEMS1.11.2.0
2026-07-22 18:59:38,069 [WARN] PackLoader:240 - Cannot read IP mode file for STMicroelectronics.X-CUBE-AZRTOS-G0.1.1.0
2026-07-22 18:59:38,091 [WARN] PackLoader:240 - Cannot read IP mode file for STMicroelectronics.X-CUBE-SAFEA1.1.2.2
2026-07-22 18:59:38,113 [WARN] PackLoader:240 - Cannot read IP mode file for STMicroelectronics.X-CUBE-NFC4.3.0.0
2026-07-22 18:59:38,157 [WARN] PackLoader:240 - Cannot read IP mode file for SEGGER.I-CUBE-embOS.1.2.1
2026-07-22 18:59:38,198 [WARN] PackLoader:240 - Cannot read IP mode file for wolfSSL.I-CUBE-wolfMQTT.1.18.0
2026-07-22 18:59:38,223 [WARN] PackLoader:240 - Cannot read IP mode file for EmbeddedOffice.I-CUBE-FS-RTOS.1.0.1
2026-07-22 18:59:38,242 [WARN] PackLoader:240 - Cannot read IP mode file for STMicroelectronics.X-CUBE-WB05N.2.0.0
2026-07-22 18:59:38,262 [WARN] PackLoader:240 - Cannot read IP mode file for STMicroelectronics.X-CUBE-TCPP.4.2.0
2026-07-22 18:59:38,285 [WARN] PackLoader:240 - Cannot read IP mode file for RealThread.X-CUBE-RT-Thread_Nano.4.1.1
2026-07-22 18:59:38,304 [WARN] PackLoader:240 - Cannot read IP mode file for STMicroelectronics.FP-ATR-SIGFOX1.3.2.0
2026-07-22 18:59:38,323 [WARN] ConditionMgr:438 - getConditionDescription Invalid condition id : Cortex-A Device cause : null
2026-07-22 18:59:38,347 [WARN] ConditionMgr:1044 - genDependencies : Invalid condition id : Cortex-A Device cause : null
2026-07-22 18:59:38,347 [WARN] ConditionMgr:1044 - genDependencies : Invalid condition id : Cortex-A Device cause : null
2026-07-22 18:59:38,347 [WARN] ConditionMgr:1044 - genDependencies : Invalid condition id : Cortex-A Device cause : null
2026-07-22 18:59:38,368 [WARN] PackLoader:240 - Cannot read IP mode file for STMicroelectronics.X-CUBE-EEPRMA1.5.1.0
2026-07-22 18:59:38,386 [ERROR] Engine:466 - C:\Users\abhil\.stm32cubemx\thirdparties\pdsc\STMicroelectronics.X-CUBE-FREERTOS.1.5.0.pdsc: PDSC version is not supported
2026-07-22 18:59:38,408 [WARN] PackLoader:240 - Cannot read IP mode file for emotas.I-CUBE-CANOPEN.1.1.2
2026-07-22 18:59:38,427 [WARN] PackLoader:240 - Cannot read IP mode file for STMicroelectronics.X-CUBE-TOUCHGFX.4.20.0
2026-07-22 18:59:38,449 [WARN] PackLoader:240 - Cannot read IP mode file for ITTIA_DB.I-CUBE-ITTIADB.8.9.0
2026-07-22 18:59:38,471 [WARN] PackLoader:240 - Cannot read IP mode file for STMicroelectronics.X-CUBE-NFC6.3.2.0
2026-07-22 18:59:38,537 [WARN] PackLoader:240 - Cannot read IP mode file for STMicroelectronics.X-CUBE-MEMS1.9.5.0
2026-07-22 18:59:38,690 [WARN] PackLoader:240 - Cannot read IP mode file for STMicroelectronics.X-CUBE-ST67W61.1.0.0
2026-07-22 18:59:38,715 [WARN] PackLoader:240 - Cannot read IP mode file for STMicroelectronics.X-CUBE-AI.10.2.1
2026-07-22 18:59:38,733 [WARN] PackLoader:240 - Cannot read IP mode file for STMicroelectronics.X-CUBE-AI.10.2.0
2026-07-22 18:59:38,790 [WARN] PackLoader:240 - Cannot read IP mode file for STMicroelectronics.X-CUBE-MEMS1.12.1.0
2026-07-22 18:59:38,913 [WARN] PackLoader:240 - Cannot read IP mode file for SEGGER.I-CUBE-embOS.1.3.1
2026-07-22 18:59:38,970 [WARN] PackLoader:240 - Cannot read IP mode file for STMicroelectronics.X-CUBE-ALGOBUILD.1.4.0
2026-07-22 18:59:39,044 [WARN] PackLoader:240 - Cannot read IP mode file for STMicroelectronics.X-CUBE-MEMS1.11.3.0
2026-07-22 18:59:39,179 [WARN] PackLoader:240 - Cannot read IP mode file for STMicroelectronics.X-CUBE-AI.9.1.0
2026-07-22 18:59:39,206 [WARN] PackLoader:240 - Cannot read IP mode file for STMicroelectronics.X-CUBE-NFC13.1.0.0
2026-07-22 18:59:39,229 [WARN] PackLoader:240 - Cannot read IP mode file for STMicroelectronics.X-CUBE-PM33A1.1.0.0
2026-07-22 18:59:39,249 [WARN] PackLoader:240 - Cannot read IP mode file for STMicroelectronics.X-CUBE-GNSS1.6.0.0
2026-07-22 18:59:39,309 [WARN] PackLoader:240 - Cannot read IP mode file for STMicroelectronics.X-CUBE-AZRTOS-F4.1.1.0
2026-07-22 18:59:39,338 [WARN] PackLoader:240 - Cannot read IP mode file for Avnet-IotConnect.X-CUBE-IoTC-DA16k-PMOD.1.0.0
2026-07-22 18:59:39,361 [WARN] PackLoader:240 - Cannot read IP mode file for STMicroelectronics.X-CUBE-ISPU.2.1.0
2026-07-22 18:59:39,393 [ERROR] Engine:466 - C:\Users\abhil\.stm32cubemx\thirdparties\pdsc\STMicroelectronics.X-CUBE-IPS.3.2.0.pdsc: PDSC version is not supported
2026-07-22 18:59:39,423 [WARN] PackLoader:240 - Cannot read IP mode file for STMicroelectronics.eDS-WB_DPC_TT-BIDIR.2.1.1
2026-07-22 18:59:39,445 [WARN] PackLoader:240 - Cannot read IP mode file for STMicroelectronics.X-CUBE-FREERTOS.1.2.0
2026-07-22 18:59:39,470 [WARN] PackLoader:240 - Cannot read IP mode file for STMicroelectronics.X-CUBE-NFC12.1.0.0
2026-07-22 18:59:39,500 [WARN] PackLoader:240 - Cannot read IP mode file for STMicroelectronics.X-CUBE-BLEMGR.1.2.0
2026-07-22 18:59:39,544 [WARN] PackLoader:240 - Cannot read IP mode file for STMicroelectronics.X-CUBE-AZRTOS-L5.2.0.0
2026-07-22 18:59:39,569 [WARN] PackLoader:240 - Cannot read IP mode file for STMicroelectronics.X-CUBE-NFC6.3.1.0
2026-07-22 18:59:39,600 [WARN] PackLoader:240 - Cannot read IP mode file for STMicroelectronics.X-CUBE-ALGOBUILD.1.5.0
2026-07-22 18:59:39,628 [WARN] PackLoader:240 - Cannot read IP mode file for STMicroelectronics.X-CUBE-BLEMGR.2.0.0
2026-07-22 18:59:39,661 [WARN] PackLoader:240 - Cannot read IP mode file for STMicroelectronics.X-CUBE-DPower.1.2.0
2026-07-22 18:59:39,688 [WARN] PackLoader:240 - Cannot read IP mode file for STMicroelectronics.eDS-WB_DPC_VIENNA.1.2.0
2026-07-22 18:59:39,710 [WARN] PackLoader:240 - Cannot read IP mode file for STMicroelectronics.eDS-WB_DPC_3PH2L-BIDIR.1.1.1
2026-07-22 18:59:39,733 [WARN] PackLoader:240 - Cannot read IP mode file for STMicroelectronics.X-CUBE-NFC4.2.0.4
2026-07-22 18:59:39,753 [WARN] PackLoader:240 - Cannot read IP mode file for STMicroelectronics.X-CUBE-AI.9.0.0
2026-07-22 18:59:39,796 [WARN] ConditionMgr:438 - getConditionDescription Invalid condition id : UX DEVICE CLASS RTOS Condition cause : null
2026-07-22 18:59:39,797 [WARN] ConditionMgr:438 - getConditionDescription Invalid condition id : UX DEVICE CLASS RTOS Condition cause : null
2026-07-22 18:59:39,800 [WARN] PackLoader:240 - Cannot read IP mode file for STMicroelectronics.X-CUBE-AZRTOS-H7.3.1.0
2026-07-22 18:59:39,801 [WARN] ConditionMgr:1044 - genDependencies : Invalid condition id : UX DEVICE CLASS RTOS Condition cause : null
2026-07-22 18:59:39,801 [WARN] ConditionMgr:1044 - genDependencies : Invalid condition id : UX DEVICE CLASS RTOS Condition cause : null
2026-07-22 18:59:39,802 [WARN] ConditionMgr:1044 - genDependencies : Invalid condition id : UX DEVICE CLASS RTOS Condition cause : null
2026-07-22 18:59:39,803 [WARN] ConditionMgr:1044 - genDependencies : Invalid condition id : UX DEVICE CLASS RTOS Condition cause : null
2026-07-22 18:59:39,803 [WARN] ConditionMgr:1044 - genDependencies : Invalid condition id : UX DEVICE CLASS RTOS Condition cause : null
2026-07-22 18:59:39,825 [ERROR] Engine:466 - C:\Users\abhil\.stm32cubemx\thirdparties\pdsc\STMicroelectronics.X-CUBE-ST67W61.1.3.0.pdsc: PDSC version is not supported
2026-07-22 18:59:39,846 [WARN] PackLoader:240 - Cannot read IP mode file for wolfSSL.I-CUBE-wolfSSL.5.5.1
2026-07-22 18:59:39,866 [WARN] PackLoader:240 - Cannot read IP mode file for STMicroelectronics.X-CUBE-FREERTOS.1.3.1
2026-07-22 18:59:39,884 [WARN] PackLoader:240 - Cannot read IP mode file for STMicroelectronics.X-CUBE-FREERTOS.1.3.0
2026-07-22 18:59:39,907 [WARN] PackLoader:240 - Cannot read IP mode file for STMicroelectronics.X-CUBE-NFC7.1.0.1
2026-07-22 18:59:39,927 [WARN] PackLoader:240 - Cannot read IP mode file for STMicroelectronics.X-CUBE-NFC7.1.0.0
2026-07-22 18:59:39,946 [WARN] PackLoader:240 - Cannot read IP mode file for STMicroelectronics.X-CUBE-TOUCHGFX.4.26.0
2026-07-22 18:59:39,966 [WARN] PackLoader:240 - Cannot read IP mode file for STMicroelectronics.X-CUBE-TOUCHGFX.4.26.1
2026-07-22 18:59:39,982 [WARN] PackLoader:240 - Cannot read IP mode file for STMicroelectronics.X-CUBE-EEPRMA1.4.1.0
2026-07-22 18:59:39,999 [WARN] PackLoader:240 - Cannot read IP mode file for STMicroelectronics.FP-SNS-STAIOTCFT.1.0.0
2026-07-22 18:59:40,015 [WARN] PackLoader:240 - Cannot read IP mode file for STMicroelectronics.X-CUBE-DPower.1.3.0
2026-07-22 18:59:40,046 [WARN] ConditionMgr:438 - getConditionDescription Invalid condition id : LAN8742 Phy interface Condition cause : null
2026-07-22 18:59:40,046 [WARN] PackLoader:240 - Cannot read IP mode file for STMicroelectronics.X-CUBE-AZRTOS-L4.2.0.0
2026-07-22 18:59:40,047 [WARN] ConditionMgr:1044 - genDependencies : Invalid condition id : LAN8742 Phy interface Condition cause : null
2026-07-22 18:59:40,047 [WARN] ConditionMgr:1044 - genDependencies : Invalid condition id : LAN8742 Phy interface Condition cause : null
2026-07-22 18:59:40,047 [WARN] ConditionMgr:1044 - genDependencies : Invalid condition id : LAN8742 Phy interface Condition cause : null
2026-07-22 18:59:40,067 [WARN] PackLoader:240 - Cannot read IP mode file for STMicroelectronics.X-CUBE-SFXS2LP1.4.0.0
2026-07-22 18:59:40,083 [WARN] PackLoader:240 - Cannot read IP mode file for STMicroelectronics.X-CUBE-WB05N.2.1.0
2026-07-22 18:59:40,099 [ERROR] Engine:466 - C:\Users\abhil\.stm32cubemx\thirdparties\pdsc\STMicroelectronics.X-CUBE-ST67W61.1.2.0.pdsc: PDSC version is not supported
2026-07-22 18:59:40,113 [WARN] PackLoader:240 - Cannot read IP mode file for STMicroelectronics.X-CUBE-ISPU.1.1.0
2026-07-22 18:59:40,143 [WARN] PackLoader:240 - Cannot read IP mode file for STMicroelectronics.X-CUBE-AZRTOS-H7.3.3.0
2026-07-22 18:59:40,162 [WARN] PackLoader:240 - Cannot read IP mode file for RoweBots.I-CUBE-UNISONRTOS.5.5.0-4
2026-07-22 18:59:40,180 [WARN] PackLoader:240 - Cannot read IP mode file for STMicroelectronics.X-CUBE-BLEMGR.4.1.0
2026-07-22 18:59:40,206 [WARN] PackLoader:240 - Cannot read IP mode file for STMicroelectronics.X-CUBE-AI.8.0.0
2026-07-22 18:59:40,229 [WARN] PackLoader:240 - Cannot read IP mode file for STMicroelectronics.X-CUBE-IPS.3.0.0
2026-07-22 18:59:40,263 [WARN] ConditionMgr:438 - getConditionDescription Invalid condition id : UX DEVICE CLASS RTOS Condition cause : null
2026-07-22 18:59:40,264 [WARN] ConditionMgr:438 - getConditionDescription Invalid condition id : UX DEVICE CLASS RTOS Condition cause : null
2026-07-22 18:59:40,265 [WARN] PackLoader:240 - Cannot read IP mode file for STMicroelectronics.X-CUBE-AZRTOS-WB.2.0.0
2026-07-22 18:59:40,265 [WARN] ConditionMgr:1044 - genDependencies : Invalid condition id : UX DEVICE CLASS RTOS Condition cause : null
2026-07-22 18:59:40,265 [WARN] ConditionMgr:1044 - genDependencies : Invalid condition id : UX DEVICE CLASS RTOS Condition cause : null
2026-07-22 18:59:40,265 [WARN] ConditionMgr:1044 - genDependencies : Invalid condition id : UX DEVICE CLASS RTOS Condition cause : null
2026-07-22 18:59:40,265 [WARN] ConditionMgr:1044 - genDependencies : Invalid condition id : UX DEVICE CLASS RTOS Condition cause : null
2026-07-22 18:59:40,265 [WARN] ConditionMgr:1044 - genDependencies : Invalid condition id : UX DEVICE CLASS RTOS Condition cause : null
2026-07-22 18:59:40,280 [WARN] PackLoader:240 - Cannot read IP mode file for STMicroelectronics.X-CUBE-FREERTOS.1.0.1
2026-07-22 18:59:40,293 [WARN] PackLoader:240 - Cannot read IP mode file for STMicroelectronics.X-CUBE-GNSS1.7.0.0
2026-07-22 18:59:40,310 [WARN] PackLoader:240 - Cannot read IP mode file for STMicroelectronics.X-CUBE-GNSS1.7.0.1
2026-07-22 18:59:40,323 [WARN] PackLoader:240 - Cannot read IP mode file for STMicroelectronics.X-CUBE-TOUCHGFX.4.25.0
2026-07-22 18:59:40,338 [WARN] PackLoader:240 - Cannot read IP mode file for STMicroelectronics.FP-SNS-STBOX1.2.0.0
2026-07-22 18:59:40,356 [WARN] PackLoader:240 - Cannot read IP mode file for STMicroelectronics.X-CUBE-STSE01.2.0.0
2026-07-22 18:59:40,381 [WARN] PackLoader:240 - Cannot read IP mode file for STMicroelectronics.X-CUBE-AZRTOS-L5.1.1.0
2026-07-22 18:59:40,401 [WARN] PackLoader:240 - Cannot read IP mode file for STMicroelectronics.X-CUBE-SUBG2.5.0.0
2026-07-22 18:59:40,431 [WARN] PackLoader:240 - Cannot read IP mode file for STMicroelectronics.X-CUBE-AZRTOS-H7RS.1.1.0
2026-07-22 18:59:40,447 [WARN] PackLoader:240 - Cannot read IP mode file for Cesanta.I-CUBE-Mongoose.7.13.0
2026-07-22 18:59:40,472 [WARN] PackLoader:240 - Cannot read IP mode file for STMicroelectronics.X-CUBE-AZRTOS-G4.2.0.0
2026-07-22 18:59:40,491 [WARN] PackLoader:240 - Cannot read IP mode file for STMicroelectronics.X-CUBE-TOF1.3.3.0
2026-07-22 18:59:40,506 [WARN] PackLoader:240 - Cannot read IP mode file for STMicroelectronics.FP-ATR-ASTRA1.1.1.1
2026-07-22 18:59:40,518 [WARN] PackLoader:240 - Cannot read IP mode file for STMicroelectronics.X-CUBE-NFC7.2.0.0
2026-07-22 18:59:40,540 [WARN] PackLoader:240 - Cannot read IP mode file for STMicroelectronics.X-CUBE-AZRTOS-G4.1.0.0
2026-07-22 18:59:40,563 [WARN] PackLoader:240 - Cannot read IP mode file for STMicroelectronics.X-CUBE-AZRTOS-L4.1.0.0
2026-07-22 18:59:40,577 [WARN] PackLoader:240 - Cannot read IP mode file for STMicroelectronics.X-CUBE-ISPU.2.0.0
2026-07-22 18:59:40,605 [WARN] PackLoader:240 - Cannot read IP mode file for STMicroelectronics.X-CUBE-IPS.3.1.0
2026-07-22 18:59:40,625 [ERROR] Engine:466 - C:\Users\abhil\.stm32cubemx\thirdparties\pdsc\STMicroelectronics.X-CUBE-BLEMGR.4.2.0.pdsc: PDSC version is not supported
2026-07-22 18:59:40,637 [WARN] PackLoader:240 - Cannot read IP mode file for STMicroelectronics.X-CUBE-ALS.1.0.2
2026-07-22 18:59:40,674 [WARN] PackLoader:240 - Cannot read IP mode file for STMicroelectronics.X-CUBE-MEMS1.10.0.0
2026-07-22 18:59:40,738 [WARN] PackLoader:240 - Cannot read IP mode file for STMicroelectronics.X-CUBE-TOUCHGFX.4.24.2
2026-07-22 18:59:40,758 [WARN] PackLoader:240 - Cannot read IP mode file for STMicroelectronics.X-CUBE-AZRTOS-WL.1.0.0
2026-07-22 18:59:40,772 [WARN] PackLoader:240 - Cannot read IP mode file for STMicroelectronics.X-CUBE-TOUCHGFX.4.24.1
2026-07-22 18:59:40,786 [WARN] PackLoader:240 - Cannot read IP mode file for STMicroelectronics.X-CUBE-STSE01.1.0.0
2026-07-22 18:59:40,800 [WARN] PackLoader:240 - Cannot read IP mode file for wolfSSL.I-CUBE-wolfTPM.3.4.0
2026-07-22 18:59:40,813 [WARN] PackLoader:240 - Cannot read IP mode file for portGmbH.I-Cube-SoM-uGOAL.1.1.0
2026-07-22 18:59:40,826 [WARN] PackLoader:240 - Cannot read IP mode file for STMicroelectronics.X-CUBE-ALS.1.0.1
2026-07-22 18:59:40,846 [WARN] PackLoader:240 - Cannot read IP mode file for STMicroelectronics.X-CUBE-AZRTOS-WB.1.1.0
2026-07-22 18:59:40,870 [WARN] PackLoader:240 - Cannot read IP mode file for STMicroelectronics.X-CUBE-AZRTOS-L5.1.0.0
2026-07-22 18:59:40,884 [WARN] PackLoader:240 - Cannot read IP mode file for STMicroelectronics.X-CUBE-EEPRMA1.3.1.1
2026-07-22 18:59:40,908 [WARN] PackLoader:240 - Cannot read IP mode file for STMicroelectronics.X-CUBE-AZRTOS-H7RS.1.0.0
2026-07-22 18:59:40,921 [WARN] PackLoader:240 - Cannot read IP mode file for STMicroelectronics.FP-ATR-ASTRA1.2.0.0
2026-07-22 18:59:40,942 [WARN] PackLoader:240 - Cannot read IP mode file for STMicroelectronics.X-CUBE-TOF1.3.4.2
2026-07-22 18:59:40,964 [WARN] PackLoader:240 - Cannot read IP mode file for STMicroelectronics.X-CUBE-TOF1.3.4.3
2026-07-22 18:59:40,986 [WARN] PackLoader:240 - Cannot read IP mode file for STMicroelectronics.X-CUBE-TOF1.3.4.1
2026-07-22 18:59:41,013 [WARN] PackLoader:240 - Cannot read IP mode file for STMicroelectronics.X-CUBE-AZRTOS-H7.3.2.0
2026-07-22 18:59:41,035 [WARN] PackLoader:240 - Cannot read IP mode file for Infineon.AIROC-Wi-Fi-Bluetooth-STM32.1.6.0
2026-07-22 18:59:41,049 [WARN] PackLoader:240 - Cannot read IP mode file for wolfSSL.I-CUBE-wolfSSH.1.4.17
2026-07-22 18:59:41,050 [INFO] ThirdParty:978 - Integrity check success = true
2026-07-22 18:59:41,050 [INFO] IntegrityCheckThread:100 - exiting critical section [integrity check]
2026-07-22 18:59:41,050 [INFO] IntegrityCheckThread:103 - End integrity checks thread
2026-07-22 19:06:17,001 [INFO] McuFinderGlobals:63 - Set McuFinder mode to 2 (CubeIDE integrated)
2026-07-22 19:06:17,058 [INFO] MainUpdater:2872 - connection check result : 22
2026-07-22 19:06:17,076 [INFO] MainUpdater:2872 - connection check result : 22
2026-07-22 19:06:21,578 [INFO] MainUpdater:2872 - connection check result : 22
2026-07-22 19:06:25,010 [INFO] MainUpdater:2872 - connection check result : 22
2026-07-22 19:06:27,540 [INFO] MainUpdater:2872 - connection check result : 22
2026-07-22 19:06:30,100 [INFO] MainUpdater:2872 - connection check result : 22
2026-07-22 19:06:31,091 [INFO] MicroXplorer:468 - Change Database Path : 
2026-07-22 19:06:31,092 [INFO] MicroXplorer:498 - Change Database Version : DB.6.0.141
2026-07-22 19:06:31,101 [WARN] ThirdParty:871 - waiting for thirdparty lock release [close project]
2026-07-22 19:06:31,101 [INFO] ThirdParty:873 - entering critical section [close project]
2026-07-22 19:06:31,103 [INFO] ThirdParty:883 - exiting critical section [close project]
2026-07-22 19:06:31,107 [INFO] PinOutPanel:1589 - setPackage(No Configuration,No Configuration)
2026-07-22 19:06:31,114 [INFO] UtilMem:75 - Begin LoadConfig() Used Memory: 207748056 Bytes (386924544)
2026-07-22 19:06:31,116 [INFO] MicroXplorer:468 - Change Database Path : 
2026-07-22 19:06:31,116 [INFO] MicroXplorer:498 - Change Database Version : DB.6.0.141
2026-07-22 19:06:31,117 [INFO] OpenFileManager:354 - Change cursor
2026-07-22 19:06:31,183 [INFO] Mcu:2011 - Initializing MCU STM32F411C(C-E)Ux STM32F411CEUx STM32F411CEU6
2026-07-22 19:06:33,286 [INFO] Context:756 - Trying to add GPIOservice into a context  which must be forbidden
2026-07-22 19:06:33,823 [INFO] ImportTextPane:218 - (OptionalMessage_ERROR) Pin27 (VP_RIF_VS_RIF1) cannot be retrieved for this MCU
2026-07-22 19:06:34,069 [INFO] RtosManager:558 - Registered RTOS mode: class=CMSIS, group=RTOS, mode=CMSIS_V1, owner=FREERTOS
2026-07-22 19:06:34,070 [INFO] RtosManager:558 - Registered RTOS mode: class=CMSIS, group=RTOS2, mode=CMSIS_V2, owner=FREERTOS
2026-07-22 19:06:34,070 [INFO] RtosManager:558 - Registered RTOS mode: class=RTOS, group=Core, mode=CMSIS_V1, owner=FREERTOS
2026-07-22 19:06:34,070 [INFO] RtosManager:558 - Registered RTOS mode: class=RTOS, group=Core, mode=CMSIS_V2, owner=FREERTOS
2026-07-22 19:06:34,070 [WARN] ModelIntegratedComponent:184 - Missing modes for component STMicroelectronics:FreeRTOS:0.0.1:STMicroelectronics:RTOS:FreeRTOS:Core:::10.2.0:
2026-07-22 19:06:34,088 [WARN] ModelIntegratedComponent:63 - No mode defined for component null
2026-07-22 19:06:34,088 [WARN] ModelIntegratedComponent:63 - No mode defined for component null
2026-07-22 19:06:34,088 [WARN] ModelIntegratedComponent:63 - No mode defined for component null
2026-07-22 19:06:34,089 [WARN] ModelIntegratedComponent:63 - No mode defined for component null
2026-07-22 19:06:34,089 [WARN] ModelIntegratedComponent:63 - No mode defined for component null
2026-07-22 19:06:34,089 [WARN] ModelIntegratedComponent:63 - No mode defined for component null
2026-07-22 19:06:34,089 [WARN] ModelIntegratedComponent:63 - No mode defined for component null
2026-07-22 19:06:34,089 [WARN] ModelIntegratedComponent:63 - No mode defined for component null
2026-07-22 19:06:34,089 [WARN] ModelIntegratedComponent:63 - No mode defined for component null
2026-07-22 19:06:34,089 [WARN] ModelIntegratedComponent:63 - No mode defined for component null
2026-07-22 19:06:34,089 [WARN] ModelIntegratedComponent:63 - No mode defined for component null
2026-07-22 19:06:34,089 [WARN] ModelIntegratedComponent:63 - No mode defined for component null
2026-07-22 19:06:34,089 [WARN] ModelIntegratedComponent:63 - No mode defined for component null
2026-07-22 19:06:34,090 [WARN] ModelIntegratedComponent:63 - No mode defined for component null
2026-07-22 19:06:34,090 [WARN] ModelIntegratedComponent:63 - No mode defined for component null
2026-07-22 19:06:34,090 [WARN] ModelIntegratedComponent:63 - No mode defined for component null
2026-07-22 19:06:34,090 [WARN] ModelIntegratedComponent:63 - No mode defined for component null
2026-07-22 19:06:34,090 [WARN] ModelIntegratedComponent:63 - No mode defined for component null
2026-07-22 19:06:34,090 [WARN] ModelIntegratedComponent:63 - No mode defined for component null
2026-07-22 19:06:34,090 [WARN] ModelIntegratedComponent:63 - No mode defined for component null
2026-07-22 19:06:34,091 [WARN] ModelIntegratedComponent:63 - No mode defined for component null
2026-07-22 19:06:34,091 [WARN] ModelIntegratedComponent:63 - No mode defined for component null
2026-07-22 19:06:34,091 [WARN] ModelIntegratedComponent:63 - No mode defined for component null
2026-07-22 19:06:34,091 [WARN] ModelIntegratedComponent:63 - No mode defined for component null
2026-07-22 19:06:34,091 [WARN] ModelIntegratedComponent:63 - No mode defined for component null
2026-07-22 19:06:34,092 [WARN] ModelIntegratedComponent:63 - No mode defined for component null
2026-07-22 19:06:34,092 [WARN] ModelIntegratedComponent:63 - No mode defined for component null
2026-07-22 19:06:34,092 [WARN] ModelIntegratedComponent:63 - No mode defined for component null
2026-07-22 19:06:34,093 [WARN] ModelIntegratedComponent:63 - No mode defined for component null
2026-07-22 19:06:34,093 [WARN] ModelIntegratedComponent:63 - No mode defined for component null
2026-07-22 19:06:34,093 [WARN] ModelIntegratedComponent:63 - No mode defined for component null
2026-07-22 19:06:34,093 [WARN] ModelIntegratedComponent:63 - No mode defined for component null
2026-07-22 19:06:34,093 [WARN] ModelIntegratedComponent:63 - No mode defined for component null
2026-07-22 19:06:34,093 [WARN] ModelIntegratedComponent:63 - No mode defined for component null
2026-07-22 19:06:34,093 [WARN] ModelIntegratedComponent:63 - No mode defined for component null
2026-07-22 19:06:34,094 [WARN] ModelPack:524 - Component already loaded: STMicroelectronics:HAL Drivers:0.0.0:STMicroelectronics:Device:STMicro_Driver:XSPI:HAL::0.0.1:HAL_XSPI
2026-07-22 19:06:34,249 [WARN] ModelIntegratedComponent:182 - Modes not found for component STMicroelectronics:USB_DEVICE:1.0.0:STMicroelectronics:USB::USB Device:Audio HS::1.0:USB_DEVICE_1_0_RESTRICTED_HS
2026-07-22 19:06:34,249 [WARN] ModelIntegratedComponent:188 - Modes not found for component STMicroelectronics:USB_DEVICE:1.0.0:STMicroelectronics:USB::USB Device:Audio HS::1.0:USB_DEVICE_1_0_RESTRICTED_HS
2026-07-22 19:06:34,249 [WARN] ModelIntegratedComponent:182 - Modes not found for component STMicroelectronics:USB_DEVICE:1.0.0:STMicroelectronics:USB::USB Device:CDC HS::1.0:USB_DEVICE_1_0_RESTRICTED_HS
2026-07-22 19:06:34,249 [WARN] ModelIntegratedComponent:188 - Modes not found for component STMicroelectronics:USB_DEVICE:1.0.0:STMicroelectronics:USB::USB Device:CDC HS::1.0:USB_DEVICE_1_0_RESTRICTED_HS
2026-07-22 19:06:34,249 [WARN] ModelIntegratedComponent:182 - Modes not found for component STMicroelectronics:USB_DEVICE:1.0.0:STMicroelectronics:USB::USB Device:DFU HS::1.0:USB_DEVICE_1_0_RESTRICTED_HS
2026-07-22 19:06:34,249 [WARN] ModelIntegratedComponent:188 - Modes not found for component STMicroelectronics:USB_DEVICE:1.0.0:STMicroelectronics:USB::USB Device:DFU HS::1.0:USB_DEVICE_1_0_RESTRICTED_HS
2026-07-22 19:06:34,249 [WARN] ModelIntegratedComponent:182 - Modes not found for component STMicroelectronics:USB_DEVICE:1.0.0:STMicroelectronics:USB::USB Device:HID HS::1.0:USB_DEVICE_1_0_RESTRICTED_HS
2026-07-22 19:06:34,250 [WARN] ModelIntegratedComponent:188 - Modes not found for component STMicroelectronics:USB_DEVICE:1.0.0:STMicroelectronics:USB::USB Device:HID HS::1.0:USB_DEVICE_1_0_RESTRICTED_HS
2026-07-22 19:06:34,250 [WARN] ModelIntegratedComponent:182 - Modes not found for component STMicroelectronics:USB_DEVICE:1.0.0:STMicroelectronics:USB::USB Device:Custom HID HS::1.0:USB_DEVICE_1_0_RESTRICTED_HS
2026-07-22 19:06:34,250 [WARN] ModelIntegratedComponent:188 - Modes not found for component STMicroelectronics:USB_DEVICE:1.0.0:STMicroelectronics:USB::USB Device:Custom HID HS::1.0:USB_DEVICE_1_0_RESTRICTED_HS
2026-07-22 19:06:34,250 [WARN] ModelIntegratedComponent:182 - Modes not found for component STMicroelectronics:USB_DEVICE:1.0.0:STMicroelectronics:USB::USB Device:MSC HS::1.0:USB_DEVICE_1_0_RESTRICTED_HS
2026-07-22 19:06:34,250 [WARN] ModelIntegratedComponent:188 - Modes not found for component STMicroelectronics:USB_DEVICE:1.0.0:STMicroelectronics:USB::USB Device:MSC HS::1.0:USB_DEVICE_1_0_RESTRICTED_HS
2026-07-22 19:06:34,409 [WARN] ModelIntegratedComponent:182 - Modes not found for component STMicroelectronics:USB_HOST:1.0.0:STMicroelectronics:USB::USB Host:Audio HS::1.0:USB_HOST_1_0_RESTRICTED_HS
2026-07-22 19:06:34,409 [WARN] ModelIntegratedComponent:188 - Modes not found for component STMicroelectronics:USB_HOST:1.0.0:STMicroelectronics:USB::USB Host:Audio HS::1.0:USB_HOST_1_0_RESTRICTED_HS
2026-07-22 19:06:34,409 [WARN] ModelIntegratedComponent:182 - Modes not found for component STMicroelectronics:USB_HOST:1.0.0:STMicroelectronics:USB::USB Host:CDC HS::1.0:USB_HOST_1_0_RESTRICTED_HS
2026-07-22 19:06:34,409 [WARN] ModelIntegratedComponent:188 - Modes not found for component STMicroelectronics:USB_HOST:1.0.0:STMicroelectronics:USB::USB Host:CDC HS::1.0:USB_HOST_1_0_RESTRICTED_HS
2026-07-22 19:06:34,409 [WARN] ModelIntegratedComponent:182 - Modes not found for component STMicroelectronics:USB_HOST:1.0.0:STMicroelectronics:USB::USB Host:MSC HS::1.0:USB_HOST_1_0_RESTRICTED_HS
2026-07-22 19:06:34,409 [WARN] ModelIntegratedComponent:188 - Modes not found for component STMicroelectronics:USB_HOST:1.0.0:STMicroelectronics:USB::USB Host:MSC HS::1.0:USB_HOST_1_0_RESTRICTED_HS
2026-07-22 19:06:34,410 [WARN] ModelIntegratedComponent:182 - Modes not found for component STMicroelectronics:USB_HOST:1.0.0:STMicroelectronics:USB::USB Host:HID HS::1.0:USB_HOST_1_0_RESTRICTED_HS
2026-07-22 19:06:34,410 [WARN] ModelIntegratedComponent:188 - Modes not found for component STMicroelectronics:USB_HOST:1.0.0:STMicroelectronics:USB::USB Host:HID HS::1.0:USB_HOST_1_0_RESTRICTED_HS
2026-07-22 19:06:34,410 [WARN] ModelIntegratedComponent:182 - Modes not found for component STMicroelectronics:USB_HOST:1.0.0:STMicroelectronics:USB::USB Host:MTP HS::1.0:USB_HOST_1_0_RESTRICTED_HS
2026-07-22 19:06:34,410 [WARN] ModelIntegratedComponent:188 - Modes not found for component STMicroelectronics:USB_HOST:1.0.0:STMicroelectronics:USB::USB Host:MTP HS::1.0:USB_HOST_1_0_RESTRICTED_HS
2026-07-22 19:06:34,890 [INFO] ThirdPartyModel:298 - Start build external matchings
2026-07-22 19:06:39,968 [INFO] ThirdPartyModel:316 - End build external matchings
2026-07-22 19:06:40,071 [INFO] ImportTextPane:218 - (OptionalMessage_ERROR) IP (DMA) : Parameter (Instance) has Id (SPI2_TX) currently not set
2026-07-22 19:06:40,072 [INFO] ImportTextPane:218 - (OptionalMessage_ERROR) IP (DMA) : Parameter (Channel) has Id (SPI2_TX) currently not set
2026-07-22 19:06:40,072 [INFO] ImportTextPane:218 - (OptionalMessage_ERROR) IP (DMA) : Parameter (Direction) has Id (SPI2_TX) currently not set
2026-07-22 19:06:40,072 [INFO] ImportTextPane:218 - (OptionalMessage_ERROR) IP (DMA) : Parameter (PeriphInc) has Id (SPI2_TX) currently not set
2026-07-22 19:06:40,072 [INFO] ImportTextPane:218 - (OptionalMessage_ERROR) IP (DMA) : Parameter (MemInc) has Id (SPI2_TX) currently not set
2026-07-22 19:06:40,073 [INFO] ImportTextPane:218 - (OptionalMessage_ERROR) IP (DMA) : Parameter (PeriphDataAlignment) has Id (SPI2_TX) currently not set
2026-07-22 19:06:40,073 [INFO] ImportTextPane:218 - (OptionalMessage_ERROR) IP (DMA) : Parameter (MemDataAlignment) has Id (SPI2_TX) currently not set
2026-07-22 19:06:40,073 [INFO] ImportTextPane:218 - (OptionalMessage_ERROR) IP (DMA) : Parameter (Mode) has Id (SPI2_TX) currently not set
2026-07-22 19:06:40,073 [INFO] ImportTextPane:218 - (OptionalMessage_ERROR) IP (DMA) : Parameter (Priority) has Id (SPI2_TX) currently not set
2026-07-22 19:06:40,073 [INFO] ImportTextPane:218 - (OptionalMessage_ERROR) IP (DMA) : Parameter (FIFOMode) has Id (SPI2_TX) currently not set
2026-07-22 19:06:40,073 [INFO] ImportTextPane:218 - (OptionalMessage_ERROR) IP (DMA) : Parameter (Instance) has Id (ADC1) currently not set
2026-07-22 19:06:40,073 [INFO] ImportTextPane:218 - (OptionalMessage_ERROR) IP (DMA) : Parameter (Channel) has Id (ADC1) currently not set
2026-07-22 19:06:40,073 [INFO] ImportTextPane:218 - (OptionalMessage_ERROR) IP (DMA) : Parameter (Direction) has Id (ADC1) currently not set
2026-07-22 19:06:40,073 [INFO] ImportTextPane:218 - (OptionalMessage_ERROR) IP (DMA) : Parameter (PeriphInc) has Id (ADC1) currently not set
2026-07-22 19:06:40,073 [INFO] ImportTextPane:218 - (OptionalMessage_ERROR) IP (DMA) : Parameter (MemInc) has Id (ADC1) currently not set
2026-07-22 19:06:40,073 [INFO] ImportTextPane:218 - (OptionalMessage_ERROR) IP (DMA) : Parameter (PeriphDataAlignment) has Id (ADC1) currently not set
2026-07-22 19:06:40,073 [INFO] ImportTextPane:218 - (OptionalMessage_ERROR) IP (DMA) : Parameter (MemDataAlignment) has Id (ADC1) currently not set
2026-07-22 19:06:40,073 [INFO] ImportTextPane:218 - (OptionalMessage_ERROR) IP (DMA) : Parameter (Mode) has Id (ADC1) currently not set
2026-07-22 19:06:40,074 [INFO] ImportTextPane:218 - (OptionalMessage_ERROR) IP (DMA) : Parameter (Priority) has Id (ADC1) currently not set
2026-07-22 19:06:40,074 [INFO] ImportTextPane:218 - (OptionalMessage_ERROR) IP (DMA) : Parameter (FIFOMode) has Id (ADC1) currently not set
2026-07-22 19:06:40,076 [INFO] ImportTextPane:218 - (OptionalMessage_ERROR) IP (RCC) : Parameter (RTCHSEDivFreq_Value) has invalid value (12500000)
2026-07-22 19:06:40,088 [WARN] IP:2250 - DEVICE_SERIAL0_HID_FS not found: check if there is a RefParameter without a condition.
2026-07-22 19:06:40,088 [WARN] IP:2250 - DEVICE_SERIAL1_HID_FS not found: check if there is a RefParameter without a condition.
2026-07-22 19:06:40,088 [WARN] IP:2250 - DEVICE_SERIAL2_HID_FS not found: check if there is a RefParameter without a condition.
2026-07-22 19:06:40,413 [INFO] ApiDb:581 - Connected to CubeFinder SQLite database (C:\Users\abhil\.stmcufinder\plugins\mcufinder\mcu\cube-finder-db.db)
2026-07-22 19:06:40,520 [INFO] ApiDb:668 - CubeFinder database Data Model version=2.1
2026-07-22 19:06:40,520 [INFO] ApiDb:669 - CubeFinder database Configuration version=3.0.42
2026-07-22 19:06:40,520 [INFO] ApiDb:670 - CubeFinder database generation date=2026-05-06 (1778060171)
2026-07-22 19:06:40,520 [INFO] ApiDb:671 - CubeFinder database FW Pack versions=[FP-ATR-ASTRA1_V2.0.0, FP-SNS-FLIGHT1_V5.1.0, FP-SNS-MOTENV1_V5.1.0, FP-SNS-MOTENVWB1_V1.5.0, FP-SNS-SMARTAG2_V1.2.0, FP-SNS-STBOX1_V2.1.0, STM32Cube_FW_C0_V1.4.0, STM32Cube_FW_F4_V1.28.3, STM32Cube_FW_F7_V1.17.4, STM32Cube_FW_G0_V1.6.3, STM32Cube_FW_G4_V1.6.2, STM32Cube_FW_H5_V1.6.0, STM32Cube_FW_H7RS_V1.3.0, STM32Cube_FW_H7_V1.13.0, STM32Cube_FW_L0_V1.12.2, STM32Cube_FW_L4_V1.18.2, STM32Cube_FW_L5_V1.6.0, STM32Cube_FW_N6_V1.3.0, STM32Cube_FW_U0_V1.3.0, STM32Cube_FW_U3_V1.3.0, STM32Cube_FW_U5_V1.8.0, STM32Cube_FW_WB0_V1.4.0, STM32Cube_FW_WBA_V1.9.0, STM32Cube_FW_WB_V1.24.0, STM32Cube_FW_WL3_V1.4.0, STM32Cube_FW_WL_V1.5.0, X-CUBE-ALGOBUILD_V1.4.0, X-CUBE-ALS_V1.0.2, X-CUBE-AZRTOS-F4_V1.1.0, X-CUBE-AZRTOS-F7_V1.1.0, X-CUBE-AZRTOS-G0_V1.1.0, X-CUBE-AZRTOS-G4_V2.0.0, X-CUBE-AZRTOS-H7RS_V1.1.0, X-CUBE-AZRTOS-H7_V3.5.0, X-CUBE-AZRTOS-L4_V2.0.0, X-CUBE-AZRTOS-L5_V2.0.0, X-CUBE-AZRTOS-WB_V2.0.0, X-CUBE-AZRTOS-WL_V2.0.0, X-CUBE-BLE1_V7.1.0, X-CUBE-BLE2_V3.3.0, X-CUBE-BLEMGR_V4.1.0, X-CUBE-EEPRMA1_V5.2.0, X-CUBE-FREERTOS_V1.5.0, X-CUBE-GNSS1_V6.0.0, X-CUBE-MEMS1_V12.0.0, X-CUBE-NFC4_V3.0.0, X-CUBE-NFC7_V2.0.0, X-CUBE-SFXS2LP1_V4.0.0, X-CUBE-ST67W61_V1.2.0, X-CUBE-SUBG2_V5.0.0, X-CUBE-TOF1_V3.4.3]
2026-07-22 19:06:40,633 [INFO] DbBoardsSqlite:226 - include board P-NUCLEO-WB55-NUCLEO as a kit item of type 'Nucleo-64'
2026-07-22 19:06:40,635 [INFO] DbBoardsSqlite:226 - include board P-NUCLEO-WB55-USBDONGLE as a kit item of type 'Nucleo USB Dongle'
2026-07-22 19:06:40,636 [INFO] DbBoardsSqlite:226 - include board STEVAL-IDP005V1 as a kit item of type 'Evaluation Board'
2026-07-22 19:06:40,637 [INFO] DbBoardsSqlite:226 - include board STEVAL-IDP005V2 as a kit item of type 'Evaluation Board'
2026-07-22 19:06:41,034 [INFO] ApiDb:240 - Found 895 in-development CPN: [B-G473E-ZEST1S, B-WB1M-WPAN1, B-WBA5M-WPAN, B-WL5M-SUBG1, NUCLEO-C031C6, NUCLEO-C051C8, NUCLEO-C071RB, NUCLEO-C092RC, NUCLEO-H503RB, NUCLEO-H533RE, NUCLEO-H563ZI, NUCLEO-H7S3L8, NUCLEO-N657X0-Q, NUCLEO-U031R8, NUCLEO-U083RC, NUCLEO-U385RG-Q, NUCLEO-U545RE-Q, NUCLEO-U5A5ZJ-Q, NUCLEO-WB05KZ, NUCLEO-WB07CC, NUCLEO-WB09KE, NUCLEO-WBA52CG, NUCLEO-WBA55CG, NUCLEO-WBA65RI, NUCLEO-WL33CC1, NUCLEO-WL33CC2, STEVAL-PROTEUS1, STEVAL-SMARTAG2, STEVAL-STWINBX1, STM320518-EVAL, STM32C0116-DK, STM32C011D6Y3TR, STM32C011D6Y6TR, STM32C011F4P3, STM32C011F4P6, STM32C011F4U3, STM32C011F4U6TR, STM32C011F6P3, STM32C011F6P6, STM32C011F6U3, STM32C011F6U6TR, STM32C011J4M3, STM32C011J4M6, STM32C011J6M3, STM32C011J6M6, STM32C0316-DK, STM32C031C4T3, STM32C031C4T6, STM32C031C4U3, STM32C031C4U6, STM32C031C6T3, STM32C031C6T6, STM32C031C6U3, STM32C031C6U6, STM32C031F4P3, STM32C031F4P6, STM32C031F6P3, STM32C031F6P6, STM32C031G4U3, STM32C031G4U6, STM32C031G6U3, STM32C031G6U6, STM32C031K4T3, STM32C031K4T6, STM32C031K4U3, STM32C031K4U6, STM32C031K6T3, STM32C031K6T6, STM32C031K6U3, STM32C031K6U6, STM32C051C6T6, STM32C051C6U6, STM32C051C8T6, STM32C051C8U6, STM32C051D8Y6TR, STM32C051F6P6, STM32C051F8P6, STM32C051G6U6, STM32C051G8U6, STM32C051K6T6, STM32C051K6U6, STM32C051K8T6, STM32C071C8T6, STM32C071C8T6N, STM32C071C8U6, STM32C071C8U6N, STM32C071CBT6, STM32C071CBT6N, STM32C071CBU6, STM32C071CBU6N, STM32C071F8P6, STM32C071F8P6N, STM32C071FBP6, STM32C071FBP6N, STM32C071FBY6TR, STM32C071G8U6, STM32C071G8U6N, STM32C071GBU6, STM32C071GBU6N, STM32C071K8T6, STM32C071K8T6N, STM32C071K8U6, STM32C071K8U6N, STM32C071KBT6, STM32C071KBT6N, STM32C071KBU6, STM32C071KBU6N, STM32C071R8T6, STM32C071R8T6N, STM32C071RBI6N, STM32C071RBT6, STM32C071RBT6N, STM32C091CBT6, STM32C091CBU6, STM32C091CCT6, STM32C091CCU6, STM32C091ECY6TR, STM32C091FBP6, STM32C091FCP6, STM32C091GBU6, STM32C091GCU6, STM32C091KBT6, STM32C091KBU6, STM32C091KCT6, STM32C091KCU6, STM32C091RBT6, STM32C091RCI6, STM32C091RCT6, STM32C092CBT6, STM32C092CBU6, STM32C092CCT6, STM32C092CCU6, STM32C092ECY6TR, STM32C092FBP6, STM32C092FCP6, STM32C092GBU6, STM32C092GCU6, STM32C092KBT6, STM32C092KBU6, STM32C092KCT6, STM32C092KCU6, STM32C092RBT6, STM32C092RCI6, STM32C092RCT6, STM32G071K8TXN, STM32G071K8UXN, STM32G081GBU6N, STM32G081KBT6N, STM32G081KBUXN, STM32G0B1CCT6N, STM32G0B1KCT6, STM32G0B1NEY6TR, STM32G0B1RCT6N, STM32G0C1CCT6, STM32G0C1CCT6N, STM32G0C1CCU6N, STM32G0C1CET6N, STM32G0C1CEU6N, STM32G0C1KCT6, STM32G0C1NEY6TR, STM32G0C1RCI6N, STM32G0C1RCT6N, STM32G0C1REI6N, STM32G0C1RET6N, STM32G0C1VCI6, STM32G0C1VEI6, STM32G411C6T3, STM32G411C6T6, STM32G411C6U3, STM32G411C6U6, STM32G411C8T3, STM32G411C8T6, STM32G411C8U3, STM32G411C8U6, STM32G411CBT3, STM32G411CBT6, STM32G411CBU3, STM32G411CBU6, STM32G411CCT3, STM32G411CCT6, STM32G411CCU3, STM32G411CCU6, STM32G411K6T3, STM32G411K6T6, STM32G411K6U3, STM32G411K6U6, STM32G411K8T3, STM32G411K8T6, STM32G411K8U3, STM32G411K8U6, STM32G411KBT3, STM32G411KBT6, STM32G411KBU3, STM32G411KBU6, STM32G411M6T3, STM32G411M6T6, STM32G411M8T3, STM32G411M8T6, STM32G411MBT3, STM32G411MBT6, STM32G411MCT3, STM32G411MCT6, STM32G411R6T3, STM32G411R6T6, STM32G411R8T3, STM32G411R8T6, STM32G411RBT3, STM32G411RBT6, STM32G411RCT3, STM32G411RCT6, STM32G414CBT3, STM32G414CBT6, STM32G414CBU3, STM32G414CBU6, STM32G414CCT3, STM32G414CCT6, STM32G414CCU3, STM32G414CCU6, STM32G414MBT3, STM32G414MBT6, STM32G414MCT3, STM32G414MCT6, STM32G414RBT3, STM32G414RBT6, STM32G414RCT3, STM32G414RCT6, STM32G414VBT3, STM32G414VBT6, STM32G414VCT3, STM32G414VCT6, STM32G431CBT3Z, STM32G431RBT3Z, STM32G471CCT6, STM32G471CCU6, STM32G471CET3, STM32G471CET6, STM32G471CEU3, STM32G471CEU6, STM32G471MCT6, STM32G471MET3, STM32G471MET6, STM32G471MEY6TR, STM32G471QCT6, STM32G471QET3, STM32G471RCT6, STM32G471RET3, STM32G471RET6, STM32G471VCH6, STM32G471VCI6, STM32G471VCT6, STM32G471VEH3, STM32G471VEH6, STM32G471VEI3, STM32G471VEI6, STM32G471VET3, STM32G471VET6, STM32G473QET3Z, STM32G473RET3Z, STM32G474CCT6, STM32G491RET3Z, STM32H503CBT6, STM32H503CBU6, STM32H503EBY6TR, STM32H503KBU6, STM32H503RBT6, STM32H523CCT6, STM32H523CCU6, STM32H523CET6, STM32H523CEU6, STM32H523HEY6TR, STM32H523RCT6, STM32H523RET6, STM32H523VCI6, STM32H523VCT6, STM32H523VEI6, STM32H523VET6, STM32H523ZCJ6, STM32H523ZCT6, STM32H523ZEJ6, STM32H523ZET6, STM32H533CET6, STM32H533CEU6, STM32H533HEY6TR, STM32H533RET6, STM32H533VEI6, STM32H533VET6, STM32H533ZEJ6, STM32H533ZET6, STM32H562AGI6, STM32H562AII6, STM32H562IGK6, STM32H562IGT6, STM32H562IIK6, STM32H562IIT6, STM32H562RGT6, STM32H562RGV6, STM32H562RIT6, STM32H562RIV6, STM32H562VGT6, STM32H562VIT6, STM32H562ZGT6, STM32H562ZIT6, STM32H563AGI6, STM32H563AII3Q, STM32H563AII6, STM32H563IGK6, STM32H563IGT6, STM32H563IIK3Q, STM32H563IIK6, STM32H563IIT3Q, STM32H563IIT6, STM32H563MIY3QTR, STM32H563RGT6, STM32H563RGV6, STM32H563RIT6, STM32H563RIV6, STM32H563VGT6, STM32H563VIT3Q, STM32H563VIT6, STM32H563ZGT6, STM32H563ZIT3Q, STM32H563ZIT6, STM32H573AII3Q, STM32H573AII6, STM32H573I-DK, STM32H573IIK3Q, STM32H573IIK6, STM32H573IIT3Q, STM32H573IIT6, STM32H573MIY3QTR, STM32H573RIT6, STM32H573RIV6, STM32H573VIT3Q, STM32H573VIT6, STM32H573ZIT3Q, STM32H573ZIT6, STM32H7R3A8I6, STM32H7R3I8K6, STM32H7R3I8T6, STM32H7R3L8H6, STM32H7R3L8H6H, STM32H7R3R8V6, STM32H7R3V8H6, STM32H7R3V8T6, STM32H7R3V8Y6TR, STM32H7R3Z8J6, STM32H7R3Z8T6, STM32H7R7A8I6, STM32H7R7I8K6, STM32H7R7I8T6, STM32H7R7L8H6, STM32H7R7L8H6H, STM32H7R7Z8J6, STM32H7S3A8I6, STM32H7S3I8K6, STM32H7S3I8T6, STM32H7S3L8H6, STM32H7S3L8H6H, STM32H7S3R8V6, STM32H7S3V8H6, STM32H7S3V8T6, STM32H7S3V8Y6TR, STM32H7S3Z8J6, STM32H7S3Z8T6, STM32H7S78-DK, STM32H7S7A8I6, STM32H7S7I8K6, STM32H7S7I8T6, STM32H7S7L8H6, STM32H7S7L8H6H, STM32H7S7Z8J6, STM32L4R5QGI6STR, STM32MP131AAE3, STM32MP131AAF3, STM32MP131AAG3, STM32MP131CAE3, STM32MP131CAF3, STM32MP131CAG3, STM32MP131DAE7, STM32MP131DAF7, STM32MP131DAG7, STM32MP131FAE7, STM32MP131FAF7, STM32MP131FAG7, STM32MP133AAE3, STM32MP133AAF3, STM32MP133AAG3, STM32MP133CAE3, STM32MP133CAF3, STM32MP133CAG3, STM32MP133DAE7, STM32MP133DAF7, STM32MP133DAG7, STM32MP133FAE7, STM32MP133FAF7, STM32MP133FAG7, STM32MP135AAE3, STM32MP135AAF3, STM32MP135AAG3, STM32MP135CAE3, STM32MP135CAF3, STM32MP135CAG3, STM32MP135DAE7, STM32MP135DAF7, STM32MP135DAG7, STM32MP135F-DK, STM32MP135FAE7, STM32MP135FAF7, STM32MP135FAF7T, STM32MP135FAF7U, STM32MP135FAG7, STM32MP231AAJ3, STM32MP231AAK3, STM32MP231AAL3, STM32MP231CAJ3, STM32MP231CAK3, STM32MP231CAL3, STM32MP231DAJ3, STM32MP231DAK3, STM32MP231DAL3, STM32MP231FAJ3, STM32MP231FAK3, STM32MP231FAL3, STM32MP233AAJ3, STM32MP233AAK3, STM32MP233AAL3, STM32MP233CAJ3, STM32MP233CAK3, STM32MP233CAL3, STM32MP233DAJ3, STM32MP233DAK3, STM32MP233DAL3, STM32MP233FAJ3, STM32MP233FAK3, STM32MP233FAL3, STM32MP235AAJ3, STM32MP235AAK3, STM32MP235AAL3, STM32MP235CAJ3, STM32MP235CAK3, STM32MP235CAL3, STM32MP235DAJ3, STM32MP235DAK3, STM32MP235DAL3, STM32MP235FAJ3, STM32MP235FAK3, STM32MP235FAL3, STM32MP251AAI3, STM32MP251AAJ3, STM32MP251AAK3, STM32MP251AAL3, STM32MP251CAI3, STM32MP251CAJ3, STM32MP251CAK3, STM32MP251CAL3, STM32MP251DAI3, STM32MP251DAJ3, STM32MP251DAK3, STM32MP251DAL3, STM32MP251FAI3, STM32MP251FAJ3, STM32MP251FAK3, STM32MP251FAL3, STM32MP253AAI3, STM32MP253AAJ3, STM32MP253AAK3, STM32MP253AAL3, STM32MP253CAI3, STM32MP253CAJ3, STM32MP253CAK3, STM32MP253CAL3, STM32MP253DAI3, STM32MP253DAJ3, STM32MP253DAK3, STM32MP253DAL3, STM32MP253FAI3, STM32MP253FAJ3, STM32MP253FAK3, STM32MP253FAL3, STM32MP255AAI3, STM32MP255AAJ3, STM32MP255AAK3, STM32MP255AAL3, STM32MP255CAI3, STM32MP255CAJ3, STM32MP255CAK3, STM32MP255CAL3, STM32MP255DAI3, STM32MP255DAJ3, STM32MP255DAK3, STM32MP255DAL3, STM32MP255FAI3, STM32MP255FAJ3, STM32MP255FAK3, STM32MP255FAL3, STM32MP257AAI3, STM32MP257AAJ3, STM32MP257AAK3, STM32MP257AAL3, STM32MP257CAI3, STM32MP257CAJ3, STM32MP257CAK3, STM32MP257CAL3, STM32MP257DAI3, STM32MP257DAJ3, STM32MP257DAK3, STM32MP257DAL3, STM32MP257F-DK, STM32MP257F-EV1, STM32MP257FAI3, STM32MP257FAJ3, STM32MP257FAK3, STM32MP257FAL3, STM32N645A0H3Q, STM32N645B0H3Q, STM32N645I0H3Q, STM32N645L0H3Q, STM32N645X0H3Q, STM32N645Z0H3Q, STM32N647A0H3Q, STM32N647B0H3Q, STM32N647I0H3Q, STM32N647L0H3Q, STM32N647X0H3Q, STM32N647Z0H3Q, STM32N655A0H3Q, STM32N655B0H3Q, STM32N655I0H3Q, STM32N655L0H3Q, STM32N655X0H3Q, STM32N655Z0H3Q, STM32N6570-DK, STM32N657A0H3Q, STM32N657B0H3Q, STM32N657I0H3Q, STM32N657L0H3Q, STM32N657X0H3Q, STM32N657Z0H3Q, STM32U031C6T6, STM32U031C6U6, STM32U031C8T6, STM32U031C8U6, STM32U031F4P6, STM32U031F6P6, STM32U031F8P6, STM32U031G6Y6TR, STM32U031G8Y6TR, STM32U031K4U6, STM32U031K6U6, STM32U031K8U6, STM32U031R6I6, STM32U031R6T6, STM32U031R8I6, STM32U031R8T6, STM32U073C8T6, STM32U073C8U6, STM32U073CBT6, STM32U073CBU6, STM32U073CCT6, STM32U073CCU6, STM32U073H8Y6TR, STM32U073HBY6TR, STM32U073HCY6TR, STM32U073K8U6, STM32U073KBU6, STM32U073KCU6, STM32U073M8I6, STM32U073M8T6, STM32U073MBI6, STM32U073MBT6, STM32U073MCI6, STM32U073MCT6, STM32U073R8I6, STM32U073R8T6, STM32U073RBI6, STM32U073RBT6, STM32U073RCI6, STM32U073RCT6, STM32U083C-DK, STM32U083CCT6, STM32U083CCU6, STM32U083HCY6TR, STM32U083KCU6, STM32U083MCI6, STM32U083MCT6, STM32U083RCI6, STM32U083RCT6, STM32U375CET6, STM32U375CET6Q, STM32U375CEU6, STM32U375CEU6Q, STM32U375CEY6QTR, STM32U375CGT6, STM32U375CGT6Q, STM32U375CGU6, STM32U375CGU6Q, STM32U375CGY6QTR, STM32U375KEU6, STM32U375KGU6, STM32U375REI6, STM32U375REI6Q, STM32U375RET6, STM32U375RET6Q, STM32U375REY6GTR, STM32U375REY6QTR, STM32U375RGI6, STM32U375RGI6Q, STM32U375RGT6, STM32U375RGT6Q, STM32U375RGY6GTR, STM32U375RGY6QTR, STM32U375VEI6, STM32U375VEI6Q, STM32U375VET6, STM32U375VET6Q, STM32U375VGI6, STM32U375VGI6Q, STM32U375VGT6, STM32U375VGT6Q, STM32U385CGT6, STM32U385CGT6Q, STM32U385CGU6, STM32U385CGU6Q, STM32U385CGY6QTR, STM32U385KGU6, STM32U385RGI6, STM32U385RGI6Q, STM32U385RGT6, STM32U385RGT6Q, STM32U385RGY6GTR, STM32U385RGY6QTR, STM32U385VGI6, STM32U385VGI6Q, STM32U385VGT6, STM32U385VGT6Q, STM32U535CBT6, STM32U535CBT6Q, STM32U535CBU6, STM32U535CBU6Q, STM32U535CCT6, STM32U535CCT6Q, STM32U535CCU6, STM32U535CCU6Q, STM32U535CET6, STM32U535CET6Q, STM32U535CEU6, STM32U535CEU6Q, STM32U535JEY6QTR, STM32U535NCY6QTR, STM32U535NEY6QTR, STM32U535RBI6, STM32U535RBI6Q, STM32U535RBT6, STM32U535RBT6Q, STM32U535RCI6, STM32U535RCI6Q, STM32U535RCT6, STM32U535RCT6Q, STM32U535REI6, STM32U535REI6Q, STM32U535RET6, STM32U535RET6Q, STM32U535VCI6, STM32U535VCI6Q, STM32U535VCT6, STM32U535VCT6Q, STM32U535VEI6, STM32U535VEI6Q, STM32U535VET6, STM32U535VET6Q, STM32U545CET6, STM32U545CET6Q, STM32U545CEU6, STM32U545CEU6Q, STM32U545JEY6QTR, STM32U545NEY6QTR, STM32U545REI6, STM32U545REI6Q, STM32U545RET6, STM32U545RET6Q, STM32U545VEI6, STM32U545VEI6Q, STM32U545VET6, STM32U545VET6Q, STM32U595AIH6, STM32U595AIH6Q, STM32U595AJH6, STM32U595AJH6Q, STM32U595QII6, STM32U595QII6Q, STM32U595QJI6, STM32U595QJI6Q, STM32U595RIT6, STM32U595RIT6Q, STM32U595RJT6, STM32U595RJT6Q, STM32U595VIT6, STM32U595VIT6Q, STM32U595VJT6, STM32U595VJT6Q, STM32U595ZIT6, STM32U595ZIT6Q, STM32U595ZIY6QTR, STM32U595ZJT6, STM32U595ZJT6Q, STM32U595ZJY6QTR, STM32U599BJY6QTR, STM32U599NIH6Q, STM32U599NJH6Q, STM32U599VIT6Q, STM32U599VJT6, STM32U599VJT6Q, STM32U599ZIT6Q, STM32U599ZIY6QTR, STM32U599ZJT6Q, STM32U599ZJY6QTR, STM32U5A5AJH6, STM32U5A5AJH6Q, STM32U5A5QII3Q , STM32U5A5QJI6, STM32U5A5QJI6Q, STM32U5A5RJT6, STM32U5A5RJT6Q, STM32U5A5VJT6, STM32U5A5VJT6Q, STM32U5A5ZJT6, STM32U5A5ZJT6Q, STM32U5A5ZJY6QTR, STM32U5A9BJY6QTR, STM32U5A9J-DK, STM32U5A9NJH6Q, STM32U5A9VJT6Q, STM32U5A9ZJT6Q, STM32U5A9ZJY6QTR, STM32U5F7VIT6, STM32U5F7VIT6Q, STM32U5F7VJT6, STM32U5F7VJT6Q, STM32U5F9BJY6QTR, STM32U5F9NJH6Q, STM32U5F9VIT6Q, STM32U5F9VJT6Q, STM32U5F9ZIJ6QTR, STM32U5F9ZIT6Q, STM32U5F9ZJJ6QTR, STM32U5F9ZJT6Q, STM32U5G7VJT6, STM32U5G7VJT6Q, STM32U5G9BJY6QTR, STM32U5G9J-DK1, STM32U5G9J-DK2, STM32U5G9NJH6Q, STM32U5G9VJT6Q, STM32U5G9ZJJ6QTR, STM32U5G9ZJT6Q, STM32WB05KZV6TR, STM32WB05KZV7TR, STM32WB05TZF6TR, STM32WB05TZF7TR, STM32WB06CCF6TR, STM32WB06CCF7TR, STM32WB06CCV6TR, STM32WB06CCV7TR, STM32WB06KCV6TR, STM32WB06KCV7TR, STM32WB07CCF6TR, STM32WB07CCF7TR, STM32WB07CCV6TR, STM32WB07CCV7TR, STM32WB07KCV6TR, STM32WB07KCV7TR, STM32WB09KEV6TR, STM32WB09KEV7TR, STM32WB09TEF6TR, STM32WB09TEF7TR, STM32WB1MMCH6, STM32WBA50KGU6, STM32WBA50KGU6TR, STM32WBA52CEU6, STM32WBA52CEU6TR, STM32WBA52CEU7, STM32WBA52CEU7TR, STM32WBA52CGU6, STM32WBA52CGU6TR, STM32WBA52CGU6U, STM32WBA52CGU7, STM32WBA52CGU7TR, STM32WBA52KEU6, STM32WBA52KEU6TR, STM32WBA52KGU6, STM32WBA52KGU6TR, STM32WBA54CEU6, STM32WBA54CEU6TR, STM32WBA54CEU7, STM32WBA54CEU7TR, STM32WBA54CGU6, STM32WBA54CGU6TR, STM32WBA54CGU7, STM32WBA54CGU7TR, STM32WBA54KEU6, STM32WBA54KEU6TR, STM32WBA54KEU7, STM32WBA54KEU7TR, STM32WBA54KGU6, STM32WBA54KGU6TR, STM32WBA54KGU7, STM32WBA54KGU7TR, STM32WBA55CEU6, STM32WBA55CEU6TR, STM32WBA55CEU7, STM32WBA55CEU7TR, STM32WBA55CGU6, STM32WBA55CGU6TR, STM32WBA55CGU6U, STM32WBA55CGU7, STM32WBA55CGU7TR, STM32WBA55G-DK1, STM32WBA55HEF6, STM32WBA55HEF7, STM32WBA55HGF6, STM32WBA55HGF7, STM32WBA55UEI6, STM32WBA55UEI6TR, STM32WBA55UEI7, STM32WBA55UEI7TR, STM32WBA55UGI6, STM32WBA55UGI6TR, STM32WBA55UGI7, STM32WBA55UGI7TR, STM32WBA5MJGH6TR, STM32WBA62CGU6, STM32WBA62CIU6, STM32WBA62MGF6, STM32WBA62MIF6, STM32WBA62PGI6, STM32WBA62PII6, STM32WBA63CGU6, STM32WBA63CGU7, STM32WBA63CIU6, STM32WBA63CIU7, STM32WBA64CGU6, STM32WBA64CGU7, STM32WBA64CIU6, STM32WBA64CIU7, STM32WBA65CGU6, STM32WBA65CGU7, STM32WBA65CIU6, STM32WBA65CIU7, STM32WBA65I-DK1, STM32WBA65MGF6, STM32WBA65MGF7, STM32WBA65MIF6, STM32WBA65MIF7, STM32WBA65PGI6, STM32WBA65PGI7, STM32WBA65PII6, STM32WBA65PII7, STM32WBA65RGV6, STM32WBA65RGV7, STM32WBA65RIV6, STM32WBA65RIV7, STM32WL30K8V6, STM32WL30KBV6, STM32WL31C8V6, STM32WL31CBV6, STM32WL31K8V6, STM32WL31KBV6, STM32WL33C8V6, STM32WL33C8V6TR, STM32WL33C8V7, STM32WL33C8V7TR, STM32WL33CBV6, STM32WL33CBV6TR, STM32WL33CBV7, STM32WL33CBV7TR, STM32WL33CCV6, STM32WL33CCV6TR, STM32WL33CCV7, STM32WL33CCV7A, STM32WL33CCV7ATR, STM32WL33CCV7TR, STM32WL33K8V6, STM32WL33K8V6TR, STM32WL33K8V7, STM32WL33K8V7TR, STM32WL33KBV6, STM32WL33KBV6TR, STM32WL33KBV7, STM32WL33KBV7TR, STM32WL33KCV6, STM32WL33KCV6TR, STM32WL33KCV7, STM32WL33KCV7TR, STM32WL5MOCH6, STM32WL5MOCH6TR]
2026-07-22 19:06:41,038 [INFO] ApiDb:668 - CubeFinder database Data Model version=2.1
2026-07-22 19:06:41,038 [INFO] ApiDb:669 - CubeFinder database Configuration version=3.0.42
2026-07-22 19:06:41,039 [INFO] ApiDb:670 - CubeFinder database generation date=2026-05-06 (1778060171)
2026-07-22 19:06:41,039 [INFO] ApiDb:671 - CubeFinder database FW Pack versions=[FP-ATR-ASTRA1_V2.0.0, FP-SNS-FLIGHT1_V5.1.0, FP-SNS-MOTENV1_V5.1.0, FP-SNS-MOTENVWB1_V1.5.0, FP-SNS-SMARTAG2_V1.2.0, FP-SNS-STBOX1_V2.1.0, STM32Cube_FW_C0_V1.4.0, STM32Cube_FW_F4_V1.28.3, STM32Cube_FW_F7_V1.17.4, STM32Cube_FW_G0_V1.6.3, STM32Cube_FW_G4_V1.6.2, STM32Cube_FW_H5_V1.6.0, STM32Cube_FW_H7RS_V1.3.0, STM32Cube_FW_H7_V1.13.0, STM32Cube_FW_L0_V1.12.2, STM32Cube_FW_L4_V1.18.2, STM32Cube_FW_L5_V1.6.0, STM32Cube_FW_N6_V1.3.0, STM32Cube_FW_U0_V1.3.0, STM32Cube_FW_U3_V1.3.0, STM32Cube_FW_U5_V1.8.0, STM32Cube_FW_WB0_V1.4.0, STM32Cube_FW_WBA_V1.9.0, STM32Cube_FW_WB_V1.24.0, STM32Cube_FW_WL3_V1.4.0, STM32Cube_FW_WL_V1.5.0, X-CUBE-ALGOBUILD_V1.4.0, X-CUBE-ALS_V1.0.2, X-CUBE-AZRTOS-F4_V1.1.0, X-CUBE-AZRTOS-F7_V1.1.0, X-CUBE-AZRTOS-G0_V1.1.0, X-CUBE-AZRTOS-G4_V2.0.0, X-CUBE-AZRTOS-H7RS_V1.1.0, X-CUBE-AZRTOS-H7_V3.5.0, X-CUBE-AZRTOS-L4_V2.0.0, X-CUBE-AZRTOS-L5_V2.0.0, X-CUBE-AZRTOS-WB_V2.0.0, X-CUBE-AZRTOS-WL_V2.0.0, X-CUBE-BLE1_V7.1.0, X-CUBE-BLE2_V3.3.0, X-CUBE-BLEMGR_V4.1.0, X-CUBE-EEPRMA1_V5.2.0, X-CUBE-FREERTOS_V1.5.0, X-CUBE-GNSS1_V6.0.0, X-CUBE-MEMS1_V12.0.0, X-CUBE-NFC4_V3.0.0, X-CUBE-NFC7_V2.0.0, X-CUBE-SFXS2LP1_V4.0.0, X-CUBE-ST67W61_V1.2.0, X-CUBE-SUBG2_V5.0.0, X-CUBE-TOF1_V3.4.3]
2026-07-22 19:06:43,263 [INFO] ApiDb:240 - Found 895 in-development CPN: [B-G473E-ZEST1S, B-WB1M-WPAN1, B-WBA5M-WPAN, B-WL5M-SUBG1, NUCLEO-C031C6, NUCLEO-C051C8, NUCLEO-C071RB, NUCLEO-C092RC, NUCLEO-H503RB, NUCLEO-H533RE, NUCLEO-H563ZI, NUCLEO-H7S3L8, NUCLEO-N657X0-Q, NUCLEO-U031R8, NUCLEO-U083RC, NUCLEO-U385RG-Q, NUCLEO-U545RE-Q, NUCLEO-U5A5ZJ-Q, NUCLEO-WB05KZ, NUCLEO-WB07CC, NUCLEO-WB09KE, NUCLEO-WBA52CG, NUCLEO-WBA55CG, NUCLEO-WBA65RI, NUCLEO-WL33CC1, NUCLEO-WL33CC2, STEVAL-PROTEUS1, STEVAL-SMARTAG2, STEVAL-STWINBX1, STM320518-EVAL, STM32C0116-DK, STM32C011D6Y3TR, STM32C011D6Y6TR, STM32C011F4P3, STM32C011F4P6, STM32C011F4U3, STM32C011F4U6TR, STM32C011F6P3, STM32C011F6P6, STM32C011F6U3, STM32C011F6U6TR, STM32C011J4M3, STM32C011J4M6, STM32C011J6M3, STM32C011J6M6, STM32C0316-DK, STM32C031C4T3, STM32C031C4T6, STM32C031C4U3, STM32C031C4U6, STM32C031C6T3, STM32C031C6T6, STM32C031C6U3, STM32C031C6U6, STM32C031F4P3, STM32C031F4P6, STM32C031F6P3, STM32C031F6P6, STM32C031G4U3, STM32C031G4U6, STM32C031G6U3, STM32C031G6U6, STM32C031K4T3, STM32C031K4T6, STM32C031K4U3, STM32C031K4U6, STM32C031K6T3, STM32C031K6T6, STM32C031K6U3, STM32C031K6U6, STM32C051C6T6, STM32C051C6U6, STM32C051C8T6, STM32C051C8U6, STM32C051D8Y6TR, STM32C051F6P6, STM32C051F8P6, STM32C051G6U6, STM32C051G8U6, STM32C051K6T6, STM32C051K6U6, STM32C051K8T6, STM32C071C8T6, STM32C071C8T6N, STM32C071C8U6, STM32C071C8U6N, STM32C071CBT6, STM32C071CBT6N, STM32C071CBU6, STM32C071CBU6N, STM32C071F8P6, STM32C071F8P6N, STM32C071FBP6, STM32C071FBP6N, STM32C071FBY6TR, STM32C071G8U6, STM32C071G8U6N, STM32C071GBU6, STM32C071GBU6N, STM32C071K8T6, STM32C071K8T6N, STM32C071K8U6, STM32C071K8U6N, STM32C071KBT6, STM32C071KBT6N, STM32C071KBU6, STM32C071KBU6N, STM32C071R8T6, STM32C071R8T6N, STM32C071RBI6N, STM32C071RBT6, STM32C071RBT6N, STM32C091CBT6, STM32C091CBU6, STM32C091CCT6, STM32C091CCU6, STM32C091ECY6TR, STM32C091FBP6, STM32C091FCP6, STM32C091GBU6, STM32C091GCU6, STM32C091KBT6, STM32C091KBU6, STM32C091KCT6, STM32C091KCU6, STM32C091RBT6, STM32C091RCI6, STM32C091RCT6, STM32C092CBT6, STM32C092CBU6, STM32C092CCT6, STM32C092CCU6, STM32C092ECY6TR, STM32C092FBP6, STM32C092FCP6, STM32C092GBU6, STM32C092GCU6, STM32C092KBT6, STM32C092KBU6, STM32C092KCT6, STM32C092KCU6, STM32C092RBT6, STM32C092RCI6, STM32C092RCT6, STM32G071K8TXN, STM32G071K8UXN, STM32G081GBU6N, STM32G081KBT6N, STM32G081KBUXN, STM32G0B1CCT6N, STM32G0B1KCT6, STM32G0B1NEY6TR, STM32G0B1RCT6N, STM32G0C1CCT6, STM32G0C1CCT6N, STM32G0C1CCU6N, STM32G0C1CET6N, STM32G0C1CEU6N, STM32G0C1KCT6, STM32G0C1NEY6TR, STM32G0C1RCI6N, STM32G0C1RCT6N, STM32G0C1REI6N, STM32G0C1RET6N, STM32G0C1VCI6, STM32G0C1VEI6, STM32G411C6T3, STM32G411C6T6, STM32G411C6U3, STM32G411C6U6, STM32G411C8T3, STM32G411C8T6, STM32G411C8U3, STM32G411C8U6, STM32G411CBT3, STM32G411CBT6, STM32G411CBU3, STM32G411CBU6, STM32G411CCT3, STM32G411CCT6, STM32G411CCU3, STM32G411CCU6, STM32G411K6T3, STM32G411K6T6, STM32G411K6U3, STM32G411K6U6, STM32G411K8T3, STM32G411K8T6, STM32G411K8U3, STM32G411K8U6, STM32G411KBT3, STM32G411KBT6, STM32G411KBU3, STM32G411KBU6, STM32G411M6T3, STM32G411M6T6, STM32G411M8T3, STM32G411M8T6, STM32G411MBT3, STM32G411MBT6, STM32G411MCT3, STM32G411MCT6, STM32G411R6T3, STM32G411R6T6, STM32G411R8T3, STM32G411R8T6, STM32G411RBT3, STM32G411RBT6, STM32G411RCT3, STM32G411RCT6, STM32G414CBT3, STM32G414CBT6, STM32G414CBU3, STM32G414CBU6, STM32G414CCT3, STM32G414CCT6, STM32G414CCU3, STM32G414CCU6, STM32G414MBT3, STM32G414MBT6, STM32G414MCT3, STM32G414MCT6, STM32G414RBT3, STM32G414RBT6, STM32G414RCT3, STM32G414RCT6, STM32G414VBT3, STM32G414VBT6, STM32G414VCT3, STM32G414VCT6, STM32G431CBT3Z, STM32G431RBT3Z, STM32G471CCT6, STM32G471CCU6, STM32G471CET3, STM32G471CET6, STM32G471CEU3, STM32G471CEU6, STM32G471MCT6, STM32G471MET3, STM32G471MET6, STM32G471MEY6TR, STM32G471QCT6, STM32G471QET3, STM32G471RCT6, STM32G471RET3, STM32G471RET6, STM32G471VCH6, STM32G471VCI6, STM32G471VCT6, STM32G471VEH3, STM32G471VEH6, STM32G471VEI3, STM32G471VEI6, STM32G471VET3, STM32G471VET6, STM32G473QET3Z, STM32G473RET3Z, STM32G474CCT6, STM32G491RET3Z, STM32H503CBT6, STM32H503CBU6, STM32H503EBY6TR, STM32H503KBU6, STM32H503RBT6, STM32H523CCT6, STM32H523CCU6, STM32H523CET6, STM32H523CEU6, STM32H523HEY6TR, STM32H523RCT6, STM32H523RET6, STM32H523VCI6, STM32H523VCT6, STM32H523VEI6, STM32H523VET6, STM32H523ZCJ6, STM32H523ZCT6, STM32H523ZEJ6, STM32H523ZET6, STM32H533CET6, STM32H533CEU6, STM32H533HEY6TR, STM32H533RET6, STM32H533VEI6, STM32H533VET6, STM32H533ZEJ6, STM32H533ZET6, STM32H562AGI6, STM32H562AII6, STM32H562IGK6, STM32H562IGT6, STM32H562IIK6, STM32H562IIT6, STM32H562RGT6, STM32H562RGV6, STM32H562RIT6, STM32H562RIV6, STM32H562VGT6, STM32H562VIT6, STM32H562ZGT6, STM32H562ZIT6, STM32H563AGI6, STM32H563AII3Q, STM32H563AII6, STM32H563IGK6, STM32H563IGT6, STM32H563IIK3Q, STM32H563IIK6, STM32H563IIT3Q, STM32H563IIT6, STM32H563MIY3QTR, STM32H563RGT6, STM32H563RGV6, STM32H563RIT6, STM32H563RIV6, STM32H563VGT6, STM32H563VIT3Q, STM32H563VIT6, STM32H563ZGT6, STM32H563ZIT3Q, STM32H563ZIT6, STM32H573AII3Q, STM32H573AII6, STM32H573I-DK, STM32H573IIK3Q, STM32H573IIK6, STM32H573IIT3Q, STM32H573IIT6, STM32H573MIY3QTR, STM32H573RIT6, STM32H573RIV6, STM32H573VIT3Q, STM32H573VIT6, STM32H573ZIT3Q, STM32H573ZIT6, STM32H7R3A8I6, STM32H7R3I8K6, STM32H7R3I8T6, STM32H7R3L8H6, STM32H7R3L8H6H, STM32H7R3R8V6, STM32H7R3V8H6, STM32H7R3V8T6, STM32H7R3V8Y6TR, STM32H7R3Z8J6, STM32H7R3Z8T6, STM32H7R7A8I6, STM32H7R7I8K6, STM32H7R7I8T6, STM32H7R7L8H6, STM32H7R7L8H6H, STM32H7R7Z8J6, STM32H7S3A8I6, STM32H7S3I8K6, STM32H7S3I8T6, STM32H7S3L8H6, STM32H7S3L8H6H, STM32H7S3R8V6, STM32H7S3V8H6, STM32H7S3V8T6, STM32H7S3V8Y6TR, STM32H7S3Z8J6, STM32H7S3Z8T6, STM32H7S78-DK, STM32H7S7A8I6, STM32H7S7I8K6, STM32H7S7I8T6, STM32H7S7L8H6, STM32H7S7L8H6H, STM32H7S7Z8J6, STM32L4R5QGI6STR, STM32MP131AAE3, STM32MP131AAF3, STM32MP131AAG3, STM32MP131CAE3, STM32MP131CAF3, STM32MP131CAG3, STM32MP131DAE7, STM32MP131DAF7, STM32MP131DAG7, STM32MP131FAE7, STM32MP131FAF7, STM32MP131FAG7, STM32MP133AAE3, STM32MP133AAF3, STM32MP133AAG3, STM32MP133CAE3, STM32MP133CAF3, STM32MP133CAG3, STM32MP133DAE7, STM32MP133DAF7, STM32MP133DAG7, STM32MP133FAE7, STM32MP133FAF7, STM32MP133FAG7, STM32MP135AAE3, STM32MP135AAF3, STM32MP135AAG3, STM32MP135CAE3, STM32MP135CAF3, STM32MP135CAG3, STM32MP135DAE7, STM32MP135DAF7, STM32MP135DAG7, STM32MP135F-DK, STM32MP135FAE7, STM32MP135FAF7, STM32MP135FAF7T, STM32MP135FAF7U, STM32MP135FAG7, STM32MP231AAJ3, STM32MP231AAK3, STM32MP231AAL3, STM32MP231CAJ3, STM32MP231CAK3, STM32MP231CAL3, STM32MP231DAJ3, STM32MP231DAK3, STM32MP231DAL3, STM32MP231FAJ3, STM32MP231FAK3, STM32MP231FAL3, STM32MP233AAJ3, STM32MP233AAK3, STM32MP233AAL3, STM32MP233CAJ3, STM32MP233CAK3, STM32MP233CAL3, STM32MP233DAJ3, STM32MP233DAK3, STM32MP233DAL3, STM32MP233FAJ3, STM32MP233FAK3, STM32MP233FAL3, STM32MP235AAJ3, STM32MP235AAK3, STM32MP235AAL3, STM32MP235CAJ3, STM32MP235CAK3, STM32MP235CAL3, STM32MP235DAJ3, STM32MP235DAK3, STM32MP235DAL3, STM32MP235FAJ3, STM32MP235FAK3, STM32MP235FAL3, STM32MP251AAI3, STM32MP251AAJ3, STM32MP251AAK3, STM32MP251AAL3, STM32MP251CAI3, STM32MP251CAJ3, STM32MP251CAK3, STM32MP251CAL3, STM32MP251DAI3, STM32MP251DAJ3, STM32MP251DAK3, STM32MP251DAL3, STM32MP251FAI3, STM32MP251FAJ3, STM32MP251FAK3, STM32MP251FAL3, STM32MP253AAI3, STM32MP253AAJ3, STM32MP253AAK3, STM32MP253AAL3, STM32MP253CAI3, STM32MP253CAJ3, STM32MP253CAK3, STM32MP253CAL3, STM32MP253DAI3, STM32MP253DAJ3, STM32MP253DAK3, STM32MP253DAL3, STM32MP253FAI3, STM32MP253FAJ3, STM32MP253FAK3, STM32MP253FAL3, STM32MP255AAI3, STM32MP255AAJ3, STM32MP255AAK3, STM32MP255AAL3, STM32MP255CAI3, STM32MP255CAJ3, STM32MP255CAK3, STM32MP255CAL3, STM32MP255DAI3, STM32MP255DAJ3, STM32MP255DAK3, STM32MP255DAL3, STM32MP255FAI3, STM32MP255FAJ3, STM32MP255FAK3, STM32MP255FAL3, STM32MP257AAI3, STM32MP257AAJ3, STM32MP257AAK3, STM32MP257AAL3, STM32MP257CAI3, STM32MP257CAJ3, STM32MP257CAK3, STM32MP257CAL3, STM32MP257DAI3, STM32MP257DAJ3, STM32MP257DAK3, STM32MP257DAL3, STM32MP257F-DK, STM32MP257F-EV1, STM32MP257FAI3, STM32MP257FAJ3, STM32MP257FAK3, STM32MP257FAL3, STM32N645A0H3Q, STM32N645B0H3Q, STM32N645I0H3Q, STM32N645L0H3Q, STM32N645X0H3Q, STM32N645Z0H3Q, STM32N647A0H3Q, STM32N647B0H3Q, STM32N647I0H3Q, STM32N647L0H3Q, STM32N647X0H3Q, STM32N647Z0H3Q, STM32N655A0H3Q, STM32N655B0H3Q, STM32N655I0H3Q, STM32N655L0H3Q, STM32N655X0H3Q, STM32N655Z0H3Q, STM32N6570-DK, STM32N657A0H3Q, STM32N657B0H3Q, STM32N657I0H3Q, STM32N657L0H3Q, STM32N657X0H3Q, STM32N657Z0H3Q, STM32U031C6T6, STM32U031C6U6, STM32U031C8T6, STM32U031C8U6, STM32U031F4P6, STM32U031F6P6, STM32U031F8P6, STM32U031G6Y6TR, STM32U031G8Y6TR, STM32U031K4U6, STM32U031K6U6, STM32U031K8U6, STM32U031R6I6, STM32U031R6T6, STM32U031R8I6, STM32U031R8T6, STM32U073C8T6, STM32U073C8U6, STM32U073CBT6, STM32U073CBU6, STM32U073CCT6, STM32U073CCU6, STM32U073H8Y6TR, STM32U073HBY6TR, STM32U073HCY6TR, STM32U073K8U6, STM32U073KBU6, STM32U073KCU6, STM32U073M8I6, STM32U073M8T6, STM32U073MBI6, STM32U073MBT6, STM32U073MCI6, STM32U073MCT6, STM32U073R8I6, STM32U073R8T6, STM32U073RBI6, STM32U073RBT6, STM32U073RCI6, STM32U073RCT6, STM32U083C-DK, STM32U083CCT6, STM32U083CCU6, STM32U083HCY6TR, STM32U083KCU6, STM32U083MCI6, STM32U083MCT6, STM32U083RCI6, STM32U083RCT6, STM32U375CET6, STM32U375CET6Q, STM32U375CEU6, STM32U375CEU6Q, STM32U375CEY6QTR, STM32U375CGT6, STM32U375CGT6Q, STM32U375CGU6, STM32U375CGU6Q, STM32U375CGY6QTR, STM32U375KEU6, STM32U375KGU6, STM32U375REI6, STM32U375REI6Q, STM32U375RET6, STM32U375RET6Q, STM32U375REY6GTR, STM32U375REY6QTR, STM32U375RGI6, STM32U375RGI6Q, STM32U375RGT6, STM32U375RGT6Q, STM32U375RGY6GTR, STM32U375RGY6QTR, STM32U375VEI6, STM32U375VEI6Q, STM32U375VET6, STM32U375VET6Q, STM32U375VGI6, STM32U375VGI6Q, STM32U375VGT6, STM32U375VGT6Q, STM32U385CGT6, STM32U385CGT6Q, STM32U385CGU6, STM32U385CGU6Q, STM32U385CGY6QTR, STM32U385KGU6, STM32U385RGI6, STM32U385RGI6Q, STM32U385RGT6, STM32U385RGT6Q, STM32U385RGY6GTR, STM32U385RGY6QTR, STM32U385VGI6, STM32U385VGI6Q, STM32U385VGT6, STM32U385VGT6Q, STM32U535CBT6, STM32U535CBT6Q, STM32U535CBU6, STM32U535CBU6Q, STM32U535CCT6, STM32U535CCT6Q, STM32U535CCU6, STM32U535CCU6Q, STM32U535CET6, STM32U535CET6Q, STM32U535CEU6, STM32U535CEU6Q, STM32U535JEY6QTR, STM32U535NCY6QTR, STM32U535NEY6QTR, STM32U535RBI6, STM32U535RBI6Q, STM32U535RBT6, STM32U535RBT6Q, STM32U535RCI6, STM32U535RCI6Q, STM32U535RCT6, STM32U535RCT6Q, STM32U535REI6, STM32U535REI6Q, STM32U535RET6, STM32U535RET6Q, STM32U535VCI6, STM32U535VCI6Q, STM32U535VCT6, STM32U535VCT6Q, STM32U535VEI6, STM32U535VEI6Q, STM32U535VET6, STM32U535VET6Q, STM32U545CET6, STM32U545CET6Q, STM32U545CEU6, STM32U545CEU6Q, STM32U545JEY6QTR, STM32U545NEY6QTR, STM32U545REI6, STM32U545REI6Q, STM32U545RET6, STM32U545RET6Q, STM32U545VEI6, STM32U545VEI6Q, STM32U545VET6, STM32U545VET6Q, STM32U595AIH6, STM32U595AIH6Q, STM32U595AJH6, STM32U595AJH6Q, STM32U595QII6, STM32U595QII6Q, STM32U595QJI6, STM32U595QJI6Q, STM32U595RIT6, STM32U595RIT6Q, STM32U595RJT6, STM32U595RJT6Q, STM32U595VIT6, STM32U595VIT6Q, STM32U595VJT6, STM32U595VJT6Q, STM32U595ZIT6, STM32U595ZIT6Q, STM32U595ZIY6QTR, STM32U595ZJT6, STM32U595ZJT6Q, STM32U595ZJY6QTR, STM32U599BJY6QTR, STM32U599NIH6Q, STM32U599NJH6Q, STM32U599VIT6Q, STM32U599VJT6, STM32U599VJT6Q, STM32U599ZIT6Q, STM32U599ZIY6QTR, STM32U599ZJT6Q, STM32U599ZJY6QTR, STM32U5A5AJH6, STM32U5A5AJH6Q, STM32U5A5QII3Q , STM32U5A5QJI6, STM32U5A5QJI6Q, STM32U5A5RJT6, STM32U5A5RJT6Q, STM32U5A5VJT6, STM32U5A5VJT6Q, STM32U5A5ZJT6, STM32U5A5ZJT6Q, STM32U5A5ZJY6QTR, STM32U5A9BJY6QTR, STM32U5A9J-DK, STM32U5A9NJH6Q, STM32U5A9VJT6Q, STM32U5A9ZJT6Q, STM32U5A9ZJY6QTR, STM32U5F7VIT6, STM32U5F7VIT6Q, STM32U5F7VJT6, STM32U5F7VJT6Q, STM32U5F9BJY6QTR, STM32U5F9NJH6Q, STM32U5F9VIT6Q, STM32U5F9VJT6Q, STM32U5F9ZIJ6QTR, STM32U5F9ZIT6Q, STM32U5F9ZJJ6QTR, STM32U5F9ZJT6Q, STM32U5G7VJT6, STM32U5G7VJT6Q, STM32U5G9BJY6QTR, STM32U5G9J-DK1, STM32U5G9J-DK2, STM32U5G9NJH6Q, STM32U5G9VJT6Q, STM32U5G9ZJJ6QTR, STM32U5G9ZJT6Q, STM32WB05KZV6TR, STM32WB05KZV7TR, STM32WB05TZF6TR, STM32WB05TZF7TR, STM32WB06CCF6TR, STM32WB06CCF7TR, STM32WB06CCV6TR, STM32WB06CCV7TR, STM32WB06KCV6TR, STM32WB06KCV7TR, STM32WB07CCF6TR, STM32WB07CCF7TR, STM32WB07CCV6TR, STM32WB07CCV7TR, STM32WB07KCV6TR, STM32WB07KCV7TR, STM32WB09KEV6TR, STM32WB09KEV7TR, STM32WB09TEF6TR, STM32WB09TEF7TR, STM32WB1MMCH6, STM32WBA50KGU6, STM32WBA50KGU6TR, STM32WBA52CEU6, STM32WBA52CEU6TR, STM32WBA52CEU7, STM32WBA52CEU7TR, STM32WBA52CGU6, STM32WBA52CGU6TR, STM32WBA52CGU6U, STM32WBA52CGU7, STM32WBA52CGU7TR, STM32WBA52KEU6, STM32WBA52KEU6TR, STM32WBA52KGU6, STM32WBA52KGU6TR, STM32WBA54CEU6, STM32WBA54CEU6TR, STM32WBA54CEU7, STM32WBA54CEU7TR, STM32WBA54CGU6, STM32WBA54CGU6TR, STM32WBA54CGU7, STM32WBA54CGU7TR, STM32WBA54KEU6, STM32WBA54KEU6TR, STM32WBA54KEU7, STM32WBA54KEU7TR, STM32WBA54KGU6, STM32WBA54KGU6TR, STM32WBA54KGU7, STM32WBA54KGU7TR, STM32WBA55CEU6, STM32WBA55CEU6TR, STM32WBA55CEU7, STM32WBA55CEU7TR, STM32WBA55CGU6, STM32WBA55CGU6TR, STM32WBA55CGU6U, STM32WBA55CGU7, STM32WBA55CGU7TR, STM32WBA55G-DK1, STM32WBA55HEF6, STM32WBA55HEF7, STM32WBA55HGF6, STM32WBA55HGF7, STM32WBA55UEI6, STM32WBA55UEI6TR, STM32WBA55UEI7, STM32WBA55UEI7TR, STM32WBA55UGI6, STM32WBA55UGI6TR, STM32WBA55UGI7, STM32WBA55UGI7TR, STM32WBA5MJGH6TR, STM32WBA62CGU6, STM32WBA62CIU6, STM32WBA62MGF6, STM32WBA62MIF6, STM32WBA62PGI6, STM32WBA62PII6, STM32WBA63CGU6, STM32WBA63CGU7, STM32WBA63CIU6, STM32WBA63CIU7, STM32WBA64CGU6, STM32WBA64CGU7, STM32WBA64CIU6, STM32WBA64CIU7, STM32WBA65CGU6, STM32WBA65CGU7, STM32WBA65CIU6, STM32WBA65CIU7, STM32WBA65I-DK1, STM32WBA65MGF6, STM32WBA65MGF7, STM32WBA65MIF6, STM32WBA65MIF7, STM32WBA65PGI6, STM32WBA65PGI7, STM32WBA65PII6, STM32WBA65PII7, STM32WBA65RGV6, STM32WBA65RGV7, STM32WBA65RIV6, STM32WBA65RIV7, STM32WL30K8V6, STM32WL30KBV6, STM32WL31C8V6, STM32WL31CBV6, STM32WL31K8V6, STM32WL31KBV6, STM32WL33C8V6, STM32WL33C8V6TR, STM32WL33C8V7, STM32WL33C8V7TR, STM32WL33CBV6, STM32WL33CBV6TR, STM32WL33CBV7, STM32WL33CBV7TR, STM32WL33CCV6, STM32WL33CCV6TR, STM32WL33CCV7, STM32WL33CCV7A, STM32WL33CCV7ATR, STM32WL33CCV7TR, STM32WL33K8V6, STM32WL33K8V6TR, STM32WL33K8V7, STM32WL33K8V7TR, STM32WL33KBV6, STM32WL33KBV6TR, STM32WL33KBV7, STM32WL33KBV7TR, STM32WL33KCV6, STM32WL33KCV6TR, STM32WL33KCV7, STM32WL33KCV7TR, STM32WL5MOCH6, STM32WL5MOCH6TR]
2026-07-22 19:06:43,266 [INFO] DbMcus:218 - Found 5082 MCUs, 4964 are supported
2026-07-22 19:06:43,267 [INFO] ApiDb:423 - Load user favorites file C:\Users\abhil/.stm32cubeide/favorites.mcus.txt: 0 item(s)
2026-07-22 19:06:43,267 [INFO] ApiDb:427 - User favorites MCUs=[]
2026-07-22 19:06:43,267 [INFO] DbMcus:224 - Set 0 / 0 favorites MCUs
2026-07-22 19:06:43,764 [INFO] BoardInfo:889 - No configuration file found for board NUCLEO-H5E5ZJ
2026-07-22 19:06:43,766 [INFO] DbBoards:161 - Board is not supported: NUCLEO-H5E5ZJ
2026-07-22 19:06:43,855 [INFO] BoardInfo:889 - No configuration file found for board NUCLEO-U3C5ZI-Q
2026-07-22 19:06:43,856 [INFO] DbBoards:161 - Board is not supported: NUCLEO-U3C5ZI-Q
2026-07-22 19:06:43,880 [INFO] BoardInfo:889 - No configuration file found for board NUCLEO-WBA25CE1
2026-07-22 19:06:43,882 [INFO] DbBoards:161 - Board is not supported: NUCLEO-WBA25CE1
2026-07-22 19:06:43,899 [INFO] BoardInfo:889 - No configuration file found for board NUCLEO-WL3RKB1
2026-07-22 19:06:43,901 [INFO] DbBoards:161 - Board is not supported: NUCLEO-WL3RKB1
2026-07-22 19:06:43,901 [INFO] BoardInfo:889 - No configuration file found for board NUCLEO-WL3RKB2
2026-07-22 19:06:43,903 [INFO] DbBoards:161 - Board is not supported: NUCLEO-WL3RKB2
2026-07-22 19:06:43,916 [INFO] BoardInfo:889 - No configuration file found for board P-NUCLEO-WB55
2026-07-22 19:06:43,917 [INFO] DbBoards:161 - Kit is not supported: P-NUCLEO-WB55
2026-07-22 19:06:43,927 [INFO] BoardInfo:889 - No configuration file found for board STEVAL-BFA001V1B
2026-07-22 19:06:43,928 [INFO] DbBoards:161 - Kit is not supported: STEVAL-BFA001V1B
2026-07-22 19:06:43,930 [INFO] BoardInfo:889 - No configuration file found for board STEVAL-BFA001V2B
2026-07-22 19:06:43,931 [INFO] DbBoards:161 - Kit is not supported: STEVAL-BFA001V2B
2026-07-22 19:06:44,100 [INFO] BoardInfo:889 - No configuration file found for board STM32H5F5J-DK
2026-07-22 19:06:44,101 [INFO] DbBoards:161 - Board is not supported: STM32H5F5J-DK
2026-07-22 19:06:44,196 [INFO] BoardInfo:889 - No configuration file found for board STM32MP215F-DK
2026-07-22 19:06:44,198 [INFO] DbBoards:161 - Board is not supported: STM32MP215F-DK
2026-07-22 19:06:44,232 [INFO] DbBoards:168 - Found 218 boards, 208 are supported
2026-07-22 19:06:44,232 [INFO] DbBoards:169 - Found 218 boards, 43 of them is supported for  Bsp
2026-07-22 19:06:44,237 [INFO] ApiDb:423 - Load user favorites file C:\Users\abhil/.stm32cubeide/favorites.boards.txt: 0 item(s)
2026-07-22 19:06:44,237 [INFO] ApiDb:427 - User favorites Boards=[]
2026-07-22 19:06:44,237 [INFO] DbBoards:198 - Set 0 / 0 favorites Boards
2026-07-22 19:06:44,279 [INFO] UtilMem:75 - End LoadConfig() Used Memory: 401010664 Bytes (494927872)
2026-07-22 19:06:44,456 [WARN] ThirdParty:833 - waiting for thirdparty lock release [change project]
2026-07-22 19:06:44,456 [INFO] ThirdParty:835 - entering critical section [change project]
2026-07-22 19:06:44,456 [INFO] ThirdParty:1030 - CMSIS Pack Vendor :STMicroelectronics X-CUBE-AZRTOS-H7 3.5.0
2026-07-22 19:06:44,456 [INFO] ThirdParty:1030 - CMSIS Pack Vendor :STMicroelectronics X-CUBE-PM33A1 1.0.0
2026-07-22 19:06:44,456 [INFO] ThirdParty:1030 - CMSIS Pack Vendor :STMicroelectronics USBPD 4.1
2026-07-22 19:06:44,456 [INFO] ThirdParty:1030 - CMSIS Pack Vendor :STMicroelectronics X-CUBE-GNSS1 6.0.0
2026-07-22 19:06:44,456 [INFO] ThirdParty:1030 - CMSIS Pack Vendor :STMicroelectronics USB_HOST 2.0.0
2026-07-22 19:06:44,456 [INFO] ThirdParty:1030 - CMSIS Pack Vendor :STMicroelectronics FP-SNS-MOTENVWB1 1.4.0
2026-07-22 19:06:44,457 [INFO] ThirdParty:1030 - CMSIS Pack Vendor :STMicroelectronics FP-ATR-ASTRA1 2.0.3
2026-07-22 19:06:44,457 [INFO] ThirdParty:1030 - CMSIS Pack Vendor :STMicroelectronics X-CUBE-AZRTOS-F4 1.1.0
2026-07-22 19:06:44,457 [INFO] ThirdParty:1030 - CMSIS Pack Vendor :STMicroelectronics LIBJPEG 8.0.0
2026-07-22 19:06:44,457 [INFO] ThirdParty:1030 - CMSIS Pack Vendor :STMicroelectronics FP-ATR-ASTRA1 2.0.2
2026-07-22 19:06:44,457 [INFO] ThirdParty:1030 - CMSIS Pack Vendor :STMicroelectronics FP-ATR-ASTRA1 2.0.1
2026-07-22 19:06:44,457 [INFO] ThirdParty:1030 - CMSIS Pack Vendor :Avnet-IotConnect X-CUBE-IoTC-DA16k-PMOD 1.0.0
2026-07-22 19:06:44,457 [INFO] ThirdParty:1030 - CMSIS Pack Vendor :STMicroelectronics X-CUBE-SMBUS 2.1.0
2026-07-22 19:06:44,457 [INFO] ThirdParty:1030 - CMSIS Pack Vendor :STMicroelectronics X-CUBE-WB05N 1.1.0
2026-07-22 19:06:44,457 [INFO] ThirdParty:1030 - CMSIS Pack Vendor :STMicroelectronics X-CUBE-ISPU 2.1.0
2026-07-22 19:06:44,457 [INFO] ThirdParty:1030 - CMSIS Pack Vendor :STMicroelectronics eDS-WB_DPC_TT-BIDIR 2.1.1
2026-07-22 19:06:44,457 [INFO] ThirdParty:1030 - CMSIS Pack Vendor :STMicroelectronics X-CUBE-FREERTOS 1.2.0
2026-07-22 19:06:44,457 [INFO] ThirdParty:1030 - CMSIS Pack Vendor :STMicroelectronics X-CUBE-ST60 1.0.0
2026-07-22 19:06:44,457 [INFO] ThirdParty:1030 - CMSIS Pack Vendor :STMicroelectronics X-CUBE-NFC12 1.0.0
2026-07-22 19:06:44,457 [INFO] ThirdParty:1030 - CMSIS Pack Vendor :STMicroelectronics X-CUBE-BLEMGR 1.2.0
2026-07-22 19:06:44,457 [INFO] ThirdParty:1030 - CMSIS Pack Vendor :STMicroelectronics X-CUBE-TOUCHGFX 4.23.2
2026-07-22 19:06:44,457 [INFO] ThirdParty:1030 - CMSIS Pack Vendor :STMicroelectronics X-CUBE-AZRTOS-F7 1.1.0
2026-07-22 19:06:44,457 [INFO] ThirdParty:1030 - CMSIS Pack Vendor :STMicroelectronics X-CUBE-AZRTOS-L5 2.0.0
2026-07-22 19:06:44,457 [INFO] ThirdParty:1030 - CMSIS Pack Vendor :STMicroelectronics USB_DEVICE 2.0.0
2026-07-22 19:06:44,457 [INFO] ThirdParty:1030 - CMSIS Pack Vendor :STMicroelectronics X-CUBE-NFC6 3.1.0
2026-07-22 19:06:44,457 [INFO] ThirdParty:1030 - CMSIS Pack Vendor :STMicroelectronics X-CUBE-BLE1 6.2.3
2026-07-22 19:06:44,457 [INFO] ThirdParty:1030 - CMSIS Pack Vendor :STMicroelectronics X-CUBE-MEMS1 11.0.0
2026-07-22 19:06:44,457 [INFO] ThirdParty:1030 - CMSIS Pack Vendor :STMicroelectronics X-CUBE-BLE1 6.2.4
2026-07-22 19:06:44,457 [INFO] ThirdParty:1030 - CMSIS Pack Vendor :STMicroelectronics X-CUBE-ALGOBUILD 1.5.0
2026-07-22 19:06:44,457 [INFO] ThirdParty:1030 - CMSIS Pack Vendor :STMicroelectronics FreeRTOS 0.0.1
2026-07-22 19:06:44,457 [INFO] ThirdParty:1030 - CMSIS Pack Vendor :STMicroelectronics X-CUBE-AZRTOS-H7RS 1.3.0
2026-07-22 19:06:44,457 [INFO] ThirdParty:1030 - CMSIS Pack Vendor :STMicroelectronics X-CUBE-BLEMGR 2.0.0
2026-07-22 19:06:44,457 [INFO] ThirdParty:1030 - CMSIS Pack Vendor :STMicroelectronics X-CUBE-DPower 1.2.0
2026-07-22 19:06:44,457 [INFO] ThirdParty:1030 - CMSIS Pack Vendor :STMicroelectronics eDS-WB_DPC_VIENNA 1.2.0
2026-07-22 19:06:44,458 [INFO] ThirdParty:1030 - CMSIS Pack Vendor :STMicroelectronics FP-SNS-FLIGHT1 5.0.2
2026-07-22 19:06:44,458 [INFO] ThirdParty:1030 - CMSIS Pack Vendor :STMicroelectronics eDS-WB_DPC_3PH2L-BIDIR 1.1.1
2026-07-22 19:06:44,458 [INFO] ThirdParty:1030 - CMSIS Pack Vendor :STMicroelectronics X-CUBE-NFC4 2.0.4
2026-07-22 19:06:44,458 [INFO] ThirdParty:1030 - CMSIS Pack Vendor :STMicroelectronics X-CUBE-AI 9.0.0
2026-07-22 19:06:44,458 [INFO] ThirdParty:1030 - CMSIS Pack Vendor :STMicroelectronics X-CUBE-AZRTOS-H7 3.1.0
2026-07-22 19:06:44,458 [INFO] ThirdParty:1030 - CMSIS Pack Vendor :STMicroelectronics PDM2PCM 3.3.0
2026-07-22 19:06:44,458 [INFO] ThirdParty:1030 - CMSIS Pack Vendor :STMicroelectronics X-CUBE-TOF1 3.1.0
2026-07-22 19:06:44,458 [INFO] ThirdParty:1030 - CMSIS Pack Vendor :STMicroelectronics X-CUBE-AZRTOS-H7 3.4.0
2026-07-22 19:06:44,458 [INFO] ThirdParty:1030 - CMSIS Pack Vendor :STMicroelectronics X-CUBE-DISPLAY 3.0.0
2026-07-22 19:06:44,458 [INFO] ThirdParty:1030 - CMSIS Pack Vendor :STMicroelectronics X-CUBE-GNSS1 7.1.1
2026-07-22 19:06:44,458 [INFO] ThirdParty:1030 - CMSIS Pack Vendor :STMicroelectronics X-CUBE-BLE1 7.0.0
2026-07-22 19:06:44,458 [INFO] ThirdParty:1030 - CMSIS Pack Vendor :STMicroelectronics X-CUBE-NFC10 1.0.0
2026-07-22 19:06:44,458 [INFO] ThirdParty:1030 - CMSIS Pack Vendor :wolfSSL I-CUBE-wolfSSL 5.5.1
2026-07-22 19:06:44,458 [INFO] ThirdParty:1030 - CMSIS Pack Vendor :STMicroelectronics X-CUBE-BLEMGR 4.0.0
2026-07-22 19:06:44,458 [INFO] ThirdParty:1030 - CMSIS Pack Vendor :STMicroelectronics X-CUBE-FREERTOS 1.3.1
2026-07-22 19:06:44,458 [INFO] ThirdParty:1030 - CMSIS Pack Vendor :STMicroelectronics HAL Drivers 0.0.0
2026-07-22 19:06:44,458 [INFO] ThirdParty:1030 - CMSIS Pack Vendor :STMicroelectronics X-CUBE-ST60 1.1.0
2026-07-22 19:06:44,458 [INFO] ThirdParty:1030 - CMSIS Pack Vendor :STMicroelectronics X-CUBE-FREERTOS 1.3.0
2026-07-22 19:06:44,458 [INFO] ThirdParty:1030 - CMSIS Pack Vendor :STMicroelectronics X-CUBE-NFC7 1.0.1
2026-07-22 19:06:44,458 [INFO] ThirdParty:1030 - CMSIS Pack Vendor :STMicroelectronics MBEDTLS 2.14.1
2026-07-22 19:06:44,458 [INFO] ThirdParty:1030 - CMSIS Pack Vendor :STMicroelectronics X-CUBE-GNSS1 7.1.0
2026-07-22 19:06:44,458 [INFO] ThirdParty:1030 - CMSIS Pack Vendor :STMicroelectronics X-CUBE-NFC7 1.0.0
2026-07-22 19:06:44,458 [INFO] ThirdParty:1030 - CMSIS Pack Vendor :STMicroelectronics X-CUBE-TOUCHGFX 4.26.0
2026-07-22 19:06:44,458 [INFO] ThirdParty:1030 - CMSIS Pack Vendor :STMicroelectronics X-CUBE-MEMS1 9.3.0
2026-07-22 19:06:44,458 [INFO] ThirdParty:1030 - CMSIS Pack Vendor :STMicroelectronics X-CUBE-TOUCHGFX 4.26.1
2026-07-22 19:06:44,458 [INFO] ThirdParty:1030 - CMSIS Pack Vendor :STMicroelectronics X-CUBE-EEPRMA1 4.1.0
2026-07-22 19:06:44,458 [INFO] ThirdParty:1030 - CMSIS Pack Vendor :STMicroelectronics X-CUBE-AI 7.2.0
2026-07-22 19:06:44,458 [INFO] ThirdParty:1030 - CMSIS Pack Vendor :STMicroelectronics X-CUBE-BLEMGR 3.1.0
2026-07-22 19:06:44,458 [INFO] ThirdParty:1030 - CMSIS Pack Vendor :STMicroelectronics X-CUBE-AI 10.0.0
2026-07-22 19:06:44,458 [INFO] ThirdParty:1030 - CMSIS Pack Vendor :STMicroelectronics FP-SNS-STAIOTCFT 1.0.0
2026-07-22 19:06:44,458 [INFO] ThirdParty:1030 - CMSIS Pack Vendor :STMicroelectronics FP-SNS-SMARTAG2 1.2.0
2026-07-22 19:06:44,458 [INFO] ThirdParty:1030 - CMSIS Pack Vendor :STMicroelectronics FP-SNS-FLIGHT1 5.1.0
2026-07-22 19:06:44,458 [INFO] ThirdParty:1030 - CMSIS Pack Vendor :STMicroelectronics X-CUBE-MEMS1 11.1.0
2026-07-22 19:06:44,458 [INFO] ThirdParty:1030 - CMSIS Pack Vendor :STMicroelectronics X-CUBE-AZRTOS-WL 2.0.0
2026-07-22 19:06:44,458 [INFO] ThirdParty:1030 - CMSIS Pack Vendor :STMicroelectronics X-CUBE-DPower 1.3.0
2026-07-22 19:06:44,458 [INFO] ThirdParty:1030 - CMSIS Pack Vendor :STMicroelectronics FP-SNS-MOTENV1 5.0.0
2026-07-22 19:06:44,460 [INFO] ThirdParty:1030 - CMSIS Pack Vendor :STMicroelectronics USB_DEVICE 1.0.0
2026-07-22 19:06:44,460 [INFO] ThirdParty:1030 - CMSIS Pack Vendor :STMicroelectronics X-CUBE-AZRTOS-H7RS 1.2.0
2026-07-22 19:06:44,460 [INFO] ThirdParty:1030 - CMSIS Pack Vendor :wolfSSL I-CUBE-wolfMQTT 1.19.0
2026-07-22 19:06:44,460 [INFO] ThirdParty:1030 - CMSIS Pack Vendor :STMicroelectronics X-CUBE-AZRTOS-L4 2.0.0
2026-07-22 19:06:44,460 [INFO] ThirdParty:1030 - CMSIS Pack Vendor :STMicroelectronics ThreadX 0.0.2
2026-07-22 19:06:44,460 [INFO] ThirdParty:1030 - CMSIS Pack Vendor :WES I-CUBE-Cesium 1.3.0
2026-07-22 19:06:44,460 [INFO] ThirdParty:1030 - CMSIS Pack Vendor :STMicroelectronics lwIP 2.1.2
2026-07-22 19:06:44,460 [INFO] ThirdParty:1030 - CMSIS Pack Vendor :STMicroelectronics X-CUBE-SFXS2LP1 4.0.0
2026-07-22 19:06:44,460 [INFO] ThirdParty:1030 - CMSIS Pack Vendor :STMicroelectronics X-CUBE-BLE2 3.3.0
2026-07-22 19:06:44,460 [INFO] ThirdParty:1030 - CMSIS Pack Vendor :Avnet-IOTCONNECT X-CUBE-iotc-st67-sdk 1.0.0
2026-07-22 19:06:44,460 [INFO] ThirdParty:1030 - CMSIS Pack Vendor :STMicroelectronics X-CUBE-DISPLAY 2.2.0
2026-07-22 19:06:44,460 [INFO] ThirdParty:1030 - CMSIS Pack Vendor :STMicroelectronics X-CUBE-TOF1 3.2.0
2026-07-22 19:06:44,460 [INFO] ThirdParty:1030 - CMSIS Pack Vendor :STMicroelectronics PDM2PCM 3.2.0
2026-07-22 19:06:44,460 [INFO] ThirdParty:1030 - CMSIS Pack Vendor :STMicroelectronics X-CUBE-ISPU 1.0.0
2026-07-22 19:06:44,460 [INFO] ThirdParty:1030 - CMSIS Pack Vendor :STMicroelectronics X-CUBE-WB05N 2.1.0
2026-07-22 19:06:44,460 [INFO] ThirdParty:1030 - CMSIS Pack Vendor :STMicroelectronics X-CUBE-ISPU 1.1.0
2026-07-22 19:06:44,460 [INFO] ThirdParty:1030 - CMSIS Pack Vendor :STMicroelectronics X-CUBE-AZRTOS-H7 3.3.0
2026-07-22 19:06:44,460 [INFO] ThirdParty:1030 - CMSIS Pack Vendor :RoweBots I-CUBE-UNISONRTOS 5.5.0-4
2026-07-22 19:06:44,460 [INFO] ThirdParty:1030 - CMSIS Pack Vendor :STMicroelectronics X-CUBE-NFC9 1.0.0
2026-07-22 19:06:44,460 [INFO] ThirdParty:1030 - CMSIS Pack Vendor :STMicroelectronics X-CUBE-AZRTOS-H7 2.1.0
2026-07-22 19:06:44,460 [INFO] ThirdParty:1030 - CMSIS Pack Vendor :STMicroelectronics X-CUBE-BLE1 7.1.0
2026-07-22 19:06:44,460 [INFO] ThirdParty:1030 - CMSIS Pack Vendor :STMicroelectronics USB_DEVICE 3.0.0
2026-07-22 19:06:44,461 [INFO] ThirdParty:1030 - CMSIS Pack Vendor :STMicroelectronics X-CUBE-TCPP 4.1.0
2026-07-22 19:06:44,461 [INFO] ThirdParty:1030 - CMSIS Pack Vendor :STMicroelectronics X-CUBE-EEPRMA1 5.2.0
2026-07-22 19:06:44,461 [INFO] ThirdParty:1030 - CMSIS Pack Vendor :STMicroelectronics X-CUBE-BLEMGR 4.1.0
2026-07-22 19:06:44,461 [INFO] ThirdParty:1030 - CMSIS Pack Vendor :STMicroelectronics X-CUBE-AI 8.0.0
2026-07-22 19:06:44,461 [INFO] ThirdParty:1030 - CMSIS Pack Vendor :STMicroelectronics X-CUBE-IPS 3.0.0
2026-07-22 19:06:44,461 [INFO] ThirdParty:1030 - CMSIS Pack Vendor :STMicroelectronics X-CUBE-AZRTOS-WB 2.0.0
2026-07-22 19:06:44,461 [INFO] ThirdParty:1030 - CMSIS Pack Vendor :STMicroelectronics X-CUBE-FREERTOS 1.0.1
2026-07-22 19:06:44,461 [INFO] ThirdParty:1030 - CMSIS Pack Vendor :STMicroelectronics X-CUBE-GNSS1 7.0.0
2026-07-22 19:06:44,461 [INFO] ThirdParty:1030 - CMSIS Pack Vendor :STMicroelectronics X-CUBE-GNSS1 7.0.1
2026-07-22 19:06:44,461 [INFO] ThirdParty:1030 - CMSIS Pack Vendor :STMicroelectronics X-CUBE-TOUCHGFX 4.21.3
2026-07-22 19:06:44,461 [INFO] ThirdParty:1030 - CMSIS Pack Vendor :STMicroelectronics X-CUBE-TOUCHGFX 4.25.0
2026-07-22 19:06:44,461 [INFO] ThirdParty:1030 - CMSIS Pack Vendor :STMicroelectronics X-CUBE-AI 7.3.0
2026-07-22 19:06:44,461 [INFO] ThirdParty:1030 - CMSIS Pack Vendor :STMicroelectronics X-CUBE-AI 10.1.0
2026-07-22 19:06:44,461 [INFO] ThirdParty:1030 - CMSIS Pack Vendor :STMicroelectronics FP-SNS-STBOX1 2.0.0
2026-07-22 19:06:44,461 [INFO] ThirdParty:1030 - CMSIS Pack Vendor :STMicroelectronics X-CUBE-MEMS1 12.0.0
2026-07-22 19:06:44,461 [INFO] ThirdParty:1030 - CMSIS Pack Vendor :STMicroelectronics X-CUBE-ALGOBUILD 1.3.0
2026-07-22 19:06:44,461 [INFO] ThirdParty:1030 - CMSIS Pack Vendor :STMicroelectronics X-CUBE-STSE01 2.0.0
2026-07-22 19:06:44,461 [INFO] ThirdParty:1030 - CMSIS Pack Vendor :STMicroelectronics X-CUBE-AZRTOS-L5 1.1.0
2026-07-22 19:06:44,461 [INFO] ThirdParty:1030 - CMSIS Pack Vendor :STMicroelectronics X-CUBE-MEMS1 11.2.0
2026-07-22 19:06:44,461 [INFO] ThirdParty:1030 - CMSIS Pack Vendor :STMicroelectronics X-CUBE-AZRTOS-G0 1.1.0
2026-07-22 19:06:44,461 [INFO] ThirdParty:1030 - CMSIS Pack Vendor :STMicroelectronics X-CUBE-SAFEA1 1.2.2
2026-07-22 19:06:44,461 [INFO] ThirdParty:1030 - CMSIS Pack Vendor :STMicroelectronics X-CUBE-NFC4 3.0.0
2026-07-22 19:06:44,461 [INFO] ThirdParty:1030 - CMSIS Pack Vendor :STMicroelectronics X-CUBE-SUBG2 5.0.0
2026-07-22 19:06:44,461 [INFO] ThirdParty:1030 - CMSIS Pack Vendor :STMicroelectronics X-CUBE-AZRTOS-H7RS 1.1.0
2026-07-22 19:06:44,461 [INFO] ThirdParty:1030 - CMSIS Pack Vendor :STMicroelectronics STM32_WPAN 1.0.0
2026-07-22 19:06:44,461 [INFO] ThirdParty:1030 - CMSIS Pack Vendor :SEGGER I-CUBE-embOS 1.2.1
2026-07-22 19:06:44,461 [INFO] ThirdParty:1030 - CMSIS Pack Vendor :wolfSSL I-CUBE-wolfMQTT 1.18.0
2026-07-22 19:06:44,461 [INFO] ThirdParty:1030 - CMSIS Pack Vendor :EmbeddedOffice I-CUBE-FS-RTOS 1.0.1
2026-07-22 19:06:44,461 [INFO] ThirdParty:1030 - CMSIS Pack Vendor :STMicroelectronics lwIP 2.0.3
2026-07-22 19:06:44,461 [INFO] ThirdParty:1030 - CMSIS Pack Vendor :Cesanta I-CUBE-Mongoose 7.13.0
2026-07-22 19:06:44,461 [INFO] ThirdParty:1030 - CMSIS Pack Vendor :STMicroelectronics USB_HOST 1.0.0
2026-07-22 19:06:44,461 [INFO] ThirdParty:1030 - CMSIS Pack Vendor :STMicroelectronics X-CUBE-AZRTOS-G4 2.0.0
2026-07-22 19:06:44,461 [INFO] ThirdParty:1030 - CMSIS Pack Vendor :STMicroelectronics X-CUBE-WB05N 2.0.0
2026-07-22 19:06:44,461 [INFO] ThirdParty:1030 - CMSIS Pack Vendor :STMicroelectronics PDM2PCM 3.1.0
2026-07-22 19:06:44,462 [INFO] ThirdParty:1030 - CMSIS Pack Vendor :STMicroelectronics X-CUBE-TOF1 3.3.0
2026-07-22 19:06:44,462 [INFO] ThirdParty:1030 - CMSIS Pack Vendor :STMicroelectronics FP-ATR-ASTRA1 1.1.1
2026-07-22 19:06:44,462 [INFO] ThirdParty:1030 - CMSIS Pack Vendor :STMicroelectronics X-CUBE-NFC7 2.0.0
2026-07-22 19:06:44,462 [INFO] ThirdParty:1030 - CMSIS Pack Vendor :STMicroelectronics X-CUBE-TCPP 4.2.0
2026-07-22 19:06:44,462 [INFO] ThirdParty:1030 - CMSIS Pack Vendor :RealThread X-CUBE-RT-Thread_Nano 4.1.1
2026-07-22 19:06:44,462 [INFO] ThirdParty:1030 - CMSIS Pack Vendor :STMicroelectronics FP-ATR-SIGFOX1 3.2.0
2026-07-22 19:06:44,462 [INFO] ThirdParty:1030 - CMSIS Pack Vendor :STMicroelectronics X-CUBE-AZRTOS-G4 1.0.0
2026-07-22 19:06:44,462 [INFO] ThirdParty:1030 - CMSIS Pack Vendor :STMicroelectronics X-CUBE-AZRTOS-L4 1.0.0
2026-07-22 19:06:44,462 [INFO] ThirdParty:1030 - CMSIS Pack Vendor :quantropi X-CUBE-qispace-sdk-base 1.9.3
2026-07-22 19:06:44,462 [INFO] ThirdParty:1030 - CMSIS Pack Vendor :STMicroelectronics X-CUBE-ISPU 2.0.0
2026-07-22 19:06:44,462 [INFO] ThirdParty:1030 - CMSIS Pack Vendor :STMicroelectronics X-CUBE-EEPRMA1 5.1.0
2026-07-22 19:06:44,462 [INFO] ThirdParty:1030 - CMSIS Pack Vendor :STMicroelectronics MBEDTLS 2.16.2
2026-07-22 19:06:44,462 [INFO] ThirdParty:1030 - CMSIS Pack Vendor :STMicroelectronics X-CUBE-IPS 3.1.0
2026-07-22 19:06:44,462 [INFO] ThirdParty:1030 - CMSIS Pack Vendor :STMicroelectronics X-CUBE-ALS 1.0.2
2026-07-22 19:06:44,462 [INFO] ThirdParty:1030 - CMSIS Pack Vendor :emotas I-CUBE-CANOPEN 1.1.2
2026-07-22 19:06:44,462 [INFO] ThirdParty:1030 - CMSIS Pack Vendor :STMicroelectronics X-CUBE-TOUCHGFX 4.20.0
2026-07-22 19:06:44,462 [INFO] ThirdParty:1030 - CMSIS Pack Vendor :STMicroelectronics X-CUBE-MEMS1 10.0.0
2026-07-22 19:06:44,462 [INFO] ThirdParty:1030 - CMSIS Pack Vendor :ITTIA_DB I-CUBE-ITTIADB 8.9.0
2026-07-22 19:06:44,462 [INFO] ThirdParty:1030 - CMSIS Pack Vendor :STMicroelectronics X-CUBE-TOUCHGFX 4.24.2
2026-07-22 19:06:44,462 [INFO] ThirdParty:1030 - CMSIS Pack Vendor :STMicroelectronics X-CUBE-AZRTOS-WL 1.0.0
2026-07-22 19:06:44,462 [INFO] ThirdParty:1030 - CMSIS Pack Vendor :STMicroelectronics X-CUBE-TOUCHGFX 4.24.1
2026-07-22 19:06:44,462 [INFO] ThirdParty:1030 - CMSIS Pack Vendor :STMicroelectronics X-CUBE-STSE01 1.0.0
2026-07-22 19:06:44,462 [INFO] ThirdParty:1030 - CMSIS Pack Vendor :wolfSSL I-CUBE-wolfTPM 3.4.0
2026-07-22 19:06:44,462 [INFO] ThirdParty:1030 - CMSIS Pack Vendor :portGmbH I-Cube-SoM-uGOAL 1.1.0
2026-07-22 19:06:44,462 [INFO] ThirdParty:1030 - CMSIS Pack Vendor :STMicroelectronics X-CUBE-ALS 1.0.1
2026-07-22 19:06:44,462 [INFO] ThirdParty:1030 - CMSIS Pack Vendor :STMicroelectronics X-CUBE-NFC6 3.2.0
2026-07-22 19:06:44,462 [INFO] ThirdParty:1030 - CMSIS Pack Vendor :STMicroelectronics X-CUBE-MEMS1 9.5.0
2026-07-22 19:06:44,462 [INFO] ThirdParty:1030 - CMSIS Pack Vendor :STMicroelectronics X-CUBE-ST67W61 1.0.0
2026-07-22 19:06:44,462 [INFO] ThirdParty:1030 - CMSIS Pack Vendor :STMicroelectronics X-CUBE-AI 10.2.1
2026-07-22 19:06:44,463 [INFO] ThirdParty:1030 - CMSIS Pack Vendor :STMicroelectronics X-CUBE-AI 10.2.0
2026-07-22 19:06:44,463 [INFO] ThirdParty:1030 - CMSIS Pack Vendor :STMicroelectronics ThreadX 1.0.0
2026-07-22 19:06:44,463 [INFO] ThirdParty:1030 - CMSIS Pack Vendor :STMicroelectronics X-CUBE-MEMS1 12.1.0
2026-07-22 19:06:44,463 [INFO] ThirdParty:1030 - CMSIS Pack Vendor :STMicroelectronics X-CUBE-AZRTOS-WB 1.1.0
2026-07-22 19:06:44,463 [INFO] ThirdParty:1030 - CMSIS Pack Vendor :SEGGER I-CUBE-embOS 1.3.1
2026-07-22 19:06:44,463 [INFO] ThirdParty:1030 - CMSIS Pack Vendor :STMicroelectronics X-CUBE-ALGOBUILD 1.4.0
2026-07-22 19:06:44,463 [INFO] ThirdParty:1030 - CMSIS Pack Vendor :STMicroelectronics X-CUBE-MEMS1 11.3.0
2026-07-22 19:06:44,463 [INFO] ThirdParty:1030 - CMSIS Pack Vendor :STMicroelectronics X-CUBE-AZRTOS-L5 1.0.0
2026-07-22 19:06:44,463 [INFO] ThirdParty:1030 - CMSIS Pack Vendor :STMicroelectronics X-CUBE-EEPRMA1 3.1.1
2026-07-22 19:06:44,463 [INFO] ThirdParty:1030 - CMSIS Pack Vendor :STMicroelectronics X-CUBE-AZRTOS-H7RS 1.0.0
2026-07-22 19:06:44,463 [INFO] ThirdParty:1030 - CMSIS Pack Vendor :STMicroelectronics FP-ATR-ASTRA1 2.0.0
2026-07-22 19:06:44,463 [INFO] ThirdParty:1030 - CMSIS Pack Vendor :STMicroelectronics X-CUBE-TOF1 3.4.2
2026-07-22 19:06:44,463 [INFO] ThirdParty:1030 - CMSIS Pack Vendor :STMicroelectronics X-CUBE-TOF1 3.4.3
2026-07-22 19:06:44,463 [INFO] ThirdParty:1030 - CMSIS Pack Vendor :STMicroelectronics X-CUBE-AI 9.1.0
2026-07-22 19:06:44,463 [INFO] ThirdParty:1030 - CMSIS Pack Vendor :STMicroelectronics X-CUBE-TOF1 3.4.1
2026-07-22 19:06:44,463 [INFO] ThirdParty:1030 - CMSIS Pack Vendor :STMicroelectronics X-CUBE-AZRTOS-H7 3.2.0
2026-07-22 19:06:44,463 [INFO] ThirdParty:1030 - CMSIS Pack Vendor :STMicroelectronics X-CUBE-NFC13 1.0.0
2026-07-22 19:06:44,463 [INFO] ThirdParty:1030 - CMSIS Pack Vendor :Infineon AIROC-Wi-Fi-Bluetooth-STM32 1.6.0
2026-07-22 19:06:44,463 [INFO] ThirdParty:1030 - CMSIS Pack Vendor :wolfSSL I-CUBE-wolfSSH 1.4.17
2026-07-22 19:06:44,463 [INFO] ThirdParty:841 - exiting critical section [change project]
2026-07-22 19:06:44,937 [INFO] PinOutPanel:1589 - setPackage(No Configuration,No Configuration)
2026-07-22 19:06:44,941 [INFO] PinOutPanel:1589 - setPackage(STM32F411CEUx,UFQFPN48)
2026-07-22 19:06:45,479 [INFO] UtilMem:75 - Before build in PCC Used Memory: 398281960 Bytes (547356672)
2026-07-22 19:06:46,420 [INFO] UtilMem:75 - After build in PCC Used Memory: 338461656 Bytes (547356672)
2026-07-22 19:06:46,550 [INFO] ApiDbMcu:508 - Load IP Config File for USB_DEVICE
2026-07-22 19:06:46,584 [INFO] IPUIPlugin:80 - create IPUIPlugin
2026-07-22 19:06:46,584 [INFO] IPUIPlugin:80 - create IPUIPlugin
2026-07-22 19:06:46,584 [INFO] IPUIPlugin:80 - create IPUIPlugin
2026-07-22 19:06:46,584 [INFO] IPUIPlugin:80 - create IPUIPlugin
2026-07-22 19:06:46,584 [INFO] IPUIPlugin:80 - create IPUIPlugin
2026-07-22 19:06:46,585 [INFO] IPUIPlugin:80 - create IPUIPlugin
2026-07-22 19:06:46,585 [INFO] IPUIPlugin:80 - create IPUIPlugin
2026-07-22 19:06:46,585 [INFO] IPUIPlugin:80 - create IPUIPlugin
2026-07-22 19:06:46,585 [INFO] IPUIPlugin:80 - create IPUIPlugin
2026-07-22 19:06:46,585 [INFO] IPUIPlugin:80 - create IPUIPlugin
2026-07-22 19:06:46,585 [INFO] IPUIPlugin:80 - create IPUIPlugin
2026-07-22 19:06:46,585 [INFO] IPUIPlugin:80 - create IPUIPlugin
2026-07-22 19:06:46,585 [INFO] IPUIPlugin:80 - create IPUIPlugin
2026-07-22 19:06:46,585 [INFO] IPUIPlugin:80 - create IPUIPlugin
2026-07-22 19:06:46,585 [INFO] IPUIPlugin:80 - create IPUIPlugin
2026-07-22 19:06:46,586 [INFO] IPUIPlugin:80 - create IPUIPlugin
2026-07-22 19:06:46,586 [INFO] IPUIPlugin:80 - create IPUIPlugin
2026-07-22 19:06:46,586 [INFO] IPUIPlugin:80 - create IPUIPlugin
2026-07-22 19:06:46,586 [INFO] IPUIPlugin:80 - create IPUIPlugin
2026-07-22 19:06:46,587 [INFO] IPUIPlugin:80 - create IPUIPlugin
2026-07-22 19:06:46,587 [INFO] IPUIPlugin:80 - create IPUIPlugin
2026-07-22 19:06:46,587 [INFO] IPUIPlugin:80 - create IPUIPlugin
2026-07-22 19:06:46,589 [INFO] IPUIPlugin:80 - create IPUIPlugin
2026-07-22 19:06:46,589 [INFO] IPUIPlugin:80 - create IPUIPlugin
2026-07-22 19:06:46,589 [INFO] IPUIPlugin:80 - create IPUIPlugin
2026-07-22 19:06:46,589 [INFO] IPUIPlugin:80 - create IPUIPlugin
2026-07-22 19:06:46,589 [INFO] IPUIPlugin:80 - create IPUIPlugin
2026-07-22 19:06:46,590 [INFO] IPUIPlugin:80 - create IPUIPlugin
2026-07-22 19:06:46,590 [INFO] IPUIPlugin:80 - create IPUIPlugin
2026-07-22 19:06:46,590 [INFO] IPUIPlugin:80 - create IPUIPlugin
2026-07-22 19:06:46,590 [INFO] IPUIPlugin:80 - create IPUIPlugin
2026-07-22 19:06:46,590 [INFO] IPUIPlugin:80 - create IPUIPlugin
2026-07-22 19:06:46,591 [INFO] IPUIPlugin:80 - create IPUIPlugin
2026-07-22 19:06:46,591 [INFO] IPUIPlugin:80 - create IPUIPlugin
2026-07-22 19:06:46,591 [INFO] IPUIPlugin:80 - create IPUIPlugin
2026-07-22 19:06:46,591 [INFO] IPUIPlugin:80 - create IPUIPlugin
2026-07-22 19:06:46,592 [INFO] IPUIPlugin:80 - create IPUIPlugin
2026-07-22 19:06:46,592 [INFO] IPUIPlugin:80 - create IPUIPlugin
2026-07-22 19:06:46,592 [INFO] IPUIPlugin:80 - create IPUIPlugin
2026-07-22 19:06:46,592 [INFO] IPUIPlugin:80 - create IPUIPlugin
2026-07-22 19:06:46,592 [INFO] IPUIPlugin:80 - create IPUIPlugin
2026-07-22 19:06:46,593 [INFO] IPUIPlugin:80 - create IPUIPlugin
2026-07-22 19:06:46,593 [INFO] IPUIPlugin:80 - create IPUIPlugin
2026-07-22 19:06:46,623 [INFO] ApiDbMcu:508 - Load IP Config File for PDM2PCM
2026-07-22 19:06:46,640 [INFO] I2sManager:658 - 1.1875E8
2026-07-22 19:06:46,641 [INFO] I2sManager:195 - I2S Clock Value : 1.1875E8
2026-07-22 19:06:46,645 [INFO] I2sManager:553 - AudioClock : 15995Divider : 116Odd : 0
2026-07-22 19:06:46,908 [INFO] CADModel:165 - CPN selected for project levelSTM32F411CEU6
2026-07-22 19:06:46,908 [INFO] CADModel:114 - Register for checkConnection events
2026-07-22 19:06:46,980 [INFO] OpenFileManager:385 - Restore cursor
2026-07-22 19:06:47,194 [WARN] IP:2250 - DEVICE_SERIAL0_HID_FS not found: check if there is a RefParameter without a condition.
2026-07-22 19:06:47,195 [WARN] IP:2250 - DEVICE_SERIAL1_HID_FS not found: check if there is a RefParameter without a condition.
2026-07-22 19:06:47,195 [WARN] IP:2250 - DEVICE_SERIAL2_HID_FS not found: check if there is a RefParameter without a condition.
2026-07-22 19:06:47,196 [WARN] IP:2250 - DEVICE_SERIAL0_HID_FS not found: check if there is a RefParameter without a condition.
2026-07-22 19:06:47,196 [WARN] IP:2250 - DEVICE_SERIAL1_HID_FS not found: check if there is a RefParameter without a condition.
2026-07-22 19:06:47,196 [WARN] IP:2250 - DEVICE_SERIAL2_HID_FS not found: check if there is a RefParameter without a condition.
2026-07-22 19:07:07,848 [INFO] ADCParametersView:116 -                Rank 1 : false
2026-07-22 19:07:07,849 [INFO] ADCParametersView:116 -                Rank 1 : false
2026-07-22 19:07:07,849 [INFO] ADCParametersView:116 -                Rank 2 : false
2026-07-22 19:07:07,850 [INFO] ADCParametersView:116 -                Rank 1 : false
2026-07-22 19:07:07,850 [INFO] ADCParametersView:116 -                Rank 2 : false
2026-07-22 19:07:07,850 [INFO] ADCParametersView:116 -                Rank 3 : false
2026-07-22 19:07:08,012 [INFO] ADCParametersView:116 -                Rank 1 : false
2026-07-22 19:07:08,012 [INFO] ADCParametersView:116 -                Rank 2 : false
2026-07-22 19:07:08,012 [INFO] ADCParametersView:116 -                Rank 3 : false
2026-07-22 19:07:08,012 [INFO] ADCParametersView:116 -                Rank 1 : false
2026-07-22 19:07:08,012 [INFO] ADCParametersView:116 -                Rank 2 : false
2026-07-22 19:07:08,012 [INFO] ADCParametersView:116 -                Rank 3 : false
2026-07-22 19:07:08,013 [INFO] ADCParametersView:116 -                Rank 1 : false
2026-07-22 19:07:08,013 [INFO] ADCParametersView:116 -                Rank 2 : false
2026-07-22 19:07:08,013 [INFO] ADCParametersView:116 -                Rank 3 : false
2026-07-22 19:07:08,014 [INFO] ADCParametersView:116 -                Rank 1 : false
2026-07-22 19:07:08,014 [INFO] ADCParametersView:116 -                Rank 2 : false
2026-07-22 19:07:08,014 [INFO] ADCParametersView:116 -                Rank 3 : false
2026-07-22 19:07:08,014 [INFO] ADCParametersView:116 -                Rank 1 : false
2026-07-22 19:07:08,014 [INFO] ADCParametersView:116 -                Rank 2 : false
2026-07-22 19:07:08,014 [INFO] ADCParametersView:116 -                Rank 3 : false
2026-07-22 19:07:08,014 [INFO] ADCParametersView:116 -                Rank 1 : false
2026-07-22 19:07:08,014 [INFO] ADCParametersView:116 -                Rank 2 : false
2026-07-22 19:07:08,014 [INFO] ADCParametersView:116 -                Rank 3 : false
2026-07-22 19:07:08,014 [INFO] ADCParametersView:116 -                Rank 1 : false
2026-07-22 19:07:08,014 [INFO] ADCParametersView:116 -                Rank 2 : false
2026-07-22 19:07:08,014 [INFO] ADCParametersView:116 -                Rank 3 : false
2026-07-22 19:07:08,015 [INFO] ADCParametersView:116 -                Rank 1 : false
2026-07-22 19:07:08,015 [INFO] ADCParametersView:116 -                Rank 2 : false
2026-07-22 19:07:08,015 [INFO] ADCParametersView:116 -                Rank 3 : false
2026-07-22 19:07:08,016 [INFO] ADCParametersView:116 -                Rank 1 : false
2026-07-22 19:07:08,016 [INFO] ADCParametersView:116 -                Rank 2 : false
2026-07-22 19:07:08,016 [INFO] ADCParametersView:116 -                Rank 3 : false
2026-07-22 19:07:08,016 [INFO] ADCParametersView:116 -                Rank 1 : false
2026-07-22 19:07:08,016 [INFO] ADCParametersView:116 -                Rank 2 : false
2026-07-22 19:07:08,016 [INFO] ADCParametersView:116 -                Rank 3 : false
2026-07-22 19:07:08,016 [INFO] ADCParametersView:116 -                Rank 1 : false
2026-07-22 19:07:08,016 [INFO] ADCParametersView:116 -                Rank 2 : false
2026-07-22 19:07:08,016 [INFO] ADCParametersView:116 -                Rank 3 : false
2026-07-22 19:07:08,017 [INFO] ADCParametersView:116 -                Rank 1 : false
2026-07-22 19:07:08,017 [INFO] ADCParametersView:116 -                Rank 2 : false
2026-07-22 19:07:08,017 [INFO] ADCParametersView:116 -                Rank 3 : false
2026-07-22 19:07:08,017 [INFO] ADCParametersView:116 -                Rank 1 : false
2026-07-22 19:07:08,017 [INFO] ADCParametersView:116 -                Rank 2 : false
2026-07-22 19:07:08,017 [INFO] ADCParametersView:116 -                Rank 3 : false
2026-07-22 19:07:08,017 [INFO] ADCParametersView:116 -                Rank 1 : false
2026-07-22 19:07:08,017 [INFO] ADCParametersView:116 -                Rank 2 : false
2026-07-22 19:07:08,017 [INFO] ADCParametersView:116 -                Rank 3 : false
2026-07-22 19:07:08,017 [INFO] ADCParametersView:116 -                Rank 2 : false
2026-07-22 19:07:08,017 [INFO] ADCParametersView:116 -                Rank 3 : false
2026-07-22 19:07:08,017 [INFO] ADCParametersView:116 -                Rank 3 : false
2026-07-22 19:07:08,050 [INFO] ADCParametersView:116 -                Rank 1 : false
2026-07-22 19:07:08,051 [INFO] ADCParametersView:116 -                Rank 1 : false
2026-07-22 19:07:08,051 [INFO] ADCParametersView:116 -                Rank 2 : false
2026-07-22 19:07:08,051 [INFO] ADCParametersView:116 -                Rank 1 : false
2026-07-22 19:07:08,052 [INFO] ADCParametersView:116 -                Rank 2 : false
2026-07-22 19:07:08,052 [INFO] ADCParametersView:116 -                Rank 3 : false
2026-07-22 19:07:22,790 [INFO] SpinnerEditorADC:65 - is string kkkk
2026-07-22 19:07:29,146 [INFO] NvicIntPanel:101 - NVIC parent = com.st.microxplorer.plugins.ip.nvic.MultiNvicIntPanel[,0,0,0x0,invalid,layout=javax.swing.BoxLayout,alignmentX=0.0,alignmentY=0.0,border=,flags=9,maximumSize=,minimumSize=,preferredSize=]
2026-07-22 19:07:29,324 [INFO] NvicIntPanel:101 - NVIC parent = com.st.microxplorer.plugins.ip.nvic.MultiNvicIntPanel[,0,0,0x0,invalid,layout=javax.swing.BoxLayout,alignmentX=0.0,alignmentY=0.0,border=,flags=9,maximumSize=,minimumSize=,preferredSize=]
2026-07-22 19:07:29,502 [INFO] NvicIntPanel:101 - NVIC parent = com.st.microxplorer.plugins.ip.nvic.MultiNvicIntPanel[,0,0,0x0,invalid,layout=javax.swing.BoxLayout,alignmentX=0.0,alignmentY=0.0,border=,flags=9,maximumSize=,minimumSize=,preferredSize=]
2026-07-22 19:07:29,729 [INFO] NvicIntPanel:101 - NVIC parent = com.st.microxplorer.plugins.ip.nvic.MultiNvicIntPanel[,0,0,0x0,invalid,layout=javax.swing.BoxLayout,alignmentX=0.0,alignmentY=0.0,border=,flags=9,maximumSize=,minimumSize=,preferredSize=]
2026-07-22 19:07:29,798 [INFO] ADCParametersView:116 -                Rank 1 : false
2026-07-22 19:07:29,798 [INFO] ADCParametersView:116 -                Rank 2 : false
2026-07-22 19:07:29,798 [INFO] ADCParametersView:116 -                Rank 3 : false
2026-07-22 19:07:29,801 [INFO] ADCParametersView:116 -                Rank 1 : false
2026-07-22 19:07:29,801 [INFO] ADCParametersView:116 -                Rank 2 : false
2026-07-22 19:07:29,801 [INFO] ADCParametersView:116 -                Rank 3 : false
2026-07-22 19:07:29,801 [INFO] ADCParametersView:116 -                Rank 1 : false
2026-07-22 19:07:29,801 [INFO] ADCParametersView:116 -                Rank 2 : false
2026-07-22 19:07:29,801 [INFO] ADCParametersView:116 -                Rank 3 : false
2026-07-22 19:07:29,802 [INFO] ADCParametersView:116 -                Rank 1 : false
2026-07-22 19:07:29,802 [INFO] ADCParametersView:116 -                Rank 2 : false
2026-07-22 19:07:29,802 [INFO] ADCParametersView:116 -                Rank 3 : false
2026-07-22 19:07:29,802 [INFO] ADCParametersView:116 -                Rank 1 : false
2026-07-22 19:07:29,802 [INFO] ADCParametersView:116 -                Rank 2 : false
2026-07-22 19:07:29,802 [INFO] ADCParametersView:116 -                Rank 3 : false
2026-07-22 19:07:29,802 [INFO] ADCParametersView:116 -                Rank 1 : false
2026-07-22 19:07:29,802 [INFO] ADCParametersView:116 -                Rank 2 : false
2026-07-22 19:07:29,802 [INFO] ADCParametersView:116 -                Rank 3 : false
2026-07-22 19:07:29,803 [INFO] ADCParametersView:116 -                Rank 1 : false
2026-07-22 19:07:29,803 [INFO] ADCParametersView:116 -                Rank 2 : false
2026-07-22 19:07:29,803 [INFO] ADCParametersView:116 -                Rank 3 : false
2026-07-22 19:07:29,803 [INFO] ADCParametersView:116 -                Rank 1 : false
2026-07-22 19:07:29,804 [INFO] ADCParametersView:116 -                Rank 2 : false
2026-07-22 19:07:29,804 [INFO] ADCParametersView:116 -                Rank 3 : false
2026-07-22 19:07:29,804 [INFO] ADCParametersView:116 -                Rank 1 : false
2026-07-22 19:07:29,804 [INFO] ADCParametersView:116 -                Rank 2 : false
2026-07-22 19:07:29,804 [INFO] ADCParametersView:116 -                Rank 3 : false
2026-07-22 19:07:29,804 [INFO] ADCParametersView:116 -                Rank 1 : false
2026-07-22 19:07:29,804 [INFO] ADCParametersView:116 -                Rank 2 : false
2026-07-22 19:07:29,804 [INFO] ADCParametersView:116 -                Rank 3 : false
2026-07-22 19:07:29,804 [INFO] ADCParametersView:116 -                Rank 1 : false
2026-07-22 19:07:29,804 [INFO] ADCParametersView:116 -                Rank 2 : false
2026-07-22 19:07:29,804 [INFO] ADCParametersView:116 -                Rank 3 : false
2026-07-22 19:07:29,805 [INFO] ADCParametersView:116 -                Rank 1 : false
2026-07-22 19:07:29,805 [INFO] ADCParametersView:116 -                Rank 2 : false
2026-07-22 19:07:29,805 [INFO] ADCParametersView:116 -                Rank 3 : false
2026-07-22 19:07:29,805 [INFO] ADCParametersView:116 -                Rank 1 : false
2026-07-22 19:07:29,805 [INFO] ADCParametersView:116 -                Rank 2 : false
2026-07-22 19:07:29,805 [INFO] ADCParametersView:116 -                Rank 3 : false
2026-07-22 19:07:29,805 [INFO] ADCParametersView:116 -                Rank 1 : false
2026-07-22 19:07:29,805 [INFO] ADCParametersView:116 -                Rank 2 : false
2026-07-22 19:07:29,805 [INFO] ADCParametersView:116 -                Rank 3 : false
2026-07-22 19:07:29,805 [INFO] ADCParametersView:116 -                Rank 2 : false
2026-07-22 19:07:29,805 [INFO] ADCParametersView:116 -                Rank 3 : false
2026-07-22 19:07:29,805 [INFO] ADCParametersView:116 -                Rank 3 : false
2026-07-22 19:07:29,840 [INFO] ADCParametersView:116 -                Rank 1 : false
2026-07-22 19:07:29,841 [INFO] ADCParametersView:116 -                Rank 1 : false
2026-07-22 19:07:29,841 [INFO] ADCParametersView:116 -                Rank 2 : false
2026-07-22 19:07:29,842 [INFO] ADCParametersView:116 -                Rank 1 : false
2026-07-22 19:07:29,842 [INFO] ADCParametersView:116 -                Rank 2 : false
2026-07-22 19:07:29,842 [INFO] ADCParametersView:116 -                Rank 3 : false
2026-07-22 19:07:29,844 [INFO] ADCParametersView:116 -                Rank 1 : false
2026-07-22 19:07:29,844 [INFO] ADCParametersView:116 -                Rank 2 : false
2026-07-22 19:07:29,844 [INFO] ADCParametersView:116 -                Rank 3 : false
2026-07-22 19:07:29,844 [INFO] ADCParametersView:116 -        *      Rank 4 : false
2026-07-22 19:07:32,096 [INFO] SpinnerEditorADC:65 - is string kkkk
2026-07-22 19:07:33,908 [INFO] ADCParametersView:116 -                Rank 1 : false
2026-07-22 19:07:33,908 [INFO] ADCParametersView:116 -                Rank 2 : false
2026-07-22 19:07:33,908 [INFO] ADCParametersView:116 -                Rank 3 : false
2026-07-22 19:07:33,908 [INFO] ADCParametersView:116 -        *      Rank 4 : false
2026-07-22 19:07:33,912 [INFO] ADCParametersView:116 -                Rank 1 : false
2026-07-22 19:07:33,912 [INFO] ADCParametersView:116 -                Rank 2 : false
2026-07-22 19:07:33,912 [INFO] ADCParametersView:116 -                Rank 3 : false
2026-07-22 19:07:33,913 [INFO] ADCParametersView:116 -        *      Rank 4 : false
2026-07-22 19:07:33,913 [INFO] ADCParametersView:116 -                Rank 1 : false
2026-07-22 19:07:33,914 [INFO] ADCParametersView:116 -                Rank 2 : false
2026-07-22 19:07:33,914 [INFO] ADCParametersView:116 -                Rank 3 : false
2026-07-22 19:07:33,914 [INFO] ADCParametersView:116 -        *      Rank 4 : false
2026-07-22 19:07:33,914 [INFO] ADCParametersView:116 -                Rank 1 : false
2026-07-22 19:07:33,914 [INFO] ADCParametersView:116 -                Rank 2 : false
2026-07-22 19:07:33,914 [INFO] ADCParametersView:116 -                Rank 3 : false
2026-07-22 19:07:33,914 [INFO] ADCParametersView:116 -        *      Rank 4 : false
2026-07-22 19:07:33,914 [INFO] ADCParametersView:116 -                Rank 1 : false
2026-07-22 19:07:33,915 [INFO] ADCParametersView:116 -                Rank 2 : false
2026-07-22 19:07:33,915 [INFO] ADCParametersView:116 -                Rank 3 : false
2026-07-22 19:07:33,915 [INFO] ADCParametersView:116 -        *      Rank 4 : false
2026-07-22 19:07:33,915 [INFO] ADCParametersView:116 -                Rank 1 : false
2026-07-22 19:07:33,915 [INFO] ADCParametersView:116 -                Rank 2 : false
2026-07-22 19:07:33,915 [INFO] ADCParametersView:116 -                Rank 3 : false
2026-07-22 19:07:33,915 [INFO] ADCParametersView:116 -        *      Rank 4 : false
2026-07-22 19:07:33,915 [INFO] ADCParametersView:116 -                Rank 1 : false
2026-07-22 19:07:33,915 [INFO] ADCParametersView:116 -                Rank 2 : false
2026-07-22 19:07:33,916 [INFO] ADCParametersView:116 -                Rank 3 : false
2026-07-22 19:07:33,916 [INFO] ADCParametersView:116 -        *      Rank 4 : false
2026-07-22 19:07:33,916 [INFO] ADCParametersView:116 -                Rank 1 : false
2026-07-22 19:07:33,916 [INFO] ADCParametersView:116 -                Rank 2 : false
2026-07-22 19:07:33,916 [INFO] ADCParametersView:116 -                Rank 3 : false
2026-07-22 19:07:33,916 [INFO] ADCParametersView:116 -        *      Rank 4 : false
2026-07-22 19:07:33,916 [INFO] ADCParametersView:116 -                Rank 1 : false
2026-07-22 19:07:33,916 [INFO] ADCParametersView:116 -                Rank 2 : false
2026-07-22 19:07:33,916 [INFO] ADCParametersView:116 -                Rank 3 : false
2026-07-22 19:07:33,916 [INFO] ADCParametersView:116 -        *      Rank 4 : false
2026-07-22 19:07:33,916 [INFO] ADCParametersView:116 -                Rank 1 : false
2026-07-22 19:07:33,916 [INFO] ADCParametersView:116 -                Rank 2 : false
2026-07-22 19:07:33,917 [INFO] ADCParametersView:116 -                Rank 3 : false
2026-07-22 19:07:33,917 [INFO] ADCParametersView:116 -        *      Rank 4 : false
2026-07-22 19:07:33,917 [INFO] ADCParametersView:116 -                Rank 1 : false
2026-07-22 19:07:33,917 [INFO] ADCParametersView:116 -                Rank 2 : false
2026-07-22 19:07:33,917 [INFO] ADCParametersView:116 -                Rank 3 : false
2026-07-22 19:07:33,917 [INFO] ADCParametersView:116 -        *      Rank 4 : false
2026-07-22 19:07:33,917 [INFO] ADCParametersView:116 -                Rank 1 : false
2026-07-22 19:07:33,917 [INFO] ADCParametersView:116 -                Rank 2 : false
2026-07-22 19:07:33,917 [INFO] ADCParametersView:116 -                Rank 3 : false
2026-07-22 19:07:33,917 [INFO] ADCParametersView:116 -        *      Rank 4 : false
2026-07-22 19:07:33,917 [INFO] ADCParametersView:116 -                Rank 1 : false
2026-07-22 19:07:33,918 [INFO] ADCParametersView:116 -                Rank 2 : false
2026-07-22 19:07:33,918 [INFO] ADCParametersView:116 -                Rank 3 : false
2026-07-22 19:07:33,918 [INFO] ADCParametersView:116 -        *      Rank 4 : false
2026-07-22 19:07:33,918 [INFO] ADCParametersView:116 -                Rank 1 : false
2026-07-22 19:07:33,918 [INFO] ADCParametersView:116 -                Rank 2 : false
2026-07-22 19:07:33,918 [INFO] ADCParametersView:116 -                Rank 3 : false
2026-07-22 19:07:33,918 [INFO] ADCParametersView:116 -        *      Rank 4 : false
2026-07-22 19:07:33,918 [INFO] ADCParametersView:116 -                Rank 2 : false
2026-07-22 19:07:33,918 [INFO] ADCParametersView:116 -                Rank 3 : false
2026-07-22 19:07:33,918 [INFO] ADCParametersView:116 -        *      Rank 4 : false
2026-07-22 19:07:33,918 [INFO] ADCParametersView:116 -                Rank 3 : false
2026-07-22 19:07:33,918 [INFO] ADCParametersView:116 -        *      Rank 4 : false
2026-07-22 19:07:33,918 [INFO] ADCParametersView:116 -        *      Rank 4 : false
2026-07-22 19:07:33,951 [INFO] ADCParametersView:116 -                Rank 1 : false
2026-07-22 19:07:33,953 [INFO] ADCParametersView:116 -                Rank 1 : false
2026-07-22 19:07:33,953 [INFO] ADCParametersView:116 -                Rank 2 : false
2026-07-22 19:07:33,953 [INFO] ADCParametersView:116 -                Rank 1 : false
2026-07-22 19:07:33,953 [INFO] ADCParametersView:116 -                Rank 2 : false
2026-07-22 19:07:33,953 [INFO] ADCParametersView:116 -                Rank 3 : false
2026-07-22 19:07:33,953 [INFO] ADCParametersView:116 -                Rank 1 : false
2026-07-22 19:07:33,953 [INFO] ADCParametersView:116 -                Rank 2 : false
2026-07-22 19:07:33,953 [INFO] ADCParametersView:116 -                Rank 3 : false
2026-07-22 19:07:33,955 [INFO] ADCParametersView:116 -                Rank 4 : false
2026-07-22 19:07:36,741 [INFO] UtilMem:75 - End SaveConfig() Used Memory: 447513744 Bytes (623902720)
2026-07-22 19:07:38,105 [INFO] UtilMem:75 - End SaveConfig() Used Memory: 466388112 Bytes (623902720)
2026-07-22 19:07:40,322 [INFO] UtilMem:75 - End SaveConfig() Used Memory: 376357072 Bytes (623902720)
2026-07-22 19:07:41,015 [INFO] BlockDiagram:2775 - set Specific Code input for plugin: USB_OTG_FS
2026-07-22 19:07:41,015 [INFO] BlockDiagram:2775 - set Specific Code input for plugin: NVIC
2026-07-22 19:07:41,015 [INFO] BlockDiagram:2775 - set Specific Code input for plugin: DMA
2026-07-22 19:07:41,015 [INFO] BlockDiagram:2775 - set Specific Code input for plugin: TIM1_8
2026-07-22 19:07:41,015 [INFO] BlockDiagram:2775 - set Specific Code input for plugin: TIM1_8
2026-07-22 19:07:41,015 [INFO] BlockDiagram:2775 - set Specific Code input for plugin: TIM1_8
2026-07-22 19:07:41,015 [INFO] BlockDiagram:2775 - set Specific Code input for plugin: USB_DEVICE
2026-07-22 19:07:41,015 [INFO] BlockDiagram:2775 - set Specific Code input for plugin: I2S
2026-07-22 19:07:41,016 [INFO] BlockDiagram:2775 - set Specific Code input for plugin: SYS
2026-07-22 19:07:41,016 [INFO] BlockDiagram:2775 - set Specific Code input for plugin: GPIO
2026-07-22 19:07:41,016 [INFO] BlockDiagram:2775 - set Specific Code input for plugin: ADC
2026-07-22 19:07:41,016 [INFO] BlockDiagram:2775 - set Specific Code input for plugin: RCC
2026-07-22 19:07:41,018 [INFO] CodeGenerator:882 - code generatio: config db path: C:\ST\STM32CubeIDE_1.10.1\STM32CubeIDE\plugins\com.st.stm32cube.common.mx_6.14.1.202504091515\\db\
2026-07-22 19:07:41,055 [WARN] IP:2250 - DEVICE_SERIAL0_HID_FS not found: check if there is a RefParameter without a condition.
2026-07-22 19:07:41,055 [WARN] IP:2250 - DEVICE_SERIAL1_HID_FS not found: check if there is a RefParameter without a condition.
2026-07-22 19:07:41,055 [WARN] IP:2250 - DEVICE_SERIAL2_HID_FS not found: check if there is a RefParameter without a condition.
2026-07-22 19:07:41,268 [INFO] CodeEngine:263 - oldGeneratedFile, D:\Projects\Ventures\Mruda\01_Technical\MCU_Software\MCU_3.1.0\Mruda_midi_3.0.2\MXTmpFiles\license.tmp_save
2026-07-22 19:07:41,768 [INFO] CodeEngine:287 - Generated code: D:\Projects\Ventures\Mruda\01_Technical\MCU_Software\MCU_3.1.0\Mruda_midi_3.0.2\MXTmpFiles\license.tmp
2026-07-22 19:07:41,947 [INFO] CodeEngine:263 - oldGeneratedFile, D:\Projects\Ventures\Mruda\01_Technical\MCU_Software\MCU_3.1.0\Mruda_midi_3.0.2\MXTmpFiles\gpio.tmp_save
2026-07-22 19:07:42,163 [INFO] CodeEngine:287 - Generated code: D:\Projects\Ventures\Mruda\01_Technical\MCU_Software\MCU_3.1.0\Mruda_midi_3.0.2\MXTmpFiles\gpio.tmp
2026-07-22 19:07:42,273 [WARN] IPConfigManager:3217 - Warning: the RefConfig PWREx_EnableUSBVoltageDetector is not available in your config.xml file
2026-07-22 19:07:42,301 [INFO] CodeEngine:263 - oldGeneratedFile, D:\Projects\Ventures\Mruda\01_Technical\MCU_Software\MCU_3.1.0\Mruda_midi_3.0.2\MXTmpFiles\usb_otg_fs_vars.tmp_save
2026-07-22 19:07:42,480 [INFO] CodeEngine:287 - Generated code: D:\Projects\Ventures\Mruda\01_Technical\MCU_Software\MCU_3.1.0\Mruda_midi_3.0.2\MXTmpFiles\usb_otg_fs_vars.tmp
2026-07-22 19:07:42,500 [INFO] CodeEngine:263 - oldGeneratedFile, D:\Projects\Ventures\Mruda\01_Technical\MCU_Software\MCU_3.1.0\Mruda_midi_3.0.2\MXTmpFiles\usb_otg_fs_inc.tmp_save
2026-07-22 19:07:42,612 [INFO] CodeEngine:287 - Generated code: D:\Projects\Ventures\Mruda\01_Technical\MCU_Software\MCU_3.1.0\Mruda_midi_3.0.2\MXTmpFiles\usb_otg_fs_inc.tmp
2026-07-22 19:07:42,650 [INFO] CodeEngine:263 - oldGeneratedFile, D:\Projects\Ventures\Mruda\01_Technical\MCU_Software\MCU_3.1.0\Mruda_midi_3.0.2\MXTmpFiles\usb_otg_fs_HalInit.tmp_save
2026-07-22 19:07:42,813 [INFO] CodeEngine:287 - Generated code: D:\Projects\Ventures\Mruda\01_Technical\MCU_Software\MCU_3.1.0\Mruda_midi_3.0.2\MXTmpFiles\usb_otg_fs_HalInit.tmp
2026-07-22 19:07:42,837 [INFO] CodeEngine:263 - oldGeneratedFile, D:\Projects\Ventures\Mruda\01_Technical\MCU_Software\MCU_3.1.0\Mruda_midi_3.0.2\MXTmpFiles\usb_otg_fs_Msp.tmp_save
2026-07-22 19:07:43,011 [INFO] CodeEngine:287 - Generated code: D:\Projects\Ventures\Mruda\01_Technical\MCU_Software\MCU_3.1.0\Mruda_midi_3.0.2\MXTmpFiles\usb_otg_fs_Msp.tmp
2026-07-22 19:07:43,549 [INFO] Middleware:1452 - No code input for Bsp Dependency
2026-07-22 19:07:43,607 [INFO] CodeEngine:263 - oldGeneratedFile, D:\Projects\Ventures\Mruda\01_Technical\MCU_Software\MCU_3.1.0\Mruda_midi_3.0.2\MXTmpFiles\dma.tmp_save
2026-07-22 19:07:43,744 [INFO] CodeEngine:287 - Generated code: D:\Projects\Ventures\Mruda\01_Technical\MCU_Software\MCU_3.1.0\Mruda_midi_3.0.2\MXTmpFiles\dma.tmp
2026-07-22 19:07:43,764 [INFO] CodeEngine:263 - oldGeneratedFile, D:\Projects\Ventures\Mruda\01_Technical\MCU_Software\MCU_3.1.0\Mruda_midi_3.0.2\MXTmpFiles\dma_GV.tmp_save
2026-07-22 19:07:43,859 [INFO] CodeEngine:287 - Generated code: D:\Projects\Ventures\Mruda\01_Technical\MCU_Software\MCU_3.1.0\Mruda_midi_3.0.2\MXTmpFiles\dma_GV.tmp
2026-07-22 19:07:43,894 [INFO] Middleware:1452 - No code input for Bsp Dependency
2026-07-22 19:07:43,937 [INFO] CodeEngine:263 - oldGeneratedFile, D:\Projects\Ventures\Mruda\01_Technical\MCU_Software\MCU_3.1.0\Mruda_midi_3.0.2\USB_DEVICE\App\usb_device.c_save
2026-07-22 19:07:44,078 [INFO] CodeEngine:287 - Generated code: D:\Projects\Ventures\Mruda\01_Technical\MCU_Software\MCU_3.1.0\Mruda_midi_3.0.2\USB_DEVICE\App\usb_device.c
2026-07-22 19:07:44,117 [INFO] CodeEngine:263 - oldGeneratedFile, D:\Projects\Ventures\Mruda\01_Technical\MCU_Software\MCU_3.1.0\Mruda_midi_3.0.2\USB_DEVICE\App\usb_device.h_save
2026-07-22 19:07:44,242 [INFO] CodeEngine:287 - Generated code: D:\Projects\Ventures\Mruda\01_Technical\MCU_Software\MCU_3.1.0\Mruda_midi_3.0.2\USB_DEVICE\App\usb_device.h
2026-07-22 19:07:44,280 [INFO] CodeEngine:263 - oldGeneratedFile, D:\Projects\Ventures\Mruda\01_Technical\MCU_Software\MCU_3.1.0\Mruda_midi_3.0.2\USB_DEVICE\Target\usbd_conf.h_save
2026-07-22 19:07:44,419 [INFO] CodeEngine:287 - Generated code: D:\Projects\Ventures\Mruda\01_Technical\MCU_Software\MCU_3.1.0\Mruda_midi_3.0.2\USB_DEVICE\Target\usbd_conf.h
2026-07-22 19:07:44,457 [INFO] CodeEngine:263 - oldGeneratedFile, D:\Projects\Ventures\Mruda\01_Technical\MCU_Software\MCU_3.1.0\Mruda_midi_3.0.2\USB_DEVICE\Target\usbd_conf.c_save
2026-07-22 19:07:44,630 [INFO] CodeEngine:287 - Generated code: D:\Projects\Ventures\Mruda\01_Technical\MCU_Software\MCU_3.1.0\Mruda_midi_3.0.2\USB_DEVICE\Target\usbd_conf.c
2026-07-22 19:07:44,673 [INFO] CodeEngine:263 - oldGeneratedFile, D:\Projects\Ventures\Mruda\01_Technical\MCU_Software\MCU_3.1.0\Mruda_midi_3.0.2\USB_DEVICE\App\usbd_desc.h_save
2026-07-22 19:07:44,793 [INFO] CodeEngine:287 - Generated code: D:\Projects\Ventures\Mruda\01_Technical\MCU_Software\MCU_3.1.0\Mruda_midi_3.0.2\USB_DEVICE\App\usbd_desc.h
2026-07-22 19:07:44,832 [INFO] CodeEngine:263 - oldGeneratedFile, D:\Projects\Ventures\Mruda\01_Technical\MCU_Software\MCU_3.1.0\Mruda_midi_3.0.2\USB_DEVICE\App\usbd_desc.c_save
2026-07-22 19:07:44,980 [INFO] CodeEngine:287 - Generated code: D:\Projects\Ventures\Mruda\01_Technical\MCU_Software\MCU_3.1.0\Mruda_midi_3.0.2\USB_DEVICE\App\usbd_desc.c
2026-07-22 19:07:45,034 [INFO] CodeEngine:263 - oldGeneratedFile, D:\Projects\Ventures\Mruda\01_Technical\MCU_Software\MCU_3.1.0\Mruda_midi_3.0.2\Core\Src\stm32f4xx_it.c_save
2026-07-22 19:07:45,193 [INFO] CodeEngine:287 - Generated code: D:\Projects\Ventures\Mruda\01_Technical\MCU_Software\MCU_3.1.0\Mruda_midi_3.0.2\Core\Src\stm32f4xx_it.c
2026-07-22 19:07:45,227 [INFO] CodeEngine:263 - oldGeneratedFile, D:\Projects\Ventures\Mruda\01_Technical\MCU_Software\MCU_3.1.0\Mruda_midi_3.0.2\Core\Inc\stm32f4xx_it.h_save
2026-07-22 19:07:45,337 [INFO] CodeEngine:287 - Generated code: D:\Projects\Ventures\Mruda\01_Technical\MCU_Software\MCU_3.1.0\Mruda_midi_3.0.2\Core\Inc\stm32f4xx_it.h
2026-07-22 19:07:45,390 [INFO] CodeEngine:263 - oldGeneratedFile, D:\Projects\Ventures\Mruda\01_Technical\MCU_Software\MCU_3.1.0\Mruda_midi_3.0.2\Core\Src\stm32f4xx_hal_msp.c_save
2026-07-22 19:07:45,581 [INFO] CodeEngine:287 - Generated code: D:\Projects\Ventures\Mruda\01_Technical\MCU_Software\MCU_3.1.0\Mruda_midi_3.0.2\Core\Src\stm32f4xx_hal_msp.c
2026-07-22 19:07:45,616 [INFO] CodeEngine:263 - oldGeneratedFile, D:\Projects\Ventures\Mruda\01_Technical\MCU_Software\MCU_3.1.0\Mruda_midi_3.0.2\MXTmpFiles\system.tmp_save
2026-07-22 19:07:45,704 [INFO] CodeEngine:287 - Generated code: D:\Projects\Ventures\Mruda\01_Technical\MCU_Software\MCU_3.1.0\Mruda_midi_3.0.2\MXTmpFiles\system.tmp
2026-07-22 19:07:45,744 [INFO] CodeEngine:319 - oldGeneratedFile, D:\Projects\Ventures\Mruda\01_Technical\MCU_Software\MCU_3.1.0\Mruda_midi_3.0.2\Core\Inc\stm32f4xx_hal_conf.h_save
2026-07-22 19:07:45,853 [INFO] CodeEngine:343 - Generated code: D:\Projects\Ventures\Mruda\01_Technical\MCU_Software\MCU_3.1.0\Mruda_midi_3.0.2\Core\Inc\stm32f4xx_hal_conf.h
2026-07-22 19:07:45,892 [INFO] ApiDbMcu:508 - Load IP Config File for ADC1
2026-07-22 19:07:45,896 [INFO] ApiDbMcu:508 - Load IP Config File for I2S2
2026-07-22 19:07:45,905 [INFO] ApiDbMcu:508 - Load IP Config File for TIM2
2026-07-22 19:07:45,916 [INFO] ApiDbMcu:508 - Load IP Config File for TIM3
2026-07-22 19:07:45,926 [INFO] ApiDbMcu:508 - Load IP Config File for TIM4
2026-07-22 19:07:45,929 [INFO] ApiDbMcu:508 - Load IP Config File for RCC
2026-07-22 19:07:45,933 [WARN] IPConfigManager:3790 - IP not found : TIM
2026-07-22 19:07:45,934 [WARN] CodeGenerator:4198 - IP not found : null
2026-07-22 19:07:45,967 [INFO] CodeEngine:263 - oldGeneratedFile, D:\Projects\Ventures\Mruda\01_Technical\MCU_Software\MCU_3.1.0\Mruda_midi_3.0.2\Core\Inc\main.h_save
2026-07-22 19:07:46,081 [INFO] CodeEngine:287 - Generated code: D:\Projects\Ventures\Mruda\01_Technical\MCU_Software\MCU_3.1.0\Mruda_midi_3.0.2\Core\Inc\main.h
2026-07-22 19:07:46,109 [INFO] CodeEngine:263 - oldGeneratedFile, D:\Projects\Ventures\Mruda\01_Technical\MCU_Software\MCU_3.1.0\Mruda_midi_3.0.2\Core\Src\main.c_save
2026-07-22 19:07:46,281 [INFO] CodeEngine:287 - Generated code: D:\Projects\Ventures\Mruda\01_Technical\MCU_Software\MCU_3.1.0\Mruda_midi_3.0.2\Core\Src\main.c
2026-07-22 19:07:46,789 [INFO] ProjectBuilder:3324 - Time for Copy HAL[1] : 322mS.
2026-07-22 19:07:46,803 [INFO] ProjectBuilder:4912 - Project Generator version: 4.6.0.1-B1
2026-07-22 19:07:46,911 [INFO] ConfigFileManager:1590 - The Die is : DIE431
2026-07-22 19:07:46,927 [INFO] ApiDbMcu:508 - Load IP Config File for FATFS
2026-07-22 19:07:46,943 [INFO] ApiDbMcu:508 - Load IP Config File for FREERTOS
2026-07-22 19:07:46,956 [INFO] ApiDbMcu:508 - Load IP Config File for LIBJPEG
2026-07-22 19:07:46,975 [INFO] ApiDbMcu:508 - Load IP Config File for MBEDTLS
2026-07-22 19:07:46,988 [INFO] ApiDbMcu:508 - Load IP Config File for USB_HOST
2026-07-22 19:07:47,822 [INFO] LogOutputStream:77 - [STDOUT_REDIRECT] 
2026-07-22 19:07:49,903 [INFO] ProjectBuilder:5191 - Time for Generating toolchain IDE Files: 3100mS.
2026-07-22 19:07:49,905 [INFO] ProjectBuilder:3181 - Time for Copy CMSIS : 0mS.
2026-07-22 19:07:49,913 [INFO] ProjectBuilder:3181 - Time for Copy CMSIS : 1mS.
2026-07-22 19:10:51,817 [INFO] SpinnerEditorADC:65 - is string kkkk
2026-07-22 19:10:58,065 [INFO] NvicIntPanel:101 - NVIC parent = com.st.microxplorer.plugins.ip.nvic.MultiNvicIntPanel[,0,0,0x0,invalid,layout=javax.swing.BoxLayout,alignmentX=0.0,alignmentY=0.0,border=,flags=9,maximumSize=,minimumSize=,preferredSize=]
2026-07-22 19:10:58,128 [INFO] ADCParametersView:116 -                Rank 1 : false
2026-07-22 19:10:58,128 [INFO] ADCParametersView:116 -                Rank 2 : false
2026-07-22 19:10:58,128 [INFO] ADCParametersView:116 -                Rank 3 : false
2026-07-22 19:10:58,128 [INFO] ADCParametersView:116 -                Rank 4 : false
2026-07-22 19:10:58,133 [INFO] ADCParametersView:116 -                Rank 1 : false
2026-07-22 19:10:58,133 [INFO] ADCParametersView:116 -                Rank 2 : false
2026-07-22 19:10:58,133 [INFO] ADCParametersView:116 -                Rank 3 : false
2026-07-22 19:10:58,133 [INFO] ADCParametersView:116 -                Rank 4 : false
2026-07-22 19:10:58,133 [INFO] ADCParametersView:116 -                Rank 1 : false
2026-07-22 19:10:58,133 [INFO] ADCParametersView:116 -                Rank 2 : false
2026-07-22 19:10:58,133 [INFO] ADCParametersView:116 -                Rank 3 : false
2026-07-22 19:10:58,133 [INFO] ADCParametersView:116 -                Rank 4 : false
2026-07-22 19:10:58,133 [INFO] ADCParametersView:116 -                Rank 1 : false
2026-07-22 19:10:58,133 [INFO] ADCParametersView:116 -                Rank 2 : false
2026-07-22 19:10:58,133 [INFO] ADCParametersView:116 -                Rank 3 : false
2026-07-22 19:10:58,133 [INFO] ADCParametersView:116 -                Rank 4 : false
2026-07-22 19:10:58,134 [INFO] ADCParametersView:116 -                Rank 1 : false
2026-07-22 19:10:58,134 [INFO] ADCParametersView:116 -                Rank 2 : false
2026-07-22 19:10:58,134 [INFO] ADCParametersView:116 -                Rank 3 : false
2026-07-22 19:10:58,134 [INFO] ADCParametersView:116 -                Rank 4 : false
2026-07-22 19:10:58,134 [INFO] ADCParametersView:116 -                Rank 1 : false
2026-07-22 19:10:58,134 [INFO] ADCParametersView:116 -                Rank 2 : false
2026-07-22 19:10:58,134 [INFO] ADCParametersView:116 -                Rank 3 : false
2026-07-22 19:10:58,134 [INFO] ADCParametersView:116 -                Rank 4 : false
2026-07-22 19:10:58,135 [INFO] ADCParametersView:116 -                Rank 1 : false
2026-07-22 19:10:58,135 [INFO] ADCParametersView:116 -                Rank 2 : false
2026-07-22 19:10:58,135 [INFO] ADCParametersView:116 -                Rank 3 : false
2026-07-22 19:10:58,135 [INFO] ADCParametersView:116 -                Rank 4 : false
2026-07-22 19:10:58,135 [INFO] ADCParametersView:116 -                Rank 1 : false
2026-07-22 19:10:58,135 [INFO] ADCParametersView:116 -                Rank 2 : false
2026-07-22 19:10:58,135 [INFO] ADCParametersView:116 -                Rank 3 : false
2026-07-22 19:10:58,135 [INFO] ADCParametersView:116 -                Rank 4 : false
2026-07-22 19:10:58,135 [INFO] ADCParametersView:116 -                Rank 1 : false
2026-07-22 19:10:58,135 [INFO] ADCParametersView:116 -                Rank 2 : false
2026-07-22 19:10:58,135 [INFO] ADCParametersView:116 -                Rank 3 : false
2026-07-22 19:10:58,135 [INFO] ADCParametersView:116 -                Rank 4 : false
2026-07-22 19:10:58,135 [INFO] ADCParametersView:116 -                Rank 1 : false
2026-07-22 19:10:58,135 [INFO] ADCParametersView:116 -                Rank 2 : false
2026-07-22 19:10:58,135 [INFO] ADCParametersView:116 -                Rank 3 : false
2026-07-22 19:10:58,136 [INFO] ADCParametersView:116 -                Rank 4 : false
2026-07-22 19:10:58,136 [INFO] ADCParametersView:116 -                Rank 1 : false
2026-07-22 19:10:58,136 [INFO] ADCParametersView:116 -                Rank 2 : false
2026-07-22 19:10:58,136 [INFO] ADCParametersView:116 -                Rank 3 : false
2026-07-22 19:10:58,136 [INFO] ADCParametersView:116 -                Rank 4 : false
2026-07-22 19:10:58,136 [INFO] ADCParametersView:116 -                Rank 1 : false
2026-07-22 19:10:58,136 [INFO] ADCParametersView:116 -                Rank 2 : false
2026-07-22 19:10:58,136 [INFO] ADCParametersView:116 -                Rank 3 : false
2026-07-22 19:10:58,136 [INFO] ADCParametersView:116 -                Rank 4 : false
2026-07-22 19:10:58,136 [INFO] ADCParametersView:116 -                Rank 1 : false
2026-07-22 19:10:58,136 [INFO] ADCParametersView:116 -                Rank 2 : false
2026-07-22 19:10:58,136 [INFO] ADCParametersView:116 -                Rank 3 : false
2026-07-22 19:10:58,136 [INFO] ADCParametersView:116 -                Rank 4 : false
2026-07-22 19:10:58,136 [INFO] ADCParametersView:116 -                Rank 1 : false
2026-07-22 19:10:58,136 [INFO] ADCParametersView:116 -                Rank 2 : false
2026-07-22 19:10:58,136 [INFO] ADCParametersView:116 -                Rank 3 : false
2026-07-22 19:10:58,136 [INFO] ADCParametersView:116 -                Rank 4 : false
2026-07-22 19:10:58,136 [INFO] ADCParametersView:116 -                Rank 2 : false
2026-07-22 19:10:58,136 [INFO] ADCParametersView:116 -                Rank 3 : false
2026-07-22 19:10:58,136 [INFO] ADCParametersView:116 -                Rank 4 : false
2026-07-22 19:10:58,136 [INFO] ADCParametersView:116 -                Rank 3 : false
2026-07-22 19:10:58,136 [INFO] ADCParametersView:116 -                Rank 4 : false
2026-07-22 19:10:58,136 [INFO] ADCParametersView:116 -                Rank 4 : false
2026-07-22 19:10:58,167 [INFO] ADCParametersView:116 -                Rank 1 : false
2026-07-22 19:10:58,167 [INFO] ADCParametersView:116 -                Rank 1 : false
2026-07-22 19:10:58,167 [INFO] ADCParametersView:116 -                Rank 2 : false
2026-07-22 19:10:58,168 [INFO] ADCParametersView:116 -                Rank 1 : false
2026-07-22 19:10:58,168 [INFO] ADCParametersView:116 -                Rank 2 : false
2026-07-22 19:10:58,168 [INFO] ADCParametersView:116 -                Rank 3 : false
2026-07-22 19:10:59,925 [INFO] UtilMem:75 - End SaveConfig() Used Memory: 676070448 Bytes (749731840)
2026-07-22 19:11:02,095 [INFO] UtilMem:75 - End SaveConfig() Used Memory: 702284848 Bytes (749731840)
2026-07-22 19:11:04,796 [INFO] UtilMem:75 - End SaveConfig() Used Memory: 463519896 Bytes (749731840)
2026-07-22 19:11:05,246 [INFO] BlockDiagram:2775 - set Specific Code input for plugin: USB_OTG_FS
2026-07-22 19:11:05,246 [INFO] BlockDiagram:2775 - set Specific Code input for plugin: NVIC
2026-07-22 19:11:05,246 [INFO] BlockDiagram:2775 - set Specific Code input for plugin: DMA
2026-07-22 19:11:05,246 [INFO] BlockDiagram:2775 - set Specific Code input for plugin: TIM1_8
2026-07-22 19:11:05,246 [INFO] BlockDiagram:2775 - set Specific Code input for plugin: TIM1_8
2026-07-22 19:11:05,296 [INFO] BlockDiagram:2775 - set Specific Code input for plugin: TIM1_8
2026-07-22 19:11:05,296 [INFO] BlockDiagram:2775 - set Specific Code input for plugin: USB_DEVICE
2026-07-22 19:11:05,296 [INFO] BlockDiagram:2775 - set Specific Code input for plugin: I2S
2026-07-22 19:11:05,297 [INFO] BlockDiagram:2775 - set Specific Code input for plugin: SYS
2026-07-22 19:11:05,297 [INFO] BlockDiagram:2775 - set Specific Code input for plugin: GPIO
2026-07-22 19:11:05,297 [INFO] BlockDiagram:2775 - set Specific Code input for plugin: ADC
2026-07-22 19:11:05,297 [INFO] BlockDiagram:2775 - set Specific Code input for plugin: RCC
2026-07-22 19:11:05,301 [INFO] CodeGenerator:882 - code generatio: config db path: C:\ST\STM32CubeIDE_1.10.1\STM32CubeIDE\plugins\com.st.stm32cube.common.mx_6.14.1.202504091515\\db\
2026-07-22 19:11:05,315 [INFO] Argument:325 - Argument : hdmavalue: null
2026-07-22 19:11:05,315 [INFO] Argument:327 - 	 sub Args: 
2026-07-22 19:11:05,315 [INFO] Argument:325 - Argument : Instancevalue: DMA2_Stream0
2026-07-22 19:11:05,315 [INFO] Argument:335 - Argument : Instancevalue: DMA2_Stream0
2026-07-22 19:11:05,315 [INFO] Argument:325 - Argument : Initvalue: null
2026-07-22 19:11:05,315 [INFO] Argument:327 - 	 sub Args: 
2026-07-22 19:11:05,315 [INFO] Argument:325 - Argument : Channelvalue: DMA_CHANNEL_0
2026-07-22 19:11:05,315 [INFO] Argument:335 - Argument : Channelvalue: DMA_CHANNEL_0
2026-07-22 19:11:05,315 [INFO] Argument:325 - Argument : Directionvalue: DMA_PERIPH_TO_MEMORY
2026-07-22 19:11:05,316 [INFO] Argument:335 - Argument : Directionvalue: DMA_PERIPH_TO_MEMORY
2026-07-22 19:11:05,316 [INFO] Argument:325 - Argument : PeriphIncvalue: DMA_PINC_DISABLE
2026-07-22 19:11:05,316 [INFO] Argument:335 - Argument : PeriphIncvalue: DMA_PINC_DISABLE
2026-07-22 19:11:05,316 [INFO] Argument:325 - Argument : MemIncvalue: DMA_MINC_ENABLE
2026-07-22 19:11:05,316 [INFO] Argument:335 - Argument : MemIncvalue: DMA_MINC_ENABLE
2026-07-22 19:11:05,316 [INFO] Argument:325 - Argument : PeriphDataAlignmentvalue: DMA_PDATAALIGN_HALFWORD
2026-07-22 19:11:05,316 [INFO] Argument:335 - Argument : PeriphDataAlignmentvalue: DMA_PDATAALIGN_HALFWORD
2026-07-22 19:11:05,316 [INFO] Argument:325 - Argument : MemDataAlignmentvalue: DMA_MDATAALIGN_HALFWORD
2026-07-22 19:11:05,316 [INFO] Argument:335 - Argument : MemDataAlignmentvalue: DMA_MDATAALIGN_HALFWORD
2026-07-22 19:11:05,316 [INFO] Argument:325 - Argument : Modevalue: DMA_CIRCULAR
2026-07-22 19:11:05,316 [INFO] Argument:335 - Argument : Modevalue: DMA_CIRCULAR
2026-07-22 19:11:05,316 [INFO] Argument:325 - Argument : Priorityvalue: DMA_PRIORITY_LOW
2026-07-22 19:11:05,316 [INFO] Argument:335 - Argument : Priorityvalue: DMA_PRIORITY_LOW
2026-07-22 19:11:05,316 [INFO] Argument:325 - Argument : FIFOModevalue: DMA_FIFOMODE_DISABLE
2026-07-22 19:11:05,316 [INFO] Argument:335 - Argument : FIFOModevalue: DMA_FIFOMODE_DISABLE
2026-07-22 19:11:05,316 [INFO] Argument:325 - Argument : FIFOThresholdvalue: null
2026-07-22 19:11:05,317 [INFO] Argument:335 - Argument : FIFOThresholdvalue: null
2026-07-22 19:11:05,317 [INFO] Argument:325 - Argument : MemBurstvalue: null
2026-07-22 19:11:05,317 [INFO] Argument:335 - Argument : MemBurstvalue: null
2026-07-22 19:11:05,317 [INFO] Argument:325 - Argument : PeriphBurstvalue: null
2026-07-22 19:11:05,317 [INFO] Argument:335 - Argument : PeriphBurstvalue: null
2026-07-22 19:11:05,317 [INFO] Argument:325 - Argument : Lockvalue: null
2026-07-22 19:11:05,317 [INFO] Argument:335 - Argument : Lockvalue: null
2026-07-22 19:11:05,317 [INFO] Argument:325 - Argument : Statevalue: null
2026-07-22 19:11:05,317 [INFO] Argument:335 - Argument : Statevalue: null
2026-07-22 19:11:05,317 [INFO] Argument:325 - Argument : Parentvalue: null
2026-07-22 19:11:05,317 [INFO] Argument:335 - Argument : Parentvalue: null
2026-07-22 19:11:05,317 [INFO] Argument:325 - Argument : XferCpltCallbackvalue: null
2026-07-22 19:11:05,317 [INFO] Argument:335 - Argument : XferCpltCallbackvalue: null
2026-07-22 19:11:05,317 [INFO] Argument:325 - Argument : XferHalfCpltCallbackvalue: null
2026-07-22 19:11:05,317 [INFO] Argument:335 - Argument : XferHalfCpltCallbackvalue: null
2026-07-22 19:11:05,317 [INFO] Argument:325 - Argument : XferM1CpltCallbackvalue: null
2026-07-22 19:11:05,317 [INFO] Argument:335 - Argument : XferM1CpltCallbackvalue: null
2026-07-22 19:11:05,317 [INFO] Argument:325 - Argument : XferErrorCallbackvalue: null
2026-07-22 19:11:05,317 [INFO] Argument:335 - Argument : XferErrorCallbackvalue: null
2026-07-22 19:11:05,317 [INFO] Argument:325 - Argument : ErrorCodevalue: null
2026-07-22 19:11:05,317 [INFO] Argument:335 - Argument : ErrorCodevalue: null
2026-07-22 19:11:05,321 [INFO] Argument:325 - Argument : hdmavalue: null
2026-07-22 19:11:05,321 [INFO] Argument:327 - 	 sub Args: 
2026-07-22 19:11:05,322 [INFO] Argument:325 - Argument : Instancevalue: DMA1_Stream4
2026-07-22 19:11:05,322 [INFO] Argument:335 - Argument : Instancevalue: DMA1_Stream4
2026-07-22 19:11:05,322 [INFO] Argument:325 - Argument : Initvalue: null
2026-07-22 19:11:05,322 [INFO] Argument:327 - 	 sub Args: 
2026-07-22 19:11:05,322 [INFO] Argument:325 - Argument : Channelvalue: DMA_CHANNEL_0
2026-07-22 19:11:05,322 [INFO] Argument:335 - Argument : Channelvalue: DMA_CHANNEL_0
2026-07-22 19:11:05,322 [INFO] Argument:325 - Argument : Directionvalue: DMA_MEMORY_TO_PERIPH
2026-07-22 19:11:05,322 [INFO] Argument:335 - Argument : Directionvalue: DMA_MEMORY_TO_PERIPH
2026-07-22 19:11:05,322 [INFO] Argument:325 - Argument : PeriphIncvalue: DMA_PINC_DISABLE
2026-07-22 19:11:05,322 [INFO] Argument:335 - Argument : PeriphIncvalue: DMA_PINC_DISABLE
2026-07-22 19:11:05,322 [INFO] Argument:325 - Argument : MemIncvalue: DMA_MINC_ENABLE
2026-07-22 19:11:05,322 [INFO] Argument:335 - Argument : MemIncvalue: DMA_MINC_ENABLE
2026-07-22 19:11:05,322 [INFO] Argument:325 - Argument : PeriphDataAlignmentvalue: DMA_PDATAALIGN_HALFWORD
2026-07-22 19:11:05,322 [INFO] Argument:335 - Argument : PeriphDataAlignmentvalue: DMA_PDATAALIGN_HALFWORD
2026-07-22 19:11:05,322 [INFO] Argument:325 - Argument : MemDataAlignmentvalue: DMA_MDATAALIGN_HALFWORD
2026-07-22 19:11:05,322 [INFO] Argument:335 - Argument : MemDataAlignmentvalue: DMA_MDATAALIGN_HALFWORD
2026-07-22 19:11:05,322 [INFO] Argument:325 - Argument : Modevalue: DMA_CIRCULAR
2026-07-22 19:11:05,322 [INFO] Argument:335 - Argument : Modevalue: DMA_CIRCULAR
2026-07-22 19:11:05,322 [INFO] Argument:325 - Argument : Priorityvalue: DMA_PRIORITY_VERY_HIGH
2026-07-22 19:11:05,322 [INFO] Argument:335 - Argument : Priorityvalue: DMA_PRIORITY_VERY_HIGH
2026-07-22 19:11:05,322 [INFO] Argument:325 - Argument : FIFOModevalue: DMA_FIFOMODE_DISABLE
2026-07-22 19:11:05,322 [INFO] Argument:335 - Argument : FIFOModevalue: DMA_FIFOMODE_DISABLE
2026-07-22 19:11:05,322 [INFO] Argument:325 - Argument : FIFOThresholdvalue: null
2026-07-22 19:11:05,322 [INFO] Argument:335 - Argument : FIFOThresholdvalue: null
2026-07-22 19:11:05,322 [INFO] Argument:325 - Argument : MemBurstvalue: null
2026-07-22 19:11:05,322 [INFO] Argument:335 - Argument : MemBurstvalue: null
2026-07-22 19:11:05,322 [INFO] Argument:325 - Argument : PeriphBurstvalue: null
2026-07-22 19:11:05,322 [INFO] Argument:335 - Argument : PeriphBurstvalue: null
2026-07-22 19:11:05,323 [INFO] Argument:325 - Argument : Lockvalue: null
2026-07-22 19:11:05,323 [INFO] Argument:335 - Argument : Lockvalue: null
2026-07-22 19:11:05,323 [INFO] Argument:325 - Argument : Statevalue: null
2026-07-22 19:11:05,323 [INFO] Argument:335 - Argument : Statevalue: null
2026-07-22 19:11:05,323 [INFO] Argument:325 - Argument : Parentvalue: null
2026-07-22 19:11:05,323 [INFO] Argument:335 - Argument : Parentvalue: null
2026-07-22 19:11:05,323 [INFO] Argument:325 - Argument : XferCpltCallbackvalue: null
2026-07-22 19:11:05,323 [INFO] Argument:335 - Argument : XferCpltCallbackvalue: null
2026-07-22 19:11:05,323 [INFO] Argument:325 - Argument : XferHalfCpltCallbackvalue: null
2026-07-22 19:11:05,323 [INFO] Argument:335 - Argument : XferHalfCpltCallbackvalue: null
2026-07-22 19:11:05,323 [INFO] Argument:325 - Argument : XferM1CpltCallbackvalue: null
2026-07-22 19:11:05,323 [INFO] Argument:335 - Argument : XferM1CpltCallbackvalue: null
2026-07-22 19:11:05,323 [INFO] Argument:325 - Argument : XferErrorCallbackvalue: null
2026-07-22 19:11:05,323 [INFO] Argument:335 - Argument : XferErrorCallbackvalue: null
2026-07-22 19:11:05,323 [INFO] Argument:325 - Argument : ErrorCodevalue: null
2026-07-22 19:11:05,323 [INFO] Argument:335 - Argument : ErrorCodevalue: null
2026-07-22 19:11:05,345 [WARN] IP:2250 - DEVICE_SERIAL0_HID_FS not found: check if there is a RefParameter without a condition.
2026-07-22 19:11:05,346 [WARN] IP:2250 - DEVICE_SERIAL1_HID_FS not found: check if there is a RefParameter without a condition.
2026-07-22 19:11:05,346 [WARN] IP:2250 - DEVICE_SERIAL2_HID_FS not found: check if there is a RefParameter without a condition.
2026-07-22 19:11:05,460 [INFO] CodeEngine:263 - oldGeneratedFile, D:\Projects\Ventures\Mruda\01_Technical\MCU_Software\MCU_3.1.0\Mruda_midi_3.0.2\MXTmpFiles\license.tmp_save
2026-07-22 19:11:05,603 [INFO] CodeEngine:287 - Generated code: D:\Projects\Ventures\Mruda\01_Technical\MCU_Software\MCU_3.1.0\Mruda_midi_3.0.2\MXTmpFiles\license.tmp
2026-07-22 19:11:05,647 [INFO] CodeEngine:263 - oldGeneratedFile, D:\Projects\Ventures\Mruda\01_Technical\MCU_Software\MCU_3.1.0\Mruda_midi_3.0.2\MXTmpFiles\gpio.tmp_save
2026-07-22 19:11:05,778 [INFO] CodeEngine:287 - Generated code: D:\Projects\Ventures\Mruda\01_Technical\MCU_Software\MCU_3.1.0\Mruda_midi_3.0.2\MXTmpFiles\gpio.tmp
2026-07-22 19:11:05,834 [WARN] IPConfigManager:3217 - Warning: the RefConfig PWREx_EnableUSBVoltageDetector is not available in your config.xml file
2026-07-22 19:11:05,853 [INFO] CodeEngine:263 - oldGeneratedFile, D:\Projects\Ventures\Mruda\01_Technical\MCU_Software\MCU_3.1.0\Mruda_midi_3.0.2\MXTmpFiles\usb_otg_fs_vars.tmp_save
2026-07-22 19:11:05,983 [INFO] CodeEngine:287 - Generated code: D:\Projects\Ventures\Mruda\01_Technical\MCU_Software\MCU_3.1.0\Mruda_midi_3.0.2\MXTmpFiles\usb_otg_fs_vars.tmp
2026-07-22 19:11:05,992 [INFO] CodeEngine:263 - oldGeneratedFile, D:\Projects\Ventures\Mruda\01_Technical\MCU_Software\MCU_3.1.0\Mruda_midi_3.0.2\MXTmpFiles\usb_otg_fs_inc.tmp_save
2026-07-22 19:11:06,092 [INFO] CodeEngine:287 - Generated code: D:\Projects\Ventures\Mruda\01_Technical\MCU_Software\MCU_3.1.0\Mruda_midi_3.0.2\MXTmpFiles\usb_otg_fs_inc.tmp
2026-07-22 19:11:06,100 [INFO] CodeEngine:263 - oldGeneratedFile, D:\Projects\Ventures\Mruda\01_Technical\MCU_Software\MCU_3.1.0\Mruda_midi_3.0.2\MXTmpFiles\usb_otg_fs_HalInit.tmp_save
2026-07-22 19:11:06,227 [INFO] CodeEngine:287 - Generated code: D:\Projects\Ventures\Mruda\01_Technical\MCU_Software\MCU_3.1.0\Mruda_midi_3.0.2\MXTmpFiles\usb_otg_fs_HalInit.tmp
2026-07-22 19:11:06,235 [INFO] CodeEngine:263 - oldGeneratedFile, D:\Projects\Ventures\Mruda\01_Technical\MCU_Software\MCU_3.1.0\Mruda_midi_3.0.2\MXTmpFiles\usb_otg_fs_Msp.tmp_save
2026-07-22 19:11:06,352 [INFO] CodeEngine:287 - Generated code: D:\Projects\Ventures\Mruda\01_Technical\MCU_Software\MCU_3.1.0\Mruda_midi_3.0.2\MXTmpFiles\usb_otg_fs_Msp.tmp
2026-07-22 19:11:06,702 [INFO] Middleware:1452 - No code input for Bsp Dependency
2026-07-22 19:11:06,738 [INFO] CodeEngine:263 - oldGeneratedFile, D:\Projects\Ventures\Mruda\01_Technical\MCU_Software\MCU_3.1.0\Mruda_midi_3.0.2\MXTmpFiles\dma.tmp_save
2026-07-22 19:11:06,868 [INFO] CodeEngine:287 - Generated code: D:\Projects\Ventures\Mruda\01_Technical\MCU_Software\MCU_3.1.0\Mruda_midi_3.0.2\MXTmpFiles\dma.tmp
2026-07-22 19:11:06,874 [INFO] CodeEngine:263 - oldGeneratedFile, D:\Projects\Ventures\Mruda\01_Technical\MCU_Software\MCU_3.1.0\Mruda_midi_3.0.2\MXTmpFiles\dma_GV.tmp_save
2026-07-22 19:11:06,958 [INFO] CodeEngine:287 - Generated code: D:\Projects\Ventures\Mruda\01_Technical\MCU_Software\MCU_3.1.0\Mruda_midi_3.0.2\MXTmpFiles\dma_GV.tmp
2026-07-22 19:11:06,984 [INFO] Middleware:1452 - No code input for Bsp Dependency
2026-07-22 19:11:07,012 [INFO] CodeEngine:263 - oldGeneratedFile, D:\Projects\Ventures\Mruda\01_Technical\MCU_Software\MCU_3.1.0\Mruda_midi_3.0.2\USB_DEVICE\App\usb_device.c_save
2026-07-22 19:11:07,138 [INFO] CodeEngine:287 - Generated code: D:\Projects\Ventures\Mruda\01_Technical\MCU_Software\MCU_3.1.0\Mruda_midi_3.0.2\USB_DEVICE\App\usb_device.c
2026-07-22 19:11:07,161 [INFO] CodeEngine:263 - oldGeneratedFile, D:\Projects\Ventures\Mruda\01_Technical\MCU_Software\MCU_3.1.0\Mruda_midi_3.0.2\USB_DEVICE\App\usb_device.h_save
2026-07-22 19:11:07,258 [INFO] CodeEngine:287 - Generated code: D:\Projects\Ventures\Mruda\01_Technical\MCU_Software\MCU_3.1.0\Mruda_midi_3.0.2\USB_DEVICE\App\usb_device.h
2026-07-22 19:11:07,269 [INFO] CodeEngine:263 - oldGeneratedFile, D:\Projects\Ventures\Mruda\01_Technical\MCU_Software\MCU_3.1.0\Mruda_midi_3.0.2\USB_DEVICE\Target\usbd_conf.h_save
2026-07-22 19:11:07,377 [INFO] CodeEngine:287 - Generated code: D:\Projects\Ventures\Mruda\01_Technical\MCU_Software\MCU_3.1.0\Mruda_midi_3.0.2\USB_DEVICE\Target\usbd_conf.h
2026-07-22 19:11:07,402 [INFO] CodeEngine:263 - oldGeneratedFile, D:\Projects\Ventures\Mruda\01_Technical\MCU_Software\MCU_3.1.0\Mruda_midi_3.0.2\USB_DEVICE\Target\usbd_conf.c_save
2026-07-22 19:11:07,553 [INFO] CodeEngine:287 - Generated code: D:\Projects\Ventures\Mruda\01_Technical\MCU_Software\MCU_3.1.0\Mruda_midi_3.0.2\USB_DEVICE\Target\usbd_conf.c
2026-07-22 19:11:07,565 [INFO] CodeEngine:263 - oldGeneratedFile, D:\Projects\Ventures\Mruda\01_Technical\MCU_Software\MCU_3.1.0\Mruda_midi_3.0.2\USB_DEVICE\App\usbd_desc.h_save
2026-07-22 19:11:07,664 [INFO] CodeEngine:287 - Generated code: D:\Projects\Ventures\Mruda\01_Technical\MCU_Software\MCU_3.1.0\Mruda_midi_3.0.2\USB_DEVICE\App\usbd_desc.h
2026-07-22 19:11:07,688 [INFO] CodeEngine:263 - oldGeneratedFile, D:\Projects\Ventures\Mruda\01_Technical\MCU_Software\MCU_3.1.0\Mruda_midi_3.0.2\USB_DEVICE\App\usbd_desc.c_save
2026-07-22 19:11:07,835 [INFO] CodeEngine:287 - Generated code: D:\Projects\Ventures\Mruda\01_Technical\MCU_Software\MCU_3.1.0\Mruda_midi_3.0.2\USB_DEVICE\App\usbd_desc.c
2026-07-22 19:11:07,873 [INFO] CodeEngine:263 - oldGeneratedFile, D:\Projects\Ventures\Mruda\01_Technical\MCU_Software\MCU_3.1.0\Mruda_midi_3.0.2\Core\Src\stm32f4xx_it.c_save
2026-07-22 19:11:07,992 [INFO] CodeEngine:287 - Generated code: D:\Projects\Ventures\Mruda\01_Technical\MCU_Software\MCU_3.1.0\Mruda_midi_3.0.2\Core\Src\stm32f4xx_it.c
2026-07-22 19:11:08,004 [INFO] CodeEngine:263 - oldGeneratedFile, D:\Projects\Ventures\Mruda\01_Technical\MCU_Software\MCU_3.1.0\Mruda_midi_3.0.2\Core\Inc\stm32f4xx_it.h_save
2026-07-22 19:11:08,101 [INFO] CodeEngine:287 - Generated code: D:\Projects\Ventures\Mruda\01_Technical\MCU_Software\MCU_3.1.0\Mruda_midi_3.0.2\Core\Inc\stm32f4xx_it.h
2026-07-22 19:11:08,139 [INFO] CodeEngine:263 - oldGeneratedFile, D:\Projects\Ventures\Mruda\01_Technical\MCU_Software\MCU_3.1.0\Mruda_midi_3.0.2\Core\Src\stm32f4xx_hal_msp.c_save
2026-07-22 19:11:08,321 [INFO] CodeEngine:287 - Generated code: D:\Projects\Ventures\Mruda\01_Technical\MCU_Software\MCU_3.1.0\Mruda_midi_3.0.2\Core\Src\stm32f4xx_hal_msp.c
2026-07-22 19:11:08,330 [INFO] CodeEngine:263 - oldGeneratedFile, D:\Projects\Ventures\Mruda\01_Technical\MCU_Software\MCU_3.1.0\Mruda_midi_3.0.2\MXTmpFiles\system.tmp_save
2026-07-22 19:11:08,421 [INFO] CodeEngine:287 - Generated code: D:\Projects\Ventures\Mruda\01_Technical\MCU_Software\MCU_3.1.0\Mruda_midi_3.0.2\MXTmpFiles\system.tmp
2026-07-22 19:11:08,452 [INFO] CodeEngine:319 - oldGeneratedFile, D:\Projects\Ventures\Mruda\01_Technical\MCU_Software\MCU_3.1.0\Mruda_midi_3.0.2\Core\Inc\stm32f4xx_hal_conf.h_save
2026-07-22 19:11:08,596 [INFO] CodeEngine:343 - Generated code: D:\Projects\Ventures\Mruda\01_Technical\MCU_Software\MCU_3.1.0\Mruda_midi_3.0.2\Core\Inc\stm32f4xx_hal_conf.h
2026-07-22 19:11:08,636 [WARN] IPConfigManager:3790 - IP not found : TIM
2026-07-22 19:11:08,637 [WARN] CodeGenerator:4198 - IP not found : null
2026-07-22 19:11:08,665 [INFO] CodeEngine:263 - oldGeneratedFile, D:\Projects\Ventures\Mruda\01_Technical\MCU_Software\MCU_3.1.0\Mruda_midi_3.0.2\Core\Inc\main.h_save
2026-07-22 19:11:08,780 [INFO] CodeEngine:287 - Generated code: D:\Projects\Ventures\Mruda\01_Technical\MCU_Software\MCU_3.1.0\Mruda_midi_3.0.2\Core\Inc\main.h
2026-07-22 19:11:08,806 [INFO] CodeEngine:263 - oldGeneratedFile, D:\Projects\Ventures\Mruda\01_Technical\MCU_Software\MCU_3.1.0\Mruda_midi_3.0.2\Core\Src\main.c_save
2026-07-22 19:11:09,022 [INFO] CodeEngine:287 - Generated code: D:\Projects\Ventures\Mruda\01_Technical\MCU_Software\MCU_3.1.0\Mruda_midi_3.0.2\Core\Src\main.c
2026-07-22 19:11:09,716 [INFO] ProjectBuilder:3324 - Time for Copy HAL[1] : 410mS.
2026-07-22 19:11:09,728 [INFO] ProjectBuilder:4912 - Project Generator version: 4.6.0.1-B1
2026-07-22 19:11:09,854 [INFO] ConfigFileManager:1590 - The Die is : DIE431
2026-07-22 19:11:11,412 [INFO] ProjectBuilder:5191 - Time for Generating toolchain IDE Files: 1684mS.
2026-07-22 19:11:11,414 [INFO] ProjectBuilder:3181 - Time for Copy CMSIS : 2mS.
2026-07-22 19:11:11,426 [INFO] ProjectBuilder:3181 - Time for Copy CMSIS : 0mS.
2026-07-22 19:11:34,628 [INFO] SpinnerEditorADC:65 - is string kkkk
2026-07-22 19:11:39,007 [INFO] NvicIntPanel:101 - NVIC parent = com.st.microxplorer.plugins.ip.nvic.MultiNvicIntPanel[,0,0,0x0,invalid,layout=javax.swing.BoxLayout,alignmentX=0.0,alignmentY=0.0,border=,flags=9,maximumSize=,minimumSize=,preferredSize=]
2026-07-22 19:11:39,157 [INFO] NvicIntPanel:101 - NVIC parent = com.st.microxplorer.plugins.ip.nvic.MultiNvicIntPanel[,0,0,0x0,invalid,layout=javax.swing.BoxLayout,alignmentX=0.0,alignmentY=0.0,border=,flags=9,maximumSize=,minimumSize=,preferredSize=]
2026-07-22 19:11:39,303 [INFO] NvicIntPanel:101 - NVIC parent = com.st.microxplorer.plugins.ip.nvic.MultiNvicIntPanel[,0,0,0x0,invalid,layout=javax.swing.BoxLayout,alignmentX=0.0,alignmentY=0.0,border=,flags=9,maximumSize=,minimumSize=,preferredSize=]
2026-07-22 19:11:39,469 [INFO] NvicIntPanel:101 - NVIC parent = com.st.microxplorer.plugins.ip.nvic.MultiNvicIntPanel[,0,0,0x0,invalid,layout=javax.swing.BoxLayout,alignmentX=0.0,alignmentY=0.0,border=,flags=9,maximumSize=,minimumSize=,preferredSize=]
2026-07-22 19:11:39,539 [INFO] ADCParametersView:116 -                Rank 1 : false
2026-07-22 19:11:39,539 [INFO] ADCParametersView:116 -                Rank 2 : false
2026-07-22 19:11:39,539 [INFO] ADCParametersView:116 -                Rank 3 : false
2026-07-22 19:11:39,542 [INFO] ADCParametersView:116 -                Rank 1 : false
2026-07-22 19:11:39,542 [INFO] ADCParametersView:116 -                Rank 2 : false
2026-07-22 19:11:39,542 [INFO] ADCParametersView:116 -                Rank 3 : false
2026-07-22 19:11:39,543 [INFO] ADCParametersView:116 -                Rank 1 : false
2026-07-22 19:11:39,543 [INFO] ADCParametersView:116 -                Rank 2 : false
2026-07-22 19:11:39,543 [INFO] ADCParametersView:116 -                Rank 3 : false
2026-07-22 19:11:39,543 [INFO] ADCParametersView:116 -                Rank 1 : false
2026-07-22 19:11:39,543 [INFO] ADCParametersView:116 -                Rank 2 : false
2026-07-22 19:11:39,543 [INFO] ADCParametersView:116 -                Rank 3 : false
2026-07-22 19:11:39,543 [INFO] ADCParametersView:116 -                Rank 1 : false
2026-07-22 19:11:39,543 [INFO] ADCParametersView:116 -                Rank 2 : false
2026-07-22 19:11:39,544 [INFO] ADCParametersView:116 -                Rank 3 : false
2026-07-22 19:11:39,544 [INFO] ADCParametersView:116 -                Rank 1 : false
2026-07-22 19:11:39,544 [INFO] ADCParametersView:116 -                Rank 2 : false
2026-07-22 19:11:39,544 [INFO] ADCParametersView:116 -                Rank 3 : false
2026-07-22 19:11:39,544 [INFO] ADCParametersView:116 -                Rank 1 : false
2026-07-22 19:11:39,544 [INFO] ADCParametersView:116 -                Rank 2 : false
2026-07-22 19:11:39,544 [INFO] ADCParametersView:116 -                Rank 3 : false
2026-07-22 19:11:39,544 [INFO] ADCParametersView:116 -                Rank 1 : false
2026-07-22 19:11:39,544 [INFO] ADCParametersView:116 -                Rank 2 : false
2026-07-22 19:11:39,544 [INFO] ADCParametersView:116 -                Rank 3 : false
2026-07-22 19:11:39,544 [INFO] ADCParametersView:116 -                Rank 1 : false
2026-07-22 19:11:39,545 [INFO] ADCParametersView:116 -                Rank 2 : false
2026-07-22 19:11:39,545 [INFO] ADCParametersView:116 -                Rank 3 : false
2026-07-22 19:11:39,545 [INFO] ADCParametersView:116 -                Rank 1 : false
2026-07-22 19:11:39,545 [INFO] ADCParametersView:116 -                Rank 2 : false
2026-07-22 19:11:39,545 [INFO] ADCParametersView:116 -                Rank 3 : false
2026-07-22 19:11:39,545 [INFO] ADCParametersView:116 -                Rank 1 : false
2026-07-22 19:11:39,545 [INFO] ADCParametersView:116 -                Rank 2 : false
2026-07-22 19:11:39,545 [INFO] ADCParametersView:116 -                Rank 3 : false
2026-07-22 19:11:39,545 [INFO] ADCParametersView:116 -                Rank 1 : false
2026-07-22 19:11:39,545 [INFO] ADCParametersView:116 -                Rank 2 : false
2026-07-22 19:11:39,546 [INFO] ADCParametersView:116 -                Rank 3 : false
2026-07-22 19:11:39,546 [INFO] ADCParametersView:116 -                Rank 1 : false
2026-07-22 19:11:39,546 [INFO] ADCParametersView:116 -                Rank 2 : false
2026-07-22 19:11:39,546 [INFO] ADCParametersView:116 -                Rank 3 : false
2026-07-22 19:11:39,546 [INFO] ADCParametersView:116 -                Rank 1 : false
2026-07-22 19:11:39,546 [INFO] ADCParametersView:116 -                Rank 2 : false
2026-07-22 19:11:39,546 [INFO] ADCParametersView:116 -                Rank 3 : false
2026-07-22 19:11:39,546 [INFO] ADCParametersView:116 -                Rank 2 : false
2026-07-22 19:11:39,546 [INFO] ADCParametersView:116 -                Rank 3 : false
2026-07-22 19:11:39,546 [INFO] ADCParametersView:116 -                Rank 3 : false
2026-07-22 19:11:39,580 [INFO] ADCParametersView:116 -                Rank 1 : false
2026-07-22 19:11:39,580 [INFO] ADCParametersView:116 -                Rank 1 : false
2026-07-22 19:11:39,580 [INFO] ADCParametersView:116 -                Rank 2 : false
2026-07-22 19:11:39,581 [INFO] ADCParametersView:116 -                Rank 1 : false
2026-07-22 19:11:39,581 [INFO] ADCParametersView:116 -                Rank 2 : false
2026-07-22 19:11:39,581 [INFO] ADCParametersView:116 -                Rank 3 : false
2026-07-22 19:11:39,581 [INFO] ADCParametersView:116 -                Rank 1 : false
2026-07-22 19:11:39,581 [INFO] ADCParametersView:116 -                Rank 2 : false
2026-07-22 19:11:39,581 [INFO] ADCParametersView:116 -                Rank 3 : false
2026-07-22 19:11:39,581 [INFO] ADCParametersView:116 -        *      Rank 4 : false
2026-07-22 19:11:41,237 [INFO] UtilMem:75 - End SaveConfig() Used Memory: 451701808 Bytes (749731840)
2026-07-22 19:11:42,639 [INFO] UtilMem:75 - End SaveConfig() Used Memory: 478438448 Bytes (749731840)
2026-07-22 19:11:44,421 [INFO] UtilMem:75 - End SaveConfig() Used Memory: 579628080 Bytes (749731840)
2026-07-22 19:11:44,806 [INFO] BlockDiagram:2775 - set Specific Code input for plugin: USB_OTG_FS
2026-07-22 19:11:44,806 [INFO] BlockDiagram:2775 - set Specific Code input for plugin: NVIC
2026-07-22 19:11:44,806 [INFO] BlockDiagram:2775 - set Specific Code input for plugin: DMA
2026-07-22 19:11:44,806 [INFO] BlockDiagram:2775 - set Specific Code input for plugin: TIM1_8
2026-07-22 19:11:44,806 [INFO] BlockDiagram:2775 - set Specific Code input for plugin: TIM1_8
2026-07-22 19:11:44,806 [INFO] BlockDiagram:2775 - set Specific Code input for plugin: TIM1_8
2026-07-22 19:11:44,806 [INFO] BlockDiagram:2775 - set Specific Code input for plugin: USB_DEVICE
2026-07-22 19:11:44,806 [INFO] BlockDiagram:2775 - set Specific Code input for plugin: I2S
2026-07-22 19:11:44,806 [INFO] BlockDiagram:2775 - set Specific Code input for plugin: SYS
2026-07-22 19:11:44,807 [INFO] BlockDiagram:2775 - set Specific Code input for plugin: GPIO
2026-07-22 19:11:44,807 [INFO] BlockDiagram:2775 - set Specific Code input for plugin: ADC
2026-07-22 19:11:44,807 [INFO] BlockDiagram:2775 - set Specific Code input for plugin: RCC
2026-07-22 19:11:44,808 [INFO] CodeGenerator:882 - code generatio: config db path: C:\ST\STM32CubeIDE_1.10.1\STM32CubeIDE\plugins\com.st.stm32cube.common.mx_6.14.1.202504091515\\db\
2026-07-22 19:11:44,817 [INFO] Argument:325 - Argument : hdmavalue: null
2026-07-22 19:11:44,817 [INFO] Argument:327 - 	 sub Args: 
2026-07-22 19:11:44,817 [INFO] Argument:325 - Argument : Instancevalue: DMA2_Stream0
2026-07-22 19:11:44,817 [INFO] Argument:335 - Argument : Instancevalue: DMA2_Stream0
2026-07-22 19:11:44,817 [INFO] Argument:325 - Argument : Initvalue: null
2026-07-22 19:11:44,817 [INFO] Argument:327 - 	 sub Args: 
2026-07-22 19:11:44,817 [INFO] Argument:325 - Argument : Channelvalue: DMA_CHANNEL_0
2026-07-22 19:11:44,817 [INFO] Argument:335 - Argument : Channelvalue: DMA_CHANNEL_0
2026-07-22 19:11:44,817 [INFO] Argument:325 - Argument : Directionvalue: DMA_PERIPH_TO_MEMORY
2026-07-22 19:11:44,817 [INFO] Argument:335 - Argument : Directionvalue: DMA_PERIPH_TO_MEMORY
2026-07-22 19:11:44,817 [INFO] Argument:325 - Argument : PeriphIncvalue: DMA_PINC_DISABLE
2026-07-22 19:11:44,817 [INFO] Argument:335 - Argument : PeriphIncvalue: DMA_PINC_DISABLE
2026-07-22 19:11:44,817 [INFO] Argument:325 - Argument : MemIncvalue: DMA_MINC_ENABLE
2026-07-22 19:11:44,817 [INFO] Argument:335 - Argument : MemIncvalue: DMA_MINC_ENABLE
2026-07-22 19:11:44,817 [INFO] Argument:325 - Argument : PeriphDataAlignmentvalue: DMA_PDATAALIGN_HALFWORD
2026-07-22 19:11:44,817 [INFO] Argument:335 - Argument : PeriphDataAlignmentvalue: DMA_PDATAALIGN_HALFWORD
2026-07-22 19:11:44,817 [INFO] Argument:325 - Argument : MemDataAlignmentvalue: DMA_MDATAALIGN_HALFWORD
2026-07-22 19:11:44,817 [INFO] Argument:335 - Argument : MemDataAlignmentvalue: DMA_MDATAALIGN_HALFWORD
2026-07-22 19:11:44,817 [INFO] Argument:325 - Argument : Modevalue: DMA_CIRCULAR
2026-07-22 19:11:44,817 [INFO] Argument:335 - Argument : Modevalue: DMA_CIRCULAR
2026-07-22 19:11:44,818 [INFO] Argument:325 - Argument : Priorityvalue: DMA_PRIORITY_LOW
2026-07-22 19:11:44,818 [INFO] Argument:335 - Argument : Priorityvalue: DMA_PRIORITY_LOW
2026-07-22 19:11:44,818 [INFO] Argument:325 - Argument : FIFOModevalue: DMA_FIFOMODE_DISABLE
2026-07-22 19:11:44,818 [INFO] Argument:335 - Argument : FIFOModevalue: DMA_FIFOMODE_DISABLE
2026-07-22 19:11:44,818 [INFO] Argument:325 - Argument : FIFOThresholdvalue: null
2026-07-22 19:11:44,818 [INFO] Argument:335 - Argument : FIFOThresholdvalue: null
2026-07-22 19:11:44,818 [INFO] Argument:325 - Argument : MemBurstvalue: null
2026-07-22 19:11:44,818 [INFO] Argument:335 - Argument : MemBurstvalue: null
2026-07-22 19:11:44,818 [INFO] Argument:325 - Argument : PeriphBurstvalue: null
2026-07-22 19:11:44,818 [INFO] Argument:335 - Argument : PeriphBurstvalue: null
2026-07-22 19:11:44,818 [INFO] Argument:325 - Argument : Lockvalue: null
2026-07-22 19:11:44,818 [INFO] Argument:335 - Argument : Lockvalue: null
2026-07-22 19:11:44,819 [INFO] Argument:325 - Argument : Statevalue: null
2026-07-22 19:11:44,819 [INFO] Argument:335 - Argument : Statevalue: null
2026-07-22 19:11:44,819 [INFO] Argument:325 - Argument : Parentvalue: null
2026-07-22 19:11:44,819 [INFO] Argument:335 - Argument : Parentvalue: null
2026-07-22 19:11:44,819 [INFO] Argument:325 - Argument : XferCpltCallbackvalue: null
2026-07-22 19:11:44,819 [INFO] Argument:335 - Argument : XferCpltCallbackvalue: null
2026-07-22 19:11:44,819 [INFO] Argument:325 - Argument : XferHalfCpltCallbackvalue: null
2026-07-22 19:11:44,819 [INFO] Argument:335 - Argument : XferHalfCpltCallbackvalue: null
2026-07-22 19:11:44,819 [INFO] Argument:325 - Argument : XferM1CpltCallbackvalue: null
2026-07-22 19:11:44,819 [INFO] Argument:335 - Argument : XferM1CpltCallbackvalue: null
2026-07-22 19:11:44,819 [INFO] Argument:325 - Argument : XferErrorCallbackvalue: null
2026-07-22 19:11:44,819 [INFO] Argument:335 - Argument : XferErrorCallbackvalue: null
2026-07-22 19:11:44,819 [INFO] Argument:325 - Argument : ErrorCodevalue: null
2026-07-22 19:11:44,819 [INFO] Argument:335 - Argument : ErrorCodevalue: null
2026-07-22 19:11:44,821 [INFO] Argument:325 - Argument : hdmavalue: null
2026-07-22 19:11:44,821 [INFO] Argument:327 - 	 sub Args: 
2026-07-22 19:11:44,821 [INFO] Argument:325 - Argument : Instancevalue: DMA1_Stream4
2026-07-22 19:11:44,821 [INFO] Argument:335 - Argument : Instancevalue: DMA1_Stream4
2026-07-22 19:11:44,821 [INFO] Argument:325 - Argument : Initvalue: null
2026-07-22 19:11:44,821 [INFO] Argument:327 - 	 sub Args: 
2026-07-22 19:11:44,821 [INFO] Argument:325 - Argument : Channelvalue: DMA_CHANNEL_0
2026-07-22 19:11:44,821 [INFO] Argument:335 - Argument : Channelvalue: DMA_CHANNEL_0
2026-07-22 19:11:44,821 [INFO] Argument:325 - Argument : Directionvalue: DMA_MEMORY_TO_PERIPH
2026-07-22 19:11:44,821 [INFO] Argument:335 - Argument : Directionvalue: DMA_MEMORY_TO_PERIPH
2026-07-22 19:11:44,821 [INFO] Argument:325 - Argument : PeriphIncvalue: DMA_PINC_DISABLE
2026-07-22 19:11:44,822 [INFO] Argument:335 - Argument : PeriphIncvalue: DMA_PINC_DISABLE
2026-07-22 19:11:44,822 [INFO] Argument:325 - Argument : MemIncvalue: DMA_MINC_ENABLE
2026-07-22 19:11:44,822 [INFO] Argument:335 - Argument : MemIncvalue: DMA_MINC_ENABLE
2026-07-22 19:11:44,822 [INFO] Argument:325 - Argument : PeriphDataAlignmentvalue: DMA_PDATAALIGN_HALFWORD
2026-07-22 19:11:44,822 [INFO] Argument:335 - Argument : PeriphDataAlignmentvalue: DMA_PDATAALIGN_HALFWORD
2026-07-22 19:11:44,822 [INFO] Argument:325 - Argument : MemDataAlignmentvalue: DMA_MDATAALIGN_HALFWORD
2026-07-22 19:11:44,822 [INFO] Argument:335 - Argument : MemDataAlignmentvalue: DMA_MDATAALIGN_HALFWORD
2026-07-22 19:11:44,822 [INFO] Argument:325 - Argument : Modevalue: DMA_CIRCULAR
2026-07-22 19:11:44,822 [INFO] Argument:335 - Argument : Modevalue: DMA_CIRCULAR
2026-07-22 19:11:44,822 [INFO] Argument:325 - Argument : Priorityvalue: DMA_PRIORITY_VERY_HIGH
2026-07-22 19:11:44,822 [INFO] Argument:335 - Argument : Priorityvalue: DMA_PRIORITY_VERY_HIGH
2026-07-22 19:11:44,822 [INFO] Argument:325 - Argument : FIFOModevalue: DMA_FIFOMODE_DISABLE
2026-07-22 19:11:44,822 [INFO] Argument:335 - Argument : FIFOModevalue: DMA_FIFOMODE_DISABLE
2026-07-22 19:11:44,822 [INFO] Argument:325 - Argument : FIFOThresholdvalue: null
2026-07-22 19:11:44,822 [INFO] Argument:335 - Argument : FIFOThresholdvalue: null
2026-07-22 19:11:44,822 [INFO] Argument:325 - Argument : MemBurstvalue: null
2026-07-22 19:11:44,822 [INFO] Argument:335 - Argument : MemBurstvalue: null
2026-07-22 19:11:44,822 [INFO] Argument:325 - Argument : PeriphBurstvalue: null
2026-07-22 19:11:44,822 [INFO] Argument:335 - Argument : PeriphBurstvalue: null
2026-07-22 19:11:44,822 [INFO] Argument:325 - Argument : Lockvalue: null
2026-07-22 19:11:44,822 [INFO] Argument:335 - Argument : Lockvalue: null
2026-07-22 19:11:44,822 [INFO] Argument:325 - Argument : Statevalue: null
2026-07-22 19:11:44,822 [INFO] Argument:335 - Argument : Statevalue: null
2026-07-22 19:11:44,822 [INFO] Argument:325 - Argument : Parentvalue: null
2026-07-22 19:11:44,822 [INFO] Argument:335 - Argument : Parentvalue: null
2026-07-22 19:11:44,822 [INFO] Argument:325 - Argument : XferCpltCallbackvalue: null
2026-07-22 19:11:44,822 [INFO] Argument:335 - Argument : XferCpltCallbackvalue: null
2026-07-22 19:11:44,822 [INFO] Argument:325 - Argument : XferHalfCpltCallbackvalue: null
2026-07-22 19:11:44,822 [INFO] Argument:335 - Argument : XferHalfCpltCallbackvalue: null
2026-07-22 19:11:44,822 [INFO] Argument:325 - Argument : XferM1CpltCallbackvalue: null
2026-07-22 19:11:44,822 [INFO] Argument:335 - Argument : XferM1CpltCallbackvalue: null
2026-07-22 19:11:44,823 [INFO] Argument:325 - Argument : XferErrorCallbackvalue: null
2026-07-22 19:11:44,823 [INFO] Argument:335 - Argument : XferErrorCallbackvalue: null
2026-07-22 19:11:44,823 [INFO] Argument:325 - Argument : ErrorCodevalue: null
2026-07-22 19:11:44,823 [INFO] Argument:335 - Argument : ErrorCodevalue: null
2026-07-22 19:11:44,842 [WARN] IP:2250 - DEVICE_SERIAL0_HID_FS not found: check if there is a RefParameter without a condition.
2026-07-22 19:11:44,843 [WARN] IP:2250 - DEVICE_SERIAL1_HID_FS not found: check if there is a RefParameter without a condition.
2026-07-22 19:11:44,843 [WARN] IP:2250 - DEVICE_SERIAL2_HID_FS not found: check if there is a RefParameter without a condition.
2026-07-22 19:11:44,934 [INFO] CodeEngine:263 - oldGeneratedFile, D:\Projects\Ventures\Mruda\01_Technical\MCU_Software\MCU_3.1.0\Mruda_midi_3.0.2\MXTmpFiles\license.tmp_save
2026-07-22 19:11:45,068 [INFO] CodeEngine:287 - Generated code: D:\Projects\Ventures\Mruda\01_Technical\MCU_Software\MCU_3.1.0\Mruda_midi_3.0.2\MXTmpFiles\license.tmp
2026-07-22 19:11:45,100 [INFO] CodeEngine:263 - oldGeneratedFile, D:\Projects\Ventures\Mruda\01_Technical\MCU_Software\MCU_3.1.0\Mruda_midi_3.0.2\MXTmpFiles\gpio.tmp_save
2026-07-22 19:11:45,229 [INFO] CodeEngine:287 - Generated code: D:\Projects\Ventures\Mruda\01_Technical\MCU_Software\MCU_3.1.0\Mruda_midi_3.0.2\MXTmpFiles\gpio.tmp
2026-07-22 19:11:45,272 [WARN] IPConfigManager:3217 - Warning: the RefConfig PWREx_EnableUSBVoltageDetector is not available in your config.xml file
2026-07-22 19:11:45,284 [INFO] CodeEngine:263 - oldGeneratedFile, D:\Projects\Ventures\Mruda\01_Technical\MCU_Software\MCU_3.1.0\Mruda_midi_3.0.2\MXTmpFiles\usb_otg_fs_vars.tmp_save
2026-07-22 19:11:45,405 [INFO] CodeEngine:287 - Generated code: D:\Projects\Ventures\Mruda\01_Technical\MCU_Software\MCU_3.1.0\Mruda_midi_3.0.2\MXTmpFiles\usb_otg_fs_vars.tmp
2026-07-22 19:11:45,412 [INFO] CodeEngine:263 - oldGeneratedFile, D:\Projects\Ventures\Mruda\01_Technical\MCU_Software\MCU_3.1.0\Mruda_midi_3.0.2\MXTmpFiles\usb_otg_fs_inc.tmp_save
2026-07-22 19:11:45,501 [INFO] CodeEngine:287 - Generated code: D:\Projects\Ventures\Mruda\01_Technical\MCU_Software\MCU_3.1.0\Mruda_midi_3.0.2\MXTmpFiles\usb_otg_fs_inc.tmp
2026-07-22 19:11:45,509 [INFO] CodeEngine:263 - oldGeneratedFile, D:\Projects\Ventures\Mruda\01_Technical\MCU_Software\MCU_3.1.0\Mruda_midi_3.0.2\MXTmpFiles\usb_otg_fs_HalInit.tmp_save
2026-07-22 19:11:45,629 [INFO] CodeEngine:287 - Generated code: D:\Projects\Ventures\Mruda\01_Technical\MCU_Software\MCU_3.1.0\Mruda_midi_3.0.2\MXTmpFiles\usb_otg_fs_HalInit.tmp
2026-07-22 19:11:45,636 [INFO] CodeEngine:263 - oldGeneratedFile, D:\Projects\Ventures\Mruda\01_Technical\MCU_Software\MCU_3.1.0\Mruda_midi_3.0.2\MXTmpFiles\usb_otg_fs_Msp.tmp_save
2026-07-22 19:11:45,759 [INFO] CodeEngine:287 - Generated code: D:\Projects\Ventures\Mruda\01_Technical\MCU_Software\MCU_3.1.0\Mruda_midi_3.0.2\MXTmpFiles\usb_otg_fs_Msp.tmp
2026-07-22 19:11:46,100 [INFO] Middleware:1452 - No code input for Bsp Dependency
2026-07-22 19:11:46,136 [INFO] CodeEngine:263 - oldGeneratedFile, D:\Projects\Ventures\Mruda\01_Technical\MCU_Software\MCU_3.1.0\Mruda_midi_3.0.2\MXTmpFiles\dma.tmp_save
2026-07-22 19:11:46,258 [INFO] CodeEngine:287 - Generated code: D:\Projects\Ventures\Mruda\01_Technical\MCU_Software\MCU_3.1.0\Mruda_midi_3.0.2\MXTmpFiles\dma.tmp
2026-07-22 19:11:46,266 [INFO] CodeEngine:263 - oldGeneratedFile, D:\Projects\Ventures\Mruda\01_Technical\MCU_Software\MCU_3.1.0\Mruda_midi_3.0.2\MXTmpFiles\dma_GV.tmp_save
2026-07-22 19:11:46,350 [INFO] CodeEngine:287 - Generated code: D:\Projects\Ventures\Mruda\01_Technical\MCU_Software\MCU_3.1.0\Mruda_midi_3.0.2\MXTmpFiles\dma_GV.tmp
2026-07-22 19:11:46,376 [INFO] Middleware:1452 - No code input for Bsp Dependency
2026-07-22 19:11:46,402 [INFO] CodeEngine:263 - oldGeneratedFile, D:\Projects\Ventures\Mruda\01_Technical\MCU_Software\MCU_3.1.0\Mruda_midi_3.0.2\USB_DEVICE\App\usb_device.c_save
2026-07-22 19:11:46,513 [INFO] CodeEngine:287 - Generated code: D:\Projects\Ventures\Mruda\01_Technical\MCU_Software\MCU_3.1.0\Mruda_midi_3.0.2\USB_DEVICE\App\usb_device.c
2026-07-22 19:11:46,536 [INFO] CodeEngine:263 - oldGeneratedFile, D:\Projects\Ventures\Mruda\01_Technical\MCU_Software\MCU_3.1.0\Mruda_midi_3.0.2\USB_DEVICE\App\usb_device.h_save
2026-07-22 19:11:46,634 [INFO] CodeEngine:287 - Generated code: D:\Projects\Ventures\Mruda\01_Technical\MCU_Software\MCU_3.1.0\Mruda_midi_3.0.2\USB_DEVICE\App\usb_device.h
2026-07-22 19:11:46,645 [INFO] CodeEngine:263 - oldGeneratedFile, D:\Projects\Ventures\Mruda\01_Technical\MCU_Software\MCU_3.1.0\Mruda_midi_3.0.2\USB_DEVICE\Target\usbd_conf.h_save
2026-07-22 19:11:46,742 [INFO] CodeEngine:287 - Generated code: D:\Projects\Ventures\Mruda\01_Technical\MCU_Software\MCU_3.1.0\Mruda_midi_3.0.2\USB_DEVICE\Target\usbd_conf.h
2026-07-22 19:11:46,765 [INFO] CodeEngine:263 - oldGeneratedFile, D:\Projects\Ventures\Mruda\01_Technical\MCU_Software\MCU_3.1.0\Mruda_midi_3.0.2\USB_DEVICE\Target\usbd_conf.c_save
2026-07-22 19:11:46,918 [INFO] CodeEngine:287 - Generated code: D:\Projects\Ventures\Mruda\01_Technical\MCU_Software\MCU_3.1.0\Mruda_midi_3.0.2\USB_DEVICE\Target\usbd_conf.c
2026-07-22 19:11:46,929 [INFO] CodeEngine:263 - oldGeneratedFile, D:\Projects\Ventures\Mruda\01_Technical\MCU_Software\MCU_3.1.0\Mruda_midi_3.0.2\USB_DEVICE\App\usbd_desc.h_save
2026-07-22 19:11:47,024 [INFO] CodeEngine:287 - Generated code: D:\Projects\Ventures\Mruda\01_Technical\MCU_Software\MCU_3.1.0\Mruda_midi_3.0.2\USB_DEVICE\App\usbd_desc.h
2026-07-22 19:11:47,049 [INFO] CodeEngine:263 - oldGeneratedFile, D:\Projects\Ventures\Mruda\01_Technical\MCU_Software\MCU_3.1.0\Mruda_midi_3.0.2\USB_DEVICE\App\usbd_desc.c_save
2026-07-22 19:11:47,193 [INFO] CodeEngine:287 - Generated code: D:\Projects\Ventures\Mruda\01_Technical\MCU_Software\MCU_3.1.0\Mruda_midi_3.0.2\USB_DEVICE\App\usbd_desc.c
2026-07-22 19:11:47,228 [INFO] CodeEngine:263 - oldGeneratedFile, D:\Projects\Ventures\Mruda\01_Technical\MCU_Software\MCU_3.1.0\Mruda_midi_3.0.2\Core\Src\stm32f4xx_it.c_save
2026-07-22 19:11:47,348 [INFO] CodeEngine:287 - Generated code: D:\Projects\Ventures\Mruda\01_Technical\MCU_Software\MCU_3.1.0\Mruda_midi_3.0.2\Core\Src\stm32f4xx_it.c
2026-07-22 19:11:47,359 [INFO] CodeEngine:263 - oldGeneratedFile, D:\Projects\Ventures\Mruda\01_Technical\MCU_Software\MCU_3.1.0\Mruda_midi_3.0.2\Core\Inc\stm32f4xx_it.h_save
2026-07-22 19:11:47,458 [INFO] CodeEngine:287 - Generated code: D:\Projects\Ventures\Mruda\01_Technical\MCU_Software\MCU_3.1.0\Mruda_midi_3.0.2\Core\Inc\stm32f4xx_it.h
2026-07-22 19:11:47,494 [INFO] CodeEngine:263 - oldGeneratedFile, D:\Projects\Ventures\Mruda\01_Technical\MCU_Software\MCU_3.1.0\Mruda_midi_3.0.2\Core\Src\stm32f4xx_hal_msp.c_save
2026-07-22 19:11:47,669 [INFO] CodeEngine:287 - Generated code: D:\Projects\Ventures\Mruda\01_Technical\MCU_Software\MCU_3.1.0\Mruda_midi_3.0.2\Core\Src\stm32f4xx_hal_msp.c
2026-07-22 19:11:47,678 [INFO] CodeEngine:263 - oldGeneratedFile, D:\Projects\Ventures\Mruda\01_Technical\MCU_Software\MCU_3.1.0\Mruda_midi_3.0.2\MXTmpFiles\system.tmp_save
2026-07-22 19:11:47,765 [INFO] CodeEngine:287 - Generated code: D:\Projects\Ventures\Mruda\01_Technical\MCU_Software\MCU_3.1.0\Mruda_midi_3.0.2\MXTmpFiles\system.tmp
2026-07-22 19:11:47,797 [INFO] CodeEngine:319 - oldGeneratedFile, D:\Projects\Ventures\Mruda\01_Technical\MCU_Software\MCU_3.1.0\Mruda_midi_3.0.2\Core\Inc\stm32f4xx_hal_conf.h_save
2026-07-22 19:11:47,946 [INFO] CodeEngine:343 - Generated code: D:\Projects\Ventures\Mruda\01_Technical\MCU_Software\MCU_3.1.0\Mruda_midi_3.0.2\Core\Inc\stm32f4xx_hal_conf.h
2026-07-22 19:11:47,981 [WARN] IPConfigManager:3790 - IP not found : TIM
2026-07-22 19:11:47,983 [WARN] CodeGenerator:4198 - IP not found : null
2026-07-22 19:11:48,011 [INFO] CodeEngine:263 - oldGeneratedFile, D:\Projects\Ventures\Mruda\01_Technical\MCU_Software\MCU_3.1.0\Mruda_midi_3.0.2\Core\Inc\main.h_save
2026-07-22 19:11:48,124 [INFO] CodeEngine:287 - Generated code: D:\Projects\Ventures\Mruda\01_Technical\MCU_Software\MCU_3.1.0\Mruda_midi_3.0.2\Core\Inc\main.h
2026-07-22 19:11:48,149 [INFO] CodeEngine:263 - oldGeneratedFile, D:\Projects\Ventures\Mruda\01_Technical\MCU_Software\MCU_3.1.0\Mruda_midi_3.0.2\Core\Src\main.c_save
2026-07-22 19:11:48,367 [INFO] CodeEngine:287 - Generated code: D:\Projects\Ventures\Mruda\01_Technical\MCU_Software\MCU_3.1.0\Mruda_midi_3.0.2\Core\Src\main.c
2026-07-22 19:11:49,021 [INFO] ProjectBuilder:3324 - Time for Copy HAL[1] : 367mS.
2026-07-22 19:11:49,035 [INFO] ProjectBuilder:4912 - Project Generator version: 4.6.0.1-B1
2026-07-22 19:11:49,157 [INFO] ConfigFileManager:1590 - The Die is : DIE431
2026-07-22 19:11:50,618 [INFO] ProjectBuilder:5191 - Time for Generating toolchain IDE Files: 1582mS.
2026-07-22 19:11:50,619 [INFO] ProjectBuilder:3181 - Time for Copy CMSIS : 1mS.
2026-07-22 19:11:50,626 [INFO] ProjectBuilder:3181 - Time for Copy CMSIS : 0mS.
