2026-04-08 09:53:56,635 [ERROR] LogOutputStream:75 - [STDERR_REDIRECT] 
2026-04-08 11:44:55,468 [INFO] Activator:176 - 


2026-04-08 11:44:55,477 [INFO] Activator:177 - !SESSION log4j initialized
2026-04-08 11:45:16,407 [INFO] LogOutputStream:77 - [STDOUT_REDIRECT] 
2026-04-08 11:45:28,215 [INFO] ApplicationProperties:184 - Using Application install path: C:\ST\STM32CubeIDE_1.10.1\STM32CubeIDE\plugins\com.st.stm32cube.common.mx_6.14.1.202504091515
2026-04-08 11:45:28,248 [INFO] DbMcusXml:78 - Set database path to: C:\ST\STM32CubeIDE_1.10.1\STM32CubeIDE\plugins\com.st.stm32cube.common.mx_6.14.1.202504091515\\db\/mcu/
2026-04-08 11:45:28,292 [INFO] ApiDb:274 - Set plugin database path to: C:\ST\STM32CubeIDE_1.10.1\STM32CubeIDE\plugins\com.st.stm32cube.common.mx_6.14.1.202504091515\\db\/plugins/boardmanager/
2026-04-08 11:45:28,293 [WARN] ApiDb:259 - Overriding images path with different value:  => C:\ST\STM32CubeIDE_1.10.1\STM32CubeIDE\plugins\com.st.stm32cube.common.mx_6.14.1.202504091515\\db\/plugins/mcufinder/images/
2026-04-08 11:45:28,320 [INFO] ApiDb:250 - Set database path to: C:\Users\abhil\.stmcufinder\plugins\mcufinder//mcu/
2026-04-08 11:45:28,322 [INFO] DbMcusAds:125 - Set database path to: C:\Users\abhil\.stmcufinder\plugins\mcufinder//mcu/
2026-04-08 11:45:28,337 [INFO] CrossReferenceDbSqlite:203 - Set database path to: C:\Users\abhil\.stmcufinder\plugins\mcufinder//mcu/cs/
2026-04-08 11:45:28,591 [INFO] RulesReader:64 - Compatibility file has been processed (302 Rules)
2026-04-08 11:45:28,766 [INFO] DbMcusXml:78 - Set database path to: C:\ST\STM32CubeIDE_1.10.1\STM32CubeIDE\plugins\com.st.stm32cube.common.mx_6.14.1.202504091515\\db\/mcu/
2026-04-08 11:45:28,766 [INFO] ApiDb:274 - Set plugin database path to: C:\ST\STM32CubeIDE_1.10.1\STM32CubeIDE\plugins\com.st.stm32cube.common.mx_6.14.1.202504091515\\db\/plugins/boardmanager/
2026-04-08 11:45:28,766 [INFO] ApiDb:261 - Set plugin images path to: C:\ST\STM32CubeIDE_1.10.1\STM32CubeIDE\plugins\com.st.stm32cube.common.mx_6.14.1.202504091515\\db\/plugins/mcufinder/images/
2026-04-08 11:45:28,766 [WARN] DbFile:41 - Overriding database path with different value: C:\Users\abhil\.stmcufinder\plugins\mcufinder/ => C:\Users\abhil\.stmcufinder\plugins\mcufinder
2026-04-08 11:45:28,766 [INFO] ApiDb:250 - Set database path to: C:\Users\abhil\.stmcufinder\plugins\mcufinder//mcu/
2026-04-08 11:45:28,766 [WARN] DbFile:41 - Overriding database path with different value: C:\Users\abhil\.stmcufinder\plugins\mcufinder/ => C:\Users\abhil\.stmcufinder\plugins\mcufinder
2026-04-08 11:45:28,766 [INFO] DbMcusAds:125 - Set database path to: C:\Users\abhil\.stmcufinder\plugins\mcufinder//mcu/
2026-04-08 11:45:28,766 [WARN] DbFile:41 - Overriding database path with different value: C:\Users\abhil\.stmcufinder\plugins\mcufinder/ => C:\Users\abhil\.stmcufinder\plugins\mcufinder
2026-04-08 11:45:28,766 [WARN] DbFile:41 - Overriding database path with different value: C:\Users\abhil\.stmcufinder\plugins\mcufinder/ => C:\Users\abhil\.stmcufinder\plugins\mcufinder
2026-04-08 11:45:28,766 [INFO] CrossReferenceDbSqlite:203 - Set database path to: C:\Users\abhil\.stmcufinder\plugins\mcufinder//mcu/cs/
2026-04-08 11:45:28,919 [INFO] MainPanel:272 - HeapMemory: 268435456
2026-04-08 11:45:29,142 [INFO] DbMcusXml:78 - Set database path to: C:\ST\STM32CubeIDE_1.10.1\STM32CubeIDE\plugins\com.st.stm32cube.common.mx_6.14.1.202504091515\\db\/mcu/
2026-04-08 11:45:29,143 [INFO] ApiDb:274 - Set plugin database path to: C:\ST\STM32CubeIDE_1.10.1\STM32CubeIDE\plugins\com.st.stm32cube.common.mx_6.14.1.202504091515\\db\/plugins/boardmanager/
2026-04-08 11:45:29,143 [INFO] ApiDb:261 - Set plugin images path to: C:\ST\STM32CubeIDE_1.10.1\STM32CubeIDE\plugins\com.st.stm32cube.common.mx_6.14.1.202504091515\\db\/plugins/mcufinder/images/
2026-04-08 11:45:29,144 [WARN] DbFile:41 - Overriding database path with different value: C:\Users\abhil\.stmcufinder\plugins\mcufinder/ => C:\Users\abhil\.stmcufinder\plugins\mcufinder
2026-04-08 11:45:29,144 [INFO] ApiDb:250 - Set database path to: C:\Users\abhil\.stmcufinder\plugins\mcufinder//mcu/
2026-04-08 11:45:29,144 [WARN] DbFile:41 - Overriding database path with different value: C:\Users\abhil\.stmcufinder\plugins\mcufinder/ => C:\Users\abhil\.stmcufinder\plugins\mcufinder
2026-04-08 11:45:29,144 [INFO] DbMcusAds:125 - Set database path to: C:\Users\abhil\.stmcufinder\plugins\mcufinder//mcu/
2026-04-08 11:45:29,145 [WARN] DbFile:41 - Overriding database path with different value: C:\Users\abhil\.stmcufinder\plugins\mcufinder/ => C:\Users\abhil\.stmcufinder\plugins\mcufinder
2026-04-08 11:45:29,145 [WARN] DbFile:41 - Overriding database path with different value: C:\Users\abhil\.stmcufinder\plugins\mcufinder/ => C:\Users\abhil\.stmcufinder\plugins\mcufinder
2026-04-08 11:45:29,145 [INFO] CrossReferenceDbSqlite:203 - Set database path to: C:\Users\abhil\.stmcufinder\plugins\mcufinder//mcu/cs/
2026-04-08 11:45:29,178 [INFO] ApplicationProperties:184 - Using Application install path: C:\ST\STM32CubeIDE_1.10.1\STM32CubeIDE\plugins\com.st.stm32cube.common.mx_6.14.1.202504091515
2026-04-08 11:45:29,182 [INFO] PluginManage:196 - Search for loadable plugins [exclusion list=, ]
2026-04-08 11:45:29,184 [INFO] PluginManage:310 - Check plugin analytics
2026-04-08 11:45:39,021 [INFO] AnalyticsPlugin:253 - Accepted Software Licenses: 
2026-04-08 11:45:39,022 [INFO] AnalyticsPlugin:255 - Accepted CMSIS Pack Licenses: 
2026-04-08 11:45:39,023 [INFO] AnalyticsPlugin:257 - Accepted Firmware Licenses: FW.F4.1.27.0,FW.H7.1.10.0,FW.H7.1.12.0,FW.F4.1.28.0
2026-04-08 11:45:39,030 [INFO] PluginManage:359 - Loaded plugin analytics (category:tool,tabindex:-1)
2026-04-08 11:45:39,031 [INFO] PluginManage:310 - Check plugin cadmodel
2026-04-08 11:45:39,064 [INFO] CADModel:105 - Init CAD model plugin
2026-04-08 11:45:39,065 [INFO] PluginManage:359 - Loaded plugin cadmodel (category:power,tabindex:5)
2026-04-08 11:45:39,065 [INFO] PluginManage:310 - Check plugin clock
2026-04-08 11:45:39,105 [INFO] PluginManage:359 - Loaded plugin clock (category:base,tabindex:2)
2026-04-08 11:45:39,106 [INFO] PluginManage:310 - Check plugin ddr
2026-04-08 11:45:39,110 [INFO] PluginManage:359 - Loaded plugin ddr (category:tool,tabindex:6)
2026-04-08 11:45:39,110 [INFO] PluginManage:310 - Check plugin filemanager
2026-04-08 11:45:39,392 [INFO] PluginManage:359 - Loaded plugin filemanager (category:base,tabindex:10)
2026-04-08 11:45:39,393 [INFO] PluginManage:310 - Check plugin ipmanager
2026-04-08 11:45:39,406 [INFO] PluginManage:359 - Loaded plugin ipmanager (category:base,tabindex:5)
2026-04-08 11:45:39,406 [INFO] PluginManage:310 - Check plugin lpbam
2026-04-08 11:45:39,447 [INFO] PluginManage:359 - Loaded plugin lpbam (category:base,tabindex:0)
2026-04-08 11:45:39,447 [INFO] PluginManage:310 - Check plugin memorymap
2026-04-08 11:45:39,505 [INFO] PluginManage:359 - Loaded plugin memorymap (category:base,tabindex:4)
2026-04-08 11:45:39,505 [INFO] PluginManage:310 - Check plugin pinoutandconfiguration
2026-04-08 11:45:39,553 [INFO] PluginManage:359 - Loaded plugin pinoutandconfiguration (category:base,tabindex:1)
2026-04-08 11:45:39,554 [INFO] PluginManage:310 - Check plugin pinoutconfig
2026-04-08 11:45:39,769 [WARN] SupportedApi:132 - Cannot load RTOS API schema: s4s-elt-must-match.1: The content of 'definitions' must match (annotation?, (simpleType | complexType)?, (unique | key | keyref)*)). A problem was found starting at: attribute.
2026-04-08 11:45:40,013 [INFO] PluginManage:359 - Loaded plugin pinoutconfig (category:base,tabindex:0)
2026-04-08 11:45:40,014 [INFO] PluginManage:310 - Check plugin power
2026-04-08 11:45:40,057 [INFO] PluginManage:359 - Loaded plugin power (category:power,tabindex:4)
2026-04-08 11:45:40,057 [INFO] PluginManage:310 - Check plugin projectmanager
2026-04-08 11:45:40,089 [INFO] PluginManage:359 - Loaded plugin projectmanager (category:projectmanager,tabindex:4)
2026-04-08 11:45:40,089 [INFO] PluginManage:310 - Check plugin rif
2026-04-08 11:45:40,128 [INFO] PluginManage:359 - Loaded plugin rif (category:base,tabindex:3)
2026-04-08 11:45:40,128 [INFO] PluginManage:310 - Check plugin thirdparty
2026-04-08 11:45:40,787 [WARN] IntegrityCheckThread:84 - waiting for thirdparty lock release [integrity check]
2026-04-08 11:45:40,787 [INFO] PluginManage:359 - Loaded plugin thirdparty (category:base,tabindex:-1)
2026-04-08 11:45:40,787 [INFO] IntegrityCheckThread:86 - entering critical section [integrity check]
2026-04-08 11:45:40,787 [INFO] PluginManage:310 - Check plugin tools
2026-04-08 11:45:40,788 [INFO] ThirdPartyUpdaterWithRetryManager:70 - Updater plugin not ready yet. [1/15]
2026-04-08 11:45:40,872 [INFO] PluginManage:359 - Loaded plugin tools (category:base,tabindex:7)
2026-04-08 11:45:40,872 [INFO] PluginManage:310 - Check plugin tutovideos
2026-04-08 11:45:41,344 [INFO] PluginManage:359 - Loaded plugin tutovideos (category:base,tabindex:-1)
2026-04-08 11:45:41,344 [INFO] PluginManage:310 - Check plugin updater
2026-04-08 11:45:41,386 [INFO] PluginManage:359 - Loaded plugin updater (category:base,tabindex:12)
2026-04-08 11:45:41,386 [INFO] PluginManage:310 - Check plugin userauth
2026-04-08 11:45:41,395 [INFO] UserAuth:118 - Init User Auth plugin
2026-04-08 11:45:41,396 [INFO] PluginManage:359 - Loaded plugin userauth (category:base,tabindex:14)
2026-04-08 11:45:41,397 [INFO] PluginManage:283 - PluginManage : Loaded plugins [18]
2026-04-08 11:45:41,833 [INFO] PinOutPanel:1589 - setPackage(No Configuration,No Configuration)
2026-04-08 11:45:42,068 [INFO] CADModel:165 - CPN selected for project level
2026-04-08 11:45:42,099 [INFO] CADModel:114 - Register for checkConnection events
2026-04-08 11:45:42,156 [INFO] IPUIPlugin:80 - create IPUIPlugin
2026-04-08 11:45:42,157 [INFO] PluginManager:220 - loadIPPluginJar : add adc
2026-04-08 11:45:42,254 [INFO] IPUIPlugin:80 - create IPUIPlugin
2026-04-08 11:45:42,254 [INFO] PluginManager:220 - loadIPPluginJar : add aes
2026-04-08 11:45:42,360 [INFO] IPUIPlugin:80 - create IPUIPlugin
2026-04-08 11:45:42,360 [INFO] PluginManager:220 - loadIPPluginJar : add can
2026-04-08 11:45:42,421 [INFO] IPUIPlugin:80 - create IPUIPlugin
2026-04-08 11:45:42,421 [INFO] PluginManager:220 - loadIPPluginJar : add comp
2026-04-08 11:45:42,504 [INFO] IPUIPlugin:80 - create IPUIPlugin
2026-04-08 11:45:42,504 [INFO] PluginManager:220 - loadIPPluginJar : add cryp
2026-04-08 11:45:42,541 [INFO] IPUIPlugin:80 - create IPUIPlugin
2026-04-08 11:45:42,541 [INFO] PluginManager:220 - loadIPPluginJar : add ddr_ctrl_phy
2026-04-08 11:45:42,622 [INFO] IPUIPlugin:80 - create IPUIPlugin
2026-04-08 11:45:42,622 [INFO] PluginManager:220 - loadIPPluginJar : add dfsdm
2026-04-08 11:45:42,657 [INFO] IPUIPlugin:80 - create IPUIPlugin
2026-04-08 11:45:42,659 [INFO] PluginManager:220 - loadIPPluginJar : add dma
2026-04-08 11:45:42,765 [INFO] IPUIPlugin:80 - create IPUIPlugin
2026-04-08 11:45:42,766 [INFO] PluginManager:220 - loadIPPluginJar : add dma3
2026-04-08 11:45:42,885 [INFO] IPUIPlugin:80 - create IPUIPlugin
2026-04-08 11:45:42,887 [INFO] PluginManager:220 - loadIPPluginJar : add extmemmanager
2026-04-08 11:45:42,944 [INFO] IPUIPlugin:80 - create IPUIPlugin
2026-04-08 11:45:42,944 [INFO] PluginManager:220 - loadIPPluginJar : add fatfs
2026-04-08 11:45:43,065 [INFO] IPUIPlugin:80 - create IPUIPlugin
2026-04-08 11:45:43,065 [INFO] PluginManager:220 - loadIPPluginJar : add fmc
2026-04-08 11:45:43,098 [INFO] IPUIPlugin:80 - create IPUIPlugin
2026-04-08 11:45:43,098 [INFO] PluginManager:220 - loadIPPluginJar : add freertos
2026-04-08 11:45:43,146 [INFO] IPUIPlugin:80 - create IPUIPlugin
2026-04-08 11:45:43,146 [INFO] PluginManager:220 - loadIPPluginJar : add genericplugin
2026-04-08 11:45:43,374 [INFO] IPUIPlugin:80 - create IPUIPlugin
2026-04-08 11:45:43,374 [INFO] PluginManager:220 - loadIPPluginJar : add gfxmmu
2026-04-08 11:45:43,703 [INFO] IPUIPlugin:80 - create IPUIPlugin
2026-04-08 11:45:43,705 [INFO] PluginManager:220 - loadIPPluginJar : add gic
2026-04-08 11:45:43,735 [INFO] IPUIPlugin:80 - create IPUIPlugin
2026-04-08 11:45:43,735 [INFO] PluginManager:220 - loadIPPluginJar : add gpio
2026-04-08 11:45:43,789 [INFO] ThirdPartyUpdaterWithRetryManager:70 - Updater plugin not ready yet. [2/15]
2026-04-08 11:45:43,978 [INFO] IPUIPlugin:80 - create IPUIPlugin
2026-04-08 11:45:43,978 [INFO] PluginManager:220 - loadIPPluginJar : add gtzc
2026-04-08 11:45:44,067 [INFO] IPUIPlugin:80 - create IPUIPlugin
2026-04-08 11:45:44,067 [INFO] PluginManager:220 - loadIPPluginJar : add hash
2026-04-08 11:45:44,206 [INFO] IPUIPlugin:80 - create IPUIPlugin
2026-04-08 11:45:44,206 [INFO] PluginManager:220 - loadIPPluginJar : add i2c
2026-04-08 11:45:44,317 [INFO] IPUIPlugin:80 - create IPUIPlugin
2026-04-08 11:45:44,318 [INFO] PluginManager:220 - loadIPPluginJar : add i2s
2026-04-08 11:45:44,440 [INFO] IPUIPlugin:80 - create IPUIPlugin
2026-04-08 11:45:44,440 [INFO] PluginManager:220 - loadIPPluginJar : add i3c
2026-04-08 11:45:44,687 [INFO] IPUIPlugin:80 - create IPUIPlugin
2026-04-08 11:45:44,687 [INFO] PluginManager:220 - loadIPPluginJar : add ipddr
2026-04-08 11:45:44,917 [INFO] IPUIPlugin:80 - create IPUIPlugin
2026-04-08 11:45:44,917 [INFO] PluginManager:220 - loadIPPluginJar : add linkedlist
2026-04-08 11:45:45,008 [INFO] IPUIPlugin:80 - create IPUIPlugin
2026-04-08 11:45:45,009 [INFO] PluginManager:220 - loadIPPluginJar : add lorawan
2026-04-08 11:45:45,100 [INFO] IPUIPlugin:80 - create IPUIPlugin
2026-04-08 11:45:45,100 [INFO] PluginManager:220 - loadIPPluginJar : add ltdc
2026-04-08 11:45:45,133 [INFO] IPUIPlugin:80 - create IPUIPlugin
2026-04-08 11:45:45,133 [INFO] PluginManager:220 - loadIPPluginJar : add mdma
2026-04-08 11:45:45,160 [INFO] IPUIPlugin:80 - create IPUIPlugin
2026-04-08 11:45:45,160 [INFO] PluginManager:220 - loadIPPluginJar : add nvic
2026-04-08 11:45:45,265 [INFO] IPUIPlugin:80 - create IPUIPlugin
2026-04-08 11:45:45,265 [INFO] PluginManager:220 - loadIPPluginJar : add opamp
2026-04-08 11:45:45,417 [INFO] IPUIPlugin:80 - create IPUIPlugin
2026-04-08 11:45:45,417 [INFO] PluginManager:220 - loadIPPluginJar : add openamp
2026-04-08 11:45:45,531 [INFO] IPUIPlugin:80 - create IPUIPlugin
2026-04-08 11:45:45,531 [INFO] PluginManager:220 - loadIPPluginJar : add pdm2pcm
2026-04-08 11:45:45,563 [INFO] IPUIPlugin:80 - create IPUIPlugin
2026-04-08 11:45:45,568 [INFO] PluginManager:220 - loadIPPluginJar : add plateformsettings
2026-04-08 11:45:45,621 [INFO] IPUIPlugin:80 - create IPUIPlugin
2026-04-08 11:45:45,621 [INFO] PluginManager:220 - loadIPPluginJar : add quadspi
2026-04-08 11:45:45,682 [INFO] IPUIPlugin:80 - create IPUIPlugin
2026-04-08 11:45:45,683 [INFO] PluginManager:220 - loadIPPluginJar : add radio
2026-04-08 11:45:45,711 [INFO] IPUIPlugin:80 - create IPUIPlugin
2026-04-08 11:45:45,711 [INFO] PluginManager:220 - loadIPPluginJar : add resmgrutility
2026-04-08 11:45:45,826 [INFO] IPUIPlugin:80 - create IPUIPlugin
2026-04-08 11:45:45,826 [INFO] PluginManager:220 - loadIPPluginJar : add sai
2026-04-08 11:45:45,914 [INFO] IPUIPlugin:80 - create IPUIPlugin
2026-04-08 11:45:45,914 [INFO] PluginManager:220 - loadIPPluginJar : add spi
2026-04-08 11:45:46,104 [INFO] IPUIPlugin:80 - create IPUIPlugin
2026-04-08 11:45:46,104 [INFO] PluginManager:220 - loadIPPluginJar : add stm32_wpan
2026-04-08 11:45:46,164 [INFO] IPUIPlugin:80 - create IPUIPlugin
2026-04-08 11:45:46,187 [INFO] PluginManager:220 - loadIPPluginJar : add tim
2026-04-08 11:45:46,344 [INFO] IPUIPlugin:80 - create IPUIPlugin
2026-04-08 11:45:46,344 [INFO] PluginManager:220 - loadIPPluginJar : add touchsensing
2026-04-08 11:45:46,397 [INFO] IPUIPlugin:80 - create IPUIPlugin
2026-04-08 11:45:46,398 [INFO] PluginManager:220 - loadIPPluginJar : add tracer_emb
2026-04-08 11:45:46,459 [INFO] IPUIPlugin:80 - create IPUIPlugin
2026-04-08 11:45:46,459 [INFO] PluginManager:220 - loadIPPluginJar : add ts
2026-04-08 11:45:46,517 [INFO] IPUIPlugin:80 - create IPUIPlugin
2026-04-08 11:45:46,518 [INFO] PluginManager:220 - loadIPPluginJar : add tsc
2026-04-08 11:45:46,577 [INFO] IPUIPlugin:80 - create IPUIPlugin
2026-04-08 11:45:46,577 [INFO] PluginManager:220 - loadIPPluginJar : add ucpd
2026-04-08 11:45:46,712 [INFO] IPUIPlugin:80 - create IPUIPlugin
2026-04-08 11:45:46,713 [INFO] PluginManager:220 - loadIPPluginJar : add usart
2026-04-08 11:45:46,790 [INFO] ThirdPartyUpdaterWithRetryManager:70 - Updater plugin not ready yet. [3/15]
2026-04-08 11:45:46,833 [INFO] IPUIPlugin:80 - create IPUIPlugin
2026-04-08 11:45:46,834 [INFO] PluginManager:220 - loadIPPluginJar : add usbx
2026-04-08 11:45:47,065 [FATAL] Updater:351 - Updater called before beeing initialized
2026-04-08 11:45:47,128 [INFO] RulesReader:64 - Compatibility file has been processed (302 Rules)
2026-04-08 11:45:47,146 [INFO] RulesReader:64 - Compatibility file has been processed (302 Rules)
2026-04-08 11:45:47,157 [INFO] CADModel:165 - CPN selected for project level
2026-04-08 11:45:47,157 [INFO] CADModel:114 - Register for checkConnection events
2026-04-08 11:45:47,157 [FATAL] Updater:351 - Updater called before beeing initialized
2026-04-08 11:45:47,157 [ERROR] CADModel:125 - Updater not yet initialized, retry later 
2026-04-08 11:45:47,523 [FATAL] Updater:351 - Updater called before beeing initialized
2026-04-08 11:45:47,554 [INFO] CADModel:165 - CPN selected for project level
2026-04-08 11:45:47,554 [INFO] CADModel:114 - Register for checkConnection events
2026-04-08 11:45:47,554 [FATAL] Updater:351 - Updater called before beeing initialized
2026-04-08 11:45:47,554 [ERROR] CADModel:125 - Updater not yet initialized, retry later 
2026-04-08 11:45:47,562 [FATAL] Updater:351 - Updater called before beeing initialized
2026-04-08 11:45:47,796 [FATAL] Updater:351 - Updater called before beeing initialized
2026-04-08 11:45:47,817 [INFO] DbMcusAds:53 - JSON generation date=Thu Mar 05 20:02:53 IST 2026 (1772721173050)
2026-04-08 11:45:47,817 [FATAL] Updater:351 - Updater called before beeing initialized
2026-04-08 11:45:47,883 [WARN] DetailPanel:346 - Failed to get advertising image, set to default
2026-04-08 11:45:48,437 [FATAL] Updater:351 - Updater called before beeing initialized
2026-04-08 11:45:48,450 [FATAL] Updater:351 - Updater called before beeing initialized
2026-04-08 11:45:48,450 [FATAL] Updater:351 - Updater called before beeing initialized
2026-04-08 11:45:48,450 [WARN] DetailPanel:346 - Failed to get advertising image, set to default
2026-04-08 11:45:48,451 [FATAL] Updater:351 - Updater called before beeing initialized
2026-04-08 11:45:48,598 [ERROR] Updater:1198 - MainUpdater not yet initialized. External WinMGr cannot be set.
2026-04-08 11:45:48,625 [INFO] Updater:1134 - Updater Version found : 6.14.1
2026-04-08 11:45:48,665 [INFO] ApplicationProperties:184 - Using Application install path: C:\ST\STM32CubeIDE_1.10.1\STM32CubeIDE\plugins\com.st.stm32cube.common.mx_6.14.1.202504091515
2026-04-08 11:45:49,489 [INFO] MainUpdater:2872 - connection check result : 10
2026-04-08 11:45:49,491 [INFO] MainUpdater:289 - Updater Check For Update Now.
2026-04-08 11:45:49,491 [INFO] MicroXplorer:498 - Change Database Version : DB.6.0.141
2026-04-08 11:45:49,531 [INFO] McuFinderGlobals:63 - Set McuFinder mode to 2 (CubeIDE integrated)
2026-04-08 11:45:49,545 [INFO] UserAuth:484 - Internet connection configuration mode: 1
2026-04-08 11:45:49,609 [INFO] JxBrowserEngine:152 - Initiate JxBrowser Engine with user profile folder
2026-04-08 11:45:49,791 [WARN] MainUpdater:1193 - Updater busy. Cannot search thirdparties
2026-04-08 11:45:49,791 [INFO] ThirdPartyUpdaterWithRetryManager:96 - Updater plugin is busy. [1/15]
2026-04-08 11:45:49,832 [INFO] CheckServerUpdateThread:120 - End of CheckServer Thread
2026-04-08 11:45:51,234 [INFO] WebApp:169 - Instantiating new browser for Auth
2026-04-08 11:45:52,821 [INFO] WebApp:463 - Apply proxy settings
2026-04-08 11:45:52,822 [INFO] WebApp:548 - Chromium requires no authentication
2026-04-08 11:45:52,842 [INFO] WebApp:491 - Direct internet connection detected
2026-04-08 11:45:52,897 [INFO] WebApp:894 - Register for checkConnection events
2026-04-08 11:45:52,897 [INFO] WebApp:463 - Apply proxy settings
2026-04-08 11:45:52,897 [INFO] WebApp:548 - Chromium requires no authentication
2026-04-08 11:45:52,899 [INFO] WebApp:491 - Direct internet connection detected
2026-04-08 11:45:53,183 [INFO] WebApp:191 - Connection restablished
2026-04-08 11:45:53,332 [INFO] WebApp:225 - Starting web application
2026-04-08 11:45:53,332 [INFO] WebApp:593 - Web application path used C:\ST\STM32CubeIDE_1.10.1\STM32CubeIDE\plugins\com.st.stm32cube.common.mx_6.14.1.202504091515\db\plugins\mcufinder\reactClient1\index.html
2026-04-08 11:45:53,683 [WARN] PackLoader:240 - Cannot read IP mode file for STMicroelectronics.X-CUBE-AZRTOS-H7.3.5.0
2026-04-08 11:45:53,737 [WARN] PackLoader:240 - Cannot read IP mode file for STMicroelectronics.FP-SNS-MOTENVWB1.1.4.0
2026-04-08 11:45:53,776 [WARN] PackLoader:240 - Cannot read IP mode file for STMicroelectronics.FP-ATR-ASTRA1.2.0.2
2026-04-08 11:45:53,811 [WARN] PackLoader:240 - Cannot read IP mode file for STMicroelectronics.FP-ATR-ASTRA1.2.0.1
2026-04-08 11:45:53,846 [WARN] PackLoader:240 - Cannot read IP mode file for STMicroelectronics.X-CUBE-SMBUS.2.1.0
2026-04-08 11:45:53,847 [INFO] UserAuth:484 - Internet connection configuration mode: 1
2026-04-08 11:45:53,885 [WARN] PackLoader:240 - Cannot read IP mode file for STMicroelectronics.X-CUBE-WB05N.1.1.0
2026-04-08 11:45:53,921 [WARN] PackLoader:240 - Cannot read IP mode file for STMicroelectronics.X-CUBE-ST60.1.0.0
2026-04-08 11:45:53,962 [WARN] PackLoader:240 - Cannot read IP mode file for STMicroelectronics.X-CUBE-TOUCHGFX.4.23.2
2026-04-08 11:45:54,047 [WARN] PackLoader:240 - Cannot read IP mode file for STMicroelectronics.X-CUBE-AZRTOS-F7.1.1.0
2026-04-08 11:45:54,090 [WARN] PackLoader:240 - Cannot read IP mode file for STMicroelectronics.X-CUBE-BLE1.6.2.3
2026-04-08 11:45:54,238 [WARN] PackLoader:240 - Cannot read IP mode file for STMicroelectronics.X-CUBE-MEMS1.11.0.0
2026-04-08 11:45:54,610 [WARN] PackLoader:240 - Cannot read IP mode file for STMicroelectronics.X-CUBE-BLE1.6.2.4
2026-04-08 11:45:54,637 [ERROR] Engine:466 - C:\Users\abhil\.stm32cubemx\thirdparties\pdsc\STMicroelectronics.FP-SNS-MOTENV1.5.1.0.pdsc: PDSC version is not supported
2026-04-08 11:45:54,666 [WARN] PackLoader:240 - Cannot read IP mode file for STMicroelectronics.FP-SNS-FLIGHT1.5.0.2
2026-04-08 11:45:54,705 [WARN] PackLoader:240 - Cannot read IP mode file for STMicroelectronics.X-CUBE-TOF1.3.1.0
2026-04-08 11:45:54,782 [WARN] PackLoader:240 - Cannot read IP mode file for STMicroelectronics.X-CUBE-AZRTOS-H7.3.4.0
2026-04-08 11:45:54,823 [WARN] PackLoader:240 - Cannot read IP mode file for STMicroelectronics.X-CUBE-DISPLAY.3.0.0
2026-04-08 11:45:54,851 [ERROR] Engine:466 - C:\Users\abhil\.stm32cubemx\thirdparties\pdsc\STMicroelectronics.FP-SNS-MOTENVWB1.1.5.0.pdsc: PDSC version is not supported
2026-04-08 11:45:54,877 [WARN] PackLoader:240 - Cannot read IP mode file for STMicroelectronics.X-CUBE-BLE1.7.0.0
2026-04-08 11:45:54,906 [WARN] PackLoader:240 - Cannot read IP mode file for STMicroelectronics.X-CUBE-NFC10.1.0.0
2026-04-08 11:45:54,944 [WARN] PackLoader:240 - Cannot read IP mode file for STMicroelectronics.X-CUBE-BLEMGR.4.0.0
2026-04-08 11:45:54,978 [WARN] PackLoader:240 - Cannot read IP mode file for STMicroelectronics.X-CUBE-ST60.1.1.0
2026-04-08 11:45:55,009 [WARN] PackLoader:240 - Cannot read IP mode file for STMicroelectronics.X-CUBE-GNSS1.7.1.0
2026-04-08 11:45:55,088 [WARN] PackLoader:240 - Cannot read IP mode file for STMicroelectronics.X-CUBE-MEMS1.9.3.0
2026-04-08 11:45:55,251 [WARN] PackLoader:240 - Cannot read IP mode file for STMicroelectronics.X-CUBE-AI.7.2.0
2026-04-08 11:45:55,282 [WARN] PackLoader:240 - Cannot read IP mode file for STMicroelectronics.X-CUBE-BLEMGR.3.1.0
2026-04-08 11:45:55,310 [WARN] PackLoader:240 - Cannot read IP mode file for STMicroelectronics.X-CUBE-AI.10.0.0
2026-04-08 11:45:55,338 [ERROR] Engine:466 - C:\Users\abhil\.stm32cubemx\thirdparties\pdsc\STMicroelectronics.FP-SNS-STBOX1.2.1.0.pdsc: PDSC version is not supported
2026-04-08 11:45:55,367 [WARN] PackLoader:240 - Cannot read IP mode file for STMicroelectronics.FP-SNS-SMARTAG2.1.2.0
2026-04-08 11:45:55,395 [WARN] PackLoader:240 - Cannot read IP mode file for STMicroelectronics.FP-SNS-FLIGHT1.5.1.0
2026-04-08 11:45:55,510 [WARN] PackLoader:240 - Cannot read IP mode file for STMicroelectronics.X-CUBE-MEMS1.11.1.0
2026-04-08 11:45:55,755 [INFO] LogOutputStream:77 - [STDOUT_REDIRECT] 1 : Invalid condition id : UX_CORESTACK_Condition cause : null
2026-04-08 11:45:55,757 [INFO] LogOutputStream:77 - [STDOUT_REDIRECT] 1 : Invalid condition id : UX_CORESTACK_Condition cause : null
2026-04-08 11:45:55,760 [INFO] LogOutputStream:77 - [STDOUT_REDIRECT] 1 : Invalid condition id : UX_CORESTACK_Condition cause : null
2026-04-08 11:45:55,763 [INFO] LogOutputStream:77 - [STDOUT_REDIRECT] 1 : Invalid condition id : UX_CORESTACK_Condition cause : null
2026-04-08 11:45:55,765 [INFO] LogOutputStream:77 - [STDOUT_REDIRECT] 1 : Invalid condition id : UX_CORESTACK_Condition cause : null
2026-04-08 11:45:55,770 [WARN] PackLoader:240 - Cannot read IP mode file for STMicroelectronics.X-CUBE-AZRTOS-WL.2.0.0
2026-04-08 11:45:55,803 [WARN] PackLoader:240 - Cannot read IP mode file for STMicroelectronics.FP-SNS-MOTENV1.5.0.0
2026-04-08 11:45:55,876 [WARN] PackLoader:240 - Cannot read IP mode file for STMicroelectronics.X-CUBE-AZRTOS-H7RS.1.2.0
2026-04-08 11:45:55,908 [WARN] PackLoader:240 - Cannot read IP mode file for wolfSSL.I-CUBE-wolfMQTT.1.19.0
2026-04-08 11:45:55,947 [WARN] PackLoader:240 - Cannot read IP mode file for WES.I-CUBE-Cesium.1.3.0
2026-04-08 11:45:55,982 [WARN] PackLoader:240 - Cannot read IP mode file for STMicroelectronics.X-CUBE-BLE2.3.3.0
2026-04-08 11:45:56,086 [WARN] PackLoader:240 - Cannot read IP mode file for STMicroelectronics.X-CUBE-DISPLAY.2.2.0
2026-04-08 11:45:56,127 [WARN] PackLoader:240 - Cannot read IP mode file for STMicroelectronics.X-CUBE-TOF1.3.2.0
2026-04-08 11:45:56,158 [WARN] PackLoader:240 - Cannot read IP mode file for STMicroelectronics.X-CUBE-ISPU.1.0.0
2026-04-08 11:45:56,187 [WARN] PackLoader:240 - Cannot read IP mode file for STMicroelectronics.X-CUBE-NFC9.1.0.0
2026-04-08 11:45:56,238 [WARN] PackLoader:240 - Cannot read IP mode file for STMicroelectronics.X-CUBE-AZRTOS-H7.2.1.0
2026-04-08 11:45:56,267 [WARN] PackLoader:240 - Cannot read IP mode file for STMicroelectronics.X-CUBE-BLE1.7.1.0
2026-04-08 11:45:56,304 [WARN] PackLoader:240 - Cannot read IP mode file for STMicroelectronics.X-CUBE-TCPP.4.1.0
2026-04-08 11:45:56,332 [ERROR] Engine:466 - C:\Users\abhil\.stm32cubemx\thirdparties\pdsc\STMicroelectronics.X-CUBE-FREERTOS.1.4.0.pdsc: PDSC version is not supported
2026-04-08 11:45:56,366 [WARN] PackLoader:240 - Cannot read IP mode file for STMicroelectronics.X-CUBE-EEPRMA1.5.2.0
2026-04-08 11:45:56,400 [WARN] PackLoader:240 - Cannot read IP mode file for STMicroelectronics.X-CUBE-TOUCHGFX.4.21.3
2026-04-08 11:45:56,452 [WARN] PackLoader:240 - Cannot read IP mode file for STMicroelectronics.X-CUBE-AI.7.3.0
2026-04-08 11:45:56,480 [ERROR] Engine:466 - C:\Users\abhil\.stm32cubemx\thirdparties\pdsc\STMicroelectronics.X-CUBE-ST67W61.1.1.0.pdsc: PDSC version is not supported
2026-04-08 11:45:56,505 [WARN] PackLoader:240 - Cannot read IP mode file for STMicroelectronics.X-CUBE-AI.10.1.0
2026-04-08 11:45:56,586 [WARN] PackLoader:240 - Cannot read IP mode file for STMicroelectronics.X-CUBE-MEMS1.12.0.0
2026-04-08 11:45:56,707 [WARN] PackLoader:240 - Cannot read IP mode file for STMicroelectronics.X-CUBE-ALGOBUILD.1.3.0
2026-04-08 11:45:56,789 [WARN] PackLoader:240 - Cannot read IP mode file for STMicroelectronics.X-CUBE-MEMS1.11.2.0
2026-04-08 11:45:56,984 [WARN] PackLoader:240 - Cannot read IP mode file for STMicroelectronics.X-CUBE-AZRTOS-G0.1.1.0
2026-04-08 11:45:57,022 [WARN] PackLoader:240 - Cannot read IP mode file for STMicroelectronics.X-CUBE-SAFEA1.1.2.2
2026-04-08 11:45:57,054 [WARN] PackLoader:240 - Cannot read IP mode file for STMicroelectronics.X-CUBE-NFC4.3.0.0
2026-04-08 11:45:57,156 [WARN] PackLoader:240 - Cannot read IP mode file for SEGGER.I-CUBE-embOS.1.2.1
2026-04-08 11:45:57,207 [WARN] PackLoader:240 - Cannot read IP mode file for wolfSSL.I-CUBE-wolfMQTT.1.18.0
2026-04-08 11:45:57,247 [WARN] PackLoader:240 - Cannot read IP mode file for EmbeddedOffice.I-CUBE-FS-RTOS.1.0.1
2026-04-08 11:45:57,273 [WARN] PackLoader:240 - Cannot read IP mode file for STMicroelectronics.X-CUBE-WB05N.2.0.0
2026-04-08 11:45:57,300 [WARN] PackLoader:240 - Cannot read IP mode file for STMicroelectronics.X-CUBE-TCPP.4.2.0
2026-04-08 11:45:57,331 [WARN] PackLoader:240 - Cannot read IP mode file for RealThread.X-CUBE-RT-Thread_Nano.4.1.1
2026-04-08 11:45:57,354 [WARN] PackLoader:240 - Cannot read IP mode file for STMicroelectronics.FP-ATR-SIGFOX1.3.2.0
2026-04-08 11:45:57,383 [WARN] ConditionMgr:438 - getConditionDescription Invalid condition id : Cortex-A Device cause : null
2026-04-08 11:45:57,419 [WARN] ConditionMgr:1044 - genDependencies : Invalid condition id : Cortex-A Device cause : null
2026-04-08 11:45:57,420 [WARN] ConditionMgr:1044 - genDependencies : Invalid condition id : Cortex-A Device cause : null
2026-04-08 11:45:57,420 [WARN] ConditionMgr:1044 - genDependencies : Invalid condition id : Cortex-A Device cause : null
2026-04-08 11:45:57,449 [WARN] PackLoader:240 - Cannot read IP mode file for STMicroelectronics.X-CUBE-EEPRMA1.5.1.0
2026-04-08 11:45:57,472 [ERROR] Engine:466 - C:\Users\abhil\.stm32cubemx\thirdparties\pdsc\STMicroelectronics.X-CUBE-FREERTOS.1.5.0.pdsc: PDSC version is not supported
2026-04-08 11:45:57,510 [WARN] PackLoader:240 - Cannot read IP mode file for emotas.I-CUBE-CANOPEN.1.1.2
2026-04-08 11:45:57,537 [WARN] PackLoader:240 - Cannot read IP mode file for STMicroelectronics.X-CUBE-TOUCHGFX.4.20.0
2026-04-08 11:45:57,566 [WARN] PackLoader:240 - Cannot read IP mode file for ITTIA_DB.I-CUBE-ITTIADB.8.9.0
2026-04-08 11:45:57,597 [WARN] PackLoader:240 - Cannot read IP mode file for STMicroelectronics.X-CUBE-NFC6.3.2.0
2026-04-08 11:45:57,662 [WARN] PackLoader:240 - Cannot read IP mode file for STMicroelectronics.X-CUBE-MEMS1.9.5.0
2026-04-08 11:45:57,810 [WARN] PackLoader:240 - Cannot read IP mode file for STMicroelectronics.X-CUBE-ST67W61.1.0.0
2026-04-08 11:45:57,834 [WARN] PackLoader:240 - Cannot read IP mode file for STMicroelectronics.X-CUBE-AI.10.2.0
2026-04-08 11:45:57,890 [WARN] PackLoader:240 - Cannot read IP mode file for SEGGER.I-CUBE-embOS.1.3.1
2026-04-08 11:45:57,971 [WARN] PackLoader:240 - Cannot read IP mode file for STMicroelectronics.X-CUBE-ALGOBUILD.1.4.0
2026-04-08 11:45:58,093 [WARN] PackLoader:240 - Cannot read IP mode file for STMicroelectronics.X-CUBE-MEMS1.11.3.0
2026-04-08 11:45:58,265 [WARN] PackLoader:240 - Cannot read IP mode file for STMicroelectronics.X-CUBE-AI.9.1.0
2026-04-08 11:45:58,290 [WARN] PackLoader:240 - Cannot read IP mode file for STMicroelectronics.X-CUBE-PM33A1.1.0.0
2026-04-08 11:45:58,318 [WARN] PackLoader:240 - Cannot read IP mode file for STMicroelectronics.X-CUBE-GNSS1.6.0.0
2026-04-08 11:45:58,376 [WARN] PackLoader:240 - Cannot read IP mode file for STMicroelectronics.X-CUBE-AZRTOS-F4.1.1.0
2026-04-08 11:45:58,402 [WARN] PackLoader:240 - Cannot read IP mode file for Avnet-IotConnect.X-CUBE-IoTC-DA16k-PMOD.1.0.0
2026-04-08 11:45:58,429 [WARN] PackLoader:240 - Cannot read IP mode file for STMicroelectronics.X-CUBE-ISPU.2.1.0
2026-04-08 11:45:58,481 [ERROR] Engine:466 - C:\Users\abhil\.stm32cubemx\thirdparties\pdsc\STMicroelectronics.X-CUBE-IPS.3.2.0.pdsc: PDSC version is not supported
2026-04-08 11:45:58,505 [WARN] PackLoader:240 - Cannot read IP mode file for STMicroelectronics.eDS-WB_DPC_TT-BIDIR.2.1.1
2026-04-08 11:45:58,529 [WARN] PackLoader:240 - Cannot read IP mode file for STMicroelectronics.X-CUBE-FREERTOS.1.2.0
2026-04-08 11:45:58,565 [WARN] PackLoader:240 - Cannot read IP mode file for STMicroelectronics.X-CUBE-NFC12.1.0.0
2026-04-08 11:45:58,592 [WARN] PackLoader:240 - Cannot read IP mode file for STMicroelectronics.X-CUBE-BLEMGR.1.2.0
2026-04-08 11:45:58,647 [WARN] PackLoader:240 - Cannot read IP mode file for STMicroelectronics.X-CUBE-AZRTOS-L5.2.0.0
2026-04-08 11:45:58,676 [WARN] PackLoader:240 - Cannot read IP mode file for STMicroelectronics.X-CUBE-NFC6.3.1.0
2026-04-08 11:45:58,706 [WARN] PackLoader:240 - Cannot read IP mode file for STMicroelectronics.X-CUBE-BLEMGR.2.0.0
2026-04-08 11:45:58,737 [WARN] PackLoader:240 - Cannot read IP mode file for STMicroelectronics.X-CUBE-DPower.1.2.0
2026-04-08 11:45:58,761 [WARN] PackLoader:240 - Cannot read IP mode file for STMicroelectronics.eDS-WB_DPC_VIENNA.1.2.0
2026-04-08 11:45:58,784 [WARN] PackLoader:240 - Cannot read IP mode file for STMicroelectronics.eDS-WB_DPC_3PH2L-BIDIR.1.1.1
2026-04-08 11:45:58,806 [WARN] PackLoader:240 - Cannot read IP mode file for STMicroelectronics.X-CUBE-NFC4.2.0.4
2026-04-08 11:45:58,831 [WARN] PackLoader:240 - Cannot read IP mode file for STMicroelectronics.X-CUBE-AI.9.0.0
2026-04-08 11:45:58,878 [WARN] ConditionMgr:438 - getConditionDescription Invalid condition id : UX DEVICE CLASS RTOS Condition cause : null
2026-04-08 11:45:58,879 [WARN] ConditionMgr:438 - getConditionDescription Invalid condition id : UX DEVICE CLASS RTOS Condition cause : null
2026-04-08 11:45:58,882 [WARN] PackLoader:240 - Cannot read IP mode file for STMicroelectronics.X-CUBE-AZRTOS-H7.3.1.0
2026-04-08 11:45:58,884 [WARN] ConditionMgr:1044 - genDependencies : Invalid condition id : UX DEVICE CLASS RTOS Condition cause : null
2026-04-08 11:45:58,884 [WARN] ConditionMgr:1044 - genDependencies : Invalid condition id : UX DEVICE CLASS RTOS Condition cause : null
2026-04-08 11:45:58,884 [WARN] ConditionMgr:1044 - genDependencies : Invalid condition id : UX DEVICE CLASS RTOS Condition cause : null
2026-04-08 11:45:58,885 [WARN] ConditionMgr:1044 - genDependencies : Invalid condition id : UX DEVICE CLASS RTOS Condition cause : null
2026-04-08 11:45:58,885 [WARN] ConditionMgr:1044 - genDependencies : Invalid condition id : UX DEVICE CLASS RTOS Condition cause : null
2026-04-08 11:45:58,911 [WARN] PackLoader:240 - Cannot read IP mode file for wolfSSL.I-CUBE-wolfSSL.5.5.1
2026-04-08 11:45:58,934 [WARN] PackLoader:240 - Cannot read IP mode file for STMicroelectronics.X-CUBE-FREERTOS.1.3.1
2026-04-08 11:45:58,958 [WARN] PackLoader:240 - Cannot read IP mode file for STMicroelectronics.X-CUBE-FREERTOS.1.3.0
2026-04-08 11:45:58,987 [WARN] PackLoader:240 - Cannot read IP mode file for STMicroelectronics.X-CUBE-NFC7.1.0.1
2026-04-08 11:45:59,014 [WARN] PackLoader:240 - Cannot read IP mode file for STMicroelectronics.X-CUBE-NFC7.1.0.0
2026-04-08 11:45:59,040 [WARN] PackLoader:240 - Cannot read IP mode file for STMicroelectronics.X-CUBE-TOUCHGFX.4.26.0
2026-04-08 11:45:59,065 [WARN] PackLoader:240 - Cannot read IP mode file for STMicroelectronics.X-CUBE-TOUCHGFX.4.26.1
2026-04-08 11:45:59,090 [WARN] PackLoader:240 - Cannot read IP mode file for STMicroelectronics.X-CUBE-EEPRMA1.4.1.0
2026-04-08 11:45:59,119 [WARN] PackLoader:240 - Cannot read IP mode file for STMicroelectronics.FP-SNS-STAIOTCFT.1.0.0
2026-04-08 11:45:59,150 [WARN] PackLoader:240 - Cannot read IP mode file for STMicroelectronics.X-CUBE-DPower.1.3.0
2026-04-08 11:45:59,198 [WARN] ConditionMgr:438 - getConditionDescription Invalid condition id : LAN8742 Phy interface Condition cause : null
2026-04-08 11:45:59,199 [WARN] PackLoader:240 - Cannot read IP mode file for STMicroelectronics.X-CUBE-AZRTOS-L4.2.0.0
2026-04-08 11:45:59,200 [WARN] ConditionMgr:1044 - genDependencies : Invalid condition id : LAN8742 Phy interface Condition cause : null
2026-04-08 11:45:59,200 [WARN] ConditionMgr:1044 - genDependencies : Invalid condition id : LAN8742 Phy interface Condition cause : null
2026-04-08 11:45:59,201 [WARN] ConditionMgr:1044 - genDependencies : Invalid condition id : LAN8742 Phy interface Condition cause : null
2026-04-08 11:45:59,229 [WARN] PackLoader:240 - Cannot read IP mode file for STMicroelectronics.X-CUBE-SFXS2LP1.4.0.0
2026-04-08 11:45:59,253 [ERROR] Engine:466 - C:\Users\abhil\.stm32cubemx\thirdparties\pdsc\STMicroelectronics.X-CUBE-ST67W61.1.2.0.pdsc: PDSC version is not supported
2026-04-08 11:45:59,278 [WARN] PackLoader:240 - Cannot read IP mode file for STMicroelectronics.X-CUBE-ISPU.1.1.0
2026-04-08 11:45:59,332 [WARN] PackLoader:240 - Cannot read IP mode file for STMicroelectronics.X-CUBE-AZRTOS-H7.3.3.0
2026-04-08 11:45:59,366 [WARN] PackLoader:240 - Cannot read IP mode file for RoweBots.I-CUBE-UNISONRTOS.5.5.0-4
2026-04-08 11:45:59,401 [WARN] PackLoader:240 - Cannot read IP mode file for STMicroelectronics.X-CUBE-BLEMGR.4.1.0
2026-04-08 11:45:59,435 [WARN] PackLoader:240 - Cannot read IP mode file for STMicroelectronics.X-CUBE-AI.8.0.0
2026-04-08 11:45:59,470 [WARN] PackLoader:240 - Cannot read IP mode file for STMicroelectronics.X-CUBE-IPS.3.0.0
2026-04-08 11:45:59,519 [WARN] ConditionMgr:438 - getConditionDescription Invalid condition id : UX DEVICE CLASS RTOS Condition cause : null
2026-04-08 11:45:59,520 [WARN] ConditionMgr:438 - getConditionDescription Invalid condition id : UX DEVICE CLASS RTOS Condition cause : null
2026-04-08 11:45:59,522 [WARN] PackLoader:240 - Cannot read IP mode file for STMicroelectronics.X-CUBE-AZRTOS-WB.2.0.0
2026-04-08 11:45:59,523 [WARN] ConditionMgr:1044 - genDependencies : Invalid condition id : UX DEVICE CLASS RTOS Condition cause : null
2026-04-08 11:45:59,523 [WARN] ConditionMgr:1044 - genDependencies : Invalid condition id : UX DEVICE CLASS RTOS Condition cause : null
2026-04-08 11:45:59,524 [WARN] ConditionMgr:1044 - genDependencies : Invalid condition id : UX DEVICE CLASS RTOS Condition cause : null
2026-04-08 11:45:59,525 [WARN] ConditionMgr:1044 - genDependencies : Invalid condition id : UX DEVICE CLASS RTOS Condition cause : null
2026-04-08 11:45:59,526 [WARN] ConditionMgr:1044 - genDependencies : Invalid condition id : UX DEVICE CLASS RTOS Condition cause : null
2026-04-08 11:45:59,553 [WARN] PackLoader:240 - Cannot read IP mode file for STMicroelectronics.X-CUBE-FREERTOS.1.0.1
2026-04-08 11:45:59,579 [WARN] PackLoader:240 - Cannot read IP mode file for STMicroelectronics.X-CUBE-GNSS1.7.0.0
2026-04-08 11:45:59,603 [WARN] PackLoader:240 - Cannot read IP mode file for STMicroelectronics.X-CUBE-GNSS1.7.0.1
2026-04-08 11:45:59,629 [WARN] PackLoader:240 - Cannot read IP mode file for STMicroelectronics.X-CUBE-TOUCHGFX.4.25.0
2026-04-08 11:45:59,656 [WARN] PackLoader:240 - Cannot read IP mode file for STMicroelectronics.FP-SNS-STBOX1.2.0.0
2026-04-08 11:45:59,697 [WARN] PackLoader:240 - Cannot read IP mode file for STMicroelectronics.X-CUBE-STSE01.2.0.0
2026-04-08 11:45:59,746 [WARN] PackLoader:240 - Cannot read IP mode file for STMicroelectronics.X-CUBE-AZRTOS-L5.1.1.0
2026-04-08 11:45:59,781 [WARN] PackLoader:240 - Cannot read IP mode file for STMicroelectronics.X-CUBE-SUBG2.5.0.0
2026-04-08 11:45:59,875 [WARN] PackLoader:240 - Cannot read IP mode file for STMicroelectronics.X-CUBE-AZRTOS-H7RS.1.1.0
2026-04-08 11:45:59,902 [WARN] PackLoader:240 - Cannot read IP mode file for Cesanta.I-CUBE-Mongoose.7.13.0
2026-04-08 11:45:59,948 [WARN] PackLoader:240 - Cannot read IP mode file for STMicroelectronics.X-CUBE-AZRTOS-G4.2.0.0
2026-04-08 11:45:59,984 [WARN] PackLoader:240 - Cannot read IP mode file for STMicroelectronics.X-CUBE-TOF1.3.3.0
2026-04-08 11:46:00,022 [WARN] PackLoader:240 - Cannot read IP mode file for STMicroelectronics.FP-ATR-ASTRA1.1.1.1
2026-04-08 11:46:00,049 [WARN] PackLoader:240 - Cannot read IP mode file for STMicroelectronics.X-CUBE-NFC7.2.0.0
2026-04-08 11:46:00,097 [WARN] PackLoader:240 - Cannot read IP mode file for STMicroelectronics.X-CUBE-AZRTOS-G4.1.0.0
2026-04-08 11:46:00,145 [WARN] PackLoader:240 - Cannot read IP mode file for STMicroelectronics.X-CUBE-AZRTOS-L4.1.0.0
2026-04-08 11:46:00,169 [WARN] PackLoader:240 - Cannot read IP mode file for STMicroelectronics.X-CUBE-ISPU.2.0.0
2026-04-08 11:46:00,200 [WARN] PackLoader:240 - Cannot read IP mode file for STMicroelectronics.X-CUBE-IPS.3.1.0
2026-04-08 11:46:00,232 [WARN] PackLoader:240 - Cannot read IP mode file for STMicroelectronics.X-CUBE-ALS.1.0.2
2026-04-08 11:46:00,289 [WARN] PackLoader:240 - Cannot read IP mode file for STMicroelectronics.X-CUBE-MEMS1.10.0.0
2026-04-08 11:46:00,414 [WARN] PackLoader:240 - Cannot read IP mode file for STMicroelectronics.X-CUBE-TOUCHGFX.4.24.2
2026-04-08 11:46:00,453 [WARN] PackLoader:240 - Cannot read IP mode file for STMicroelectronics.X-CUBE-AZRTOS-WL.1.0.0
2026-04-08 11:46:00,477 [WARN] PackLoader:240 - Cannot read IP mode file for STMicroelectronics.X-CUBE-TOUCHGFX.4.24.1
2026-04-08 11:46:00,501 [WARN] PackLoader:240 - Cannot read IP mode file for STMicroelectronics.X-CUBE-STSE01.1.0.0
2026-04-08 11:46:00,526 [WARN] PackLoader:240 - Cannot read IP mode file for wolfSSL.I-CUBE-wolfTPM.3.4.0
2026-04-08 11:46:00,553 [WARN] PackLoader:240 - Cannot read IP mode file for portGmbH.I-Cube-SoM-uGOAL.1.1.0
2026-04-08 11:46:00,580 [WARN] PackLoader:240 - Cannot read IP mode file for STMicroelectronics.X-CUBE-ALS.1.0.1
2026-04-08 11:46:00,627 [WARN] PackLoader:240 - Cannot read IP mode file for STMicroelectronics.X-CUBE-AZRTOS-WB.1.1.0
2026-04-08 11:46:00,678 [WARN] PackLoader:240 - Cannot read IP mode file for STMicroelectronics.X-CUBE-AZRTOS-L5.1.0.0
2026-04-08 11:46:00,709 [WARN] PackLoader:240 - Cannot read IP mode file for STMicroelectronics.X-CUBE-EEPRMA1.3.1.1
2026-04-08 11:46:00,779 [WARN] PackLoader:240 - Cannot read IP mode file for STMicroelectronics.X-CUBE-AZRTOS-H7RS.1.0.0
2026-04-08 11:46:00,806 [WARN] PackLoader:240 - Cannot read IP mode file for STMicroelectronics.FP-ATR-ASTRA1.2.0.0
2026-04-08 11:46:00,837 [WARN] PackLoader:240 - Cannot read IP mode file for STMicroelectronics.X-CUBE-TOF1.3.4.2
2026-04-08 11:46:00,876 [WARN] PackLoader:240 - Cannot read IP mode file for STMicroelectronics.X-CUBE-TOF1.3.4.3
2026-04-08 11:46:00,920 [WARN] PackLoader:240 - Cannot read IP mode file for STMicroelectronics.X-CUBE-TOF1.3.4.1
2026-04-08 11:46:00,985 [WARN] PackLoader:240 - Cannot read IP mode file for STMicroelectronics.X-CUBE-AZRTOS-H7.3.2.0
2026-04-08 11:46:01,025 [WARN] PackLoader:240 - Cannot read IP mode file for Infineon.AIROC-Wi-Fi-Bluetooth-STM32.1.6.0
2026-04-08 11:46:01,054 [WARN] PackLoader:240 - Cannot read IP mode file for wolfSSL.I-CUBE-wolfSSH.1.4.17
2026-04-08 11:46:01,055 [INFO] ThirdParty:978 - Integrity check success = true
2026-04-08 11:46:01,055 [INFO] IntegrityCheckThread:100 - exiting critical section [integrity check]
2026-04-08 11:46:01,055 [INFO] IntegrityCheckThread:103 - End integrity checks thread
2026-04-08 11:47:42,781 [INFO] McuFinderGlobals:63 - Set McuFinder mode to 2 (CubeIDE integrated)
2026-04-08 11:47:42,845 [INFO] MainUpdater:2872 - connection check result : 10
2026-04-08 11:47:42,859 [INFO] MainUpdater:2872 - connection check result : 10
2026-04-08 11:47:43,195 [INFO] MicroXplorer:468 - Change Database Path : 
2026-04-08 11:47:43,195 [INFO] MicroXplorer:498 - Change Database Version : DB.6.0.141
2026-04-08 11:47:43,206 [WARN] ThirdParty:871 - waiting for thirdparty lock release [close project]
2026-04-08 11:47:43,206 [INFO] ThirdParty:873 - entering critical section [close project]
2026-04-08 11:47:43,208 [INFO] ThirdParty:883 - exiting critical section [close project]
2026-04-08 11:47:43,210 [INFO] PinOutPanel:1589 - setPackage(No Configuration,No Configuration)
2026-04-08 11:47:43,215 [INFO] UtilMem:75 - Begin LoadConfig() Used Memory: 634486280 Bytes (1073741824)
2026-04-08 11:47:43,218 [INFO] MicroXplorer:468 - Change Database Path : 
2026-04-08 11:47:43,218 [INFO] MicroXplorer:498 - Change Database Version : DB.6.0.141
2026-04-08 11:47:43,218 [INFO] OpenFileManager:354 - Change cursor
2026-04-08 11:47:43,278 [INFO] Mcu:2011 - Initializing MCU STM32F411C(C-E)Ux STM32F411CEUx STM32F411CEU6
2026-04-08 11:47:46,195 [INFO] Context:756 - Trying to add GPIOservice into a context  which must be forbidden
2026-04-08 11:47:47,085 [INFO] ImportTextPane:218 - (OptionalMessage_ERROR) Pin24 (VP_RIF_VS_RIF1) cannot be retrieved for this MCU
2026-04-08 11:47:47,517 [INFO] RtosManager:558 - Registered RTOS mode: class=CMSIS, group=RTOS, mode=CMSIS_V1, owner=FREERTOS
2026-04-08 11:47:47,517 [INFO] RtosManager:558 - Registered RTOS mode: class=CMSIS, group=RTOS2, mode=CMSIS_V2, owner=FREERTOS
2026-04-08 11:47:47,518 [INFO] RtosManager:558 - Registered RTOS mode: class=RTOS, group=Core, mode=CMSIS_V1, owner=FREERTOS
2026-04-08 11:47:47,518 [INFO] RtosManager:558 - Registered RTOS mode: class=RTOS, group=Core, mode=CMSIS_V2, owner=FREERTOS
2026-04-08 11:47:47,518 [WARN] ModelIntegratedComponent:184 - Missing modes for component STMicroelectronics:FreeRTOS:0.0.1:STMicroelectronics:RTOS:FreeRTOS:Core:::10.2.0:
2026-04-08 11:47:47,534 [WARN] ModelIntegratedComponent:63 - No mode defined for component null
2026-04-08 11:47:47,534 [WARN] ModelIntegratedComponent:63 - No mode defined for component null
2026-04-08 11:47:47,535 [WARN] ModelIntegratedComponent:63 - No mode defined for component null
2026-04-08 11:47:47,535 [WARN] ModelIntegratedComponent:63 - No mode defined for component null
2026-04-08 11:47:47,536 [WARN] ModelIntegratedComponent:63 - No mode defined for component null
2026-04-08 11:47:47,536 [WARN] ModelIntegratedComponent:63 - No mode defined for component null
2026-04-08 11:47:47,536 [WARN] ModelIntegratedComponent:63 - No mode defined for component null
2026-04-08 11:47:47,536 [WARN] ModelIntegratedComponent:63 - No mode defined for component null
2026-04-08 11:47:47,536 [WARN] ModelIntegratedComponent:63 - No mode defined for component null
2026-04-08 11:47:47,537 [WARN] ModelIntegratedComponent:63 - No mode defined for component null
2026-04-08 11:47:47,537 [WARN] ModelIntegratedComponent:63 - No mode defined for component null
2026-04-08 11:47:47,537 [WARN] ModelIntegratedComponent:63 - No mode defined for component null
2026-04-08 11:47:47,537 [WARN] ModelIntegratedComponent:63 - No mode defined for component null
2026-04-08 11:47:47,537 [WARN] ModelIntegratedComponent:63 - No mode defined for component null
2026-04-08 11:47:47,537 [WARN] ModelIntegratedComponent:63 - No mode defined for component null
2026-04-08 11:47:47,538 [WARN] ModelIntegratedComponent:63 - No mode defined for component null
2026-04-08 11:47:47,538 [WARN] ModelIntegratedComponent:63 - No mode defined for component null
2026-04-08 11:47:47,538 [WARN] ModelIntegratedComponent:63 - No mode defined for component null
2026-04-08 11:47:47,538 [WARN] ModelIntegratedComponent:63 - No mode defined for component null
2026-04-08 11:47:47,538 [WARN] ModelIntegratedComponent:63 - No mode defined for component null
2026-04-08 11:47:47,538 [WARN] ModelIntegratedComponent:63 - No mode defined for component null
2026-04-08 11:47:47,538 [WARN] ModelIntegratedComponent:63 - No mode defined for component null
2026-04-08 11:47:47,539 [WARN] ModelIntegratedComponent:63 - No mode defined for component null
2026-04-08 11:47:47,539 [WARN] ModelIntegratedComponent:63 - No mode defined for component null
2026-04-08 11:47:47,539 [WARN] ModelIntegratedComponent:63 - No mode defined for component null
2026-04-08 11:47:47,539 [WARN] ModelIntegratedComponent:63 - No mode defined for component null
2026-04-08 11:47:47,539 [WARN] ModelIntegratedComponent:63 - No mode defined for component null
2026-04-08 11:47:47,539 [WARN] ModelIntegratedComponent:63 - No mode defined for component null
2026-04-08 11:47:47,539 [WARN] ModelIntegratedComponent:63 - No mode defined for component null
2026-04-08 11:47:47,540 [WARN] ModelIntegratedComponent:63 - No mode defined for component null
2026-04-08 11:47:47,540 [WARN] ModelIntegratedComponent:63 - No mode defined for component null
2026-04-08 11:47:47,540 [WARN] ModelIntegratedComponent:63 - No mode defined for component null
2026-04-08 11:47:47,540 [WARN] ModelIntegratedComponent:63 - No mode defined for component null
2026-04-08 11:47:47,540 [WARN] ModelIntegratedComponent:63 - No mode defined for component null
2026-04-08 11:47:47,540 [WARN] ModelIntegratedComponent:63 - No mode defined for component null
2026-04-08 11:47:47,540 [WARN] ModelPack:524 - Component already loaded: STMicroelectronics:HAL Drivers:0.0.0:STMicroelectronics:Device:STMicro_Driver:XSPI:HAL::0.0.1:HAL_XSPI
2026-04-08 11:47:47,771 [WARN] ModelIntegratedComponent:182 - Modes not found for component STMicroelectronics:USB_DEVICE:1.0.0:STMicroelectronics:USB::USB Device:Audio HS::1.0:USB_DEVICE_1_0_RESTRICTED_HS
2026-04-08 11:47:47,771 [WARN] ModelIntegratedComponent:188 - Modes not found for component STMicroelectronics:USB_DEVICE:1.0.0:STMicroelectronics:USB::USB Device:Audio HS::1.0:USB_DEVICE_1_0_RESTRICTED_HS
2026-04-08 11:47:47,772 [WARN] ModelIntegratedComponent:182 - Modes not found for component STMicroelectronics:USB_DEVICE:1.0.0:STMicroelectronics:USB::USB Device:CDC HS::1.0:USB_DEVICE_1_0_RESTRICTED_HS
2026-04-08 11:47:47,772 [WARN] ModelIntegratedComponent:188 - Modes not found for component STMicroelectronics:USB_DEVICE:1.0.0:STMicroelectronics:USB::USB Device:CDC HS::1.0:USB_DEVICE_1_0_RESTRICTED_HS
2026-04-08 11:47:47,772 [WARN] ModelIntegratedComponent:182 - Modes not found for component STMicroelectronics:USB_DEVICE:1.0.0:STMicroelectronics:USB::USB Device:DFU HS::1.0:USB_DEVICE_1_0_RESTRICTED_HS
2026-04-08 11:47:47,772 [WARN] ModelIntegratedComponent:188 - Modes not found for component STMicroelectronics:USB_DEVICE:1.0.0:STMicroelectronics:USB::USB Device:DFU HS::1.0:USB_DEVICE_1_0_RESTRICTED_HS
2026-04-08 11:47:47,772 [WARN] ModelIntegratedComponent:182 - Modes not found for component STMicroelectronics:USB_DEVICE:1.0.0:STMicroelectronics:USB::USB Device:HID HS::1.0:USB_DEVICE_1_0_RESTRICTED_HS
2026-04-08 11:47:47,772 [WARN] ModelIntegratedComponent:188 - Modes not found for component STMicroelectronics:USB_DEVICE:1.0.0:STMicroelectronics:USB::USB Device:HID HS::1.0:USB_DEVICE_1_0_RESTRICTED_HS
2026-04-08 11:47:47,772 [WARN] ModelIntegratedComponent:182 - Modes not found for component STMicroelectronics:USB_DEVICE:1.0.0:STMicroelectronics:USB::USB Device:Custom HID HS::1.0:USB_DEVICE_1_0_RESTRICTED_HS
2026-04-08 11:47:47,772 [WARN] ModelIntegratedComponent:188 - Modes not found for component STMicroelectronics:USB_DEVICE:1.0.0:STMicroelectronics:USB::USB Device:Custom HID HS::1.0:USB_DEVICE_1_0_RESTRICTED_HS
2026-04-08 11:47:47,772 [WARN] ModelIntegratedComponent:182 - Modes not found for component STMicroelectronics:USB_DEVICE:1.0.0:STMicroelectronics:USB::USB Device:MSC HS::1.0:USB_DEVICE_1_0_RESTRICTED_HS
2026-04-08 11:47:47,772 [WARN] ModelIntegratedComponent:188 - Modes not found for component STMicroelectronics:USB_DEVICE:1.0.0:STMicroelectronics:USB::USB Device:MSC HS::1.0:USB_DEVICE_1_0_RESTRICTED_HS
2026-04-08 11:47:48,013 [WARN] ModelIntegratedComponent:182 - Modes not found for component STMicroelectronics:USB_HOST:1.0.0:STMicroelectronics:USB::USB Host:Audio HS::1.0:USB_HOST_1_0_RESTRICTED_HS
2026-04-08 11:47:48,013 [WARN] ModelIntegratedComponent:188 - Modes not found for component STMicroelectronics:USB_HOST:1.0.0:STMicroelectronics:USB::USB Host:Audio HS::1.0:USB_HOST_1_0_RESTRICTED_HS
2026-04-08 11:47:48,013 [WARN] ModelIntegratedComponent:182 - Modes not found for component STMicroelectronics:USB_HOST:1.0.0:STMicroelectronics:USB::USB Host:CDC HS::1.0:USB_HOST_1_0_RESTRICTED_HS
2026-04-08 11:47:48,013 [WARN] ModelIntegratedComponent:188 - Modes not found for component STMicroelectronics:USB_HOST:1.0.0:STMicroelectronics:USB::USB Host:CDC HS::1.0:USB_HOST_1_0_RESTRICTED_HS
2026-04-08 11:47:48,013 [WARN] ModelIntegratedComponent:182 - Modes not found for component STMicroelectronics:USB_HOST:1.0.0:STMicroelectronics:USB::USB Host:MSC HS::1.0:USB_HOST_1_0_RESTRICTED_HS
2026-04-08 11:47:48,014 [WARN] ModelIntegratedComponent:188 - Modes not found for component STMicroelectronics:USB_HOST:1.0.0:STMicroelectronics:USB::USB Host:MSC HS::1.0:USB_HOST_1_0_RESTRICTED_HS
2026-04-08 11:47:48,014 [WARN] ModelIntegratedComponent:182 - Modes not found for component STMicroelectronics:USB_HOST:1.0.0:STMicroelectronics:USB::USB Host:HID HS::1.0:USB_HOST_1_0_RESTRICTED_HS
2026-04-08 11:47:48,014 [WARN] ModelIntegratedComponent:188 - Modes not found for component STMicroelectronics:USB_HOST:1.0.0:STMicroelectronics:USB::USB Host:HID HS::1.0:USB_HOST_1_0_RESTRICTED_HS
2026-04-08 11:47:48,014 [WARN] ModelIntegratedComponent:182 - Modes not found for component STMicroelectronics:USB_HOST:1.0.0:STMicroelectronics:USB::USB Host:MTP HS::1.0:USB_HOST_1_0_RESTRICTED_HS
2026-04-08 11:47:48,014 [WARN] ModelIntegratedComponent:188 - Modes not found for component STMicroelectronics:USB_HOST:1.0.0:STMicroelectronics:USB::USB Host:MTP HS::1.0:USB_HOST_1_0_RESTRICTED_HS
2026-04-08 11:47:48,434 [INFO] ThirdPartyModel:298 - Start build external matchings
2026-04-08 11:47:58,613 [INFO] ThirdPartyModel:316 - End build external matchings
2026-04-08 11:47:58,853 [INFO] ImportTextPane:218 - (OptionalMessage_ERROR) IP (DMA) : Parameter (Instance) has Id (SPI2_TX) currently not set
2026-04-08 11:47:58,854 [INFO] ImportTextPane:218 - (OptionalMessage_ERROR) IP (DMA) : Parameter (Channel) has Id (SPI2_TX) currently not set
2026-04-08 11:47:58,854 [INFO] ImportTextPane:218 - (OptionalMessage_ERROR) IP (DMA) : Parameter (Direction) has Id (SPI2_TX) currently not set
2026-04-08 11:47:58,854 [INFO] ImportTextPane:218 - (OptionalMessage_ERROR) IP (DMA) : Parameter (PeriphInc) has Id (SPI2_TX) currently not set
2026-04-08 11:47:58,855 [INFO] ImportTextPane:218 - (OptionalMessage_ERROR) IP (DMA) : Parameter (MemInc) has Id (SPI2_TX) currently not set
2026-04-08 11:47:58,855 [INFO] ImportTextPane:218 - (OptionalMessage_ERROR) IP (DMA) : Parameter (PeriphDataAlignment) has Id (SPI2_TX) currently not set
2026-04-08 11:47:58,856 [INFO] ImportTextPane:218 - (OptionalMessage_ERROR) IP (DMA) : Parameter (MemDataAlignment) has Id (SPI2_TX) currently not set
2026-04-08 11:47:58,856 [INFO] ImportTextPane:218 - (OptionalMessage_ERROR) IP (DMA) : Parameter (Mode) has Id (SPI2_TX) currently not set
2026-04-08 11:47:58,856 [INFO] ImportTextPane:218 - (OptionalMessage_ERROR) IP (DMA) : Parameter (Priority) has Id (SPI2_TX) currently not set
2026-04-08 11:47:58,856 [INFO] ImportTextPane:218 - (OptionalMessage_ERROR) IP (DMA) : Parameter (FIFOMode) has Id (SPI2_TX) currently not set
2026-04-08 11:47:58,856 [INFO] ImportTextPane:218 - (OptionalMessage_ERROR) IP (DMA) : Parameter (Instance) has Id (ADC1) currently not set
2026-04-08 11:47:58,856 [INFO] ImportTextPane:218 - (OptionalMessage_ERROR) IP (DMA) : Parameter (Channel) has Id (ADC1) currently not set
2026-04-08 11:47:58,857 [INFO] ImportTextPane:218 - (OptionalMessage_ERROR) IP (DMA) : Parameter (Direction) has Id (ADC1) currently not set
2026-04-08 11:47:58,857 [INFO] ImportTextPane:218 - (OptionalMessage_ERROR) IP (DMA) : Parameter (PeriphInc) has Id (ADC1) currently not set
2026-04-08 11:47:58,857 [INFO] ImportTextPane:218 - (OptionalMessage_ERROR) IP (DMA) : Parameter (MemInc) has Id (ADC1) currently not set
2026-04-08 11:47:58,857 [INFO] ImportTextPane:218 - (OptionalMessage_ERROR) IP (DMA) : Parameter (PeriphDataAlignment) has Id (ADC1) currently not set
2026-04-08 11:47:58,857 [INFO] ImportTextPane:218 - (OptionalMessage_ERROR) IP (DMA) : Parameter (MemDataAlignment) has Id (ADC1) currently not set
2026-04-08 11:47:58,857 [INFO] ImportTextPane:218 - (OptionalMessage_ERROR) IP (DMA) : Parameter (Mode) has Id (ADC1) currently not set
2026-04-08 11:47:58,859 [INFO] ImportTextPane:218 - (OptionalMessage_ERROR) IP (DMA) : Parameter (Priority) has Id (ADC1) currently not set
2026-04-08 11:47:58,859 [INFO] ImportTextPane:218 - (OptionalMessage_ERROR) IP (DMA) : Parameter (FIFOMode) has Id (ADC1) currently not set
2026-04-08 11:47:58,864 [INFO] ImportTextPane:218 - (OptionalMessage_ERROR) IP (RCC) : Parameter (RTCHSEDivFreq_Value) has invalid value (12500000)
2026-04-08 11:47:59,490 [INFO] ApiDb:581 - Connected to CubeFinder SQLite database (C:\Users\abhil\.stmcufinder\plugins\mcufinder\mcu\cube-finder-db.db)
2026-04-08 11:47:59,745 [INFO] ApiDb:668 - CubeFinder database Data Model version=2.1
2026-04-08 11:47:59,746 [INFO] ApiDb:669 - CubeFinder database Configuration version=3.0.42
2026-04-08 11:47:59,746 [INFO] ApiDb:670 - CubeFinder database generation date=2026-02-13 (1770995876)
2026-04-08 11:47:59,746 [INFO] ApiDb:671 - CubeFinder database FW Pack versions=[FP-ATR-ASTRA1_V2.0.0, FP-SNS-FLIGHT1_V5.1.0, FP-SNS-MOTENV1_V5.1.0, FP-SNS-MOTENVWB1_V1.4.0, FP-SNS-SMARTAG2_V1.2.0, FP-SNS-STBOX1_V2.1.0, STM32Cube_FW_C0_V1.4.0, STM32Cube_FW_F4_V1.28.3, STM32Cube_FW_F7_V1.17.4, STM32Cube_FW_G0_V1.6.2, STM32Cube_FW_G4_V1.6.1, STM32Cube_FW_H5_V1.6.0, STM32Cube_FW_H7RS_V1.3.0, STM32Cube_FW_H7_V1.13.0, STM32Cube_FW_L0_V1.12.2, STM32Cube_FW_L4_V1.18.2, STM32Cube_FW_L5_V1.6.0, STM32Cube_FW_N6_V1.3.0, STM32Cube_FW_U0_V1.3.0, STM32Cube_FW_U3_V1.3.0, STM32Cube_FW_U5_V1.8.0, STM32Cube_FW_WB0_V1.4.0, STM32Cube_FW_WBA_V1.9.0, STM32Cube_FW_WB_V1.24.0, STM32Cube_FW_WL3_V1.4.0, STM32Cube_FW_WL_V1.5.0, X-CUBE-ALGOBUILD_V1.4.0, X-CUBE-ALS_V1.0.2, X-CUBE-AZRTOS-F4_V1.1.0, X-CUBE-AZRTOS-F7_V1.1.0, X-CUBE-AZRTOS-G0_V1.1.0, X-CUBE-AZRTOS-G4_V2.0.0, X-CUBE-AZRTOS-H7RS_V1.1.0, X-CUBE-AZRTOS-H7_V3.4.0, X-CUBE-AZRTOS-L4_V2.0.0, X-CUBE-AZRTOS-L5_V2.0.0, X-CUBE-AZRTOS-WB_V2.0.0, X-CUBE-AZRTOS-WL_V2.0.0, X-CUBE-BLE1_V7.1.0, X-CUBE-BLE2_V3.3.0, X-CUBE-BLEMGR_V4.1.0, X-CUBE-EEPRMA1_V5.2.0, X-CUBE-FREERTOS_V1.3.1, X-CUBE-GNSS1_V6.0.0, X-CUBE-MEMS1_V12.0.0, X-CUBE-NFC4_V3.0.0, X-CUBE-NFC7_V2.0.0, X-CUBE-SFXS2LP1_V4.0.0, X-CUBE-ST67W61_V1.1.0, X-CUBE-SUBG2_V5.0.0, X-CUBE-TOF1_V3.4.3]
2026-04-08 11:47:59,939 [INFO] DbBoardsSqlite:226 - include board P-NUCLEO-WB55-NUCLEO as a kit item of type 'Nucleo-64'
2026-04-08 11:47:59,939 [INFO] DbBoardsSqlite:226 - include board P-NUCLEO-WB55-USBDONGLE as a kit item of type 'Nucleo USB Dongle'
2026-04-08 11:47:59,940 [INFO] DbBoardsSqlite:226 - include board STEVAL-IDP005V1 as a kit item of type 'Evaluation Board'
2026-04-08 11:47:59,941 [INFO] DbBoardsSqlite:226 - include board STEVAL-IDP005V2 as a kit item of type 'Evaluation Board'
2026-04-08 11:48:00,512 [INFO] ApiDb:240 - Found 895 in-development CPN: [B-G473E-ZEST1S, B-WB1M-WPAN1, B-WBA5M-WPAN, B-WL5M-SUBG1, NUCLEO-C031C6, NUCLEO-C051C8, NUCLEO-C071RB, NUCLEO-C092RC, NUCLEO-H503RB, NUCLEO-H533RE, NUCLEO-H563ZI, NUCLEO-H7S3L8, NUCLEO-N657X0-Q, NUCLEO-U031R8, NUCLEO-U083RC, NUCLEO-U385RG-Q, NUCLEO-U545RE-Q, NUCLEO-U5A5ZJ-Q, NUCLEO-WB05KZ, NUCLEO-WB07CC, NUCLEO-WB09KE, NUCLEO-WBA52CG, NUCLEO-WBA55CG, NUCLEO-WBA65RI, NUCLEO-WL33CC1, NUCLEO-WL33CC2, STEVAL-PROTEUS1, STEVAL-SMARTAG2, STEVAL-STWINBX1, STM320518-EVAL, STM32C0116-DK, STM32C011D6Y3TR, STM32C011D6Y6TR, STM32C011F4P3, STM32C011F4P6, STM32C011F4U3, STM32C011F4U6TR, STM32C011F6P3, STM32C011F6P6, STM32C011F6U3, STM32C011F6U6TR, STM32C011J4M3, STM32C011J4M6, STM32C011J6M3, STM32C011J6M6, STM32C0316-DK, STM32C031C4T3, STM32C031C4T6, STM32C031C4U3, STM32C031C4U6, STM32C031C6T3, STM32C031C6T6, STM32C031C6U3, STM32C031C6U6, STM32C031F4P3, STM32C031F4P6, STM32C031F6P3, STM32C031F6P6, STM32C031G4U3, STM32C031G4U6, STM32C031G6U3, STM32C031G6U6, STM32C031K4T3, STM32C031K4T6, STM32C031K4U3, STM32C031K4U6, STM32C031K6T3, STM32C031K6T6, STM32C031K6U3, STM32C031K6U6, STM32C051C6T6, STM32C051C6U6, STM32C051C8T6, STM32C051C8U6, STM32C051D8Y6TR, STM32C051F6P6, STM32C051F8P6, STM32C051G6U6, STM32C051G8U6, STM32C051K6T6, STM32C051K6U6, STM32C051K8T6, STM32C071C8T6, STM32C071C8T6N, STM32C071C8U6, STM32C071C8U6N, STM32C071CBT6, STM32C071CBT6N, STM32C071CBU6, STM32C071CBU6N, STM32C071F8P6, STM32C071F8P6N, STM32C071FBP6, STM32C071FBP6N, STM32C071FBY6TR, STM32C071G8U6, STM32C071G8U6N, STM32C071GBU6, STM32C071GBU6N, STM32C071K8T6, STM32C071K8T6N, STM32C071K8U6, STM32C071K8U6N, STM32C071KBT6, STM32C071KBT6N, STM32C071KBU6, STM32C071KBU6N, STM32C071R8T6, STM32C071R8T6N, STM32C071RBI6N, STM32C071RBT6, STM32C071RBT6N, STM32C091CBT6, STM32C091CBU6, STM32C091CCT6, STM32C091CCU6, STM32C091ECY6TR, STM32C091FBP6, STM32C091FCP6, STM32C091GBU6, STM32C091GCU6, STM32C091KBT6, STM32C091KBU6, STM32C091KCT6, STM32C091KCU6, STM32C091RBT6, STM32C091RCI6, STM32C091RCT6, STM32C092CBT6, STM32C092CBU6, STM32C092CCT6, STM32C092CCU6, STM32C092ECY6TR, STM32C092FBP6, STM32C092FCP6, STM32C092GBU6, STM32C092GCU6, STM32C092KBT6, STM32C092KBU6, STM32C092KCT6, STM32C092KCU6, STM32C092RBT6, STM32C092RCI6, STM32C092RCT6, STM32G071K8TXN, STM32G071K8UXN, STM32G081GBU6N, STM32G081KBT6N, STM32G081KBUXN, STM32G0B1CCT6N, STM32G0B1KCT6, STM32G0B1NEY6TR, STM32G0B1RCT6N, STM32G0C1CCT6, STM32G0C1CCT6N, STM32G0C1CCU6N, STM32G0C1CET6N, STM32G0C1CEU6N, STM32G0C1KCT6, STM32G0C1NEY6TR, STM32G0C1RCI6N, STM32G0C1RCT6N, STM32G0C1REI6N, STM32G0C1RET6N, STM32G0C1VCI6, STM32G0C1VEI6, STM32G411C6T3, STM32G411C6T6, STM32G411C6U3, STM32G411C6U6, STM32G411C8T3, STM32G411C8T6, STM32G411C8U3, STM32G411C8U6, STM32G411CBT3, STM32G411CBT6, STM32G411CBU3, STM32G411CBU6, STM32G411CCT3, STM32G411CCT6, STM32G411CCU3, STM32G411CCU6, STM32G411K6T3, STM32G411K6T6, STM32G411K6U3, STM32G411K6U6, STM32G411K8T3, STM32G411K8T6, STM32G411K8U3, STM32G411K8U6, STM32G411KBT3, STM32G411KBT6, STM32G411KBU3, STM32G411KBU6, STM32G411M6T3, STM32G411M6T6, STM32G411M8T3, STM32G411M8T6, STM32G411MBT3, STM32G411MBT6, STM32G411MCT3, STM32G411MCT6, STM32G411R6T3, STM32G411R6T6, STM32G411R8T3, STM32G411R8T6, STM32G411RBT3, STM32G411RBT6, STM32G411RCT3, STM32G411RCT6, STM32G414CBT3, STM32G414CBT6, STM32G414CBU3, STM32G414CBU6, STM32G414CCT3, STM32G414CCT6, STM32G414CCU3, STM32G414CCU6, STM32G414MBT3, STM32G414MBT6, STM32G414MCT3, STM32G414MCT6, STM32G414RBT3, STM32G414RBT6, STM32G414RCT3, STM32G414RCT6, STM32G414VBT3, STM32G414VBT6, STM32G414VCT3, STM32G414VCT6, STM32G431CBT3Z, STM32G431RBT3Z, STM32G471CCT6, STM32G471CCU6, STM32G471CET3, STM32G471CET6, STM32G471CEU3, STM32G471CEU6, STM32G471MCT6, STM32G471MET3, STM32G471MET6, STM32G471MEY6TR, STM32G471QCT6, STM32G471QET3, STM32G471RCT6, STM32G471RET3, STM32G471RET6, STM32G471VCH6, STM32G471VCI6, STM32G471VCT6, STM32G471VEH3, STM32G471VEH6, STM32G471VEI3, STM32G471VEI6, STM32G471VET3, STM32G471VET6, STM32G473QET3Z, STM32G473RET3Z, STM32G474CCT6, STM32G491RET3Z, STM32H503CBT6, STM32H503CBU6, STM32H503EBY6TR, STM32H503KBU6, STM32H503RBT6, STM32H523CCT6, STM32H523CCU6, STM32H523CET6, STM32H523CEU6, STM32H523HEY6TR, STM32H523RCT6, STM32H523RET6, STM32H523VCI6, STM32H523VCT6, STM32H523VEI6, STM32H523VET6, STM32H523ZCJ6, STM32H523ZCT6, STM32H523ZEJ6, STM32H523ZET6, STM32H533CET6, STM32H533CEU6, STM32H533HEY6TR, STM32H533RET6, STM32H533VEI6, STM32H533VET6, STM32H533ZEJ6, STM32H533ZET6, STM32H562AGI6, STM32H562AII6, STM32H562IGK6, STM32H562IGT6, STM32H562IIK6, STM32H562IIT6, STM32H562RGT6, STM32H562RGV6, STM32H562RIT6, STM32H562RIV6, STM32H562VGT6, STM32H562VIT6, STM32H562ZGT6, STM32H562ZIT6, STM32H563AGI6, STM32H563AII3Q, STM32H563AII6, STM32H563IGK6, STM32H563IGT6, STM32H563IIK3Q, STM32H563IIK6, STM32H563IIT3Q, STM32H563IIT6, STM32H563MIY3QTR, STM32H563RGT6, STM32H563RGV6, STM32H563RIT6, STM32H563RIV6, STM32H563VGT6, STM32H563VIT3Q, STM32H563VIT6, STM32H563ZGT6, STM32H563ZIT3Q, STM32H563ZIT6, STM32H573AII3Q, STM32H573AII6, STM32H573I-DK, STM32H573IIK3Q, STM32H573IIK6, STM32H573IIT3Q, STM32H573IIT6, STM32H573MIY3QTR, STM32H573RIT6, STM32H573RIV6, STM32H573VIT3Q, STM32H573VIT6, STM32H573ZIT3Q, STM32H573ZIT6, STM32H7R3A8I6, STM32H7R3I8K6, STM32H7R3I8T6, STM32H7R3L8H6, STM32H7R3L8H6H, STM32H7R3R8V6, STM32H7R3V8H6, STM32H7R3V8T6, STM32H7R3V8Y6TR, STM32H7R3Z8J6, STM32H7R3Z8T6, STM32H7R7A8I6, STM32H7R7I8K6, STM32H7R7I8T6, STM32H7R7L8H6, STM32H7R7L8H6H, STM32H7R7Z8J6, STM32H7S3A8I6, STM32H7S3I8K6, STM32H7S3I8T6, STM32H7S3L8H6, STM32H7S3L8H6H, STM32H7S3R8V6, STM32H7S3V8H6, STM32H7S3V8T6, STM32H7S3V8Y6TR, STM32H7S3Z8J6, STM32H7S3Z8T6, STM32H7S78-DK, STM32H7S7A8I6, STM32H7S7I8K6, STM32H7S7I8T6, STM32H7S7L8H6, STM32H7S7L8H6H, STM32H7S7Z8J6, STM32L4R5QGI6STR, STM32MP131AAE3, STM32MP131AAF3, STM32MP131AAG3, STM32MP131CAE3, STM32MP131CAF3, STM32MP131CAG3, STM32MP131DAE7, STM32MP131DAF7, STM32MP131DAG7, STM32MP131FAE7, STM32MP131FAF7, STM32MP131FAG7, STM32MP133AAE3, STM32MP133AAF3, STM32MP133AAG3, STM32MP133CAE3, STM32MP133CAF3, STM32MP133CAG3, STM32MP133DAE7, STM32MP133DAF7, STM32MP133DAG7, STM32MP133FAE7, STM32MP133FAF7, STM32MP133FAG7, STM32MP135AAE3, STM32MP135AAF3, STM32MP135AAG3, STM32MP135CAE3, STM32MP135CAF3, STM32MP135CAG3, STM32MP135DAE7, STM32MP135DAF7, STM32MP135DAG7, STM32MP135F-DK, STM32MP135FAE7, STM32MP135FAF7, STM32MP135FAF7T, STM32MP135FAF7U, STM32MP135FAG7, STM32MP231AAJ3, STM32MP231AAK3, STM32MP231AAL3, STM32MP231CAJ3, STM32MP231CAK3, STM32MP231CAL3, STM32MP231DAJ3, STM32MP231DAK3, STM32MP231DAL3, STM32MP231FAJ3, STM32MP231FAK3, STM32MP231FAL3, STM32MP233AAJ3, STM32MP233AAK3, STM32MP233AAL3, STM32MP233CAJ3, STM32MP233CAK3, STM32MP233CAL3, STM32MP233DAJ3, STM32MP233DAK3, STM32MP233DAL3, STM32MP233FAJ3, STM32MP233FAK3, STM32MP233FAL3, STM32MP235AAJ3, STM32MP235AAK3, STM32MP235AAL3, STM32MP235CAJ3, STM32MP235CAK3, STM32MP235CAL3, STM32MP235DAJ3, STM32MP235DAK3, STM32MP235DAL3, STM32MP235FAJ3, STM32MP235FAK3, STM32MP235FAL3, STM32MP251AAI3, STM32MP251AAJ3, STM32MP251AAK3, STM32MP251AAL3, STM32MP251CAI3, STM32MP251CAJ3, STM32MP251CAK3, STM32MP251CAL3, STM32MP251DAI3, STM32MP251DAJ3, STM32MP251DAK3, STM32MP251DAL3, STM32MP251FAI3, STM32MP251FAJ3, STM32MP251FAK3, STM32MP251FAL3, STM32MP253AAI3, STM32MP253AAJ3, STM32MP253AAK3, STM32MP253AAL3, STM32MP253CAI3, STM32MP253CAJ3, STM32MP253CAK3, STM32MP253CAL3, STM32MP253DAI3, STM32MP253DAJ3, STM32MP253DAK3, STM32MP253DAL3, STM32MP253FAI3, STM32MP253FAJ3, STM32MP253FAK3, STM32MP253FAL3, STM32MP255AAI3, STM32MP255AAJ3, STM32MP255AAK3, STM32MP255AAL3, STM32MP255CAI3, STM32MP255CAJ3, STM32MP255CAK3, STM32MP255CAL3, STM32MP255DAI3, STM32MP255DAJ3, STM32MP255DAK3, STM32MP255DAL3, STM32MP255FAI3, STM32MP255FAJ3, STM32MP255FAK3, STM32MP255FAL3, STM32MP257AAI3, STM32MP257AAJ3, STM32MP257AAK3, STM32MP257AAL3, STM32MP257CAI3, STM32MP257CAJ3, STM32MP257CAK3, STM32MP257CAL3, STM32MP257DAI3, STM32MP257DAJ3, STM32MP257DAK3, STM32MP257DAL3, STM32MP257F-DK, STM32MP257F-EV1, STM32MP257FAI3, STM32MP257FAJ3, STM32MP257FAK3, STM32MP257FAL3, STM32N645A0H3Q, STM32N645B0H3Q, STM32N645I0H3Q, STM32N645L0H3Q, STM32N645X0H3Q, STM32N645Z0H3Q, STM32N647A0H3Q, STM32N647B0H3Q, STM32N647I0H3Q, STM32N647L0H3Q, STM32N647X0H3Q, STM32N647Z0H3Q, STM32N655A0H3Q, STM32N655B0H3Q, STM32N655I0H3Q, STM32N655L0H3Q, STM32N655X0H3Q, STM32N655Z0H3Q, STM32N6570-DK, STM32N657A0H3Q, STM32N657B0H3Q, STM32N657I0H3Q, STM32N657L0H3Q, STM32N657X0H3Q, STM32N657Z0H3Q, STM32U031C6T6, STM32U031C6U6, STM32U031C8T6, STM32U031C8U6, STM32U031F4P6, STM32U031F6P6, STM32U031F8P6, STM32U031G6Y6TR, STM32U031G8Y6TR, STM32U031K4U6, STM32U031K6U6, STM32U031K8U6, STM32U031R6I6, STM32U031R6T6, STM32U031R8I6, STM32U031R8T6, STM32U073C8T6, STM32U073C8U6, STM32U073CBT6, STM32U073CBU6, STM32U073CCT6, STM32U073CCU6, STM32U073H8Y6TR, STM32U073HBY6TR, STM32U073HCY6TR, STM32U073K8U6, STM32U073KBU6, STM32U073KCU6, STM32U073M8I6, STM32U073M8T6, STM32U073MBI6, STM32U073MBT6, STM32U073MCI6, STM32U073MCT6, STM32U073R8I6, STM32U073R8T6, STM32U073RBI6, STM32U073RBT6, STM32U073RCI6, STM32U073RCT6, STM32U083C-DK, STM32U083CCT6, STM32U083CCU6, STM32U083HCY6TR, STM32U083KCU6, STM32U083MCI6, STM32U083MCT6, STM32U083RCI6, STM32U083RCT6, STM32U375CET6, STM32U375CET6Q, STM32U375CEU6, STM32U375CEU6Q, STM32U375CEY6QTR, STM32U375CGT6, STM32U375CGT6Q, STM32U375CGU6, STM32U375CGU6Q, STM32U375CGY6QTR, STM32U375KEU6, STM32U375KGU6, STM32U375REI6, STM32U375REI6Q, STM32U375RET6, STM32U375RET6Q, STM32U375REY6GTR, STM32U375REY6QTR, STM32U375RGI6, STM32U375RGI6Q, STM32U375RGT6, STM32U375RGT6Q, STM32U375RGY6GTR, STM32U375RGY6QTR, STM32U375VEI6, STM32U375VEI6Q, STM32U375VET6, STM32U375VET6Q, STM32U375VGI6, STM32U375VGI6Q, STM32U375VGT6, STM32U375VGT6Q, STM32U385CGT6, STM32U385CGT6Q, STM32U385CGU6, STM32U385CGU6Q, STM32U385CGY6QTR, STM32U385KGU6, STM32U385RGI6, STM32U385RGI6Q, STM32U385RGT6, STM32U385RGT6Q, STM32U385RGY6GTR, STM32U385RGY6QTR, STM32U385VGI6, STM32U385VGI6Q, STM32U385VGT6, STM32U385VGT6Q, STM32U535CBT6, STM32U535CBT6Q, STM32U535CBU6, STM32U535CBU6Q, STM32U535CCT6, STM32U535CCT6Q, STM32U535CCU6, STM32U535CCU6Q, STM32U535CET6, STM32U535CET6Q, STM32U535CEU6, STM32U535CEU6Q, STM32U535JEY6QTR, STM32U535NCY6QTR, STM32U535NEY6QTR, STM32U535RBI6, STM32U535RBI6Q, STM32U535RBT6, STM32U535RBT6Q, STM32U535RCI6, STM32U535RCI6Q, STM32U535RCT6, STM32U535RCT6Q, STM32U535REI6, STM32U535REI6Q, STM32U535RET6, STM32U535RET6Q, STM32U535VCI6, STM32U535VCI6Q, STM32U535VCT6, STM32U535VCT6Q, STM32U535VEI6, STM32U535VEI6Q, STM32U535VET6, STM32U535VET6Q, STM32U545CET6, STM32U545CET6Q, STM32U545CEU6, STM32U545CEU6Q, STM32U545JEY6QTR, STM32U545NEY6QTR, STM32U545REI6, STM32U545REI6Q, STM32U545RET6, STM32U545RET6Q, STM32U545VEI6, STM32U545VEI6Q, STM32U545VET6, STM32U545VET6Q, STM32U595AIH6, STM32U595AIH6Q, STM32U595AJH6, STM32U595AJH6Q, STM32U595QII6, STM32U595QII6Q, STM32U595QJI6, STM32U595QJI6Q, STM32U595RIT6, STM32U595RIT6Q, STM32U595RJT6, STM32U595RJT6Q, STM32U595VIT6, STM32U595VIT6Q, STM32U595VJT6, STM32U595VJT6Q, STM32U595ZIT6, STM32U595ZIT6Q, STM32U595ZIY6QTR, STM32U595ZJT6, STM32U595ZJT6Q, STM32U595ZJY6QTR, STM32U599BJY6QTR, STM32U599NIH6Q, STM32U599NJH6Q, STM32U599VIT6Q, STM32U599VJT6, STM32U599VJT6Q, STM32U599ZIT6Q, STM32U599ZIY6QTR, STM32U599ZJT6Q, STM32U599ZJY6QTR, STM32U5A5AJH6, STM32U5A5AJH6Q, STM32U5A5QII3Q , STM32U5A5QJI6, STM32U5A5QJI6Q, STM32U5A5RJT6, STM32U5A5RJT6Q, STM32U5A5VJT6, STM32U5A5VJT6Q, STM32U5A5ZJT6, STM32U5A5ZJT6Q, STM32U5A5ZJY6QTR, STM32U5A9BJY6QTR, STM32U5A9J-DK, STM32U5A9NJH6Q, STM32U5A9VJT6Q, STM32U5A9ZJT6Q, STM32U5A9ZJY6QTR, STM32U5F7VIT6, STM32U5F7VIT6Q, STM32U5F7VJT6, STM32U5F7VJT6Q, STM32U5F9BJY6QTR, STM32U5F9NJH6Q, STM32U5F9VIT6Q, STM32U5F9VJT6Q, STM32U5F9ZIJ6QTR, STM32U5F9ZIT6Q, STM32U5F9ZJJ6QTR, STM32U5F9ZJT6Q, STM32U5G7VJT6, STM32U5G7VJT6Q, STM32U5G9BJY6QTR, STM32U5G9J-DK1, STM32U5G9J-DK2, STM32U5G9NJH6Q, STM32U5G9VJT6Q, STM32U5G9ZJJ6QTR, STM32U5G9ZJT6Q, STM32WB05KZV6TR, STM32WB05KZV7TR, STM32WB05TZF6TR, STM32WB05TZF7TR, STM32WB06CCF6TR, STM32WB06CCF7TR, STM32WB06CCV6TR, STM32WB06CCV7TR, STM32WB06KCV6TR, STM32WB06KCV7TR, STM32WB07CCF6TR, STM32WB07CCF7TR, STM32WB07CCV6TR, STM32WB07CCV7TR, STM32WB07KCV6TR, STM32WB07KCV7TR, STM32WB09KEV6TR, STM32WB09KEV7TR, STM32WB09TEF6TR, STM32WB09TEF7TR, STM32WB1MMCH6, STM32WBA50KGU6, STM32WBA50KGU6TR, STM32WBA52CEU6, STM32WBA52CEU6TR, STM32WBA52CEU7, STM32WBA52CEU7TR, STM32WBA52CGU6, STM32WBA52CGU6TR, STM32WBA52CGU6U, STM32WBA52CGU7, STM32WBA52CGU7TR, STM32WBA52KEU6, STM32WBA52KEU6TR, STM32WBA52KGU6, STM32WBA52KGU6TR, STM32WBA54CEU6, STM32WBA54CEU6TR, STM32WBA54CEU7, STM32WBA54CEU7TR, STM32WBA54CGU6, STM32WBA54CGU6TR, STM32WBA54CGU7, STM32WBA54CGU7TR, STM32WBA54KEU6, STM32WBA54KEU6TR, STM32WBA54KEU7, STM32WBA54KEU7TR, STM32WBA54KGU6, STM32WBA54KGU6TR, STM32WBA54KGU7, STM32WBA54KGU7TR, STM32WBA55CEU6, STM32WBA55CEU6TR, STM32WBA55CEU7, STM32WBA55CEU7TR, STM32WBA55CGU6, STM32WBA55CGU6TR, STM32WBA55CGU6U, STM32WBA55CGU7, STM32WBA55CGU7TR, STM32WBA55G-DK1, STM32WBA55HEF6, STM32WBA55HEF7, STM32WBA55HGF6, STM32WBA55HGF7, STM32WBA55UEI6, STM32WBA55UEI6TR, STM32WBA55UEI7, STM32WBA55UEI7TR, STM32WBA55UGI6, STM32WBA55UGI6TR, STM32WBA55UGI7, STM32WBA55UGI7TR, STM32WBA5MJGH6TR, STM32WBA62CGU6, STM32WBA62CIU6, STM32WBA62MGF6, STM32WBA62MIF6, STM32WBA62PGI6, STM32WBA62PII6, STM32WBA63CGU6, STM32WBA63CGU7, STM32WBA63CIU6, STM32WBA63CIU7, STM32WBA64CGU6, STM32WBA64CGU7, STM32WBA64CIU6, STM32WBA64CIU7, STM32WBA65CGU6, STM32WBA65CGU7, STM32WBA65CIU6, STM32WBA65CIU7, STM32WBA65I-DK1, STM32WBA65MGF6, STM32WBA65MGF7, STM32WBA65MIF6, STM32WBA65MIF7, STM32WBA65PGI6, STM32WBA65PGI7, STM32WBA65PII6, STM32WBA65PII7, STM32WBA65RGV6, STM32WBA65RGV7, STM32WBA65RIV6, STM32WBA65RIV7, STM32WL30K8V6, STM32WL30KBV6, STM32WL31C8V6, STM32WL31CBV6, STM32WL31K8V6, STM32WL31KBV6, STM32WL33C8V6, STM32WL33C8V6TR, STM32WL33C8V7, STM32WL33C8V7TR, STM32WL33CBV6, STM32WL33CBV6TR, STM32WL33CBV7, STM32WL33CBV7TR, STM32WL33CCV6, STM32WL33CCV6TR, STM32WL33CCV7, STM32WL33CCV7A, STM32WL33CCV7ATR, STM32WL33CCV7TR, STM32WL33K8V6, STM32WL33K8V6TR, STM32WL33K8V7, STM32WL33K8V7TR, STM32WL33KBV6, STM32WL33KBV6TR, STM32WL33KBV7, STM32WL33KBV7TR, STM32WL33KCV6, STM32WL33KCV6TR, STM32WL33KCV7, STM32WL33KCV7TR, STM32WL5MOCH6, STM32WL5MOCH6TR]
2026-04-08 11:48:00,522 [INFO] ApiDb:668 - CubeFinder database Data Model version=2.1
2026-04-08 11:48:00,522 [INFO] ApiDb:669 - CubeFinder database Configuration version=3.0.42
2026-04-08 11:48:00,523 [INFO] ApiDb:670 - CubeFinder database generation date=2026-02-13 (1770995876)
2026-04-08 11:48:00,523 [INFO] ApiDb:671 - CubeFinder database FW Pack versions=[FP-ATR-ASTRA1_V2.0.0, FP-SNS-FLIGHT1_V5.1.0, FP-SNS-MOTENV1_V5.1.0, FP-SNS-MOTENVWB1_V1.4.0, FP-SNS-SMARTAG2_V1.2.0, FP-SNS-STBOX1_V2.1.0, STM32Cube_FW_C0_V1.4.0, STM32Cube_FW_F4_V1.28.3, STM32Cube_FW_F7_V1.17.4, STM32Cube_FW_G0_V1.6.2, STM32Cube_FW_G4_V1.6.1, STM32Cube_FW_H5_V1.6.0, STM32Cube_FW_H7RS_V1.3.0, STM32Cube_FW_H7_V1.13.0, STM32Cube_FW_L0_V1.12.2, STM32Cube_FW_L4_V1.18.2, STM32Cube_FW_L5_V1.6.0, STM32Cube_FW_N6_V1.3.0, STM32Cube_FW_U0_V1.3.0, STM32Cube_FW_U3_V1.3.0, STM32Cube_FW_U5_V1.8.0, STM32Cube_FW_WB0_V1.4.0, STM32Cube_FW_WBA_V1.9.0, STM32Cube_FW_WB_V1.24.0, STM32Cube_FW_WL3_V1.4.0, STM32Cube_FW_WL_V1.5.0, X-CUBE-ALGOBUILD_V1.4.0, X-CUBE-ALS_V1.0.2, X-CUBE-AZRTOS-F4_V1.1.0, X-CUBE-AZRTOS-F7_V1.1.0, X-CUBE-AZRTOS-G0_V1.1.0, X-CUBE-AZRTOS-G4_V2.0.0, X-CUBE-AZRTOS-H7RS_V1.1.0, X-CUBE-AZRTOS-H7_V3.4.0, X-CUBE-AZRTOS-L4_V2.0.0, X-CUBE-AZRTOS-L5_V2.0.0, X-CUBE-AZRTOS-WB_V2.0.0, X-CUBE-AZRTOS-WL_V2.0.0, X-CUBE-BLE1_V7.1.0, X-CUBE-BLE2_V3.3.0, X-CUBE-BLEMGR_V4.1.0, X-CUBE-EEPRMA1_V5.2.0, X-CUBE-FREERTOS_V1.3.1, X-CUBE-GNSS1_V6.0.0, X-CUBE-MEMS1_V12.0.0, X-CUBE-NFC4_V3.0.0, X-CUBE-NFC7_V2.0.0, X-CUBE-SFXS2LP1_V4.0.0, X-CUBE-ST67W61_V1.1.0, X-CUBE-SUBG2_V5.0.0, X-CUBE-TOF1_V3.4.3]
2026-04-08 11:48:07,037 [INFO] ApiDb:240 - Found 895 in-development CPN: [B-G473E-ZEST1S, B-WB1M-WPAN1, B-WBA5M-WPAN, B-WL5M-SUBG1, NUCLEO-C031C6, NUCLEO-C051C8, NUCLEO-C071RB, NUCLEO-C092RC, NUCLEO-H503RB, NUCLEO-H533RE, NUCLEO-H563ZI, NUCLEO-H7S3L8, NUCLEO-N657X0-Q, NUCLEO-U031R8, NUCLEO-U083RC, NUCLEO-U385RG-Q, NUCLEO-U545RE-Q, NUCLEO-U5A5ZJ-Q, NUCLEO-WB05KZ, NUCLEO-WB07CC, NUCLEO-WB09KE, NUCLEO-WBA52CG, NUCLEO-WBA55CG, NUCLEO-WBA65RI, NUCLEO-WL33CC1, NUCLEO-WL33CC2, STEVAL-PROTEUS1, STEVAL-SMARTAG2, STEVAL-STWINBX1, STM320518-EVAL, STM32C0116-DK, STM32C011D6Y3TR, STM32C011D6Y6TR, STM32C011F4P3, STM32C011F4P6, STM32C011F4U3, STM32C011F4U6TR, STM32C011F6P3, STM32C011F6P6, STM32C011F6U3, STM32C011F6U6TR, STM32C011J4M3, STM32C011J4M6, STM32C011J6M3, STM32C011J6M6, STM32C0316-DK, STM32C031C4T3, STM32C031C4T6, STM32C031C4U3, STM32C031C4U6, STM32C031C6T3, STM32C031C6T6, STM32C031C6U3, STM32C031C6U6, STM32C031F4P3, STM32C031F4P6, STM32C031F6P3, STM32C031F6P6, STM32C031G4U3, STM32C031G4U6, STM32C031G6U3, STM32C031G6U6, STM32C031K4T3, STM32C031K4T6, STM32C031K4U3, STM32C031K4U6, STM32C031K6T3, STM32C031K6T6, STM32C031K6U3, STM32C031K6U6, STM32C051C6T6, STM32C051C6U6, STM32C051C8T6, STM32C051C8U6, STM32C051D8Y6TR, STM32C051F6P6, STM32C051F8P6, STM32C051G6U6, STM32C051G8U6, STM32C051K6T6, STM32C051K6U6, STM32C051K8T6, STM32C071C8T6, STM32C071C8T6N, STM32C071C8U6, STM32C071C8U6N, STM32C071CBT6, STM32C071CBT6N, STM32C071CBU6, STM32C071CBU6N, STM32C071F8P6, STM32C071F8P6N, STM32C071FBP6, STM32C071FBP6N, STM32C071FBY6TR, STM32C071G8U6, STM32C071G8U6N, STM32C071GBU6, STM32C071GBU6N, STM32C071K8T6, STM32C071K8T6N, STM32C071K8U6, STM32C071K8U6N, STM32C071KBT6, STM32C071KBT6N, STM32C071KBU6, STM32C071KBU6N, STM32C071R8T6, STM32C071R8T6N, STM32C071RBI6N, STM32C071RBT6, STM32C071RBT6N, STM32C091CBT6, STM32C091CBU6, STM32C091CCT6, STM32C091CCU6, STM32C091ECY6TR, STM32C091FBP6, STM32C091FCP6, STM32C091GBU6, STM32C091GCU6, STM32C091KBT6, STM32C091KBU6, STM32C091KCT6, STM32C091KCU6, STM32C091RBT6, STM32C091RCI6, STM32C091RCT6, STM32C092CBT6, STM32C092CBU6, STM32C092CCT6, STM32C092CCU6, STM32C092ECY6TR, STM32C092FBP6, STM32C092FCP6, STM32C092GBU6, STM32C092GCU6, STM32C092KBT6, STM32C092KBU6, STM32C092KCT6, STM32C092KCU6, STM32C092RBT6, STM32C092RCI6, STM32C092RCT6, STM32G071K8TXN, STM32G071K8UXN, STM32G081GBU6N, STM32G081KBT6N, STM32G081KBUXN, STM32G0B1CCT6N, STM32G0B1KCT6, STM32G0B1NEY6TR, STM32G0B1RCT6N, STM32G0C1CCT6, STM32G0C1CCT6N, STM32G0C1CCU6N, STM32G0C1CET6N, STM32G0C1CEU6N, STM32G0C1KCT6, STM32G0C1NEY6TR, STM32G0C1RCI6N, STM32G0C1RCT6N, STM32G0C1REI6N, STM32G0C1RET6N, STM32G0C1VCI6, STM32G0C1VEI6, STM32G411C6T3, STM32G411C6T6, STM32G411C6U3, STM32G411C6U6, STM32G411C8T3, STM32G411C8T6, STM32G411C8U3, STM32G411C8U6, STM32G411CBT3, STM32G411CBT6, STM32G411CBU3, STM32G411CBU6, STM32G411CCT3, STM32G411CCT6, STM32G411CCU3, STM32G411CCU6, STM32G411K6T3, STM32G411K6T6, STM32G411K6U3, STM32G411K6U6, STM32G411K8T3, STM32G411K8T6, STM32G411K8U3, STM32G411K8U6, STM32G411KBT3, STM32G411KBT6, STM32G411KBU3, STM32G411KBU6, STM32G411M6T3, STM32G411M6T6, STM32G411M8T3, STM32G411M8T6, STM32G411MBT3, STM32G411MBT6, STM32G411MCT3, STM32G411MCT6, STM32G411R6T3, STM32G411R6T6, STM32G411R8T3, STM32G411R8T6, STM32G411RBT3, STM32G411RBT6, STM32G411RCT3, STM32G411RCT6, STM32G414CBT3, STM32G414CBT6, STM32G414CBU3, STM32G414CBU6, STM32G414CCT3, STM32G414CCT6, STM32G414CCU3, STM32G414CCU6, STM32G414MBT3, STM32G414MBT6, STM32G414MCT3, STM32G414MCT6, STM32G414RBT3, STM32G414RBT6, STM32G414RCT3, STM32G414RCT6, STM32G414VBT3, STM32G414VBT6, STM32G414VCT3, STM32G414VCT6, STM32G431CBT3Z, STM32G431RBT3Z, STM32G471CCT6, STM32G471CCU6, STM32G471CET3, STM32G471CET6, STM32G471CEU3, STM32G471CEU6, STM32G471MCT6, STM32G471MET3, STM32G471MET6, STM32G471MEY6TR, STM32G471QCT6, STM32G471QET3, STM32G471RCT6, STM32G471RET3, STM32G471RET6, STM32G471VCH6, STM32G471VCI6, STM32G471VCT6, STM32G471VEH3, STM32G471VEH6, STM32G471VEI3, STM32G471VEI6, STM32G471VET3, STM32G471VET6, STM32G473QET3Z, STM32G473RET3Z, STM32G474CCT6, STM32G491RET3Z, STM32H503CBT6, STM32H503CBU6, STM32H503EBY6TR, STM32H503KBU6, STM32H503RBT6, STM32H523CCT6, STM32H523CCU6, STM32H523CET6, STM32H523CEU6, STM32H523HEY6TR, STM32H523RCT6, STM32H523RET6, STM32H523VCI6, STM32H523VCT6, STM32H523VEI6, STM32H523VET6, STM32H523ZCJ6, STM32H523ZCT6, STM32H523ZEJ6, STM32H523ZET6, STM32H533CET6, STM32H533CEU6, STM32H533HEY6TR, STM32H533RET6, STM32H533VEI6, STM32H533VET6, STM32H533ZEJ6, STM32H533ZET6, STM32H562AGI6, STM32H562AII6, STM32H562IGK6, STM32H562IGT6, STM32H562IIK6, STM32H562IIT6, STM32H562RGT6, STM32H562RGV6, STM32H562RIT6, STM32H562RIV6, STM32H562VGT6, STM32H562VIT6, STM32H562ZGT6, STM32H562ZIT6, STM32H563AGI6, STM32H563AII3Q, STM32H563AII6, STM32H563IGK6, STM32H563IGT6, STM32H563IIK3Q, STM32H563IIK6, STM32H563IIT3Q, STM32H563IIT6, STM32H563MIY3QTR, STM32H563RGT6, STM32H563RGV6, STM32H563RIT6, STM32H563RIV6, STM32H563VGT6, STM32H563VIT3Q, STM32H563VIT6, STM32H563ZGT6, STM32H563ZIT3Q, STM32H563ZIT6, STM32H573AII3Q, STM32H573AII6, STM32H573I-DK, STM32H573IIK3Q, STM32H573IIK6, STM32H573IIT3Q, STM32H573IIT6, STM32H573MIY3QTR, STM32H573RIT6, STM32H573RIV6, STM32H573VIT3Q, STM32H573VIT6, STM32H573ZIT3Q, STM32H573ZIT6, STM32H7R3A8I6, STM32H7R3I8K6, STM32H7R3I8T6, STM32H7R3L8H6, STM32H7R3L8H6H, STM32H7R3R8V6, STM32H7R3V8H6, STM32H7R3V8T6, STM32H7R3V8Y6TR, STM32H7R3Z8J6, STM32H7R3Z8T6, STM32H7R7A8I6, STM32H7R7I8K6, STM32H7R7I8T6, STM32H7R7L8H6, STM32H7R7L8H6H, STM32H7R7Z8J6, STM32H7S3A8I6, STM32H7S3I8K6, STM32H7S3I8T6, STM32H7S3L8H6, STM32H7S3L8H6H, STM32H7S3R8V6, STM32H7S3V8H6, STM32H7S3V8T6, STM32H7S3V8Y6TR, STM32H7S3Z8J6, STM32H7S3Z8T6, STM32H7S78-DK, STM32H7S7A8I6, STM32H7S7I8K6, STM32H7S7I8T6, STM32H7S7L8H6, STM32H7S7L8H6H, STM32H7S7Z8J6, STM32L4R5QGI6STR, STM32MP131AAE3, STM32MP131AAF3, STM32MP131AAG3, STM32MP131CAE3, STM32MP131CAF3, STM32MP131CAG3, STM32MP131DAE7, STM32MP131DAF7, STM32MP131DAG7, STM32MP131FAE7, STM32MP131FAF7, STM32MP131FAG7, STM32MP133AAE3, STM32MP133AAF3, STM32MP133AAG3, STM32MP133CAE3, STM32MP133CAF3, STM32MP133CAG3, STM32MP133DAE7, STM32MP133DAF7, STM32MP133DAG7, STM32MP133FAE7, STM32MP133FAF7, STM32MP133FAG7, STM32MP135AAE3, STM32MP135AAF3, STM32MP135AAG3, STM32MP135CAE3, STM32MP135CAF3, STM32MP135CAG3, STM32MP135DAE7, STM32MP135DAF7, STM32MP135DAG7, STM32MP135F-DK, STM32MP135FAE7, STM32MP135FAF7, STM32MP135FAF7T, STM32MP135FAF7U, STM32MP135FAG7, STM32MP231AAJ3, STM32MP231AAK3, STM32MP231AAL3, STM32MP231CAJ3, STM32MP231CAK3, STM32MP231CAL3, STM32MP231DAJ3, STM32MP231DAK3, STM32MP231DAL3, STM32MP231FAJ3, STM32MP231FAK3, STM32MP231FAL3, STM32MP233AAJ3, STM32MP233AAK3, STM32MP233AAL3, STM32MP233CAJ3, STM32MP233CAK3, STM32MP233CAL3, STM32MP233DAJ3, STM32MP233DAK3, STM32MP233DAL3, STM32MP233FAJ3, STM32MP233FAK3, STM32MP233FAL3, STM32MP235AAJ3, STM32MP235AAK3, STM32MP235AAL3, STM32MP235CAJ3, STM32MP235CAK3, STM32MP235CAL3, STM32MP235DAJ3, STM32MP235DAK3, STM32MP235DAL3, STM32MP235FAJ3, STM32MP235FAK3, STM32MP235FAL3, STM32MP251AAI3, STM32MP251AAJ3, STM32MP251AAK3, STM32MP251AAL3, STM32MP251CAI3, STM32MP251CAJ3, STM32MP251CAK3, STM32MP251CAL3, STM32MP251DAI3, STM32MP251DAJ3, STM32MP251DAK3, STM32MP251DAL3, STM32MP251FAI3, STM32MP251FAJ3, STM32MP251FAK3, STM32MP251FAL3, STM32MP253AAI3, STM32MP253AAJ3, STM32MP253AAK3, STM32MP253AAL3, STM32MP253CAI3, STM32MP253CAJ3, STM32MP253CAK3, STM32MP253CAL3, STM32MP253DAI3, STM32MP253DAJ3, STM32MP253DAK3, STM32MP253DAL3, STM32MP253FAI3, STM32MP253FAJ3, STM32MP253FAK3, STM32MP253FAL3, STM32MP255AAI3, STM32MP255AAJ3, STM32MP255AAK3, STM32MP255AAL3, STM32MP255CAI3, STM32MP255CAJ3, STM32MP255CAK3, STM32MP255CAL3, STM32MP255DAI3, STM32MP255DAJ3, STM32MP255DAK3, STM32MP255DAL3, STM32MP255FAI3, STM32MP255FAJ3, STM32MP255FAK3, STM32MP255FAL3, STM32MP257AAI3, STM32MP257AAJ3, STM32MP257AAK3, STM32MP257AAL3, STM32MP257CAI3, STM32MP257CAJ3, STM32MP257CAK3, STM32MP257CAL3, STM32MP257DAI3, STM32MP257DAJ3, STM32MP257DAK3, STM32MP257DAL3, STM32MP257F-DK, STM32MP257F-EV1, STM32MP257FAI3, STM32MP257FAJ3, STM32MP257FAK3, STM32MP257FAL3, STM32N645A0H3Q, STM32N645B0H3Q, STM32N645I0H3Q, STM32N645L0H3Q, STM32N645X0H3Q, STM32N645Z0H3Q, STM32N647A0H3Q, STM32N647B0H3Q, STM32N647I0H3Q, STM32N647L0H3Q, STM32N647X0H3Q, STM32N647Z0H3Q, STM32N655A0H3Q, STM32N655B0H3Q, STM32N655I0H3Q, STM32N655L0H3Q, STM32N655X0H3Q, STM32N655Z0H3Q, STM32N6570-DK, STM32N657A0H3Q, STM32N657B0H3Q, STM32N657I0H3Q, STM32N657L0H3Q, STM32N657X0H3Q, STM32N657Z0H3Q, STM32U031C6T6, STM32U031C6U6, STM32U031C8T6, STM32U031C8U6, STM32U031F4P6, STM32U031F6P6, STM32U031F8P6, STM32U031G6Y6TR, STM32U031G8Y6TR, STM32U031K4U6, STM32U031K6U6, STM32U031K8U6, STM32U031R6I6, STM32U031R6T6, STM32U031R8I6, STM32U031R8T6, STM32U073C8T6, STM32U073C8U6, STM32U073CBT6, STM32U073CBU6, STM32U073CCT6, STM32U073CCU6, STM32U073H8Y6TR, STM32U073HBY6TR, STM32U073HCY6TR, STM32U073K8U6, STM32U073KBU6, STM32U073KCU6, STM32U073M8I6, STM32U073M8T6, STM32U073MBI6, STM32U073MBT6, STM32U073MCI6, STM32U073MCT6, STM32U073R8I6, STM32U073R8T6, STM32U073RBI6, STM32U073RBT6, STM32U073RCI6, STM32U073RCT6, STM32U083C-DK, STM32U083CCT6, STM32U083CCU6, STM32U083HCY6TR, STM32U083KCU6, STM32U083MCI6, STM32U083MCT6, STM32U083RCI6, STM32U083RCT6, STM32U375CET6, STM32U375CET6Q, STM32U375CEU6, STM32U375CEU6Q, STM32U375CEY6QTR, STM32U375CGT6, STM32U375CGT6Q, STM32U375CGU6, STM32U375CGU6Q, STM32U375CGY6QTR, STM32U375KEU6, STM32U375KGU6, STM32U375REI6, STM32U375REI6Q, STM32U375RET6, STM32U375RET6Q, STM32U375REY6GTR, STM32U375REY6QTR, STM32U375RGI6, STM32U375RGI6Q, STM32U375RGT6, STM32U375RGT6Q, STM32U375RGY6GTR, STM32U375RGY6QTR, STM32U375VEI6, STM32U375VEI6Q, STM32U375VET6, STM32U375VET6Q, STM32U375VGI6, STM32U375VGI6Q, STM32U375VGT6, STM32U375VGT6Q, STM32U385CGT6, STM32U385CGT6Q, STM32U385CGU6, STM32U385CGU6Q, STM32U385CGY6QTR, STM32U385KGU6, STM32U385RGI6, STM32U385RGI6Q, STM32U385RGT6, STM32U385RGT6Q, STM32U385RGY6GTR, STM32U385RGY6QTR, STM32U385VGI6, STM32U385VGI6Q, STM32U385VGT6, STM32U385VGT6Q, STM32U535CBT6, STM32U535CBT6Q, STM32U535CBU6, STM32U535CBU6Q, STM32U535CCT6, STM32U535CCT6Q, STM32U535CCU6, STM32U535CCU6Q, STM32U535CET6, STM32U535CET6Q, STM32U535CEU6, STM32U535CEU6Q, STM32U535JEY6QTR, STM32U535NCY6QTR, STM32U535NEY6QTR, STM32U535RBI6, STM32U535RBI6Q, STM32U535RBT6, STM32U535RBT6Q, STM32U535RCI6, STM32U535RCI6Q, STM32U535RCT6, STM32U535RCT6Q, STM32U535REI6, STM32U535REI6Q, STM32U535RET6, STM32U535RET6Q, STM32U535VCI6, STM32U535VCI6Q, STM32U535VCT6, STM32U535VCT6Q, STM32U535VEI6, STM32U535VEI6Q, STM32U535VET6, STM32U535VET6Q, STM32U545CET6, STM32U545CET6Q, STM32U545CEU6, STM32U545CEU6Q, STM32U545JEY6QTR, STM32U545NEY6QTR, STM32U545REI6, STM32U545REI6Q, STM32U545RET6, STM32U545RET6Q, STM32U545VEI6, STM32U545VEI6Q, STM32U545VET6, STM32U545VET6Q, STM32U595AIH6, STM32U595AIH6Q, STM32U595AJH6, STM32U595AJH6Q, STM32U595QII6, STM32U595QII6Q, STM32U595QJI6, STM32U595QJI6Q, STM32U595RIT6, STM32U595RIT6Q, STM32U595RJT6, STM32U595RJT6Q, STM32U595VIT6, STM32U595VIT6Q, STM32U595VJT6, STM32U595VJT6Q, STM32U595ZIT6, STM32U595ZIT6Q, STM32U595ZIY6QTR, STM32U595ZJT6, STM32U595ZJT6Q, STM32U595ZJY6QTR, STM32U599BJY6QTR, STM32U599NIH6Q, STM32U599NJH6Q, STM32U599VIT6Q, STM32U599VJT6, STM32U599VJT6Q, STM32U599ZIT6Q, STM32U599ZIY6QTR, STM32U599ZJT6Q, STM32U599ZJY6QTR, STM32U5A5AJH6, STM32U5A5AJH6Q, STM32U5A5QII3Q , STM32U5A5QJI6, STM32U5A5QJI6Q, STM32U5A5RJT6, STM32U5A5RJT6Q, STM32U5A5VJT6, STM32U5A5VJT6Q, STM32U5A5ZJT6, STM32U5A5ZJT6Q, STM32U5A5ZJY6QTR, STM32U5A9BJY6QTR, STM32U5A9J-DK, STM32U5A9NJH6Q, STM32U5A9VJT6Q, STM32U5A9ZJT6Q, STM32U5A9ZJY6QTR, STM32U5F7VIT6, STM32U5F7VIT6Q, STM32U5F7VJT6, STM32U5F7VJT6Q, STM32U5F9BJY6QTR, STM32U5F9NJH6Q, STM32U5F9VIT6Q, STM32U5F9VJT6Q, STM32U5F9ZIJ6QTR, STM32U5F9ZIT6Q, STM32U5F9ZJJ6QTR, STM32U5F9ZJT6Q, STM32U5G7VJT6, STM32U5G7VJT6Q, STM32U5G9BJY6QTR, STM32U5G9J-DK1, STM32U5G9J-DK2, STM32U5G9NJH6Q, STM32U5G9VJT6Q, STM32U5G9ZJJ6QTR, STM32U5G9ZJT6Q, STM32WB05KZV6TR, STM32WB05KZV7TR, STM32WB05TZF6TR, STM32WB05TZF7TR, STM32WB06CCF6TR, STM32WB06CCF7TR, STM32WB06CCV6TR, STM32WB06CCV7TR, STM32WB06KCV6TR, STM32WB06KCV7TR, STM32WB07CCF6TR, STM32WB07CCF7TR, STM32WB07CCV6TR, STM32WB07CCV7TR, STM32WB07KCV6TR, STM32WB07KCV7TR, STM32WB09KEV6TR, STM32WB09KEV7TR, STM32WB09TEF6TR, STM32WB09TEF7TR, STM32WB1MMCH6, STM32WBA50KGU6, STM32WBA50KGU6TR, STM32WBA52CEU6, STM32WBA52CEU6TR, STM32WBA52CEU7, STM32WBA52CEU7TR, STM32WBA52CGU6, STM32WBA52CGU6TR, STM32WBA52CGU6U, STM32WBA52CGU7, STM32WBA52CGU7TR, STM32WBA52KEU6, STM32WBA52KEU6TR, STM32WBA52KGU6, STM32WBA52KGU6TR, STM32WBA54CEU6, STM32WBA54CEU6TR, STM32WBA54CEU7, STM32WBA54CEU7TR, STM32WBA54CGU6, STM32WBA54CGU6TR, STM32WBA54CGU7, STM32WBA54CGU7TR, STM32WBA54KEU6, STM32WBA54KEU6TR, STM32WBA54KEU7, STM32WBA54KEU7TR, STM32WBA54KGU6, STM32WBA54KGU6TR, STM32WBA54KGU7, STM32WBA54KGU7TR, STM32WBA55CEU6, STM32WBA55CEU6TR, STM32WBA55CEU7, STM32WBA55CEU7TR, STM32WBA55CGU6, STM32WBA55CGU6TR, STM32WBA55CGU6U, STM32WBA55CGU7, STM32WBA55CGU7TR, STM32WBA55G-DK1, STM32WBA55HEF6, STM32WBA55HEF7, STM32WBA55HGF6, STM32WBA55HGF7, STM32WBA55UEI6, STM32WBA55UEI6TR, STM32WBA55UEI7, STM32WBA55UEI7TR, STM32WBA55UGI6, STM32WBA55UGI6TR, STM32WBA55UGI7, STM32WBA55UGI7TR, STM32WBA5MJGH6TR, STM32WBA62CGU6, STM32WBA62CIU6, STM32WBA62MGF6, STM32WBA62MIF6, STM32WBA62PGI6, STM32WBA62PII6, STM32WBA63CGU6, STM32WBA63CGU7, STM32WBA63CIU6, STM32WBA63CIU7, STM32WBA64CGU6, STM32WBA64CGU7, STM32WBA64CIU6, STM32WBA64CIU7, STM32WBA65CGU6, STM32WBA65CGU7, STM32WBA65CIU6, STM32WBA65CIU7, STM32WBA65I-DK1, STM32WBA65MGF6, STM32WBA65MGF7, STM32WBA65MIF6, STM32WBA65MIF7, STM32WBA65PGI6, STM32WBA65PGI7, STM32WBA65PII6, STM32WBA65PII7, STM32WBA65RGV6, STM32WBA65RGV7, STM32WBA65RIV6, STM32WBA65RIV7, STM32WL30K8V6, STM32WL30KBV6, STM32WL31C8V6, STM32WL31CBV6, STM32WL31K8V6, STM32WL31KBV6, STM32WL33C8V6, STM32WL33C8V6TR, STM32WL33C8V7, STM32WL33C8V7TR, STM32WL33CBV6, STM32WL33CBV6TR, STM32WL33CBV7, STM32WL33CBV7TR, STM32WL33CCV6, STM32WL33CCV6TR, STM32WL33CCV7, STM32WL33CCV7A, STM32WL33CCV7ATR, STM32WL33CCV7TR, STM32WL33K8V6, STM32WL33K8V6TR, STM32WL33K8V7, STM32WL33K8V7TR, STM32WL33KBV6, STM32WL33KBV6TR, STM32WL33KBV7, STM32WL33KBV7TR, STM32WL33KCV6, STM32WL33KCV6TR, STM32WL33KCV7, STM32WL33KCV7TR, STM32WL5MOCH6, STM32WL5MOCH6TR]
2026-04-08 11:48:07,043 [INFO] DbMcus:218 - Found 4918 MCUs, 4918 are supported
2026-04-08 11:48:07,044 [INFO] ApiDb:423 - Load user favorites file C:\Users\abhil/.stm32cubeide/favorites.mcus.txt: 0 item(s)
2026-04-08 11:48:07,044 [INFO] ApiDb:427 - User favorites MCUs=[]
2026-04-08 11:48:07,044 [INFO] DbMcus:224 - Set 0 / 0 favorites MCUs
2026-04-08 11:48:08,898 [INFO] BoardInfo:889 - No configuration file found for board P-NUCLEO-WB55
2026-04-08 11:48:08,902 [INFO] DbBoards:161 - Kit is not supported: P-NUCLEO-WB55
2026-04-08 11:48:08,922 [INFO] BoardInfo:889 - No configuration file found for board STEVAL-BFA001V1B
2026-04-08 11:48:08,926 [INFO] DbBoards:161 - Kit is not supported: STEVAL-BFA001V1B
2026-04-08 11:48:08,929 [INFO] BoardInfo:889 - No configuration file found for board STEVAL-BFA001V2B
2026-04-08 11:48:08,932 [INFO] DbBoards:161 - Kit is not supported: STEVAL-BFA001V2B
2026-04-08 11:48:09,506 [INFO] BoardInfo:889 - No configuration file found for board STM32MP215F-DK
2026-04-08 11:48:09,510 [INFO] DbBoards:161 - Board is not supported: STM32MP215F-DK
2026-04-08 11:48:09,590 [INFO] DbBoards:168 - Found 212 boards, 208 are supported
2026-04-08 11:48:09,590 [INFO] DbBoards:169 - Found 212 boards, 43 of them is supported for  Bsp
2026-04-08 11:48:09,597 [INFO] ApiDb:423 - Load user favorites file C:\Users\abhil/.stm32cubeide/favorites.boards.txt: 0 item(s)
2026-04-08 11:48:09,597 [INFO] ApiDb:427 - User favorites Boards=[]
2026-04-08 11:48:09,597 [INFO] DbBoards:198 - Set 0 / 0 favorites Boards
2026-04-08 11:48:09,700 [INFO] UtilMem:75 - End LoadConfig() Used Memory: 863264328 Bytes (1073741824)
2026-04-08 11:48:10,070 [WARN] ThirdParty:833 - waiting for thirdparty lock release [change project]
2026-04-08 11:48:10,071 [INFO] ThirdParty:835 - entering critical section [change project]
2026-04-08 11:48:10,071 [INFO] ThirdParty:1030 - CMSIS Pack Vendor :STMicroelectronics X-CUBE-AZRTOS-H7 3.5.0
2026-04-08 11:48:10,071 [INFO] ThirdParty:1030 - CMSIS Pack Vendor :STMicroelectronics X-CUBE-PM33A1 1.0.0
2026-04-08 11:48:10,072 [INFO] ThirdParty:1030 - CMSIS Pack Vendor :STMicroelectronics USBPD 4.1
2026-04-08 11:48:10,072 [INFO] ThirdParty:1030 - CMSIS Pack Vendor :STMicroelectronics X-CUBE-GNSS1 6.0.0
2026-04-08 11:48:10,072 [INFO] ThirdParty:1030 - CMSIS Pack Vendor :STMicroelectronics USB_HOST 2.0.0
2026-04-08 11:48:10,072 [INFO] ThirdParty:1030 - CMSIS Pack Vendor :STMicroelectronics FP-SNS-MOTENVWB1 1.4.0
2026-04-08 11:48:10,072 [INFO] ThirdParty:1030 - CMSIS Pack Vendor :STMicroelectronics X-CUBE-AZRTOS-F4 1.1.0
2026-04-08 11:48:10,072 [INFO] ThirdParty:1030 - CMSIS Pack Vendor :STMicroelectronics LIBJPEG 8.0.0
2026-04-08 11:48:10,072 [INFO] ThirdParty:1030 - CMSIS Pack Vendor :STMicroelectronics FP-ATR-ASTRA1 2.0.2
2026-04-08 11:48:10,072 [INFO] ThirdParty:1030 - CMSIS Pack Vendor :STMicroelectronics FP-ATR-ASTRA1 2.0.1
2026-04-08 11:48:10,072 [INFO] ThirdParty:1030 - CMSIS Pack Vendor :Avnet-IotConnect X-CUBE-IoTC-DA16k-PMOD 1.0.0
2026-04-08 11:48:10,072 [INFO] ThirdParty:1030 - CMSIS Pack Vendor :STMicroelectronics X-CUBE-SMBUS 2.1.0
2026-04-08 11:48:10,074 [INFO] ThirdParty:1030 - CMSIS Pack Vendor :STMicroelectronics X-CUBE-WB05N 1.1.0
2026-04-08 11:48:10,074 [INFO] ThirdParty:1030 - CMSIS Pack Vendor :STMicroelectronics X-CUBE-ISPU 2.1.0
2026-04-08 11:48:10,074 [INFO] ThirdParty:1030 - CMSIS Pack Vendor :STMicroelectronics eDS-WB_DPC_TT-BIDIR 2.1.1
2026-04-08 11:48:10,074 [INFO] ThirdParty:1030 - CMSIS Pack Vendor :STMicroelectronics X-CUBE-FREERTOS 1.2.0
2026-04-08 11:48:10,074 [INFO] ThirdParty:1030 - CMSIS Pack Vendor :STMicroelectronics X-CUBE-ST60 1.0.0
2026-04-08 11:48:10,074 [INFO] ThirdParty:1030 - CMSIS Pack Vendor :STMicroelectronics X-CUBE-NFC12 1.0.0
2026-04-08 11:48:10,074 [INFO] ThirdParty:1030 - CMSIS Pack Vendor :STMicroelectronics X-CUBE-BLEMGR 1.2.0
2026-04-08 11:48:10,074 [INFO] ThirdParty:1030 - CMSIS Pack Vendor :STMicroelectronics X-CUBE-TOUCHGFX 4.23.2
2026-04-08 11:48:10,074 [INFO] ThirdParty:1030 - CMSIS Pack Vendor :STMicroelectronics X-CUBE-AZRTOS-F7 1.1.0
2026-04-08 11:48:10,074 [INFO] ThirdParty:1030 - CMSIS Pack Vendor :STMicroelectronics X-CUBE-AZRTOS-L5 2.0.0
2026-04-08 11:48:10,074 [INFO] ThirdParty:1030 - CMSIS Pack Vendor :STMicroelectronics USB_DEVICE 2.0.0
2026-04-08 11:48:10,074 [INFO] ThirdParty:1030 - CMSIS Pack Vendor :STMicroelectronics X-CUBE-NFC6 3.1.0
2026-04-08 11:48:10,075 [INFO] ThirdParty:1030 - CMSIS Pack Vendor :STMicroelectronics X-CUBE-BLE1 6.2.3
2026-04-08 11:48:10,075 [INFO] ThirdParty:1030 - CMSIS Pack Vendor :STMicroelectronics X-CUBE-MEMS1 11.0.0
2026-04-08 11:48:10,075 [INFO] ThirdParty:1030 - CMSIS Pack Vendor :STMicroelectronics X-CUBE-BLE1 6.2.4
2026-04-08 11:48:10,075 [INFO] ThirdParty:1030 - CMSIS Pack Vendor :STMicroelectronics FreeRTOS 0.0.1
2026-04-08 11:48:10,075 [INFO] ThirdParty:1030 - CMSIS Pack Vendor :STMicroelectronics X-CUBE-BLEMGR 2.0.0
2026-04-08 11:48:10,075 [INFO] ThirdParty:1030 - CMSIS Pack Vendor :STMicroelectronics X-CUBE-DPower 1.2.0
2026-04-08 11:48:10,075 [INFO] ThirdParty:1030 - CMSIS Pack Vendor :STMicroelectronics eDS-WB_DPC_VIENNA 1.2.0
2026-04-08 11:48:10,075 [INFO] ThirdParty:1030 - CMSIS Pack Vendor :STMicroelectronics FP-SNS-FLIGHT1 5.0.2
2026-04-08 11:48:10,075 [INFO] ThirdParty:1030 - CMSIS Pack Vendor :STMicroelectronics eDS-WB_DPC_3PH2L-BIDIR 1.1.1
2026-04-08 11:48:10,075 [INFO] ThirdParty:1030 - CMSIS Pack Vendor :STMicroelectronics X-CUBE-NFC4 2.0.4
2026-04-08 11:48:10,075 [INFO] ThirdParty:1030 - CMSIS Pack Vendor :STMicroelectronics X-CUBE-AI 9.0.0
2026-04-08 11:48:10,075 [INFO] ThirdParty:1030 - CMSIS Pack Vendor :STMicroelectronics X-CUBE-AZRTOS-H7 3.1.0
2026-04-08 11:48:10,076 [INFO] ThirdParty:1030 - CMSIS Pack Vendor :STMicroelectronics PDM2PCM 3.3.0
2026-04-08 11:48:10,076 [INFO] ThirdParty:1030 - CMSIS Pack Vendor :STMicroelectronics X-CUBE-TOF1 3.1.0
2026-04-08 11:48:10,076 [INFO] ThirdParty:1030 - CMSIS Pack Vendor :STMicroelectronics X-CUBE-AZRTOS-H7 3.4.0
2026-04-08 11:48:10,076 [INFO] ThirdParty:1030 - CMSIS Pack Vendor :STMicroelectronics X-CUBE-DISPLAY 3.0.0
2026-04-08 11:48:10,076 [INFO] ThirdParty:1030 - CMSIS Pack Vendor :STMicroelectronics X-CUBE-BLE1 7.0.0
2026-04-08 11:48:10,076 [INFO] ThirdParty:1030 - CMSIS Pack Vendor :STMicroelectronics X-CUBE-NFC10 1.0.0
2026-04-08 11:48:10,076 [INFO] ThirdParty:1030 - CMSIS Pack Vendor :wolfSSL I-CUBE-wolfSSL 5.5.1
2026-04-08 11:48:10,076 [INFO] ThirdParty:1030 - CMSIS Pack Vendor :STMicroelectronics X-CUBE-BLEMGR 4.0.0
2026-04-08 11:48:10,076 [INFO] ThirdParty:1030 - CMSIS Pack Vendor :STMicroelectronics X-CUBE-FREERTOS 1.3.1
2026-04-08 11:48:10,076 [INFO] ThirdParty:1030 - CMSIS Pack Vendor :STMicroelectronics HAL Drivers 0.0.0
2026-04-08 11:48:10,076 [INFO] ThirdParty:1030 - CMSIS Pack Vendor :STMicroelectronics X-CUBE-ST60 1.1.0
2026-04-08 11:48:10,076 [INFO] ThirdParty:1030 - CMSIS Pack Vendor :STMicroelectronics X-CUBE-FREERTOS 1.3.0
2026-04-08 11:48:10,077 [INFO] ThirdParty:1030 - CMSIS Pack Vendor :STMicroelectronics X-CUBE-NFC7 1.0.1
2026-04-08 11:48:10,077 [INFO] ThirdParty:1030 - CMSIS Pack Vendor :STMicroelectronics MBEDTLS 2.14.1
2026-04-08 11:48:10,077 [INFO] ThirdParty:1030 - CMSIS Pack Vendor :STMicroelectronics X-CUBE-GNSS1 7.1.0
2026-04-08 11:48:10,077 [INFO] ThirdParty:1030 - CMSIS Pack Vendor :STMicroelectronics X-CUBE-NFC7 1.0.0
2026-04-08 11:48:10,077 [INFO] ThirdParty:1030 - CMSIS Pack Vendor :STMicroelectronics X-CUBE-TOUCHGFX 4.26.0
2026-04-08 11:48:10,077 [INFO] ThirdParty:1030 - CMSIS Pack Vendor :STMicroelectronics X-CUBE-MEMS1 9.3.0
2026-04-08 11:48:10,077 [INFO] ThirdParty:1030 - CMSIS Pack Vendor :STMicroelectronics X-CUBE-TOUCHGFX 4.26.1
2026-04-08 11:48:10,077 [INFO] ThirdParty:1030 - CMSIS Pack Vendor :STMicroelectronics X-CUBE-EEPRMA1 4.1.0
2026-04-08 11:48:10,078 [INFO] ThirdParty:1030 - CMSIS Pack Vendor :STMicroelectronics X-CUBE-AI 7.2.0
2026-04-08 11:48:10,078 [INFO] ThirdParty:1030 - CMSIS Pack Vendor :STMicroelectronics X-CUBE-BLEMGR 3.1.0
2026-04-08 11:48:10,078 [INFO] ThirdParty:1030 - CMSIS Pack Vendor :STMicroelectronics X-CUBE-AI 10.0.0
2026-04-08 11:48:10,078 [INFO] ThirdParty:1030 - CMSIS Pack Vendor :STMicroelectronics FP-SNS-STAIOTCFT 1.0.0
2026-04-08 11:48:10,078 [INFO] ThirdParty:1030 - CMSIS Pack Vendor :STMicroelectronics FP-SNS-SMARTAG2 1.2.0
2026-04-08 11:48:10,078 [INFO] ThirdParty:1030 - CMSIS Pack Vendor :STMicroelectronics FP-SNS-FLIGHT1 5.1.0
2026-04-08 11:48:10,079 [INFO] ThirdParty:1030 - CMSIS Pack Vendor :STMicroelectronics X-CUBE-MEMS1 11.1.0
2026-04-08 11:48:10,079 [INFO] ThirdParty:1030 - CMSIS Pack Vendor :STMicroelectronics X-CUBE-AZRTOS-WL 2.0.0
2026-04-08 11:48:10,079 [INFO] ThirdParty:1030 - CMSIS Pack Vendor :STMicroelectronics X-CUBE-DPower 1.3.0
2026-04-08 11:48:10,079 [INFO] ThirdParty:1030 - CMSIS Pack Vendor :STMicroelectronics FP-SNS-MOTENV1 5.0.0
2026-04-08 11:48:10,079 [INFO] ThirdParty:1030 - CMSIS Pack Vendor :STMicroelectronics USB_DEVICE 1.0.0
2026-04-08 11:48:10,079 [INFO] ThirdParty:1030 - CMSIS Pack Vendor :STMicroelectronics X-CUBE-AZRTOS-H7RS 1.2.0
2026-04-08 11:48:10,080 [INFO] ThirdParty:1030 - CMSIS Pack Vendor :wolfSSL I-CUBE-wolfMQTT 1.19.0
2026-04-08 11:48:10,080 [INFO] ThirdParty:1030 - CMSIS Pack Vendor :STMicroelectronics X-CUBE-AZRTOS-L4 2.0.0
2026-04-08 11:48:10,080 [INFO] ThirdParty:1030 - CMSIS Pack Vendor :STMicroelectronics ThreadX 0.0.2
2026-04-08 11:48:10,080 [INFO] ThirdParty:1030 - CMSIS Pack Vendor :WES I-CUBE-Cesium 1.3.0
2026-04-08 11:48:10,080 [INFO] ThirdParty:1030 - CMSIS Pack Vendor :STMicroelectronics lwIP 2.1.2
2026-04-08 11:48:10,080 [INFO] ThirdParty:1030 - CMSIS Pack Vendor :STMicroelectronics X-CUBE-SFXS2LP1 4.0.0
2026-04-08 11:48:10,080 [INFO] ThirdParty:1030 - CMSIS Pack Vendor :STMicroelectronics X-CUBE-BLE2 3.3.0
2026-04-08 11:48:10,081 [INFO] ThirdParty:1030 - CMSIS Pack Vendor :Avnet-IOTCONNECT X-CUBE-iotc-st67-sdk 1.0.0
2026-04-08 11:48:10,081 [INFO] ThirdParty:1030 - CMSIS Pack Vendor :STMicroelectronics X-CUBE-DISPLAY 2.2.0
2026-04-08 11:48:10,081 [INFO] ThirdParty:1030 - CMSIS Pack Vendor :STMicroelectronics X-CUBE-TOF1 3.2.0
2026-04-08 11:48:10,081 [INFO] ThirdParty:1030 - CMSIS Pack Vendor :STMicroelectronics PDM2PCM 3.2.0
2026-04-08 11:48:10,081 [INFO] ThirdParty:1030 - CMSIS Pack Vendor :STMicroelectronics X-CUBE-ISPU 1.0.0
2026-04-08 11:48:10,081 [INFO] ThirdParty:1030 - CMSIS Pack Vendor :STMicroelectronics X-CUBE-ISPU 1.1.0
2026-04-08 11:48:10,082 [INFO] ThirdParty:1030 - CMSIS Pack Vendor :STMicroelectronics X-CUBE-AZRTOS-H7 3.3.0
2026-04-08 11:48:10,082 [INFO] ThirdParty:1030 - CMSIS Pack Vendor :RoweBots I-CUBE-UNISONRTOS 5.5.0-4
2026-04-08 11:48:10,082 [INFO] ThirdParty:1030 - CMSIS Pack Vendor :STMicroelectronics X-CUBE-NFC9 1.0.0
2026-04-08 11:48:10,082 [INFO] ThirdParty:1030 - CMSIS Pack Vendor :STMicroelectronics X-CUBE-AZRTOS-H7 2.1.0
2026-04-08 11:48:10,082 [INFO] ThirdParty:1030 - CMSIS Pack Vendor :STMicroelectronics X-CUBE-BLE1 7.1.0
2026-04-08 11:48:10,082 [INFO] ThirdParty:1030 - CMSIS Pack Vendor :STMicroelectronics USB_DEVICE 3.0.0
2026-04-08 11:48:10,083 [INFO] ThirdParty:1030 - CMSIS Pack Vendor :STMicroelectronics X-CUBE-TCPP 4.1.0
2026-04-08 11:48:10,083 [INFO] ThirdParty:1030 - CMSIS Pack Vendor :STMicroelectronics X-CUBE-EEPRMA1 5.2.0
2026-04-08 11:48:10,083 [INFO] ThirdParty:1030 - CMSIS Pack Vendor :STMicroelectronics X-CUBE-BLEMGR 4.1.0
2026-04-08 11:48:10,084 [INFO] ThirdParty:1030 - CMSIS Pack Vendor :STMicroelectronics X-CUBE-AI 8.0.0
2026-04-08 11:48:10,084 [INFO] ThirdParty:1030 - CMSIS Pack Vendor :STMicroelectronics X-CUBE-IPS 3.0.0
2026-04-08 11:48:10,084 [INFO] ThirdParty:1030 - CMSIS Pack Vendor :STMicroelectronics X-CUBE-AZRTOS-WB 2.0.0
2026-04-08 11:48:10,084 [INFO] ThirdParty:1030 - CMSIS Pack Vendor :STMicroelectronics X-CUBE-FREERTOS 1.0.1
2026-04-08 11:48:10,084 [INFO] ThirdParty:1030 - CMSIS Pack Vendor :STMicroelectronics X-CUBE-GNSS1 7.0.0
2026-04-08 11:48:10,084 [INFO] ThirdParty:1030 - CMSIS Pack Vendor :STMicroelectronics X-CUBE-GNSS1 7.0.1
2026-04-08 11:48:10,084 [INFO] ThirdParty:1030 - CMSIS Pack Vendor :STMicroelectronics X-CUBE-TOUCHGFX 4.21.3
2026-04-08 11:48:10,084 [INFO] ThirdParty:1030 - CMSIS Pack Vendor :STMicroelectronics X-CUBE-TOUCHGFX 4.25.0
2026-04-08 11:48:10,085 [INFO] ThirdParty:1030 - CMSIS Pack Vendor :STMicroelectronics X-CUBE-AI 7.3.0
2026-04-08 11:48:10,085 [INFO] ThirdParty:1030 - CMSIS Pack Vendor :STMicroelectronics X-CUBE-AI 10.1.0
2026-04-08 11:48:10,085 [INFO] ThirdParty:1030 - CMSIS Pack Vendor :STMicroelectronics FP-SNS-STBOX1 2.0.0
2026-04-08 11:48:10,085 [INFO] ThirdParty:1030 - CMSIS Pack Vendor :STMicroelectronics X-CUBE-MEMS1 12.0.0
2026-04-08 11:48:10,085 [INFO] ThirdParty:1030 - CMSIS Pack Vendor :STMicroelectronics X-CUBE-ALGOBUILD 1.3.0
2026-04-08 11:48:10,085 [INFO] ThirdParty:1030 - CMSIS Pack Vendor :STMicroelectronics X-CUBE-STSE01 2.0.0
2026-04-08 11:48:10,085 [INFO] ThirdParty:1030 - CMSIS Pack Vendor :STMicroelectronics X-CUBE-AZRTOS-L5 1.1.0
2026-04-08 11:48:10,085 [INFO] ThirdParty:1030 - CMSIS Pack Vendor :STMicroelectronics X-CUBE-MEMS1 11.2.0
2026-04-08 11:48:10,085 [INFO] ThirdParty:1030 - CMSIS Pack Vendor :STMicroelectronics X-CUBE-AZRTOS-G0 1.1.0
2026-04-08 11:48:10,085 [INFO] ThirdParty:1030 - CMSIS Pack Vendor :STMicroelectronics X-CUBE-SAFEA1 1.2.2
2026-04-08 11:48:10,085 [INFO] ThirdParty:1030 - CMSIS Pack Vendor :STMicroelectronics X-CUBE-NFC4 3.0.0
2026-04-08 11:48:10,086 [INFO] ThirdParty:1030 - CMSIS Pack Vendor :STMicroelectronics X-CUBE-SUBG2 5.0.0
2026-04-08 11:48:10,086 [INFO] ThirdParty:1030 - CMSIS Pack Vendor :STMicroelectronics X-CUBE-AZRTOS-H7RS 1.1.0
2026-04-08 11:48:10,086 [INFO] ThirdParty:1030 - CMSIS Pack Vendor :STMicroelectronics STM32_WPAN 1.0.0
2026-04-08 11:48:10,086 [INFO] ThirdParty:1030 - CMSIS Pack Vendor :SEGGER I-CUBE-embOS 1.2.1
2026-04-08 11:48:10,086 [INFO] ThirdParty:1030 - CMSIS Pack Vendor :wolfSSL I-CUBE-wolfMQTT 1.18.0
2026-04-08 11:48:10,086 [INFO] ThirdParty:1030 - CMSIS Pack Vendor :EmbeddedOffice I-CUBE-FS-RTOS 1.0.1
2026-04-08 11:48:10,086 [INFO] ThirdParty:1030 - CMSIS Pack Vendor :STMicroelectronics lwIP 2.0.3
2026-04-08 11:48:10,086 [INFO] ThirdParty:1030 - CMSIS Pack Vendor :Cesanta I-CUBE-Mongoose 7.13.0
2026-04-08 11:48:10,086 [INFO] ThirdParty:1030 - CMSIS Pack Vendor :STMicroelectronics USB_HOST 1.0.0
2026-04-08 11:48:10,086 [INFO] ThirdParty:1030 - CMSIS Pack Vendor :STMicroelectronics X-CUBE-AZRTOS-G4 2.0.0
2026-04-08 11:48:10,087 [INFO] ThirdParty:1030 - CMSIS Pack Vendor :STMicroelectronics X-CUBE-WB05N 2.0.0
2026-04-08 11:48:10,087 [INFO] ThirdParty:1030 - CMSIS Pack Vendor :STMicroelectronics PDM2PCM 3.1.0
2026-04-08 11:48:10,087 [INFO] ThirdParty:1030 - CMSIS Pack Vendor :STMicroelectronics X-CUBE-TOF1 3.3.0
2026-04-08 11:48:10,087 [INFO] ThirdParty:1030 - CMSIS Pack Vendor :STMicroelectronics FP-ATR-ASTRA1 1.1.1
2026-04-08 11:48:10,087 [INFO] ThirdParty:1030 - CMSIS Pack Vendor :STMicroelectronics X-CUBE-NFC7 2.0.0
2026-04-08 11:48:10,088 [INFO] ThirdParty:1030 - CMSIS Pack Vendor :STMicroelectronics X-CUBE-TCPP 4.2.0
2026-04-08 11:48:10,088 [INFO] ThirdParty:1030 - CMSIS Pack Vendor :RealThread X-CUBE-RT-Thread_Nano 4.1.1
2026-04-08 11:48:10,088 [INFO] ThirdParty:1030 - CMSIS Pack Vendor :STMicroelectronics FP-ATR-SIGFOX1 3.2.0
2026-04-08 11:48:10,088 [INFO] ThirdParty:1030 - CMSIS Pack Vendor :STMicroelectronics X-CUBE-AZRTOS-G4 1.0.0
2026-04-08 11:48:10,088 [INFO] ThirdParty:1030 - CMSIS Pack Vendor :STMicroelectronics X-CUBE-AZRTOS-L4 1.0.0
2026-04-08 11:48:10,088 [INFO] ThirdParty:1030 - CMSIS Pack Vendor :quantropi X-CUBE-qispace-sdk-base 1.9.3
2026-04-08 11:48:10,088 [INFO] ThirdParty:1030 - CMSIS Pack Vendor :STMicroelectronics X-CUBE-ISPU 2.0.0
2026-04-08 11:48:10,088 [INFO] ThirdParty:1030 - CMSIS Pack Vendor :STMicroelectronics X-CUBE-EEPRMA1 5.1.0
2026-04-08 11:48:10,088 [INFO] ThirdParty:1030 - CMSIS Pack Vendor :STMicroelectronics MBEDTLS 2.16.2
2026-04-08 11:48:10,088 [INFO] ThirdParty:1030 - CMSIS Pack Vendor :STMicroelectronics X-CUBE-IPS 3.1.0
2026-04-08 11:48:10,088 [INFO] ThirdParty:1030 - CMSIS Pack Vendor :STMicroelectronics X-CUBE-ALS 1.0.2
2026-04-08 11:48:10,088 [INFO] ThirdParty:1030 - CMSIS Pack Vendor :emotas I-CUBE-CANOPEN 1.1.2
2026-04-08 11:48:10,088 [INFO] ThirdParty:1030 - CMSIS Pack Vendor :STMicroelectronics X-CUBE-TOUCHGFX 4.20.0
2026-04-08 11:48:10,089 [INFO] ThirdParty:1030 - CMSIS Pack Vendor :STMicroelectronics X-CUBE-MEMS1 10.0.0
2026-04-08 11:48:10,089 [INFO] ThirdParty:1030 - CMSIS Pack Vendor :ITTIA_DB I-CUBE-ITTIADB 8.9.0
2026-04-08 11:48:10,089 [INFO] ThirdParty:1030 - CMSIS Pack Vendor :STMicroelectronics X-CUBE-TOUCHGFX 4.24.2
2026-04-08 11:48:10,089 [INFO] ThirdParty:1030 - CMSIS Pack Vendor :STMicroelectronics X-CUBE-AZRTOS-WL 1.0.0
2026-04-08 11:48:10,089 [INFO] ThirdParty:1030 - CMSIS Pack Vendor :STMicroelectronics X-CUBE-TOUCHGFX 4.24.1
2026-04-08 11:48:10,089 [INFO] ThirdParty:1030 - CMSIS Pack Vendor :STMicroelectronics X-CUBE-STSE01 1.0.0
2026-04-08 11:48:10,089 [INFO] ThirdParty:1030 - CMSIS Pack Vendor :wolfSSL I-CUBE-wolfTPM 3.4.0
2026-04-08 11:48:10,089 [INFO] ThirdParty:1030 - CMSIS Pack Vendor :portGmbH I-Cube-SoM-uGOAL 1.1.0
2026-04-08 11:48:10,089 [INFO] ThirdParty:1030 - CMSIS Pack Vendor :STMicroelectronics X-CUBE-ALS 1.0.1
2026-04-08 11:48:10,089 [INFO] ThirdParty:1030 - CMSIS Pack Vendor :STMicroelectronics X-CUBE-NFC6 3.2.0
2026-04-08 11:48:10,089 [INFO] ThirdParty:1030 - CMSIS Pack Vendor :STMicroelectronics X-CUBE-MEMS1 9.5.0
2026-04-08 11:48:10,089 [INFO] ThirdParty:1030 - CMSIS Pack Vendor :STMicroelectronics X-CUBE-ST67W61 1.0.0
2026-04-08 11:48:10,090 [INFO] ThirdParty:1030 - CMSIS Pack Vendor :STMicroelectronics X-CUBE-AI 10.2.0
2026-04-08 11:48:10,090 [INFO] ThirdParty:1030 - CMSIS Pack Vendor :STMicroelectronics ThreadX 1.0.0
2026-04-08 11:48:10,090 [INFO] ThirdParty:1030 - CMSIS Pack Vendor :STMicroelectronics X-CUBE-AZRTOS-WB 1.1.0
2026-04-08 11:48:10,090 [INFO] ThirdParty:1030 - CMSIS Pack Vendor :SEGGER I-CUBE-embOS 1.3.1
2026-04-08 11:48:10,090 [INFO] ThirdParty:1030 - CMSIS Pack Vendor :STMicroelectronics X-CUBE-ALGOBUILD 1.4.0
2026-04-08 11:48:10,090 [INFO] ThirdParty:1030 - CMSIS Pack Vendor :STMicroelectronics X-CUBE-MEMS1 11.3.0
2026-04-08 11:48:10,090 [INFO] ThirdParty:1030 - CMSIS Pack Vendor :STMicroelectronics X-CUBE-AZRTOS-L5 1.0.0
2026-04-08 11:48:10,090 [INFO] ThirdParty:1030 - CMSIS Pack Vendor :STMicroelectronics X-CUBE-EEPRMA1 3.1.1
2026-04-08 11:48:10,090 [INFO] ThirdParty:1030 - CMSIS Pack Vendor :STMicroelectronics X-CUBE-AZRTOS-H7RS 1.0.0
2026-04-08 11:48:10,090 [INFO] ThirdParty:1030 - CMSIS Pack Vendor :STMicroelectronics FP-ATR-ASTRA1 2.0.0
2026-04-08 11:48:10,090 [INFO] ThirdParty:1030 - CMSIS Pack Vendor :STMicroelectronics X-CUBE-TOF1 3.4.2
2026-04-08 11:48:10,090 [INFO] ThirdParty:1030 - CMSIS Pack Vendor :STMicroelectronics X-CUBE-TOF1 3.4.3
2026-04-08 11:48:10,090 [INFO] ThirdParty:1030 - CMSIS Pack Vendor :STMicroelectronics X-CUBE-AI 9.1.0
2026-04-08 11:48:10,090 [INFO] ThirdParty:1030 - CMSIS Pack Vendor :STMicroelectronics X-CUBE-TOF1 3.4.1
2026-04-08 11:48:10,090 [INFO] ThirdParty:1030 - CMSIS Pack Vendor :STMicroelectronics X-CUBE-AZRTOS-H7 3.2.0
2026-04-08 11:48:10,090 [INFO] ThirdParty:1030 - CMSIS Pack Vendor :Infineon AIROC-Wi-Fi-Bluetooth-STM32 1.6.0
2026-04-08 11:48:10,090 [INFO] ThirdParty:1030 - CMSIS Pack Vendor :wolfSSL I-CUBE-wolfSSH 1.4.17
2026-04-08 11:48:10,091 [INFO] ThirdParty:841 - exiting critical section [change project]
2026-04-08 11:48:10,987 [INFO] PinOutPanel:1589 - setPackage(No Configuration,No Configuration)
2026-04-08 11:48:10,991 [INFO] PinOutPanel:1589 - setPackage(STM32F411CEUx,UFQFPN48)
2026-04-08 11:48:11,886 [INFO] UtilMem:75 - Before build in PCC Used Memory: 826277888 Bytes (1073741824)
2026-04-08 11:48:13,357 [INFO] UtilMem:75 - After build in PCC Used Memory: 887787936 Bytes (1073741824)
2026-04-08 11:48:13,406 [INFO] IPUIPlugin:80 - create IPUIPlugin
2026-04-08 11:48:13,406 [INFO] IPUIPlugin:80 - create IPUIPlugin
2026-04-08 11:48:13,406 [INFO] IPUIPlugin:80 - create IPUIPlugin
2026-04-08 11:48:13,406 [INFO] IPUIPlugin:80 - create IPUIPlugin
2026-04-08 11:48:13,406 [INFO] IPUIPlugin:80 - create IPUIPlugin
2026-04-08 11:48:13,406 [INFO] IPUIPlugin:80 - create IPUIPlugin
2026-04-08 11:48:13,407 [INFO] IPUIPlugin:80 - create IPUIPlugin
2026-04-08 11:48:13,407 [INFO] IPUIPlugin:80 - create IPUIPlugin
2026-04-08 11:48:13,407 [INFO] IPUIPlugin:80 - create IPUIPlugin
2026-04-08 11:48:13,408 [INFO] IPUIPlugin:80 - create IPUIPlugin
2026-04-08 11:48:13,408 [INFO] IPUIPlugin:80 - create IPUIPlugin
2026-04-08 11:48:13,408 [INFO] IPUIPlugin:80 - create IPUIPlugin
2026-04-08 11:48:13,408 [INFO] IPUIPlugin:80 - create IPUIPlugin
2026-04-08 11:48:13,408 [INFO] IPUIPlugin:80 - create IPUIPlugin
2026-04-08 11:48:13,408 [INFO] IPUIPlugin:80 - create IPUIPlugin
2026-04-08 11:48:13,409 [INFO] IPUIPlugin:80 - create IPUIPlugin
2026-04-08 11:48:13,409 [INFO] IPUIPlugin:80 - create IPUIPlugin
2026-04-08 11:48:13,409 [INFO] IPUIPlugin:80 - create IPUIPlugin
2026-04-08 11:48:13,410 [INFO] IPUIPlugin:80 - create IPUIPlugin
2026-04-08 11:48:13,410 [INFO] IPUIPlugin:80 - create IPUIPlugin
2026-04-08 11:48:13,410 [INFO] IPUIPlugin:80 - create IPUIPlugin
2026-04-08 11:48:13,410 [INFO] IPUIPlugin:80 - create IPUIPlugin
2026-04-08 11:48:13,412 [INFO] IPUIPlugin:80 - create IPUIPlugin
2026-04-08 11:48:13,412 [INFO] IPUIPlugin:80 - create IPUIPlugin
2026-04-08 11:48:13,412 [INFO] IPUIPlugin:80 - create IPUIPlugin
2026-04-08 11:48:13,413 [INFO] IPUIPlugin:80 - create IPUIPlugin
2026-04-08 11:48:13,413 [INFO] IPUIPlugin:80 - create IPUIPlugin
2026-04-08 11:48:13,414 [INFO] IPUIPlugin:80 - create IPUIPlugin
2026-04-08 11:48:13,414 [INFO] IPUIPlugin:80 - create IPUIPlugin
2026-04-08 11:48:13,415 [INFO] IPUIPlugin:80 - create IPUIPlugin
2026-04-08 11:48:13,415 [INFO] IPUIPlugin:80 - create IPUIPlugin
2026-04-08 11:48:13,416 [INFO] IPUIPlugin:80 - create IPUIPlugin
2026-04-08 11:48:13,417 [INFO] IPUIPlugin:80 - create IPUIPlugin
2026-04-08 11:48:13,417 [INFO] IPUIPlugin:80 - create IPUIPlugin
2026-04-08 11:48:13,418 [INFO] IPUIPlugin:80 - create IPUIPlugin
2026-04-08 11:48:13,418 [INFO] IPUIPlugin:80 - create IPUIPlugin
2026-04-08 11:48:13,418 [INFO] IPUIPlugin:80 - create IPUIPlugin
2026-04-08 11:48:13,419 [INFO] IPUIPlugin:80 - create IPUIPlugin
2026-04-08 11:48:13,419 [INFO] IPUIPlugin:80 - create IPUIPlugin
2026-04-08 11:48:13,419 [INFO] IPUIPlugin:80 - create IPUIPlugin
2026-04-08 11:48:13,420 [INFO] IPUIPlugin:80 - create IPUIPlugin
2026-04-08 11:48:13,420 [INFO] IPUIPlugin:80 - create IPUIPlugin
2026-04-08 11:48:13,420 [INFO] IPUIPlugin:80 - create IPUIPlugin
2026-04-08 11:48:13,602 [INFO] ApiDbMcu:508 - Load IP Config File for PDM2PCM
2026-04-08 11:48:13,627 [INFO] I2sManager:658 - 1.1875E8
2026-04-08 11:48:13,628 [INFO] I2sManager:195 - I2S Clock Value : 1.1875E8
2026-04-08 11:48:13,631 [INFO] I2sManager:553 - AudioClock : 31990Divider : 58Odd : 0
2026-04-08 11:48:14,016 [INFO] CADModel:165 - CPN selected for project levelSTM32F411CEU6
2026-04-08 11:48:14,018 [INFO] CADModel:114 - Register for checkConnection events
2026-04-08 11:48:14,093 [INFO] OpenFileManager:385 - Restore cursor
2026-04-08 11:48:24,912 [INFO] I2sManager:658 - 1.1875E8
2026-04-08 11:48:24,913 [INFO] I2sManager:195 - I2S Clock Value : 1.1875E8
2026-04-08 11:48:24,913 [INFO] I2sManager:553 - AudioClock : 31990Divider : 58Odd : 0
2026-04-08 11:48:37,768 [INFO] NvicIntPanel:101 - NVIC parent = com.st.microxplorer.plugins.ip.nvic.MultiNvicIntPanel[,0,0,0x0,invalid,layout=javax.swing.BoxLayout,alignmentX=0.0,alignmentY=0.0,border=,flags=9,maximumSize=,minimumSize=,preferredSize=]
2026-04-08 11:48:37,886 [INFO] I2sManager:658 - 1.1875E8
2026-04-08 11:48:37,886 [INFO] I2sManager:195 - I2S Clock Value : 1.1875E8
2026-04-08 11:48:37,886 [INFO] I2sManager:553 - AudioClock : 15995Divider : 116Odd : 0
2026-04-08 11:48:38,020 [INFO] NvicIntPanel:101 - NVIC parent = com.st.microxplorer.plugins.ip.nvic.MultiNvicIntPanel[,0,0,0x0,invalid,layout=javax.swing.BoxLayout,alignmentX=0.0,alignmentY=0.0,border=,flags=9,maximumSize=,minimumSize=,preferredSize=]
2026-04-08 11:48:39,872 [INFO] UtilMem:75 - End SaveConfig() Used Memory: 735114928 Bytes (1073741824)
2026-04-08 11:48:42,160 [INFO] UtilMem:75 - End SaveConfig() Used Memory: 753419456 Bytes (1073741824)
2026-04-08 11:48:45,496 [INFO] UtilMem:75 - End SaveConfig() Used Memory: 842024144 Bytes (1073741824)
2026-04-08 11:48:46,613 [INFO] BlockDiagram:2775 - set Specific Code input for plugin: NVIC
2026-04-08 11:48:46,613 [INFO] BlockDiagram:2775 - set Specific Code input for plugin: DMA
2026-04-08 11:48:46,614 [INFO] BlockDiagram:2775 - set Specific Code input for plugin: TIM1_8
2026-04-08 11:48:46,614 [INFO] BlockDiagram:2775 - set Specific Code input for plugin: TIM1_8
2026-04-08 11:48:46,615 [INFO] BlockDiagram:2775 - set Specific Code input for plugin: TIM1_8
2026-04-08 11:48:46,615 [INFO] BlockDiagram:2775 - set Specific Code input for plugin: I2S
2026-04-08 11:48:46,615 [INFO] BlockDiagram:2775 - set Specific Code input for plugin: SYS
2026-04-08 11:48:46,617 [INFO] BlockDiagram:2775 - set Specific Code input for plugin: GPIO
2026-04-08 11:48:46,617 [INFO] BlockDiagram:2775 - set Specific Code input for plugin: ADC
2026-04-08 11:48:46,617 [INFO] BlockDiagram:2775 - set Specific Code input for plugin: RCC
2026-04-08 11:48:46,619 [INFO] CodeGenerator:882 - code generatio: config db path: C:\ST\STM32CubeIDE_1.10.1\STM32CubeIDE\plugins\com.st.stm32cube.common.mx_6.14.1.202504091515\\db\
2026-04-08 11:48:47,020 [INFO] CodeEngine:263 - oldGeneratedFile, D:\Projects\Ventures\Mruda\01_Technical\MCU_Software\MCU_3.1.0\Mruda_f411\MXTmpFiles\license.tmp_save
2026-04-08 11:48:47,799 [INFO] CodeEngine:287 - Generated code: D:\Projects\Ventures\Mruda\01_Technical\MCU_Software\MCU_3.1.0\Mruda_f411\MXTmpFiles\license.tmp
2026-04-08 11:48:48,047 [INFO] CodeEngine:263 - oldGeneratedFile, D:\Projects\Ventures\Mruda\01_Technical\MCU_Software\MCU_3.1.0\Mruda_f411\MXTmpFiles\gpio.tmp_save
2026-04-08 11:48:48,403 [INFO] CodeEngine:287 - Generated code: D:\Projects\Ventures\Mruda\01_Technical\MCU_Software\MCU_3.1.0\Mruda_f411\MXTmpFiles\gpio.tmp
2026-04-08 11:48:49,278 [INFO] CodeEngine:263 - oldGeneratedFile, D:\Projects\Ventures\Mruda\01_Technical\MCU_Software\MCU_3.1.0\Mruda_f411\MXTmpFiles\dma.tmp_save
2026-04-08 11:48:49,483 [INFO] CodeEngine:287 - Generated code: D:\Projects\Ventures\Mruda\01_Technical\MCU_Software\MCU_3.1.0\Mruda_f411\MXTmpFiles\dma.tmp
2026-04-08 11:48:49,507 [INFO] CodeEngine:263 - oldGeneratedFile, D:\Projects\Ventures\Mruda\01_Technical\MCU_Software\MCU_3.1.0\Mruda_f411\MXTmpFiles\dma_GV.tmp_save
2026-04-08 11:48:49,698 [INFO] CodeEngine:287 - Generated code: D:\Projects\Ventures\Mruda\01_Technical\MCU_Software\MCU_3.1.0\Mruda_f411\MXTmpFiles\dma_GV.tmp
2026-04-08 11:48:49,774 [INFO] CodeEngine:263 - oldGeneratedFile, D:\Projects\Ventures\Mruda\01_Technical\MCU_Software\MCU_3.1.0\Mruda_f411\Core\Src\stm32f4xx_it.c_save
2026-04-08 11:48:50,075 [INFO] CodeEngine:287 - Generated code: D:\Projects\Ventures\Mruda\01_Technical\MCU_Software\MCU_3.1.0\Mruda_f411\Core\Src\stm32f4xx_it.c
2026-04-08 11:48:50,120 [INFO] CodeEngine:263 - oldGeneratedFile, D:\Projects\Ventures\Mruda\01_Technical\MCU_Software\MCU_3.1.0\Mruda_f411\Core\Inc\stm32f4xx_it.h_save
2026-04-08 11:48:50,373 [INFO] CodeEngine:287 - Generated code: D:\Projects\Ventures\Mruda\01_Technical\MCU_Software\MCU_3.1.0\Mruda_f411\Core\Inc\stm32f4xx_it.h
2026-04-08 11:48:50,439 [INFO] CodeEngine:263 - oldGeneratedFile, D:\Projects\Ventures\Mruda\01_Technical\MCU_Software\MCU_3.1.0\Mruda_f411\Core\Src\stm32f4xx_hal_msp.c_save
2026-04-08 11:48:50,823 [INFO] CodeEngine:287 - Generated code: D:\Projects\Ventures\Mruda\01_Technical\MCU_Software\MCU_3.1.0\Mruda_f411\Core\Src\stm32f4xx_hal_msp.c
2026-04-08 11:48:50,860 [INFO] CodeEngine:263 - oldGeneratedFile, D:\Projects\Ventures\Mruda\01_Technical\MCU_Software\MCU_3.1.0\Mruda_f411\MXTmpFiles\system.tmp_save
2026-04-08 11:48:51,021 [INFO] CodeEngine:287 - Generated code: D:\Projects\Ventures\Mruda\01_Technical\MCU_Software\MCU_3.1.0\Mruda_f411\MXTmpFiles\system.tmp
2026-04-08 11:48:51,088 [INFO] CodeEngine:319 - oldGeneratedFile, D:\Projects\Ventures\Mruda\01_Technical\MCU_Software\MCU_3.1.0\Mruda_f411\Core\Inc\stm32f4xx_hal_conf.h_save
2026-04-08 11:48:51,329 [INFO] CodeEngine:343 - Generated code: D:\Projects\Ventures\Mruda\01_Technical\MCU_Software\MCU_3.1.0\Mruda_f411\Core\Inc\stm32f4xx_hal_conf.h
2026-04-08 11:48:51,406 [INFO] ApiDbMcu:508 - Load IP Config File for ADC1
2026-04-08 11:48:51,410 [INFO] ApiDbMcu:508 - Load IP Config File for I2S2
2026-04-08 11:48:51,434 [INFO] ApiDbMcu:508 - Load IP Config File for TIM2
2026-04-08 11:48:51,456 [INFO] ApiDbMcu:508 - Load IP Config File for TIM3
2026-04-08 11:48:51,477 [INFO] ApiDbMcu:508 - Load IP Config File for TIM4
2026-04-08 11:48:51,484 [INFO] ApiDbMcu:508 - Load IP Config File for RCC
2026-04-08 11:48:51,487 [WARN] IPConfigManager:3790 - IP not found : TIM
2026-04-08 11:48:51,489 [WARN] CodeGenerator:4198 - IP not found : null
2026-04-08 11:48:51,545 [INFO] CodeEngine:263 - oldGeneratedFile, D:\Projects\Ventures\Mruda\01_Technical\MCU_Software\MCU_3.1.0\Mruda_f411\Core\Inc\main.h_save
2026-04-08 11:48:51,835 [INFO] CodeEngine:287 - Generated code: D:\Projects\Ventures\Mruda\01_Technical\MCU_Software\MCU_3.1.0\Mruda_f411\Core\Inc\main.h
2026-04-08 11:48:51,880 [INFO] CodeEngine:263 - oldGeneratedFile, D:\Projects\Ventures\Mruda\01_Technical\MCU_Software\MCU_3.1.0\Mruda_f411\Core\Src\main.c_save
2026-04-08 11:48:52,365 [INFO] CodeEngine:287 - Generated code: D:\Projects\Ventures\Mruda\01_Technical\MCU_Software\MCU_3.1.0\Mruda_f411\Core\Src\main.c
2026-04-08 11:48:53,333 [INFO] ProjectBuilder:3324 - Time for Copy HAL[1] : 507mS.
2026-04-08 11:48:53,352 [INFO] ProjectBuilder:4912 - Project Generator version: 4.6.0.1-B1
2026-04-08 11:48:53,572 [INFO] ConfigFileManager:1590 - The Die is : DIE431
2026-04-08 11:48:53,610 [INFO] ApiDbMcu:508 - Load IP Config File for FATFS
2026-04-08 11:48:53,639 [INFO] ApiDbMcu:508 - Load IP Config File for FREERTOS
2026-04-08 11:48:53,659 [INFO] ApiDbMcu:508 - Load IP Config File for LIBJPEG
2026-04-08 11:48:53,690 [INFO] ApiDbMcu:508 - Load IP Config File for MBEDTLS
2026-04-08 11:48:53,724 [INFO] ApiDbMcu:508 - Load IP Config File for USB_DEVICE
2026-04-08 11:48:53,747 [INFO] ApiDbMcu:508 - Load IP Config File for USB_HOST
2026-04-08 11:48:55,219 [INFO] LogOutputStream:77 - [STDOUT_REDIRECT] 
2026-04-08 11:48:59,094 [INFO] ProjectBuilder:5191 - Time for Generating toolchain IDE Files: 5742mS.
2026-04-08 11:48:59,096 [INFO] ProjectBuilder:3181 - Time for Copy CMSIS : 1mS.
2026-04-08 11:48:59,103 [INFO] ProjectBuilder:3181 - Time for Copy CMSIS : 1mS.
2026-04-08 11:59:13,455 [ERROR] LogOutputStream:75 - [STDERR_REDIRECT] 
2026-04-08 13:01:13,274 [INFO] Activator:176 - 


2026-04-08 13:01:13,274 [INFO] Activator:177 - !SESSION log4j initialized
2026-04-08 13:01:20,969 [INFO] LogOutputStream:77 - [STDOUT_REDIRECT] 
2026-04-08 13:01:31,208 [INFO] ApplicationProperties:184 - Using Application install path: C:\ST\STM32CubeIDE_1.10.1\STM32CubeIDE\plugins\com.st.stm32cube.common.mx_6.14.1.202504091515
2026-04-08 13:01:31,224 [INFO] DbMcusXml:78 - Set database path to: C:\ST\STM32CubeIDE_1.10.1\STM32CubeIDE\plugins\com.st.stm32cube.common.mx_6.14.1.202504091515\\db\/mcu/
2026-04-08 13:01:31,224 [INFO] ApiDb:274 - Set plugin database path to: C:\ST\STM32CubeIDE_1.10.1\STM32CubeIDE\plugins\com.st.stm32cube.common.mx_6.14.1.202504091515\\db\/plugins/boardmanager/
2026-04-08 13:01:31,224 [WARN] ApiDb:259 - Overriding images path with different value:  => C:\ST\STM32CubeIDE_1.10.1\STM32CubeIDE\plugins\com.st.stm32cube.common.mx_6.14.1.202504091515\\db\/plugins/mcufinder/images/
2026-04-08 13:01:31,231 [INFO] ApiDb:250 - Set database path to: C:\Users\abhil\.stmcufinder\plugins\mcufinder//mcu/
2026-04-08 13:01:31,232 [INFO] DbMcusAds:125 - Set database path to: C:\Users\abhil\.stmcufinder\plugins\mcufinder//mcu/
2026-04-08 13:01:31,238 [INFO] CrossReferenceDbSqlite:203 - Set database path to: C:\Users\abhil\.stmcufinder\plugins\mcufinder//mcu/cs/
2026-04-08 13:01:31,366 [INFO] RulesReader:64 - Compatibility file has been processed (302 Rules)
2026-04-08 13:01:31,451 [INFO] DbMcusXml:78 - Set database path to: C:\ST\STM32CubeIDE_1.10.1\STM32CubeIDE\plugins\com.st.stm32cube.common.mx_6.14.1.202504091515\\db\/mcu/
2026-04-08 13:01:31,451 [INFO] ApiDb:274 - Set plugin database path to: C:\ST\STM32CubeIDE_1.10.1\STM32CubeIDE\plugins\com.st.stm32cube.common.mx_6.14.1.202504091515\\db\/plugins/boardmanager/
2026-04-08 13:01:31,451 [INFO] ApiDb:261 - Set plugin images path to: C:\ST\STM32CubeIDE_1.10.1\STM32CubeIDE\plugins\com.st.stm32cube.common.mx_6.14.1.202504091515\\db\/plugins/mcufinder/images/
2026-04-08 13:01:31,452 [WARN] DbFile:41 - Overriding database path with different value: C:\Users\abhil\.stmcufinder\plugins\mcufinder/ => C:\Users\abhil\.stmcufinder\plugins\mcufinder
2026-04-08 13:01:31,452 [INFO] ApiDb:250 - Set database path to: C:\Users\abhil\.stmcufinder\plugins\mcufinder//mcu/
2026-04-08 13:01:31,452 [WARN] DbFile:41 - Overriding database path with different value: C:\Users\abhil\.stmcufinder\plugins\mcufinder/ => C:\Users\abhil\.stmcufinder\plugins\mcufinder
2026-04-08 13:01:31,452 [INFO] DbMcusAds:125 - Set database path to: C:\Users\abhil\.stmcufinder\plugins\mcufinder//mcu/
2026-04-08 13:01:31,452 [WARN] DbFile:41 - Overriding database path with different value: C:\Users\abhil\.stmcufinder\plugins\mcufinder/ => C:\Users\abhil\.stmcufinder\plugins\mcufinder
2026-04-08 13:01:31,452 [WARN] DbFile:41 - Overriding database path with different value: C:\Users\abhil\.stmcufinder\plugins\mcufinder/ => C:\Users\abhil\.stmcufinder\plugins\mcufinder
2026-04-08 13:01:31,452 [INFO] CrossReferenceDbSqlite:203 - Set database path to: C:\Users\abhil\.stmcufinder\plugins\mcufinder//mcu/cs/
2026-04-08 13:01:31,522 [INFO] MainPanel:272 - HeapMemory: 268435456
2026-04-08 13:01:31,603 [INFO] DbMcusXml:78 - Set database path to: C:\ST\STM32CubeIDE_1.10.1\STM32CubeIDE\plugins\com.st.stm32cube.common.mx_6.14.1.202504091515\\db\/mcu/
2026-04-08 13:01:31,603 [INFO] ApiDb:274 - Set plugin database path to: C:\ST\STM32CubeIDE_1.10.1\STM32CubeIDE\plugins\com.st.stm32cube.common.mx_6.14.1.202504091515\\db\/plugins/boardmanager/
2026-04-08 13:01:31,603 [INFO] ApiDb:261 - Set plugin images path to: C:\ST\STM32CubeIDE_1.10.1\STM32CubeIDE\plugins\com.st.stm32cube.common.mx_6.14.1.202504091515\\db\/plugins/mcufinder/images/
2026-04-08 13:01:31,604 [WARN] DbFile:41 - Overriding database path with different value: C:\Users\abhil\.stmcufinder\plugins\mcufinder/ => C:\Users\abhil\.stmcufinder\plugins\mcufinder
2026-04-08 13:01:31,604 [INFO] ApiDb:250 - Set database path to: C:\Users\abhil\.stmcufinder\plugins\mcufinder//mcu/
2026-04-08 13:01:31,604 [WARN] DbFile:41 - Overriding database path with different value: C:\Users\abhil\.stmcufinder\plugins\mcufinder/ => C:\Users\abhil\.stmcufinder\plugins\mcufinder
2026-04-08 13:01:31,604 [INFO] DbMcusAds:125 - Set database path to: C:\Users\abhil\.stmcufinder\plugins\mcufinder//mcu/
2026-04-08 13:01:31,604 [WARN] DbFile:41 - Overriding database path with different value: C:\Users\abhil\.stmcufinder\plugins\mcufinder/ => C:\Users\abhil\.stmcufinder\plugins\mcufinder
2026-04-08 13:01:31,604 [WARN] DbFile:41 - Overriding database path with different value: C:\Users\abhil\.stmcufinder\plugins\mcufinder/ => C:\Users\abhil\.stmcufinder\plugins\mcufinder
2026-04-08 13:01:31,604 [INFO] CrossReferenceDbSqlite:203 - Set database path to: C:\Users\abhil\.stmcufinder\plugins\mcufinder//mcu/cs/
2026-04-08 13:01:31,622 [INFO] ApplicationProperties:184 - Using Application install path: C:\ST\STM32CubeIDE_1.10.1\STM32CubeIDE\plugins\com.st.stm32cube.common.mx_6.14.1.202504091515
2026-04-08 13:01:31,623 [INFO] PluginManage:196 - Search for loadable plugins [exclusion list=, ]
2026-04-08 13:01:31,624 [INFO] PluginManage:310 - Check plugin analytics
2026-04-08 13:01:41,281 [INFO] AnalyticsPlugin:253 - Accepted Software Licenses: 
2026-04-08 13:01:41,281 [INFO] AnalyticsPlugin:255 - Accepted CMSIS Pack Licenses: 
2026-04-08 13:01:41,281 [INFO] AnalyticsPlugin:257 - Accepted Firmware Licenses: FW.F4.1.27.0,FW.H7.1.10.0,FW.H7.1.12.0,FW.F4.1.28.0
2026-04-08 13:01:41,284 [INFO] PluginManage:359 - Loaded plugin analytics (category:tool,tabindex:-1)
2026-04-08 13:01:41,284 [INFO] PluginManage:310 - Check plugin cadmodel
2026-04-08 13:01:41,303 [INFO] CADModel:105 - Init CAD model plugin
2026-04-08 13:01:41,303 [INFO] PluginManage:359 - Loaded plugin cadmodel (category:power,tabindex:5)
2026-04-08 13:01:41,303 [INFO] PluginManage:310 - Check plugin clock
2026-04-08 13:01:41,324 [INFO] PluginManage:359 - Loaded plugin clock (category:base,tabindex:2)
2026-04-08 13:01:41,324 [INFO] PluginManage:310 - Check plugin ddr
2026-04-08 13:01:41,326 [INFO] PluginManage:359 - Loaded plugin ddr (category:tool,tabindex:6)
2026-04-08 13:01:41,326 [INFO] PluginManage:310 - Check plugin filemanager
2026-04-08 13:01:41,475 [INFO] PluginManage:359 - Loaded plugin filemanager (category:base,tabindex:10)
2026-04-08 13:01:41,475 [INFO] PluginManage:310 - Check plugin ipmanager
2026-04-08 13:01:41,483 [INFO] PluginManage:359 - Loaded plugin ipmanager (category:base,tabindex:5)
2026-04-08 13:01:41,484 [INFO] PluginManage:310 - Check plugin lpbam
2026-04-08 13:01:41,502 [INFO] PluginManage:359 - Loaded plugin lpbam (category:base,tabindex:0)
2026-04-08 13:01:41,502 [INFO] PluginManage:310 - Check plugin memorymap
2026-04-08 13:01:41,524 [INFO] PluginManage:359 - Loaded plugin memorymap (category:base,tabindex:4)
2026-04-08 13:01:41,525 [INFO] PluginManage:310 - Check plugin pinoutandconfiguration
2026-04-08 13:01:41,544 [INFO] PluginManage:359 - Loaded plugin pinoutandconfiguration (category:base,tabindex:1)
2026-04-08 13:01:41,544 [INFO] PluginManage:310 - Check plugin pinoutconfig
2026-04-08 13:01:41,649 [WARN] SupportedApi:132 - Cannot load RTOS API schema: s4s-elt-must-match.1: The content of 'definitions' must match (annotation?, (simpleType | complexType)?, (unique | key | keyref)*)). A problem was found starting at: attribute.
2026-04-08 13:01:41,767 [INFO] PluginManage:359 - Loaded plugin pinoutconfig (category:base,tabindex:0)
2026-04-08 13:01:41,768 [INFO] PluginManage:310 - Check plugin power
2026-04-08 13:01:41,787 [INFO] PluginManage:359 - Loaded plugin power (category:power,tabindex:4)
2026-04-08 13:01:41,787 [INFO] PluginManage:310 - Check plugin projectmanager
2026-04-08 13:01:41,802 [INFO] PluginManage:359 - Loaded plugin projectmanager (category:projectmanager,tabindex:4)
2026-04-08 13:01:41,802 [INFO] PluginManage:310 - Check plugin rif
2026-04-08 13:01:41,820 [INFO] PluginManage:359 - Loaded plugin rif (category:base,tabindex:3)
2026-04-08 13:01:41,821 [INFO] PluginManage:310 - Check plugin thirdparty
2026-04-08 13:01:42,040 [INFO] PluginManage:359 - Loaded plugin thirdparty (category:base,tabindex:-1)
2026-04-08 13:01:42,040 [INFO] PluginManage:310 - Check plugin tools
2026-04-08 13:01:42,040 [WARN] IntegrityCheckThread:84 - waiting for thirdparty lock release [integrity check]
2026-04-08 13:01:42,040 [INFO] IntegrityCheckThread:86 - entering critical section [integrity check]
2026-04-08 13:01:42,042 [INFO] ThirdPartyUpdaterWithRetryManager:70 - Updater plugin not ready yet. [1/15]
2026-04-08 13:01:42,086 [INFO] PluginManage:359 - Loaded plugin tools (category:base,tabindex:7)
2026-04-08 13:01:42,086 [INFO] PluginManage:310 - Check plugin tutovideos
2026-04-08 13:01:42,247 [INFO] PluginManage:359 - Loaded plugin tutovideos (category:base,tabindex:-1)
2026-04-08 13:01:42,247 [INFO] PluginManage:310 - Check plugin updater
2026-04-08 13:01:42,269 [INFO] PluginManage:359 - Loaded plugin updater (category:base,tabindex:12)
2026-04-08 13:01:42,269 [INFO] PluginManage:310 - Check plugin userauth
2026-04-08 13:01:42,272 [INFO] UserAuth:118 - Init User Auth plugin
2026-04-08 13:01:42,273 [INFO] PluginManage:359 - Loaded plugin userauth (category:base,tabindex:14)
2026-04-08 13:01:42,274 [INFO] PluginManage:283 - PluginManage : Loaded plugins [18]
2026-04-08 13:01:42,500 [INFO] PinOutPanel:1589 - setPackage(No Configuration,No Configuration)
2026-04-08 13:01:42,597 [INFO] CADModel:165 - CPN selected for project level
2026-04-08 13:01:42,597 [INFO] CADModel:114 - Register for checkConnection events
2026-04-08 13:01:42,628 [INFO] IPUIPlugin:80 - create IPUIPlugin
2026-04-08 13:01:42,629 [INFO] PluginManager:220 - loadIPPluginJar : add adc
2026-04-08 13:01:42,676 [INFO] IPUIPlugin:80 - create IPUIPlugin
2026-04-08 13:01:42,676 [INFO] PluginManager:220 - loadIPPluginJar : add aes
2026-04-08 13:01:42,726 [INFO] IPUIPlugin:80 - create IPUIPlugin
2026-04-08 13:01:42,726 [INFO] PluginManager:220 - loadIPPluginJar : add can
2026-04-08 13:01:42,760 [INFO] IPUIPlugin:80 - create IPUIPlugin
2026-04-08 13:01:42,760 [INFO] PluginManager:220 - loadIPPluginJar : add comp
2026-04-08 13:01:42,802 [INFO] IPUIPlugin:80 - create IPUIPlugin
2026-04-08 13:01:42,802 [INFO] PluginManager:220 - loadIPPluginJar : add cryp
2026-04-08 13:01:42,816 [INFO] IPUIPlugin:80 - create IPUIPlugin
2026-04-08 13:01:42,817 [INFO] PluginManager:220 - loadIPPluginJar : add ddr_ctrl_phy
2026-04-08 13:01:42,820 [INFO] IPUIPlugin:80 - create IPUIPlugin
2026-04-08 13:01:42,820 [INFO] PluginManager:220 - loadIPPluginJar : add dfsdm
2026-04-08 13:01:42,837 [INFO] IPUIPlugin:80 - create IPUIPlugin
2026-04-08 13:01:42,838 [INFO] PluginManager:220 - loadIPPluginJar : add dma
2026-04-08 13:01:42,889 [INFO] IPUIPlugin:80 - create IPUIPlugin
2026-04-08 13:01:42,889 [INFO] PluginManager:220 - loadIPPluginJar : add dma3
2026-04-08 13:01:42,944 [INFO] IPUIPlugin:80 - create IPUIPlugin
2026-04-08 13:01:42,944 [INFO] PluginManager:220 - loadIPPluginJar : add extmemmanager
2026-04-08 13:01:42,947 [INFO] IPUIPlugin:80 - create IPUIPlugin
2026-04-08 13:01:42,947 [INFO] PluginManager:220 - loadIPPluginJar : add fatfs
2026-04-08 13:01:43,006 [INFO] IPUIPlugin:80 - create IPUIPlugin
2026-04-08 13:01:43,006 [INFO] PluginManager:220 - loadIPPluginJar : add fmc
2026-04-08 13:01:43,023 [INFO] IPUIPlugin:80 - create IPUIPlugin
2026-04-08 13:01:43,023 [INFO] PluginManager:220 - loadIPPluginJar : add freertos
2026-04-08 13:01:43,025 [INFO] IPUIPlugin:80 - create IPUIPlugin
2026-04-08 13:01:43,025 [INFO] PluginManager:220 - loadIPPluginJar : add genericplugin
2026-04-08 13:01:43,142 [INFO] IPUIPlugin:80 - create IPUIPlugin
2026-04-08 13:01:43,142 [INFO] PluginManager:220 - loadIPPluginJar : add gfxmmu
2026-04-08 13:01:43,304 [INFO] IPUIPlugin:80 - create IPUIPlugin
2026-04-08 13:01:43,304 [INFO] PluginManager:220 - loadIPPluginJar : add gic
2026-04-08 13:01:43,320 [INFO] IPUIPlugin:80 - create IPUIPlugin
2026-04-08 13:01:43,321 [INFO] PluginManager:220 - loadIPPluginJar : add gpio
2026-04-08 13:01:43,434 [INFO] IPUIPlugin:80 - create IPUIPlugin
2026-04-08 13:01:43,434 [INFO] PluginManager:220 - loadIPPluginJar : add gtzc
2026-04-08 13:01:43,437 [INFO] IPUIPlugin:80 - create IPUIPlugin
2026-04-08 13:01:43,438 [INFO] PluginManager:220 - loadIPPluginJar : add hash
2026-04-08 13:01:43,501 [INFO] IPUIPlugin:80 - create IPUIPlugin
2026-04-08 13:01:43,502 [INFO] PluginManager:220 - loadIPPluginJar : add i2c
2026-04-08 13:01:43,550 [INFO] IPUIPlugin:80 - create IPUIPlugin
2026-04-08 13:01:43,550 [INFO] PluginManager:220 - loadIPPluginJar : add i2s
2026-04-08 13:01:43,600 [INFO] IPUIPlugin:80 - create IPUIPlugin
2026-04-08 13:01:43,600 [INFO] PluginManager:220 - loadIPPluginJar : add i3c
2026-04-08 13:01:43,718 [INFO] IPUIPlugin:80 - create IPUIPlugin
2026-04-08 13:01:43,719 [INFO] PluginManager:220 - loadIPPluginJar : add ipddr
2026-04-08 13:01:43,829 [INFO] IPUIPlugin:80 - create IPUIPlugin
2026-04-08 13:01:43,829 [INFO] PluginManager:220 - loadIPPluginJar : add linkedlist
2026-04-08 13:01:43,834 [INFO] IPUIPlugin:80 - create IPUIPlugin
2026-04-08 13:01:43,834 [INFO] PluginManager:220 - loadIPPluginJar : add lorawan
2026-04-08 13:01:43,878 [INFO] IPUIPlugin:80 - create IPUIPlugin
2026-04-08 13:01:43,878 [INFO] PluginManager:220 - loadIPPluginJar : add ltdc
2026-04-08 13:01:43,894 [INFO] IPUIPlugin:80 - create IPUIPlugin
2026-04-08 13:01:43,894 [INFO] PluginManager:220 - loadIPPluginJar : add mdma
2026-04-08 13:01:43,911 [INFO] IPUIPlugin:80 - create IPUIPlugin
2026-04-08 13:01:43,911 [INFO] PluginManager:220 - loadIPPluginJar : add nvic
2026-04-08 13:01:43,960 [INFO] IPUIPlugin:80 - create IPUIPlugin
2026-04-08 13:01:43,961 [INFO] PluginManager:220 - loadIPPluginJar : add opamp
2026-04-08 13:01:44,038 [INFO] IPUIPlugin:80 - create IPUIPlugin
2026-04-08 13:01:44,039 [INFO] PluginManager:220 - loadIPPluginJar : add openamp
2026-04-08 13:01:44,094 [INFO] IPUIPlugin:80 - create IPUIPlugin
2026-04-08 13:01:44,094 [INFO] PluginManager:220 - loadIPPluginJar : add pdm2pcm
2026-04-08 13:01:44,112 [INFO] IPUIPlugin:80 - create IPUIPlugin
2026-04-08 13:01:44,114 [INFO] PluginManager:220 - loadIPPluginJar : add plateformsettings
2026-04-08 13:01:44,144 [INFO] IPUIPlugin:80 - create IPUIPlugin
2026-04-08 13:01:44,144 [INFO] PluginManager:220 - loadIPPluginJar : add quadspi
2026-04-08 13:01:44,177 [INFO] IPUIPlugin:80 - create IPUIPlugin
2026-04-08 13:01:44,178 [INFO] PluginManager:220 - loadIPPluginJar : add radio
2026-04-08 13:01:44,194 [INFO] IPUIPlugin:80 - create IPUIPlugin
2026-04-08 13:01:44,194 [INFO] PluginManager:220 - loadIPPluginJar : add resmgrutility
2026-04-08 13:01:44,251 [INFO] IPUIPlugin:80 - create IPUIPlugin
2026-04-08 13:01:44,251 [INFO] PluginManager:220 - loadIPPluginJar : add sai
2026-04-08 13:01:44,296 [INFO] IPUIPlugin:80 - create IPUIPlugin
2026-04-08 13:01:44,296 [INFO] PluginManager:220 - loadIPPluginJar : add spi
2026-04-08 13:01:44,387 [INFO] IPUIPlugin:80 - create IPUIPlugin
2026-04-08 13:01:44,388 [INFO] PluginManager:220 - loadIPPluginJar : add stm32_wpan
2026-04-08 13:01:44,419 [INFO] IPUIPlugin:80 - create IPUIPlugin
2026-04-08 13:01:44,419 [INFO] PluginManager:220 - loadIPPluginJar : add tim
2026-04-08 13:01:44,493 [INFO] IPUIPlugin:80 - create IPUIPlugin
2026-04-08 13:01:44,493 [INFO] PluginManager:220 - loadIPPluginJar : add touchsensing
2026-04-08 13:01:44,503 [INFO] IPUIPlugin:80 - create IPUIPlugin
2026-04-08 13:01:44,503 [INFO] PluginManager:220 - loadIPPluginJar : add tracer_emb
2026-04-08 13:01:44,506 [INFO] IPUIPlugin:80 - create IPUIPlugin
2026-04-08 13:01:44,506 [INFO] PluginManager:220 - loadIPPluginJar : add ts
2026-04-08 13:01:44,509 [INFO] IPUIPlugin:80 - create IPUIPlugin
2026-04-08 13:01:44,509 [INFO] PluginManager:220 - loadIPPluginJar : add tsc
2026-04-08 13:01:44,512 [INFO] IPUIPlugin:80 - create IPUIPlugin
2026-04-08 13:01:44,512 [INFO] PluginManager:220 - loadIPPluginJar : add ucpd
2026-04-08 13:01:44,567 [INFO] IPUIPlugin:80 - create IPUIPlugin
2026-04-08 13:01:44,567 [INFO] PluginManager:220 - loadIPPluginJar : add usart
2026-04-08 13:01:44,623 [INFO] IPUIPlugin:80 - create IPUIPlugin
2026-04-08 13:01:44,623 [INFO] PluginManager:220 - loadIPPluginJar : add usbx
2026-04-08 13:01:44,763 [FATAL] Updater:351 - Updater called before beeing initialized
2026-04-08 13:01:44,794 [INFO] RulesReader:64 - Compatibility file has been processed (302 Rules)
2026-04-08 13:01:44,806 [INFO] RulesReader:64 - Compatibility file has been processed (302 Rules)
2026-04-08 13:01:44,814 [INFO] CADModel:165 - CPN selected for project level
2026-04-08 13:01:44,814 [INFO] CADModel:114 - Register for checkConnection events
2026-04-08 13:01:44,814 [FATAL] Updater:351 - Updater called before beeing initialized
2026-04-08 13:01:44,814 [ERROR] CADModel:125 - Updater not yet initialized, retry later 
2026-04-08 13:01:44,968 [FATAL] Updater:351 - Updater called before beeing initialized
2026-04-08 13:01:44,969 [INFO] CADModel:165 - CPN selected for project level
2026-04-08 13:01:44,969 [INFO] CADModel:114 - Register for checkConnection events
2026-04-08 13:01:44,969 [FATAL] Updater:351 - Updater called before beeing initialized
2026-04-08 13:01:44,969 [ERROR] CADModel:125 - Updater not yet initialized, retry later 
2026-04-08 13:01:44,972 [FATAL] Updater:351 - Updater called before beeing initialized
2026-04-08 13:01:45,043 [INFO] ThirdPartyUpdaterWithRetryManager:70 - Updater plugin not ready yet. [2/15]
2026-04-08 13:01:45,079 [FATAL] Updater:351 - Updater called before beeing initialized
2026-04-08 13:01:45,091 [INFO] DbMcusAds:53 - JSON generation date=Thu Mar 05 20:02:53 IST 2026 (1772721173050)
2026-04-08 13:01:45,091 [FATAL] Updater:351 - Updater called before beeing initialized
2026-04-08 13:01:45,121 [WARN] DetailPanel:346 - Failed to get advertising image, set to default
2026-04-08 13:01:45,364 [FATAL] Updater:351 - Updater called before beeing initialized
2026-04-08 13:01:45,366 [FATAL] Updater:351 - Updater called before beeing initialized
2026-04-08 13:01:45,367 [FATAL] Updater:351 - Updater called before beeing initialized
2026-04-08 13:01:45,367 [WARN] DetailPanel:346 - Failed to get advertising image, set to default
2026-04-08 13:01:45,368 [FATAL] Updater:351 - Updater called before beeing initialized
2026-04-08 13:01:45,429 [ERROR] Updater:1198 - MainUpdater not yet initialized. External WinMGr cannot be set.
2026-04-08 13:01:45,431 [INFO] Updater:1134 - Updater Version found : 6.14.1
2026-04-08 13:01:45,447 [INFO] ApplicationProperties:184 - Using Application install path: C:\ST\STM32CubeIDE_1.10.1\STM32CubeIDE\plugins\com.st.stm32cube.common.mx_6.14.1.202504091515
2026-04-08 13:01:45,948 [INFO] MainUpdater:2872 - connection check result : 10
2026-04-08 13:01:45,949 [INFO] MainUpdater:289 - Updater Check For Update Now.
2026-04-08 13:01:45,949 [INFO] MicroXplorer:498 - Change Database Version : DB.6.0.141
2026-04-08 13:01:45,966 [INFO] McuFinderGlobals:63 - Set McuFinder mode to 2 (CubeIDE integrated)
2026-04-08 13:01:45,977 [INFO] UserAuth:484 - Internet connection configuration mode: 1
2026-04-08 13:01:45,998 [INFO] JxBrowserEngine:152 - Initiate JxBrowser Engine with user profile folder
2026-04-08 13:01:46,189 [INFO] CheckServerUpdateThread:120 - End of CheckServer Thread
2026-04-08 13:01:46,677 [INFO] WebApp:169 - Instantiating new browser for Auth
2026-04-08 13:01:47,317 [INFO] WebApp:463 - Apply proxy settings
2026-04-08 13:01:47,317 [INFO] WebApp:548 - Chromium requires no authentication
2026-04-08 13:01:47,324 [INFO] WebApp:491 - Direct internet connection detected
2026-04-08 13:01:47,344 [INFO] WebApp:894 - Register for checkConnection events
2026-04-08 13:01:47,344 [INFO] WebApp:463 - Apply proxy settings
2026-04-08 13:01:47,345 [INFO] WebApp:548 - Chromium requires no authentication
2026-04-08 13:01:47,345 [INFO] WebApp:491 - Direct internet connection detected
2026-04-08 13:01:47,476 [INFO] WebApp:225 - Starting web application
2026-04-08 13:01:47,476 [INFO] WebApp:593 - Web application path used C:\ST\STM32CubeIDE_1.10.1\STM32CubeIDE\plugins\com.st.stm32cube.common.mx_6.14.1.202504091515\db\plugins\mcufinder\reactClient1\index.html
2026-04-08 13:01:47,646 [INFO] UserAuth:484 - Internet connection configuration mode: 1
2026-04-08 13:01:47,678 [INFO] WebApp:191 - Connection restablished
2026-04-08 13:01:48,368 [WARN] PackLoader:240 - Cannot read IP mode file for STMicroelectronics.X-CUBE-AZRTOS-H7.3.5.0
2026-04-08 13:01:48,391 [WARN] PackLoader:240 - Cannot read IP mode file for STMicroelectronics.FP-SNS-MOTENVWB1.1.4.0
2026-04-08 13:01:48,408 [WARN] PackLoader:240 - Cannot read IP mode file for STMicroelectronics.FP-ATR-ASTRA1.2.0.2
2026-04-08 13:01:48,413 [WARN] PackLoader:240 - Cannot read IP mode file for STMicroelectronics.FP-ATR-ASTRA1.2.0.1
2026-04-08 13:01:48,430 [WARN] PackLoader:240 - Cannot read IP mode file for STMicroelectronics.X-CUBE-SMBUS.2.1.0
2026-04-08 13:01:48,447 [WARN] PackLoader:240 - Cannot read IP mode file for STMicroelectronics.X-CUBE-WB05N.1.1.0
2026-04-08 13:01:48,464 [WARN] PackLoader:240 - Cannot read IP mode file for STMicroelectronics.X-CUBE-ST60.1.0.0
2026-04-08 13:01:48,479 [WARN] PackLoader:240 - Cannot read IP mode file for STMicroelectronics.X-CUBE-TOUCHGFX.4.23.2
2026-04-08 13:01:48,509 [WARN] PackLoader:240 - Cannot read IP mode file for STMicroelectronics.X-CUBE-AZRTOS-F7.1.1.0
2026-04-08 13:01:48,537 [WARN] PackLoader:240 - Cannot read IP mode file for STMicroelectronics.X-CUBE-BLE1.6.2.3
2026-04-08 13:01:48,618 [WARN] PackLoader:240 - Cannot read IP mode file for STMicroelectronics.X-CUBE-MEMS1.11.0.0
2026-04-08 13:01:48,736 [WARN] PackLoader:240 - Cannot read IP mode file for STMicroelectronics.X-CUBE-BLE1.6.2.4
2026-04-08 13:01:48,750 [ERROR] Engine:466 - C:\Users\abhil\.stm32cubemx\thirdparties\pdsc\STMicroelectronics.FP-SNS-MOTENV1.5.1.0.pdsc: PDSC version is not supported
2026-04-08 13:01:48,756 [WARN] PackLoader:240 - Cannot read IP mode file for STMicroelectronics.FP-SNS-FLIGHT1.5.0.2
2026-04-08 13:01:48,774 [WARN] PackLoader:240 - Cannot read IP mode file for STMicroelectronics.X-CUBE-TOF1.3.1.0
2026-04-08 13:01:48,809 [WARN] PackLoader:240 - Cannot read IP mode file for STMicroelectronics.X-CUBE-AZRTOS-H7.3.4.0
2026-04-08 13:01:48,828 [WARN] PackLoader:240 - Cannot read IP mode file for STMicroelectronics.X-CUBE-DISPLAY.3.0.0
2026-04-08 13:01:48,833 [ERROR] Engine:466 - C:\Users\abhil\.stm32cubemx\thirdparties\pdsc\STMicroelectronics.FP-SNS-MOTENVWB1.1.5.0.pdsc: PDSC version is not supported
2026-04-08 13:01:48,850 [WARN] PackLoader:240 - Cannot read IP mode file for STMicroelectronics.X-CUBE-BLE1.7.0.0
2026-04-08 13:01:48,865 [WARN] PackLoader:240 - Cannot read IP mode file for STMicroelectronics.X-CUBE-NFC10.1.0.0
2026-04-08 13:01:48,883 [WARN] PackLoader:240 - Cannot read IP mode file for STMicroelectronics.X-CUBE-BLEMGR.4.0.0
2026-04-08 13:01:48,898 [WARN] PackLoader:240 - Cannot read IP mode file for STMicroelectronics.X-CUBE-ST60.1.1.0
2026-04-08 13:01:48,914 [WARN] PackLoader:240 - Cannot read IP mode file for STMicroelectronics.X-CUBE-GNSS1.7.1.0
2026-04-08 13:01:48,953 [WARN] PackLoader:240 - Cannot read IP mode file for STMicroelectronics.X-CUBE-MEMS1.9.3.0
2026-04-08 13:01:49,024 [WARN] PackLoader:240 - Cannot read IP mode file for STMicroelectronics.X-CUBE-AI.7.2.0
2026-04-08 13:01:49,039 [WARN] PackLoader:240 - Cannot read IP mode file for STMicroelectronics.X-CUBE-BLEMGR.3.1.0
2026-04-08 13:01:49,054 [WARN] PackLoader:240 - Cannot read IP mode file for STMicroelectronics.X-CUBE-AI.10.0.0
2026-04-08 13:01:49,069 [ERROR] Engine:466 - C:\Users\abhil\.stm32cubemx\thirdparties\pdsc\STMicroelectronics.FP-SNS-STBOX1.2.1.0.pdsc: PDSC version is not supported
2026-04-08 13:01:49,084 [WARN] PackLoader:240 - Cannot read IP mode file for STMicroelectronics.FP-SNS-SMARTAG2.1.2.0
2026-04-08 13:01:49,089 [WARN] PackLoader:240 - Cannot read IP mode file for STMicroelectronics.FP-SNS-FLIGHT1.5.1.0
2026-04-08 13:01:49,141 [WARN] PackLoader:240 - Cannot read IP mode file for STMicroelectronics.X-CUBE-MEMS1.11.1.0
2026-04-08 13:01:49,256 [INFO] LogOutputStream:77 - [STDOUT_REDIRECT] 1 : Invalid condition id : UX_CORESTACK_Condition cause : null
2026-04-08 13:01:49,257 [INFO] LogOutputStream:77 - [STDOUT_REDIRECT] 1 : Invalid condition id : UX_CORESTACK_Condition cause : null
2026-04-08 13:01:49,258 [INFO] LogOutputStream:77 - [STDOUT_REDIRECT] 1 : Invalid condition id : UX_CORESTACK_Condition cause : null
2026-04-08 13:01:49,259 [INFO] LogOutputStream:77 - [STDOUT_REDIRECT] 1 : Invalid condition id : UX_CORESTACK_Condition cause : null
2026-04-08 13:01:49,261 [INFO] LogOutputStream:77 - [STDOUT_REDIRECT] 1 : Invalid condition id : UX_CORESTACK_Condition cause : null
2026-04-08 13:01:49,287 [WARN] PackLoader:240 - Cannot read IP mode file for STMicroelectronics.X-CUBE-AZRTOS-WL.2.0.0
2026-04-08 13:01:49,309 [WARN] PackLoader:240 - Cannot read IP mode file for STMicroelectronics.FP-SNS-MOTENV1.5.0.0
2026-04-08 13:01:49,346 [WARN] PackLoader:240 - Cannot read IP mode file for STMicroelectronics.X-CUBE-AZRTOS-H7RS.1.2.0
2026-04-08 13:01:49,366 [WARN] PackLoader:240 - Cannot read IP mode file for wolfSSL.I-CUBE-wolfMQTT.1.19.0
2026-04-08 13:01:49,388 [WARN] PackLoader:240 - Cannot read IP mode file for WES.I-CUBE-Cesium.1.3.0
2026-04-08 13:01:49,404 [WARN] PackLoader:240 - Cannot read IP mode file for STMicroelectronics.X-CUBE-BLE2.3.3.0
2026-04-08 13:01:49,455 [WARN] PackLoader:240 - Cannot read IP mode file for STMicroelectronics.X-CUBE-DISPLAY.2.2.0
2026-04-08 13:01:49,480 [WARN] PackLoader:240 - Cannot read IP mode file for STMicroelectronics.X-CUBE-TOF1.3.2.0
2026-04-08 13:01:49,499 [WARN] PackLoader:240 - Cannot read IP mode file for STMicroelectronics.X-CUBE-ISPU.1.0.0
2026-04-08 13:01:49,521 [WARN] PackLoader:240 - Cannot read IP mode file for STMicroelectronics.X-CUBE-NFC9.1.0.0
2026-04-08 13:01:49,554 [WARN] PackLoader:240 - Cannot read IP mode file for STMicroelectronics.X-CUBE-AZRTOS-H7.2.1.0
2026-04-08 13:01:49,574 [WARN] PackLoader:240 - Cannot read IP mode file for STMicroelectronics.X-CUBE-BLE1.7.1.0
2026-04-08 13:01:49,590 [WARN] PackLoader:240 - Cannot read IP mode file for STMicroelectronics.X-CUBE-TCPP.4.1.0
2026-04-08 13:01:49,601 [ERROR] Engine:466 - C:\Users\abhil\.stm32cubemx\thirdparties\pdsc\STMicroelectronics.X-CUBE-FREERTOS.1.4.0.pdsc: PDSC version is not supported
2026-04-08 13:01:49,617 [WARN] PackLoader:240 - Cannot read IP mode file for STMicroelectronics.X-CUBE-EEPRMA1.5.2.0
2026-04-08 13:01:49,631 [WARN] PackLoader:240 - Cannot read IP mode file for STMicroelectronics.X-CUBE-TOUCHGFX.4.21.3
2026-04-08 13:01:49,643 [WARN] PackLoader:240 - Cannot read IP mode file for STMicroelectronics.X-CUBE-AI.7.3.0
2026-04-08 13:01:49,655 [ERROR] Engine:466 - C:\Users\abhil\.stm32cubemx\thirdparties\pdsc\STMicroelectronics.X-CUBE-ST67W61.1.1.0.pdsc: PDSC version is not supported
2026-04-08 13:01:49,668 [WARN] PackLoader:240 - Cannot read IP mode file for STMicroelectronics.X-CUBE-AI.10.1.0
2026-04-08 13:01:49,707 [WARN] PackLoader:240 - Cannot read IP mode file for STMicroelectronics.X-CUBE-MEMS1.12.0.0
2026-04-08 13:01:49,760 [WARN] PackLoader:240 - Cannot read IP mode file for STMicroelectronics.X-CUBE-ALGOBUILD.1.3.0
2026-04-08 13:01:49,820 [WARN] PackLoader:240 - Cannot read IP mode file for STMicroelectronics.X-CUBE-MEMS1.11.2.0
2026-04-08 13:01:49,912 [WARN] PackLoader:240 - Cannot read IP mode file for STMicroelectronics.X-CUBE-AZRTOS-G0.1.1.0
2026-04-08 13:01:49,930 [WARN] PackLoader:240 - Cannot read IP mode file for STMicroelectronics.X-CUBE-SAFEA1.1.2.2
2026-04-08 13:01:49,948 [WARN] PackLoader:240 - Cannot read IP mode file for STMicroelectronics.X-CUBE-NFC4.3.0.0
2026-04-08 13:01:49,977 [WARN] PackLoader:240 - Cannot read IP mode file for SEGGER.I-CUBE-embOS.1.2.1
2026-04-08 13:01:49,999 [WARN] PackLoader:240 - Cannot read IP mode file for wolfSSL.I-CUBE-wolfMQTT.1.18.0
2026-04-08 13:01:50,017 [WARN] PackLoader:240 - Cannot read IP mode file for EmbeddedOffice.I-CUBE-FS-RTOS.1.0.1
2026-04-08 13:01:50,031 [WARN] PackLoader:240 - Cannot read IP mode file for STMicroelectronics.X-CUBE-WB05N.2.0.0
2026-04-08 13:01:50,048 [WARN] PackLoader:240 - Cannot read IP mode file for STMicroelectronics.X-CUBE-TCPP.4.2.0
2026-04-08 13:01:50,066 [WARN] PackLoader:240 - Cannot read IP mode file for RealThread.X-CUBE-RT-Thread_Nano.4.1.1
2026-04-08 13:01:50,070 [WARN] PackLoader:240 - Cannot read IP mode file for STMicroelectronics.FP-ATR-SIGFOX1.3.2.0
2026-04-08 13:01:50,086 [WARN] ConditionMgr:438 - getConditionDescription Invalid condition id : Cortex-A Device cause : null
2026-04-08 13:01:50,108 [WARN] ConditionMgr:1044 - genDependencies : Invalid condition id : Cortex-A Device cause : null
2026-04-08 13:01:50,108 [WARN] ConditionMgr:1044 - genDependencies : Invalid condition id : Cortex-A Device cause : null
2026-04-08 13:01:50,108 [WARN] ConditionMgr:1044 - genDependencies : Invalid condition id : Cortex-A Device cause : null
2026-04-08 13:01:50,123 [WARN] PackLoader:240 - Cannot read IP mode file for STMicroelectronics.X-CUBE-EEPRMA1.5.1.0
2026-04-08 13:01:50,135 [ERROR] Engine:466 - C:\Users\abhil\.stm32cubemx\thirdparties\pdsc\STMicroelectronics.X-CUBE-FREERTOS.1.5.0.pdsc: PDSC version is not supported
2026-04-08 13:01:50,152 [WARN] PackLoader:240 - Cannot read IP mode file for emotas.I-CUBE-CANOPEN.1.1.2
2026-04-08 13:01:50,167 [WARN] PackLoader:240 - Cannot read IP mode file for STMicroelectronics.X-CUBE-TOUCHGFX.4.20.0
2026-04-08 13:01:50,182 [WARN] PackLoader:240 - Cannot read IP mode file for ITTIA_DB.I-CUBE-ITTIADB.8.9.0
2026-04-08 13:01:50,196 [WARN] PackLoader:240 - Cannot read IP mode file for STMicroelectronics.X-CUBE-NFC6.3.2.0
2026-04-08 13:01:50,244 [WARN] PackLoader:240 - Cannot read IP mode file for STMicroelectronics.X-CUBE-MEMS1.9.5.0
2026-04-08 13:01:50,351 [WARN] PackLoader:240 - Cannot read IP mode file for STMicroelectronics.X-CUBE-ST67W61.1.0.0
2026-04-08 13:01:50,365 [WARN] PackLoader:240 - Cannot read IP mode file for STMicroelectronics.X-CUBE-AI.10.2.0
2026-04-08 13:01:50,392 [WARN] PackLoader:240 - Cannot read IP mode file for SEGGER.I-CUBE-embOS.1.3.1
2026-04-08 13:01:50,420 [WARN] PackLoader:240 - Cannot read IP mode file for STMicroelectronics.X-CUBE-ALGOBUILD.1.4.0
2026-04-08 13:01:50,464 [WARN] PackLoader:240 - Cannot read IP mode file for STMicroelectronics.X-CUBE-MEMS1.11.3.0
2026-04-08 13:01:50,541 [WARN] PackLoader:240 - Cannot read IP mode file for STMicroelectronics.X-CUBE-AI.9.1.0
2026-04-08 13:01:50,557 [WARN] PackLoader:240 - Cannot read IP mode file for STMicroelectronics.X-CUBE-PM33A1.1.0.0
2026-04-08 13:01:50,571 [WARN] PackLoader:240 - Cannot read IP mode file for STMicroelectronics.X-CUBE-GNSS1.6.0.0
2026-04-08 13:01:50,599 [WARN] PackLoader:240 - Cannot read IP mode file for STMicroelectronics.X-CUBE-AZRTOS-F4.1.1.0
2026-04-08 13:01:50,606 [WARN] PackLoader:240 - Cannot read IP mode file for Avnet-IotConnect.X-CUBE-IoTC-DA16k-PMOD.1.0.0
2026-04-08 13:01:50,621 [WARN] PackLoader:240 - Cannot read IP mode file for STMicroelectronics.X-CUBE-ISPU.2.1.0
2026-04-08 13:01:50,644 [ERROR] Engine:466 - C:\Users\abhil\.stm32cubemx\thirdparties\pdsc\STMicroelectronics.X-CUBE-IPS.3.2.0.pdsc: PDSC version is not supported
2026-04-08 13:01:50,648 [WARN] PackLoader:240 - Cannot read IP mode file for STMicroelectronics.eDS-WB_DPC_TT-BIDIR.2.1.1
2026-04-08 13:01:50,665 [WARN] PackLoader:240 - Cannot read IP mode file for STMicroelectronics.X-CUBE-FREERTOS.1.2.0
2026-04-08 13:01:50,681 [WARN] PackLoader:240 - Cannot read IP mode file for STMicroelectronics.X-CUBE-NFC12.1.0.0
2026-04-08 13:01:50,699 [WARN] PackLoader:240 - Cannot read IP mode file for STMicroelectronics.X-CUBE-BLEMGR.1.2.0
2026-04-08 13:01:50,724 [WARN] PackLoader:240 - Cannot read IP mode file for STMicroelectronics.X-CUBE-AZRTOS-L5.2.0.0
2026-04-08 13:01:50,743 [WARN] PackLoader:240 - Cannot read IP mode file for STMicroelectronics.X-CUBE-NFC6.3.1.0
2026-04-08 13:01:50,759 [WARN] PackLoader:240 - Cannot read IP mode file for STMicroelectronics.X-CUBE-BLEMGR.2.0.0
2026-04-08 13:01:50,777 [WARN] PackLoader:240 - Cannot read IP mode file for STMicroelectronics.X-CUBE-DPower.1.2.0
2026-04-08 13:01:50,782 [WARN] PackLoader:240 - Cannot read IP mode file for STMicroelectronics.eDS-WB_DPC_VIENNA.1.2.0
2026-04-08 13:01:50,796 [WARN] PackLoader:240 - Cannot read IP mode file for STMicroelectronics.eDS-WB_DPC_3PH2L-BIDIR.1.1.1
2026-04-08 13:01:50,811 [WARN] PackLoader:240 - Cannot read IP mode file for STMicroelectronics.X-CUBE-NFC4.2.0.4
2026-04-08 13:01:50,824 [WARN] PackLoader:240 - Cannot read IP mode file for STMicroelectronics.X-CUBE-AI.9.0.0
2026-04-08 13:01:50,847 [WARN] ConditionMgr:438 - getConditionDescription Invalid condition id : UX DEVICE CLASS RTOS Condition cause : null
2026-04-08 13:01:50,847 [WARN] ConditionMgr:438 - getConditionDescription Invalid condition id : UX DEVICE CLASS RTOS Condition cause : null
2026-04-08 13:01:50,849 [WARN] PackLoader:240 - Cannot read IP mode file for STMicroelectronics.X-CUBE-AZRTOS-H7.3.1.0
2026-04-08 13:01:50,850 [WARN] ConditionMgr:1044 - genDependencies : Invalid condition id : UX DEVICE CLASS RTOS Condition cause : null
2026-04-08 13:01:50,850 [WARN] ConditionMgr:1044 - genDependencies : Invalid condition id : UX DEVICE CLASS RTOS Condition cause : null
2026-04-08 13:01:50,851 [WARN] ConditionMgr:1044 - genDependencies : Invalid condition id : UX DEVICE CLASS RTOS Condition cause : null
2026-04-08 13:01:50,851 [WARN] ConditionMgr:1044 - genDependencies : Invalid condition id : UX DEVICE CLASS RTOS Condition cause : null
2026-04-08 13:01:50,852 [WARN] ConditionMgr:1044 - genDependencies : Invalid condition id : UX DEVICE CLASS RTOS Condition cause : null
2026-04-08 13:01:50,867 [WARN] PackLoader:240 - Cannot read IP mode file for wolfSSL.I-CUBE-wolfSSL.5.5.1
2026-04-08 13:01:50,881 [WARN] PackLoader:240 - Cannot read IP mode file for STMicroelectronics.X-CUBE-FREERTOS.1.3.1
2026-04-08 13:01:50,901 [WARN] PackLoader:240 - Cannot read IP mode file for STMicroelectronics.X-CUBE-FREERTOS.1.3.0
2026-04-08 13:01:50,917 [WARN] PackLoader:240 - Cannot read IP mode file for STMicroelectronics.X-CUBE-NFC7.1.0.1
2026-04-08 13:01:50,930 [WARN] PackLoader:240 - Cannot read IP mode file for STMicroelectronics.X-CUBE-NFC7.1.0.0
2026-04-08 13:01:50,944 [WARN] PackLoader:240 - Cannot read IP mode file for STMicroelectronics.X-CUBE-TOUCHGFX.4.26.0
2026-04-08 13:01:50,957 [WARN] PackLoader:240 - Cannot read IP mode file for STMicroelectronics.X-CUBE-TOUCHGFX.4.26.1
2026-04-08 13:01:50,972 [WARN] PackLoader:240 - Cannot read IP mode file for STMicroelectronics.X-CUBE-EEPRMA1.4.1.0
2026-04-08 13:01:50,987 [WARN] PackLoader:240 - Cannot read IP mode file for STMicroelectronics.FP-SNS-STAIOTCFT.1.0.0
2026-04-08 13:01:51,001 [WARN] PackLoader:240 - Cannot read IP mode file for STMicroelectronics.X-CUBE-DPower.1.3.0
2026-04-08 13:01:51,025 [WARN] ConditionMgr:438 - getConditionDescription Invalid condition id : LAN8742 Phy interface Condition cause : null
2026-04-08 13:01:51,025 [WARN] PackLoader:240 - Cannot read IP mode file for STMicroelectronics.X-CUBE-AZRTOS-L4.2.0.0
2026-04-08 13:01:51,026 [WARN] ConditionMgr:1044 - genDependencies : Invalid condition id : LAN8742 Phy interface Condition cause : null
2026-04-08 13:01:51,026 [WARN] ConditionMgr:1044 - genDependencies : Invalid condition id : LAN8742 Phy interface Condition cause : null
2026-04-08 13:01:51,026 [WARN] ConditionMgr:1044 - genDependencies : Invalid condition id : LAN8742 Phy interface Condition cause : null
2026-04-08 13:01:51,040 [WARN] PackLoader:240 - Cannot read IP mode file for STMicroelectronics.X-CUBE-SFXS2LP1.4.0.0
2026-04-08 13:01:51,055 [ERROR] Engine:466 - C:\Users\abhil\.stm32cubemx\thirdparties\pdsc\STMicroelectronics.X-CUBE-ST67W61.1.2.0.pdsc: PDSC version is not supported
2026-04-08 13:01:51,067 [WARN] PackLoader:240 - Cannot read IP mode file for STMicroelectronics.X-CUBE-ISPU.1.1.0
2026-04-08 13:01:51,092 [WARN] PackLoader:240 - Cannot read IP mode file for STMicroelectronics.X-CUBE-AZRTOS-H7.3.3.0
2026-04-08 13:01:51,109 [WARN] PackLoader:240 - Cannot read IP mode file for RoweBots.I-CUBE-UNISONRTOS.5.5.0-4
2026-04-08 13:01:51,124 [WARN] PackLoader:240 - Cannot read IP mode file for STMicroelectronics.X-CUBE-BLEMGR.4.1.0
2026-04-08 13:01:51,137 [WARN] PackLoader:240 - Cannot read IP mode file for STMicroelectronics.X-CUBE-AI.8.0.0
2026-04-08 13:01:51,156 [WARN] PackLoader:240 - Cannot read IP mode file for STMicroelectronics.X-CUBE-IPS.3.0.0
2026-04-08 13:01:51,179 [WARN] ConditionMgr:438 - getConditionDescription Invalid condition id : UX DEVICE CLASS RTOS Condition cause : null
2026-04-08 13:01:51,180 [WARN] ConditionMgr:438 - getConditionDescription Invalid condition id : UX DEVICE CLASS RTOS Condition cause : null
2026-04-08 13:01:51,181 [WARN] PackLoader:240 - Cannot read IP mode file for STMicroelectronics.X-CUBE-AZRTOS-WB.2.0.0
2026-04-08 13:01:51,181 [WARN] ConditionMgr:1044 - genDependencies : Invalid condition id : UX DEVICE CLASS RTOS Condition cause : null
2026-04-08 13:01:51,182 [WARN] ConditionMgr:1044 - genDependencies : Invalid condition id : UX DEVICE CLASS RTOS Condition cause : null
2026-04-08 13:01:51,182 [WARN] ConditionMgr:1044 - genDependencies : Invalid condition id : UX DEVICE CLASS RTOS Condition cause : null
2026-04-08 13:01:51,182 [WARN] ConditionMgr:1044 - genDependencies : Invalid condition id : UX DEVICE CLASS RTOS Condition cause : null
2026-04-08 13:01:51,182 [WARN] ConditionMgr:1044 - genDependencies : Invalid condition id : UX DEVICE CLASS RTOS Condition cause : null
2026-04-08 13:01:51,194 [WARN] PackLoader:240 - Cannot read IP mode file for STMicroelectronics.X-CUBE-FREERTOS.1.0.1
2026-04-08 13:01:51,207 [WARN] PackLoader:240 - Cannot read IP mode file for STMicroelectronics.X-CUBE-GNSS1.7.0.0
2026-04-08 13:01:51,221 [WARN] PackLoader:240 - Cannot read IP mode file for STMicroelectronics.X-CUBE-GNSS1.7.0.1
2026-04-08 13:01:51,234 [WARN] PackLoader:240 - Cannot read IP mode file for STMicroelectronics.X-CUBE-TOUCHGFX.4.25.0
2026-04-08 13:01:51,249 [WARN] PackLoader:240 - Cannot read IP mode file for STMicroelectronics.FP-SNS-STBOX1.2.0.0
2026-04-08 13:01:51,265 [WARN] PackLoader:240 - Cannot read IP mode file for STMicroelectronics.X-CUBE-STSE01.2.0.0
2026-04-08 13:01:51,289 [WARN] PackLoader:240 - Cannot read IP mode file for STMicroelectronics.X-CUBE-AZRTOS-L5.1.1.0
2026-04-08 13:01:51,310 [WARN] PackLoader:240 - Cannot read IP mode file for STMicroelectronics.X-CUBE-SUBG2.5.0.0
2026-04-08 13:01:51,334 [WARN] PackLoader:240 - Cannot read IP mode file for STMicroelectronics.X-CUBE-AZRTOS-H7RS.1.1.0
2026-04-08 13:01:51,350 [WARN] PackLoader:240 - Cannot read IP mode file for Cesanta.I-CUBE-Mongoose.7.13.0
2026-04-08 13:01:51,371 [WARN] PackLoader:240 - Cannot read IP mode file for STMicroelectronics.X-CUBE-AZRTOS-G4.2.0.0
2026-04-08 13:01:51,387 [WARN] PackLoader:240 - Cannot read IP mode file for STMicroelectronics.X-CUBE-TOF1.3.3.0
2026-04-08 13:01:51,395 [WARN] PackLoader:240 - Cannot read IP mode file for STMicroelectronics.FP-ATR-ASTRA1.1.1.1
2026-04-08 13:01:51,408 [WARN] PackLoader:240 - Cannot read IP mode file for STMicroelectronics.X-CUBE-NFC7.2.0.0
2026-04-08 13:01:51,426 [WARN] PackLoader:240 - Cannot read IP mode file for STMicroelectronics.X-CUBE-AZRTOS-G4.1.0.0
2026-04-08 13:01:51,448 [WARN] PackLoader:240 - Cannot read IP mode file for STMicroelectronics.X-CUBE-AZRTOS-L4.1.0.0
2026-04-08 13:01:51,461 [WARN] PackLoader:240 - Cannot read IP mode file for STMicroelectronics.X-CUBE-ISPU.2.0.0
2026-04-08 13:01:51,476 [WARN] PackLoader:240 - Cannot read IP mode file for STMicroelectronics.X-CUBE-IPS.3.1.0
2026-04-08 13:01:51,493 [WARN] PackLoader:240 - Cannot read IP mode file for STMicroelectronics.X-CUBE-ALS.1.0.2
2026-04-08 13:01:51,535 [WARN] PackLoader:240 - Cannot read IP mode file for STMicroelectronics.X-CUBE-MEMS1.10.0.0
2026-04-08 13:01:51,611 [WARN] PackLoader:240 - Cannot read IP mode file for STMicroelectronics.X-CUBE-TOUCHGFX.4.24.2
2026-04-08 13:01:51,629 [WARN] PackLoader:240 - Cannot read IP mode file for STMicroelectronics.X-CUBE-AZRTOS-WL.1.0.0
2026-04-08 13:01:51,642 [WARN] PackLoader:240 - Cannot read IP mode file for STMicroelectronics.X-CUBE-TOUCHGFX.4.24.1
2026-04-08 13:01:51,659 [WARN] PackLoader:240 - Cannot read IP mode file for STMicroelectronics.X-CUBE-STSE01.1.0.0
2026-04-08 13:01:51,664 [WARN] PackLoader:240 - Cannot read IP mode file for wolfSSL.I-CUBE-wolfTPM.3.4.0
2026-04-08 13:01:51,677 [WARN] PackLoader:240 - Cannot read IP mode file for portGmbH.I-Cube-SoM-uGOAL.1.1.0
2026-04-08 13:01:51,690 [WARN] PackLoader:240 - Cannot read IP mode file for STMicroelectronics.X-CUBE-ALS.1.0.1
2026-04-08 13:01:51,709 [WARN] PackLoader:240 - Cannot read IP mode file for STMicroelectronics.X-CUBE-AZRTOS-WB.1.1.0
2026-04-08 13:01:51,730 [WARN] PackLoader:240 - Cannot read IP mode file for STMicroelectronics.X-CUBE-AZRTOS-L5.1.0.0
2026-04-08 13:01:51,751 [WARN] PackLoader:240 - Cannot read IP mode file for STMicroelectronics.X-CUBE-EEPRMA1.3.1.1
2026-04-08 13:01:51,775 [WARN] PackLoader:240 - Cannot read IP mode file for STMicroelectronics.X-CUBE-AZRTOS-H7RS.1.0.0
2026-04-08 13:01:51,780 [WARN] PackLoader:240 - Cannot read IP mode file for STMicroelectronics.FP-ATR-ASTRA1.2.0.0
2026-04-08 13:01:51,796 [WARN] PackLoader:240 - Cannot read IP mode file for STMicroelectronics.X-CUBE-TOF1.3.4.2
2026-04-08 13:01:51,816 [WARN] PackLoader:240 - Cannot read IP mode file for STMicroelectronics.X-CUBE-TOF1.3.4.3
2026-04-08 13:01:51,838 [WARN] PackLoader:240 - Cannot read IP mode file for STMicroelectronics.X-CUBE-TOF1.3.4.1
2026-04-08 13:01:51,873 [WARN] PackLoader:240 - Cannot read IP mode file for STMicroelectronics.X-CUBE-AZRTOS-H7.3.2.0
2026-04-08 13:01:51,900 [WARN] PackLoader:240 - Cannot read IP mode file for Infineon.AIROC-Wi-Fi-Bluetooth-STM32.1.6.0
2026-04-08 13:01:51,906 [WARN] PackLoader:240 - Cannot read IP mode file for wolfSSL.I-CUBE-wolfSSH.1.4.17
2026-04-08 13:01:51,906 [INFO] ThirdParty:978 - Integrity check success = true
2026-04-08 13:01:51,906 [INFO] IntegrityCheckThread:100 - exiting critical section [integrity check]
2026-04-08 13:01:51,906 [INFO] IntegrityCheckThread:103 - End integrity checks thread
2026-04-08 13:03:06,695 [ERROR] LogOutputStream:75 - [STDERR_REDIRECT] 
2026-04-08 19:41:21,761 [INFO] Activator:176 - 


2026-04-08 19:41:21,761 [INFO] Activator:177 - !SESSION log4j initialized
2026-04-08 19:41:31,433 [INFO] LogOutputStream:77 - [STDOUT_REDIRECT] 
2026-04-08 19:41:42,191 [INFO] ApplicationProperties:184 - Using Application install path: C:\ST\STM32CubeIDE_1.10.1\STM32CubeIDE\plugins\com.st.stm32cube.common.mx_6.14.1.202504091515
2026-04-08 19:41:42,215 [INFO] DbMcusXml:78 - Set database path to: C:\ST\STM32CubeIDE_1.10.1\STM32CubeIDE\plugins\com.st.stm32cube.common.mx_6.14.1.202504091515\\db\/mcu/
2026-04-08 19:41:42,216 [INFO] ApiDb:274 - Set plugin database path to: C:\ST\STM32CubeIDE_1.10.1\STM32CubeIDE\plugins\com.st.stm32cube.common.mx_6.14.1.202504091515\\db\/plugins/boardmanager/
2026-04-08 19:41:42,216 [WARN] ApiDb:259 - Overriding images path with different value:  => C:\ST\STM32CubeIDE_1.10.1\STM32CubeIDE\plugins\com.st.stm32cube.common.mx_6.14.1.202504091515\\db\/plugins/mcufinder/images/
2026-04-08 19:41:42,229 [INFO] ApiDb:250 - Set database path to: C:\Users\abhil\.stmcufinder\plugins\mcufinder//mcu/
2026-04-08 19:41:42,231 [INFO] DbMcusAds:125 - Set database path to: C:\Users\abhil\.stmcufinder\plugins\mcufinder//mcu/
2026-04-08 19:41:42,237 [INFO] CrossReferenceDbSqlite:203 - Set database path to: C:\Users\abhil\.stmcufinder\plugins\mcufinder//mcu/cs/
2026-04-08 19:41:42,396 [INFO] RulesReader:64 - Compatibility file has been processed (302 Rules)
2026-04-08 19:41:42,530 [INFO] DbMcusXml:78 - Set database path to: C:\ST\STM32CubeIDE_1.10.1\STM32CubeIDE\plugins\com.st.stm32cube.common.mx_6.14.1.202504091515\\db\/mcu/
2026-04-08 19:41:42,530 [INFO] ApiDb:274 - Set plugin database path to: C:\ST\STM32CubeIDE_1.10.1\STM32CubeIDE\plugins\com.st.stm32cube.common.mx_6.14.1.202504091515\\db\/plugins/boardmanager/
2026-04-08 19:41:42,530 [INFO] ApiDb:261 - Set plugin images path to: C:\ST\STM32CubeIDE_1.10.1\STM32CubeIDE\plugins\com.st.stm32cube.common.mx_6.14.1.202504091515\\db\/plugins/mcufinder/images/
2026-04-08 19:41:42,530 [WARN] DbFile:41 - Overriding database path with different value: C:\Users\abhil\.stmcufinder\plugins\mcufinder/ => C:\Users\abhil\.stmcufinder\plugins\mcufinder
2026-04-08 19:41:42,530 [INFO] ApiDb:250 - Set database path to: C:\Users\abhil\.stmcufinder\plugins\mcufinder//mcu/
2026-04-08 19:41:42,530 [WARN] DbFile:41 - Overriding database path with different value: C:\Users\abhil\.stmcufinder\plugins\mcufinder/ => C:\Users\abhil\.stmcufinder\plugins\mcufinder
2026-04-08 19:41:42,530 [INFO] DbMcusAds:125 - Set database path to: C:\Users\abhil\.stmcufinder\plugins\mcufinder//mcu/
2026-04-08 19:41:42,530 [WARN] DbFile:41 - Overriding database path with different value: C:\Users\abhil\.stmcufinder\plugins\mcufinder/ => C:\Users\abhil\.stmcufinder\plugins\mcufinder
2026-04-08 19:41:42,530 [WARN] DbFile:41 - Overriding database path with different value: C:\Users\abhil\.stmcufinder\plugins\mcufinder/ => C:\Users\abhil\.stmcufinder\plugins\mcufinder
2026-04-08 19:41:42,530 [INFO] CrossReferenceDbSqlite:203 - Set database path to: C:\Users\abhil\.stmcufinder\plugins\mcufinder//mcu/cs/
2026-04-08 19:41:42,632 [INFO] MainPanel:272 - HeapMemory: 268435456
2026-04-08 19:41:42,766 [INFO] DbMcusXml:78 - Set database path to: C:\ST\STM32CubeIDE_1.10.1\STM32CubeIDE\plugins\com.st.stm32cube.common.mx_6.14.1.202504091515\\db\/mcu/
2026-04-08 19:41:42,766 [INFO] ApiDb:274 - Set plugin database path to: C:\ST\STM32CubeIDE_1.10.1\STM32CubeIDE\plugins\com.st.stm32cube.common.mx_6.14.1.202504091515\\db\/plugins/boardmanager/
2026-04-08 19:41:42,766 [INFO] ApiDb:261 - Set plugin images path to: C:\ST\STM32CubeIDE_1.10.1\STM32CubeIDE\plugins\com.st.stm32cube.common.mx_6.14.1.202504091515\\db\/plugins/mcufinder/images/
2026-04-08 19:41:42,766 [WARN] DbFile:41 - Overriding database path with different value: C:\Users\abhil\.stmcufinder\plugins\mcufinder/ => C:\Users\abhil\.stmcufinder\plugins\mcufinder
2026-04-08 19:41:42,771 [INFO] ApiDb:250 - Set database path to: C:\Users\abhil\.stmcufinder\plugins\mcufinder//mcu/
2026-04-08 19:41:42,771 [WARN] DbFile:41 - Overriding database path with different value: C:\Users\abhil\.stmcufinder\plugins\mcufinder/ => C:\Users\abhil\.stmcufinder\plugins\mcufinder
2026-04-08 19:41:42,771 [INFO] DbMcusAds:125 - Set database path to: C:\Users\abhil\.stmcufinder\plugins\mcufinder//mcu/
2026-04-08 19:41:42,771 [WARN] DbFile:41 - Overriding database path with different value: C:\Users\abhil\.stmcufinder\plugins\mcufinder/ => C:\Users\abhil\.stmcufinder\plugins\mcufinder
2026-04-08 19:41:42,771 [WARN] DbFile:41 - Overriding database path with different value: C:\Users\abhil\.stmcufinder\plugins\mcufinder/ => C:\Users\abhil\.stmcufinder\plugins\mcufinder
2026-04-08 19:41:42,771 [INFO] CrossReferenceDbSqlite:203 - Set database path to: C:\Users\abhil\.stmcufinder\plugins\mcufinder//mcu/cs/
2026-04-08 19:41:42,787 [INFO] ApplicationProperties:184 - Using Application install path: C:\ST\STM32CubeIDE_1.10.1\STM32CubeIDE\plugins\com.st.stm32cube.common.mx_6.14.1.202504091515
2026-04-08 19:41:42,787 [INFO] PluginManage:196 - Search for loadable plugins [exclusion list=, ]
2026-04-08 19:41:42,803 [INFO] PluginManage:310 - Check plugin analytics
2026-04-08 19:41:52,479 [INFO] AnalyticsPlugin:253 - Accepted Software Licenses: 
2026-04-08 19:41:52,479 [INFO] AnalyticsPlugin:255 - Accepted CMSIS Pack Licenses: 
2026-04-08 19:41:52,479 [INFO] AnalyticsPlugin:257 - Accepted Firmware Licenses: FW.F4.1.27.0,FW.H7.1.10.0,FW.H7.1.12.0,FW.F4.1.28.0
2026-04-08 19:41:52,483 [INFO] PluginManage:359 - Loaded plugin analytics (category:tool,tabindex:-1)
2026-04-08 19:41:52,484 [INFO] PluginManage:310 - Check plugin cadmodel
2026-04-08 19:41:52,488 [INFO] CADModel:105 - Init CAD model plugin
2026-04-08 19:41:52,488 [INFO] PluginManage:359 - Loaded plugin cadmodel (category:power,tabindex:5)
2026-04-08 19:41:52,489 [INFO] PluginManage:310 - Check plugin clock
2026-04-08 19:41:52,498 [INFO] PluginManage:359 - Loaded plugin clock (category:base,tabindex:2)
2026-04-08 19:41:52,498 [INFO] PluginManage:310 - Check plugin ddr
2026-04-08 19:41:52,502 [INFO] PluginManage:359 - Loaded plugin ddr (category:tool,tabindex:6)
2026-04-08 19:41:52,502 [INFO] PluginManage:310 - Check plugin filemanager
2026-04-08 19:41:52,666 [INFO] PluginManage:359 - Loaded plugin filemanager (category:base,tabindex:10)
2026-04-08 19:41:52,666 [INFO] PluginManage:310 - Check plugin ipmanager
2026-04-08 19:41:52,677 [INFO] PluginManage:359 - Loaded plugin ipmanager (category:base,tabindex:5)
2026-04-08 19:41:52,678 [INFO] PluginManage:310 - Check plugin lpbam
2026-04-08 19:41:52,690 [INFO] PluginManage:359 - Loaded plugin lpbam (category:base,tabindex:0)
2026-04-08 19:41:52,690 [INFO] PluginManage:310 - Check plugin memorymap
2026-04-08 19:41:52,711 [INFO] PluginManage:359 - Loaded plugin memorymap (category:base,tabindex:4)
2026-04-08 19:41:52,711 [INFO] PluginManage:310 - Check plugin pinoutandconfiguration
2026-04-08 19:41:52,721 [INFO] PluginManage:359 - Loaded plugin pinoutandconfiguration (category:base,tabindex:1)
2026-04-08 19:41:52,721 [INFO] PluginManage:310 - Check plugin pinoutconfig
2026-04-08 19:41:52,844 [WARN] SupportedApi:132 - Cannot load RTOS API schema: s4s-elt-must-match.1: The content of 'definitions' must match (annotation?, (simpleType | complexType)?, (unique | key | keyref)*)). A problem was found starting at: attribute.
2026-04-08 19:41:52,978 [INFO] PluginManage:359 - Loaded plugin pinoutconfig (category:base,tabindex:0)
2026-04-08 19:41:52,979 [INFO] PluginManage:310 - Check plugin power
2026-04-08 19:41:52,988 [INFO] PluginManage:359 - Loaded plugin power (category:power,tabindex:4)
2026-04-08 19:41:52,989 [INFO] PluginManage:310 - Check plugin projectmanager
2026-04-08 19:41:53,009 [INFO] PluginManage:359 - Loaded plugin projectmanager (category:projectmanager,tabindex:4)
2026-04-08 19:41:53,009 [INFO] PluginManage:310 - Check plugin rif
2026-04-08 19:41:53,018 [INFO] PluginManage:359 - Loaded plugin rif (category:base,tabindex:3)
2026-04-08 19:41:53,019 [INFO] PluginManage:310 - Check plugin thirdparty
2026-04-08 19:41:53,215 [INFO] PluginManage:359 - Loaded plugin thirdparty (category:base,tabindex:-1)
2026-04-08 19:41:53,215 [WARN] IntegrityCheckThread:84 - waiting for thirdparty lock release [integrity check]
2026-04-08 19:41:53,215 [INFO] PluginManage:310 - Check plugin tools
2026-04-08 19:41:53,215 [INFO] IntegrityCheckThread:86 - entering critical section [integrity check]
2026-04-08 19:41:53,216 [INFO] ThirdPartyUpdaterWithRetryManager:70 - Updater plugin not ready yet. [1/15]
2026-04-08 19:41:53,219 [INFO] PluginManage:359 - Loaded plugin tools (category:base,tabindex:7)
2026-04-08 19:41:53,219 [INFO] PluginManage:310 - Check plugin tutovideos
2026-04-08 19:41:53,411 [INFO] PluginManage:359 - Loaded plugin tutovideos (category:base,tabindex:-1)
2026-04-08 19:41:53,412 [INFO] PluginManage:310 - Check plugin updater
2026-04-08 19:41:53,441 [INFO] PluginManage:359 - Loaded plugin updater (category:base,tabindex:12)
2026-04-08 19:41:53,442 [INFO] PluginManage:310 - Check plugin userauth
2026-04-08 19:41:53,446 [INFO] UserAuth:118 - Init User Auth plugin
2026-04-08 19:41:53,448 [INFO] PluginManage:359 - Loaded plugin userauth (category:base,tabindex:14)
2026-04-08 19:41:53,449 [INFO] PluginManage:283 - PluginManage : Loaded plugins [18]
2026-04-08 19:41:53,718 [INFO] PinOutPanel:1589 - setPackage(No Configuration,No Configuration)
2026-04-08 19:41:53,847 [INFO] CADModel:165 - CPN selected for project level
2026-04-08 19:41:53,848 [INFO] CADModel:114 - Register for checkConnection events
2026-04-08 19:41:53,870 [INFO] IPUIPlugin:80 - create IPUIPlugin
2026-04-08 19:41:53,870 [INFO] PluginManager:220 - loadIPPluginJar : add adc
2026-04-08 19:41:53,873 [INFO] IPUIPlugin:80 - create IPUIPlugin
2026-04-08 19:41:53,873 [INFO] PluginManager:220 - loadIPPluginJar : add aes
2026-04-08 19:41:53,878 [INFO] IPUIPlugin:80 - create IPUIPlugin
2026-04-08 19:41:53,878 [INFO] PluginManager:220 - loadIPPluginJar : add can
2026-04-08 19:41:53,880 [INFO] IPUIPlugin:80 - create IPUIPlugin
2026-04-08 19:41:53,880 [INFO] PluginManager:220 - loadIPPluginJar : add comp
2026-04-08 19:41:53,883 [INFO] IPUIPlugin:80 - create IPUIPlugin
2026-04-08 19:41:53,883 [INFO] PluginManager:220 - loadIPPluginJar : add cryp
2026-04-08 19:41:53,887 [INFO] IPUIPlugin:80 - create IPUIPlugin
2026-04-08 19:41:53,887 [INFO] PluginManager:220 - loadIPPluginJar : add ddr_ctrl_phy
2026-04-08 19:41:53,891 [INFO] IPUIPlugin:80 - create IPUIPlugin
2026-04-08 19:41:53,891 [INFO] PluginManager:220 - loadIPPluginJar : add dfsdm
2026-04-08 19:41:53,899 [INFO] IPUIPlugin:80 - create IPUIPlugin
2026-04-08 19:41:53,899 [INFO] PluginManager:220 - loadIPPluginJar : add dma
2026-04-08 19:41:53,903 [INFO] IPUIPlugin:80 - create IPUIPlugin
2026-04-08 19:41:53,903 [INFO] PluginManager:220 - loadIPPluginJar : add dma3
2026-04-08 19:41:53,907 [INFO] IPUIPlugin:80 - create IPUIPlugin
2026-04-08 19:41:53,907 [INFO] PluginManager:220 - loadIPPluginJar : add extmemmanager
2026-04-08 19:41:53,910 [INFO] IPUIPlugin:80 - create IPUIPlugin
2026-04-08 19:41:53,910 [INFO] PluginManager:220 - loadIPPluginJar : add fatfs
2026-04-08 19:41:53,915 [INFO] IPUIPlugin:80 - create IPUIPlugin
2026-04-08 19:41:53,915 [INFO] PluginManager:220 - loadIPPluginJar : add fmc
2026-04-08 19:41:53,921 [INFO] IPUIPlugin:80 - create IPUIPlugin
2026-04-08 19:41:53,921 [INFO] PluginManager:220 - loadIPPluginJar : add freertos
2026-04-08 19:41:53,924 [INFO] IPUIPlugin:80 - create IPUIPlugin
2026-04-08 19:41:53,924 [INFO] PluginManager:220 - loadIPPluginJar : add genericplugin
2026-04-08 19:41:53,927 [INFO] IPUIPlugin:80 - create IPUIPlugin
2026-04-08 19:41:53,927 [INFO] PluginManager:220 - loadIPPluginJar : add gfxmmu
2026-04-08 19:41:53,931 [INFO] IPUIPlugin:80 - create IPUIPlugin
2026-04-08 19:41:53,931 [INFO] PluginManager:220 - loadIPPluginJar : add gic
2026-04-08 19:41:53,936 [INFO] IPUIPlugin:80 - create IPUIPlugin
2026-04-08 19:41:53,937 [INFO] PluginManager:220 - loadIPPluginJar : add gpio
2026-04-08 19:41:53,940 [INFO] IPUIPlugin:80 - create IPUIPlugin
2026-04-08 19:41:53,940 [INFO] PluginManager:220 - loadIPPluginJar : add gtzc
2026-04-08 19:41:53,942 [INFO] IPUIPlugin:80 - create IPUIPlugin
2026-04-08 19:41:53,942 [INFO] PluginManager:220 - loadIPPluginJar : add hash
2026-04-08 19:41:53,946 [INFO] IPUIPlugin:80 - create IPUIPlugin
2026-04-08 19:41:53,947 [INFO] PluginManager:220 - loadIPPluginJar : add i2c
2026-04-08 19:41:53,950 [INFO] IPUIPlugin:80 - create IPUIPlugin
2026-04-08 19:41:53,950 [INFO] PluginManager:220 - loadIPPluginJar : add i2s
2026-04-08 19:41:53,954 [INFO] IPUIPlugin:80 - create IPUIPlugin
2026-04-08 19:41:53,954 [INFO] PluginManager:220 - loadIPPluginJar : add i3c
2026-04-08 19:41:53,958 [INFO] IPUIPlugin:80 - create IPUIPlugin
2026-04-08 19:41:53,959 [INFO] PluginManager:220 - loadIPPluginJar : add ipddr
2026-04-08 19:41:53,967 [INFO] IPUIPlugin:80 - create IPUIPlugin
2026-04-08 19:41:53,967 [INFO] PluginManager:220 - loadIPPluginJar : add linkedlist
2026-04-08 19:41:53,971 [INFO] IPUIPlugin:80 - create IPUIPlugin
2026-04-08 19:41:53,971 [INFO] PluginManager:220 - loadIPPluginJar : add lorawan
2026-04-08 19:41:53,973 [INFO] IPUIPlugin:80 - create IPUIPlugin
2026-04-08 19:41:53,973 [INFO] PluginManager:220 - loadIPPluginJar : add ltdc
2026-04-08 19:41:53,979 [INFO] IPUIPlugin:80 - create IPUIPlugin
2026-04-08 19:41:53,981 [INFO] PluginManager:220 - loadIPPluginJar : add mdma
2026-04-08 19:41:53,985 [INFO] IPUIPlugin:80 - create IPUIPlugin
2026-04-08 19:41:53,985 [INFO] PluginManager:220 - loadIPPluginJar : add nvic
2026-04-08 19:41:53,989 [INFO] IPUIPlugin:80 - create IPUIPlugin
2026-04-08 19:41:53,989 [INFO] PluginManager:220 - loadIPPluginJar : add opamp
2026-04-08 19:41:53,993 [INFO] IPUIPlugin:80 - create IPUIPlugin
2026-04-08 19:41:53,993 [INFO] PluginManager:220 - loadIPPluginJar : add openamp
2026-04-08 19:41:53,997 [INFO] IPUIPlugin:80 - create IPUIPlugin
2026-04-08 19:41:53,997 [INFO] PluginManager:220 - loadIPPluginJar : add pdm2pcm
2026-04-08 19:41:54,005 [INFO] IPUIPlugin:80 - create IPUIPlugin
2026-04-08 19:41:54,007 [INFO] PluginManager:220 - loadIPPluginJar : add plateformsettings
2026-04-08 19:41:54,010 [INFO] IPUIPlugin:80 - create IPUIPlugin
2026-04-08 19:41:54,011 [INFO] PluginManager:220 - loadIPPluginJar : add quadspi
2026-04-08 19:41:54,013 [INFO] IPUIPlugin:80 - create IPUIPlugin
2026-04-08 19:41:54,014 [INFO] PluginManager:220 - loadIPPluginJar : add radio
2026-04-08 19:41:54,019 [INFO] IPUIPlugin:80 - create IPUIPlugin
2026-04-08 19:41:54,020 [INFO] PluginManager:220 - loadIPPluginJar : add resmgrutility
2026-04-08 19:41:54,023 [INFO] IPUIPlugin:80 - create IPUIPlugin
2026-04-08 19:41:54,023 [INFO] PluginManager:220 - loadIPPluginJar : add sai
2026-04-08 19:41:54,026 [INFO] IPUIPlugin:80 - create IPUIPlugin
2026-04-08 19:41:54,027 [INFO] PluginManager:220 - loadIPPluginJar : add spi
2026-04-08 19:41:54,034 [INFO] IPUIPlugin:80 - create IPUIPlugin
2026-04-08 19:41:54,034 [INFO] PluginManager:220 - loadIPPluginJar : add stm32_wpan
2026-04-08 19:41:54,036 [INFO] IPUIPlugin:80 - create IPUIPlugin
2026-04-08 19:41:54,036 [INFO] PluginManager:220 - loadIPPluginJar : add tim
2026-04-08 19:41:54,040 [INFO] IPUIPlugin:80 - create IPUIPlugin
2026-04-08 19:41:54,041 [INFO] PluginManager:220 - loadIPPluginJar : add touchsensing
2026-04-08 19:41:54,043 [INFO] IPUIPlugin:80 - create IPUIPlugin
2026-04-08 19:41:54,043 [INFO] PluginManager:220 - loadIPPluginJar : add tracer_emb
2026-04-08 19:41:54,045 [INFO] IPUIPlugin:80 - create IPUIPlugin
2026-04-08 19:41:54,045 [INFO] PluginManager:220 - loadIPPluginJar : add ts
2026-04-08 19:41:54,047 [INFO] IPUIPlugin:80 - create IPUIPlugin
2026-04-08 19:41:54,047 [INFO] PluginManager:220 - loadIPPluginJar : add tsc
2026-04-08 19:41:54,051 [INFO] IPUIPlugin:80 - create IPUIPlugin
2026-04-08 19:41:54,051 [INFO] PluginManager:220 - loadIPPluginJar : add ucpd
2026-04-08 19:41:54,054 [INFO] IPUIPlugin:80 - create IPUIPlugin
2026-04-08 19:41:54,055 [INFO] PluginManager:220 - loadIPPluginJar : add usart
2026-04-08 19:41:54,058 [INFO] IPUIPlugin:80 - create IPUIPlugin
2026-04-08 19:41:54,059 [INFO] PluginManager:220 - loadIPPluginJar : add usbx
2026-04-08 19:41:54,225 [FATAL] Updater:351 - Updater called before beeing initialized
2026-04-08 19:41:54,255 [INFO] RulesReader:64 - Compatibility file has been processed (302 Rules)
2026-04-08 19:41:54,269 [INFO] RulesReader:64 - Compatibility file has been processed (302 Rules)
2026-04-08 19:41:54,279 [INFO] CADModel:165 - CPN selected for project level
2026-04-08 19:41:54,279 [INFO] CADModel:114 - Register for checkConnection events
2026-04-08 19:41:54,279 [FATAL] Updater:351 - Updater called before beeing initialized
2026-04-08 19:41:54,279 [ERROR] CADModel:125 - Updater not yet initialized, retry later 
2026-04-08 19:41:54,461 [FATAL] Updater:351 - Updater called before beeing initialized
2026-04-08 19:41:54,463 [INFO] CADModel:165 - CPN selected for project level
2026-04-08 19:41:54,463 [INFO] CADModel:114 - Register for checkConnection events
2026-04-08 19:41:54,463 [FATAL] Updater:351 - Updater called before beeing initialized
2026-04-08 19:41:54,463 [ERROR] CADModel:125 - Updater not yet initialized, retry later 
2026-04-08 19:41:54,467 [FATAL] Updater:351 - Updater called before beeing initialized
2026-04-08 19:41:54,617 [FATAL] Updater:351 - Updater called before beeing initialized
2026-04-08 19:41:54,621 [INFO] DbMcusAds:53 - JSON generation date=Thu Mar 05 20:02:53 IST 2026 (1772721173050)
2026-04-08 19:41:54,621 [FATAL] Updater:351 - Updater called before beeing initialized
2026-04-08 19:41:54,660 [WARN] DetailPanel:346 - Failed to get advertising image, set to default
2026-04-08 19:41:54,973 [FATAL] Updater:351 - Updater called before beeing initialized
2026-04-08 19:41:54,980 [FATAL] Updater:351 - Updater called before beeing initialized
2026-04-08 19:41:54,980 [FATAL] Updater:351 - Updater called before beeing initialized
2026-04-08 19:41:54,980 [WARN] DetailPanel:346 - Failed to get advertising image, set to default
2026-04-08 19:41:54,982 [FATAL] Updater:351 - Updater called before beeing initialized
2026-04-08 19:41:55,043 [ERROR] Updater:1198 - MainUpdater not yet initialized. External WinMGr cannot be set.
2026-04-08 19:41:55,046 [INFO] Updater:1134 - Updater Version found : 6.14.1
2026-04-08 19:41:55,065 [INFO] ApplicationProperties:184 - Using Application install path: C:\ST\STM32CubeIDE_1.10.1\STM32CubeIDE\plugins\com.st.stm32cube.common.mx_6.14.1.202504091515
2026-04-08 19:41:55,579 [INFO] MainUpdater:2872 - connection check result : 10
2026-04-08 19:41:55,580 [INFO] MainUpdater:289 - Updater Check For Update Now.
2026-04-08 19:41:55,580 [INFO] MicroXplorer:498 - Change Database Version : DB.6.0.141
2026-04-08 19:41:55,591 [INFO] McuFinderGlobals:63 - Set McuFinder mode to 2 (CubeIDE integrated)
2026-04-08 19:41:55,595 [INFO] UserAuth:484 - Internet connection configuration mode: 1
2026-04-08 19:41:55,626 [INFO] JxBrowserEngine:152 - Initiate JxBrowser Engine with user profile folder
2026-04-08 19:41:55,797 [INFO] CheckServerUpdateThread:120 - End of CheckServer Thread
2026-04-08 19:41:56,524 [INFO] WebApp:169 - Instantiating new browser for Auth
2026-04-08 19:41:56,865 [WARN] PackLoader:240 - Cannot read IP mode file for STMicroelectronics.X-CUBE-AZRTOS-H7.3.5.0
2026-04-08 19:41:56,880 [WARN] PackLoader:240 - Cannot read IP mode file for STMicroelectronics.FP-SNS-MOTENVWB1.1.4.0
2026-04-08 19:41:56,891 [WARN] PackLoader:240 - Cannot read IP mode file for STMicroelectronics.FP-ATR-ASTRA1.2.0.2
2026-04-08 19:41:56,898 [WARN] PackLoader:240 - Cannot read IP mode file for STMicroelectronics.FP-ATR-ASTRA1.2.0.1
2026-04-08 19:41:56,910 [WARN] PackLoader:240 - Cannot read IP mode file for STMicroelectronics.X-CUBE-SMBUS.2.1.0
2026-04-08 19:41:56,921 [WARN] PackLoader:240 - Cannot read IP mode file for STMicroelectronics.X-CUBE-WB05N.1.1.0
2026-04-08 19:41:56,931 [WARN] PackLoader:240 - Cannot read IP mode file for STMicroelectronics.X-CUBE-ST60.1.0.0
2026-04-08 19:41:56,939 [WARN] PackLoader:240 - Cannot read IP mode file for STMicroelectronics.X-CUBE-TOUCHGFX.4.23.2
2026-04-08 19:41:56,965 [WARN] PackLoader:240 - Cannot read IP mode file for STMicroelectronics.X-CUBE-AZRTOS-F7.1.1.0
2026-04-08 19:41:56,975 [WARN] PackLoader:240 - Cannot read IP mode file for STMicroelectronics.X-CUBE-BLE1.6.2.3
2026-04-08 19:41:57,030 [WARN] PackLoader:240 - Cannot read IP mode file for STMicroelectronics.X-CUBE-MEMS1.11.0.0
2026-04-08 19:41:57,182 [WARN] PackLoader:240 - Cannot read IP mode file for STMicroelectronics.X-CUBE-BLE1.6.2.4
2026-04-08 19:41:57,189 [ERROR] Engine:466 - C:\Users\abhil\.stm32cubemx\thirdparties\pdsc\STMicroelectronics.FP-SNS-MOTENV1.5.1.0.pdsc: PDSC version is not supported
2026-04-08 19:41:57,196 [WARN] PackLoader:240 - Cannot read IP mode file for STMicroelectronics.FP-SNS-FLIGHT1.5.0.2
2026-04-08 19:41:57,205 [WARN] PackLoader:240 - Cannot read IP mode file for STMicroelectronics.X-CUBE-TOF1.3.1.0
2026-04-08 19:41:57,229 [WARN] PackLoader:240 - Cannot read IP mode file for STMicroelectronics.X-CUBE-AZRTOS-H7.3.4.0
2026-04-08 19:41:57,240 [WARN] PackLoader:240 - Cannot read IP mode file for STMicroelectronics.X-CUBE-DISPLAY.3.0.0
2026-04-08 19:41:57,246 [ERROR] Engine:466 - C:\Users\abhil\.stm32cubemx\thirdparties\pdsc\STMicroelectronics.FP-SNS-MOTENVWB1.1.5.0.pdsc: PDSC version is not supported
2026-04-08 19:41:57,250 [WARN] PackLoader:240 - Cannot read IP mode file for STMicroelectronics.X-CUBE-BLE1.7.0.0
2026-04-08 19:41:57,258 [WARN] PackLoader:240 - Cannot read IP mode file for STMicroelectronics.X-CUBE-NFC10.1.0.0
2026-04-08 19:41:57,275 [WARN] PackLoader:240 - Cannot read IP mode file for STMicroelectronics.X-CUBE-BLEMGR.4.0.0
2026-04-08 19:41:57,285 [WARN] PackLoader:240 - Cannot read IP mode file for STMicroelectronics.X-CUBE-ST60.1.1.0
2026-04-08 19:41:57,294 [WARN] PackLoader:240 - Cannot read IP mode file for STMicroelectronics.X-CUBE-GNSS1.7.1.0
2026-04-08 19:41:57,331 [WARN] PackLoader:240 - Cannot read IP mode file for STMicroelectronics.X-CUBE-MEMS1.9.3.0
2026-04-08 19:41:57,467 [WARN] PackLoader:240 - Cannot read IP mode file for STMicroelectronics.X-CUBE-AI.7.2.0
2026-04-08 19:41:57,477 [WARN] PackLoader:240 - Cannot read IP mode file for STMicroelectronics.X-CUBE-BLEMGR.3.1.0
2026-04-08 19:41:57,491 [WARN] PackLoader:240 - Cannot read IP mode file for STMicroelectronics.X-CUBE-AI.10.0.0
2026-04-08 19:41:57,499 [ERROR] Engine:466 - C:\Users\abhil\.stm32cubemx\thirdparties\pdsc\STMicroelectronics.FP-SNS-STBOX1.2.1.0.pdsc: PDSC version is not supported
2026-04-08 19:41:57,512 [WARN] PackLoader:240 - Cannot read IP mode file for STMicroelectronics.FP-SNS-SMARTAG2.1.2.0
2026-04-08 19:41:57,522 [WARN] PackLoader:240 - Cannot read IP mode file for STMicroelectronics.FP-SNS-FLIGHT1.5.1.0
2026-04-08 19:41:57,583 [WARN] PackLoader:240 - Cannot read IP mode file for STMicroelectronics.X-CUBE-MEMS1.11.1.0
2026-04-08 19:41:57,673 [INFO] WebApp:463 - Apply proxy settings
2026-04-08 19:41:57,674 [INFO] WebApp:548 - Chromium requires no authentication
2026-04-08 19:41:57,686 [INFO] WebApp:491 - Direct internet connection detected
2026-04-08 19:41:57,687 [INFO] LogOutputStream:77 - [STDOUT_REDIRECT] 1 : Invalid condition id : UX_CORESTACK_Condition cause : null
2026-04-08 19:41:57,688 [INFO] LogOutputStream:77 - [STDOUT_REDIRECT] 1 : Invalid condition id : UX_CORESTACK_Condition cause : null
2026-04-08 19:41:57,689 [INFO] LogOutputStream:77 - [STDOUT_REDIRECT] 1 : Invalid condition id : UX_CORESTACK_Condition cause : null
2026-04-08 19:41:57,691 [INFO] LogOutputStream:77 - [STDOUT_REDIRECT] 1 : Invalid condition id : UX_CORESTACK_Condition cause : null
2026-04-08 19:41:57,692 [INFO] LogOutputStream:77 - [STDOUT_REDIRECT] 1 : Invalid condition id : UX_CORESTACK_Condition cause : null
2026-04-08 19:41:57,695 [WARN] PackLoader:240 - Cannot read IP mode file for STMicroelectronics.X-CUBE-AZRTOS-WL.2.0.0
2026-04-08 19:41:57,701 [WARN] PackLoader:240 - Cannot read IP mode file for STMicroelectronics.FP-SNS-MOTENV1.5.0.0
2026-04-08 19:41:57,731 [INFO] WebApp:894 - Register for checkConnection events
2026-04-08 19:41:57,731 [INFO] WebApp:463 - Apply proxy settings
2026-04-08 19:41:57,731 [INFO] WebApp:548 - Chromium requires no authentication
2026-04-08 19:41:57,731 [WARN] PackLoader:240 - Cannot read IP mode file for STMicroelectronics.X-CUBE-AZRTOS-H7RS.1.2.0
2026-04-08 19:41:57,732 [INFO] WebApp:491 - Direct internet connection detected
2026-04-08 19:41:57,740 [WARN] PackLoader:240 - Cannot read IP mode file for wolfSSL.I-CUBE-wolfMQTT.1.19.0
2026-04-08 19:41:57,749 [WARN] PackLoader:240 - Cannot read IP mode file for WES.I-CUBE-Cesium.1.3.0
2026-04-08 19:41:57,757 [WARN] PackLoader:240 - Cannot read IP mode file for STMicroelectronics.X-CUBE-BLE2.3.3.0
2026-04-08 19:41:57,798 [WARN] PackLoader:240 - Cannot read IP mode file for STMicroelectronics.X-CUBE-DISPLAY.2.2.0
2026-04-08 19:41:57,811 [WARN] PackLoader:240 - Cannot read IP mode file for STMicroelectronics.X-CUBE-TOF1.3.2.0
2026-04-08 19:41:57,821 [WARN] PackLoader:240 - Cannot read IP mode file for STMicroelectronics.X-CUBE-ISPU.1.0.0
2026-04-08 19:41:57,829 [WARN] PackLoader:240 - Cannot read IP mode file for STMicroelectronics.X-CUBE-NFC9.1.0.0
2026-04-08 19:41:57,845 [WARN] PackLoader:240 - Cannot read IP mode file for STMicroelectronics.X-CUBE-AZRTOS-H7.2.1.0
2026-04-08 19:41:57,853 [WARN] PackLoader:240 - Cannot read IP mode file for STMicroelectronics.X-CUBE-BLE1.7.1.0
2026-04-08 19:41:57,860 [WARN] PackLoader:240 - Cannot read IP mode file for STMicroelectronics.X-CUBE-TCPP.4.1.0
2026-04-08 19:41:57,864 [ERROR] Engine:466 - C:\Users\abhil\.stm32cubemx\thirdparties\pdsc\STMicroelectronics.X-CUBE-FREERTOS.1.4.0.pdsc: PDSC version is not supported
2026-04-08 19:41:57,871 [WARN] PackLoader:240 - Cannot read IP mode file for STMicroelectronics.X-CUBE-EEPRMA1.5.2.0
2026-04-08 19:41:57,877 [WARN] PackLoader:240 - Cannot read IP mode file for STMicroelectronics.X-CUBE-TOUCHGFX.4.21.3
2026-04-08 19:41:57,881 [WARN] PackLoader:240 - Cannot read IP mode file for STMicroelectronics.X-CUBE-AI.7.3.0
2026-04-08 19:41:57,885 [ERROR] Engine:466 - C:\Users\abhil\.stm32cubemx\thirdparties\pdsc\STMicroelectronics.X-CUBE-ST67W61.1.1.0.pdsc: PDSC version is not supported
2026-04-08 19:41:57,888 [WARN] PackLoader:240 - Cannot read IP mode file for STMicroelectronics.X-CUBE-AI.10.1.0
2026-04-08 19:41:57,929 [WARN] PackLoader:240 - Cannot read IP mode file for STMicroelectronics.X-CUBE-MEMS1.12.0.0
2026-04-08 19:41:58,012 [WARN] PackLoader:240 - Cannot read IP mode file for STMicroelectronics.X-CUBE-ALGOBUILD.1.3.0
2026-04-08 19:41:58,020 [INFO] WebApp:191 - Connection restablished
2026-04-08 19:41:58,064 [WARN] PackLoader:240 - Cannot read IP mode file for STMicroelectronics.X-CUBE-MEMS1.11.2.0
2026-04-08 19:41:58,079 [INFO] WebApp:225 - Starting web application
2026-04-08 19:41:58,079 [INFO] WebApp:593 - Web application path used C:\ST\STM32CubeIDE_1.10.1\STM32CubeIDE\plugins\com.st.stm32cube.common.mx_6.14.1.202504091515\db\plugins\mcufinder\reactClient1\index.html
2026-04-08 19:41:58,202 [WARN] PackLoader:240 - Cannot read IP mode file for STMicroelectronics.X-CUBE-AZRTOS-G0.1.1.0
2026-04-08 19:41:58,213 [WARN] PackLoader:240 - Cannot read IP mode file for STMicroelectronics.X-CUBE-SAFEA1.1.2.2
2026-04-08 19:41:58,217 [INFO] UserAuth:484 - Internet connection configuration mode: 1
2026-04-08 19:41:58,224 [WARN] PackLoader:240 - Cannot read IP mode file for STMicroelectronics.X-CUBE-NFC4.3.0.0
2026-04-08 19:41:58,264 [WARN] PackLoader:240 - Cannot read IP mode file for SEGGER.I-CUBE-embOS.1.2.1
2026-04-08 19:41:58,302 [WARN] PackLoader:240 - Cannot read IP mode file for wolfSSL.I-CUBE-wolfMQTT.1.18.0
2026-04-08 19:41:58,313 [WARN] PackLoader:240 - Cannot read IP mode file for EmbeddedOffice.I-CUBE-FS-RTOS.1.0.1
2026-04-08 19:41:58,320 [WARN] PackLoader:240 - Cannot read IP mode file for STMicroelectronics.X-CUBE-WB05N.2.0.0
2026-04-08 19:41:58,327 [WARN] PackLoader:240 - Cannot read IP mode file for STMicroelectronics.X-CUBE-TCPP.4.2.0
2026-04-08 19:41:58,337 [WARN] PackLoader:240 - Cannot read IP mode file for RealThread.X-CUBE-RT-Thread_Nano.4.1.1
2026-04-08 19:41:58,345 [WARN] PackLoader:240 - Cannot read IP mode file for STMicroelectronics.FP-ATR-SIGFOX1.3.2.0
2026-04-08 19:41:58,353 [WARN] ConditionMgr:438 - getConditionDescription Invalid condition id : Cortex-A Device cause : null
2026-04-08 19:41:58,390 [WARN] ConditionMgr:1044 - genDependencies : Invalid condition id : Cortex-A Device cause : null
2026-04-08 19:41:58,390 [WARN] ConditionMgr:1044 - genDependencies : Invalid condition id : Cortex-A Device cause : null
2026-04-08 19:41:58,391 [WARN] ConditionMgr:1044 - genDependencies : Invalid condition id : Cortex-A Device cause : null
2026-04-08 19:41:58,397 [WARN] PackLoader:240 - Cannot read IP mode file for STMicroelectronics.X-CUBE-EEPRMA1.5.1.0
2026-04-08 19:41:58,402 [ERROR] Engine:466 - C:\Users\abhil\.stm32cubemx\thirdparties\pdsc\STMicroelectronics.X-CUBE-FREERTOS.1.5.0.pdsc: PDSC version is not supported
2026-04-08 19:41:58,411 [WARN] PackLoader:240 - Cannot read IP mode file for emotas.I-CUBE-CANOPEN.1.1.2
2026-04-08 19:41:58,417 [WARN] PackLoader:240 - Cannot read IP mode file for STMicroelectronics.X-CUBE-TOUCHGFX.4.20.0
2026-04-08 19:41:58,428 [WARN] PackLoader:240 - Cannot read IP mode file for ITTIA_DB.I-CUBE-ITTIADB.8.9.0
2026-04-08 19:41:58,439 [WARN] PackLoader:240 - Cannot read IP mode file for STMicroelectronics.X-CUBE-NFC6.3.2.0
2026-04-08 19:41:58,475 [WARN] PackLoader:240 - Cannot read IP mode file for STMicroelectronics.X-CUBE-MEMS1.9.5.0
2026-04-08 19:41:58,604 [WARN] PackLoader:240 - Cannot read IP mode file for STMicroelectronics.X-CUBE-ST67W61.1.0.0
2026-04-08 19:41:58,610 [WARN] PackLoader:240 - Cannot read IP mode file for STMicroelectronics.X-CUBE-AI.10.2.0
2026-04-08 19:41:58,631 [WARN] PackLoader:240 - Cannot read IP mode file for SEGGER.I-CUBE-embOS.1.3.1
2026-04-08 19:41:58,659 [WARN] PackLoader:240 - Cannot read IP mode file for STMicroelectronics.X-CUBE-ALGOBUILD.1.4.0
2026-04-08 19:41:58,695 [WARN] PackLoader:240 - Cannot read IP mode file for STMicroelectronics.X-CUBE-MEMS1.11.3.0
2026-04-08 19:41:58,811 [WARN] PackLoader:240 - Cannot read IP mode file for STMicroelectronics.X-CUBE-AI.9.1.0
2026-04-08 19:41:58,819 [WARN] PackLoader:240 - Cannot read IP mode file for STMicroelectronics.X-CUBE-PM33A1.1.0.0
2026-04-08 19:41:58,826 [WARN] PackLoader:240 - Cannot read IP mode file for STMicroelectronics.X-CUBE-GNSS1.6.0.0
2026-04-08 19:41:58,842 [WARN] PackLoader:240 - Cannot read IP mode file for STMicroelectronics.X-CUBE-AZRTOS-F4.1.1.0
2026-04-08 19:41:58,850 [WARN] PackLoader:240 - Cannot read IP mode file for Avnet-IotConnect.X-CUBE-IoTC-DA16k-PMOD.1.0.0
2026-04-08 19:41:58,854 [WARN] PackLoader:240 - Cannot read IP mode file for STMicroelectronics.X-CUBE-ISPU.2.1.0
2026-04-08 19:41:58,859 [ERROR] Engine:466 - C:\Users\abhil\.stm32cubemx\thirdparties\pdsc\STMicroelectronics.X-CUBE-IPS.3.2.0.pdsc: PDSC version is not supported
2026-04-08 19:41:58,864 [WARN] PackLoader:240 - Cannot read IP mode file for STMicroelectronics.eDS-WB_DPC_TT-BIDIR.2.1.1
2026-04-08 19:41:58,873 [WARN] PackLoader:240 - Cannot read IP mode file for STMicroelectronics.X-CUBE-FREERTOS.1.2.0
2026-04-08 19:41:58,883 [WARN] PackLoader:240 - Cannot read IP mode file for STMicroelectronics.X-CUBE-NFC12.1.0.0
2026-04-08 19:41:58,891 [WARN] PackLoader:240 - Cannot read IP mode file for STMicroelectronics.X-CUBE-BLEMGR.1.2.0
2026-04-08 19:41:58,910 [WARN] PackLoader:240 - Cannot read IP mode file for STMicroelectronics.X-CUBE-AZRTOS-L5.2.0.0
2026-04-08 19:41:58,918 [WARN] PackLoader:240 - Cannot read IP mode file for STMicroelectronics.X-CUBE-NFC6.3.1.0
2026-04-08 19:41:58,928 [WARN] PackLoader:240 - Cannot read IP mode file for STMicroelectronics.X-CUBE-BLEMGR.2.0.0
2026-04-08 19:41:58,942 [WARN] PackLoader:240 - Cannot read IP mode file for STMicroelectronics.X-CUBE-DPower.1.2.0
2026-04-08 19:41:58,949 [WARN] PackLoader:240 - Cannot read IP mode file for STMicroelectronics.eDS-WB_DPC_VIENNA.1.2.0
2026-04-08 19:41:58,954 [WARN] PackLoader:240 - Cannot read IP mode file for STMicroelectronics.eDS-WB_DPC_3PH2L-BIDIR.1.1.1
2026-04-08 19:41:58,960 [WARN] PackLoader:240 - Cannot read IP mode file for STMicroelectronics.X-CUBE-NFC4.2.0.4
2026-04-08 19:41:58,965 [WARN] PackLoader:240 - Cannot read IP mode file for STMicroelectronics.X-CUBE-AI.9.0.0
2026-04-08 19:41:58,978 [WARN] ConditionMgr:438 - getConditionDescription Invalid condition id : UX DEVICE CLASS RTOS Condition cause : null
2026-04-08 19:41:58,978 [WARN] ConditionMgr:438 - getConditionDescription Invalid condition id : UX DEVICE CLASS RTOS Condition cause : null
2026-04-08 19:41:58,980 [WARN] PackLoader:240 - Cannot read IP mode file for STMicroelectronics.X-CUBE-AZRTOS-H7.3.1.0
2026-04-08 19:41:58,982 [WARN] ConditionMgr:1044 - genDependencies : Invalid condition id : UX DEVICE CLASS RTOS Condition cause : null
2026-04-08 19:41:58,982 [WARN] ConditionMgr:1044 - genDependencies : Invalid condition id : UX DEVICE CLASS RTOS Condition cause : null
2026-04-08 19:41:58,982 [WARN] ConditionMgr:1044 - genDependencies : Invalid condition id : UX DEVICE CLASS RTOS Condition cause : null
2026-04-08 19:41:58,983 [WARN] ConditionMgr:1044 - genDependencies : Invalid condition id : UX DEVICE CLASS RTOS Condition cause : null
2026-04-08 19:41:58,983 [WARN] ConditionMgr:1044 - genDependencies : Invalid condition id : UX DEVICE CLASS RTOS Condition cause : null
2026-04-08 19:41:58,989 [WARN] PackLoader:240 - Cannot read IP mode file for wolfSSL.I-CUBE-wolfSSL.5.5.1
2026-04-08 19:41:58,995 [WARN] PackLoader:240 - Cannot read IP mode file for STMicroelectronics.X-CUBE-FREERTOS.1.3.1
2026-04-08 19:41:58,999 [WARN] PackLoader:240 - Cannot read IP mode file for STMicroelectronics.X-CUBE-FREERTOS.1.3.0
2026-04-08 19:41:59,006 [WARN] PackLoader:240 - Cannot read IP mode file for STMicroelectronics.X-CUBE-NFC7.1.0.1
2026-04-08 19:41:59,012 [WARN] PackLoader:240 - Cannot read IP mode file for STMicroelectronics.X-CUBE-NFC7.1.0.0
2026-04-08 19:41:59,016 [WARN] PackLoader:240 - Cannot read IP mode file for STMicroelectronics.X-CUBE-TOUCHGFX.4.26.0
2026-04-08 19:41:59,019 [WARN] PackLoader:240 - Cannot read IP mode file for STMicroelectronics.X-CUBE-TOUCHGFX.4.26.1
2026-04-08 19:41:59,025 [WARN] PackLoader:240 - Cannot read IP mode file for STMicroelectronics.X-CUBE-EEPRMA1.4.1.0
2026-04-08 19:41:59,032 [WARN] PackLoader:240 - Cannot read IP mode file for STMicroelectronics.FP-SNS-STAIOTCFT.1.0.0
2026-04-08 19:41:59,037 [WARN] PackLoader:240 - Cannot read IP mode file for STMicroelectronics.X-CUBE-DPower.1.3.0
2026-04-08 19:41:59,053 [WARN] ConditionMgr:438 - getConditionDescription Invalid condition id : LAN8742 Phy interface Condition cause : null
2026-04-08 19:41:59,054 [WARN] PackLoader:240 - Cannot read IP mode file for STMicroelectronics.X-CUBE-AZRTOS-L4.2.0.0
2026-04-08 19:41:59,055 [WARN] ConditionMgr:1044 - genDependencies : Invalid condition id : LAN8742 Phy interface Condition cause : null
2026-04-08 19:41:59,055 [WARN] ConditionMgr:1044 - genDependencies : Invalid condition id : LAN8742 Phy interface Condition cause : null
2026-04-08 19:41:59,056 [WARN] ConditionMgr:1044 - genDependencies : Invalid condition id : LAN8742 Phy interface Condition cause : null
2026-04-08 19:41:59,075 [WARN] PackLoader:240 - Cannot read IP mode file for STMicroelectronics.X-CUBE-SFXS2LP1.4.0.0
2026-04-08 19:41:59,080 [ERROR] Engine:466 - C:\Users\abhil\.stm32cubemx\thirdparties\pdsc\STMicroelectronics.X-CUBE-ST67W61.1.2.0.pdsc: PDSC version is not supported
2026-04-08 19:41:59,084 [WARN] PackLoader:240 - Cannot read IP mode file for STMicroelectronics.X-CUBE-ISPU.1.1.0
2026-04-08 19:41:59,100 [WARN] PackLoader:240 - Cannot read IP mode file for STMicroelectronics.X-CUBE-AZRTOS-H7.3.3.0
2026-04-08 19:41:59,110 [WARN] PackLoader:240 - Cannot read IP mode file for RoweBots.I-CUBE-UNISONRTOS.5.5.0-4
2026-04-08 19:41:59,120 [WARN] PackLoader:240 - Cannot read IP mode file for STMicroelectronics.X-CUBE-BLEMGR.4.1.0
2026-04-08 19:41:59,126 [WARN] PackLoader:240 - Cannot read IP mode file for STMicroelectronics.X-CUBE-AI.8.0.0
2026-04-08 19:41:59,134 [WARN] PackLoader:240 - Cannot read IP mode file for STMicroelectronics.X-CUBE-IPS.3.0.0
2026-04-08 19:41:59,148 [WARN] ConditionMgr:438 - getConditionDescription Invalid condition id : UX DEVICE CLASS RTOS Condition cause : null
2026-04-08 19:41:59,149 [WARN] ConditionMgr:438 - getConditionDescription Invalid condition id : UX DEVICE CLASS RTOS Condition cause : null
2026-04-08 19:41:59,150 [WARN] PackLoader:240 - Cannot read IP mode file for STMicroelectronics.X-CUBE-AZRTOS-WB.2.0.0
2026-04-08 19:41:59,151 [WARN] ConditionMgr:1044 - genDependencies : Invalid condition id : UX DEVICE CLASS RTOS Condition cause : null
2026-04-08 19:41:59,151 [WARN] ConditionMgr:1044 - genDependencies : Invalid condition id : UX DEVICE CLASS RTOS Condition cause : null
2026-04-08 19:41:59,151 [WARN] ConditionMgr:1044 - genDependencies : Invalid condition id : UX DEVICE CLASS RTOS Condition cause : null
2026-04-08 19:41:59,151 [WARN] ConditionMgr:1044 - genDependencies : Invalid condition id : UX DEVICE CLASS RTOS Condition cause : null
2026-04-08 19:41:59,151 [WARN] ConditionMgr:1044 - genDependencies : Invalid condition id : UX DEVICE CLASS RTOS Condition cause : null
2026-04-08 19:41:59,157 [WARN] PackLoader:240 - Cannot read IP mode file for STMicroelectronics.X-CUBE-FREERTOS.1.0.1
2026-04-08 19:41:59,162 [WARN] PackLoader:240 - Cannot read IP mode file for STMicroelectronics.X-CUBE-GNSS1.7.0.0
2026-04-08 19:41:59,169 [WARN] PackLoader:240 - Cannot read IP mode file for STMicroelectronics.X-CUBE-GNSS1.7.0.1
2026-04-08 19:41:59,173 [WARN] PackLoader:240 - Cannot read IP mode file for STMicroelectronics.X-CUBE-TOUCHGFX.4.25.0
2026-04-08 19:41:59,181 [WARN] PackLoader:240 - Cannot read IP mode file for STMicroelectronics.FP-SNS-STBOX1.2.0.0
2026-04-08 19:41:59,189 [WARN] PackLoader:240 - Cannot read IP mode file for STMicroelectronics.X-CUBE-STSE01.2.0.0
2026-04-08 19:41:59,202 [WARN] PackLoader:240 - Cannot read IP mode file for STMicroelectronics.X-CUBE-AZRTOS-L5.1.1.0
2026-04-08 19:41:59,215 [WARN] PackLoader:240 - Cannot read IP mode file for STMicroelectronics.X-CUBE-SUBG2.5.0.0
2026-04-08 19:41:59,236 [WARN] PackLoader:240 - Cannot read IP mode file for STMicroelectronics.X-CUBE-AZRTOS-H7RS.1.1.0
2026-04-08 19:41:59,250 [WARN] PackLoader:240 - Cannot read IP mode file for Cesanta.I-CUBE-Mongoose.7.13.0
2026-04-08 19:41:59,268 [WARN] PackLoader:240 - Cannot read IP mode file for STMicroelectronics.X-CUBE-AZRTOS-G4.2.0.0
2026-04-08 19:41:59,279 [WARN] PackLoader:240 - Cannot read IP mode file for STMicroelectronics.X-CUBE-TOF1.3.3.0
2026-04-08 19:41:59,294 [WARN] PackLoader:240 - Cannot read IP mode file for STMicroelectronics.FP-ATR-ASTRA1.1.1.1
2026-04-08 19:41:59,298 [WARN] PackLoader:240 - Cannot read IP mode file for STMicroelectronics.X-CUBE-NFC7.2.0.0
2026-04-08 19:41:59,309 [WARN] PackLoader:240 - Cannot read IP mode file for STMicroelectronics.X-CUBE-AZRTOS-G4.1.0.0
2026-04-08 19:41:59,321 [WARN] PackLoader:240 - Cannot read IP mode file for STMicroelectronics.X-CUBE-AZRTOS-L4.1.0.0
2026-04-08 19:41:59,328 [WARN] PackLoader:240 - Cannot read IP mode file for STMicroelectronics.X-CUBE-ISPU.2.0.0
2026-04-08 19:41:59,338 [WARN] PackLoader:240 - Cannot read IP mode file for STMicroelectronics.X-CUBE-IPS.3.1.0
2026-04-08 19:41:59,347 [WARN] PackLoader:240 - Cannot read IP mode file for STMicroelectronics.X-CUBE-ALS.1.0.2
2026-04-08 19:41:59,373 [WARN] PackLoader:240 - Cannot read IP mode file for STMicroelectronics.X-CUBE-MEMS1.10.0.0
2026-04-08 19:41:59,449 [WARN] PackLoader:240 - Cannot read IP mode file for STMicroelectronics.X-CUBE-TOUCHGFX.4.24.2
2026-04-08 19:41:59,457 [WARN] PackLoader:240 - Cannot read IP mode file for STMicroelectronics.X-CUBE-AZRTOS-WL.1.0.0
2026-04-08 19:41:59,462 [WARN] PackLoader:240 - Cannot read IP mode file for STMicroelectronics.X-CUBE-TOUCHGFX.4.24.1
2026-04-08 19:41:59,469 [WARN] PackLoader:240 - Cannot read IP mode file for STMicroelectronics.X-CUBE-STSE01.1.0.0
2026-04-08 19:41:59,474 [WARN] PackLoader:240 - Cannot read IP mode file for wolfSSL.I-CUBE-wolfTPM.3.4.0
2026-04-08 19:41:59,482 [WARN] PackLoader:240 - Cannot read IP mode file for portGmbH.I-Cube-SoM-uGOAL.1.1.0
2026-04-08 19:41:59,486 [WARN] PackLoader:240 - Cannot read IP mode file for STMicroelectronics.X-CUBE-ALS.1.0.1
2026-04-08 19:41:59,497 [WARN] PackLoader:240 - Cannot read IP mode file for STMicroelectronics.X-CUBE-AZRTOS-WB.1.1.0
2026-04-08 19:41:59,509 [WARN] PackLoader:240 - Cannot read IP mode file for STMicroelectronics.X-CUBE-AZRTOS-L5.1.0.0
2026-04-08 19:41:59,514 [WARN] PackLoader:240 - Cannot read IP mode file for STMicroelectronics.X-CUBE-EEPRMA1.3.1.1
2026-04-08 19:41:59,528 [WARN] PackLoader:240 - Cannot read IP mode file for STMicroelectronics.X-CUBE-AZRTOS-H7RS.1.0.0
2026-04-08 19:41:59,533 [WARN] PackLoader:240 - Cannot read IP mode file for STMicroelectronics.FP-ATR-ASTRA1.2.0.0
2026-04-08 19:41:59,542 [WARN] PackLoader:240 - Cannot read IP mode file for STMicroelectronics.X-CUBE-TOF1.3.4.2
2026-04-08 19:41:59,563 [WARN] PackLoader:240 - Cannot read IP mode file for STMicroelectronics.X-CUBE-TOF1.3.4.3
2026-04-08 19:41:59,578 [WARN] PackLoader:240 - Cannot read IP mode file for STMicroelectronics.X-CUBE-TOF1.3.4.1
2026-04-08 19:41:59,596 [WARN] PackLoader:240 - Cannot read IP mode file for STMicroelectronics.X-CUBE-AZRTOS-H7.3.2.0
2026-04-08 19:41:59,610 [WARN] PackLoader:240 - Cannot read IP mode file for Infineon.AIROC-Wi-Fi-Bluetooth-STM32.1.6.0
2026-04-08 19:41:59,616 [WARN] PackLoader:240 - Cannot read IP mode file for wolfSSL.I-CUBE-wolfSSH.1.4.17
2026-04-08 19:41:59,617 [INFO] ThirdParty:978 - Integrity check success = true
2026-04-08 19:41:59,617 [INFO] IntegrityCheckThread:100 - exiting critical section [integrity check]
2026-04-08 19:41:59,617 [INFO] IntegrityCheckThread:103 - End integrity checks thread
2026-04-08 19:46:09,031 [INFO] Activator:176 - 


2026-04-08 19:46:09,036 [INFO] Activator:177 - !SESSION log4j initialized
2026-04-08 19:46:22,354 [INFO] LogOutputStream:77 - [STDOUT_REDIRECT] 
2026-04-08 19:46:33,659 [INFO] ApplicationProperties:184 - Using Application install path: C:\ST\STM32CubeIDE_1.10.1\STM32CubeIDE\plugins\com.st.stm32cube.common.mx_6.14.1.202504091515
2026-04-08 19:46:33,679 [INFO] DbMcusXml:78 - Set database path to: C:\ST\STM32CubeIDE_1.10.1\STM32CubeIDE\plugins\com.st.stm32cube.common.mx_6.14.1.202504091515\\db\/mcu/
2026-04-08 19:46:33,679 [INFO] ApiDb:274 - Set plugin database path to: C:\ST\STM32CubeIDE_1.10.1\STM32CubeIDE\plugins\com.st.stm32cube.common.mx_6.14.1.202504091515\\db\/plugins/boardmanager/
2026-04-08 19:46:33,680 [WARN] ApiDb:259 - Overriding images path with different value:  => C:\ST\STM32CubeIDE_1.10.1\STM32CubeIDE\plugins\com.st.stm32cube.common.mx_6.14.1.202504091515\\db\/plugins/mcufinder/images/
2026-04-08 19:46:33,698 [INFO] ApiDb:250 - Set database path to: C:\Users\abhil\.stmcufinder\plugins\mcufinder//mcu/
2026-04-08 19:46:33,700 [INFO] DbMcusAds:125 - Set database path to: C:\Users\abhil\.stmcufinder\plugins\mcufinder//mcu/
2026-04-08 19:46:33,710 [INFO] CrossReferenceDbSqlite:203 - Set database path to: C:\Users\abhil\.stmcufinder\plugins\mcufinder//mcu/cs/
2026-04-08 19:46:33,853 [INFO] RulesReader:64 - Compatibility file has been processed (302 Rules)
2026-04-08 19:46:33,972 [INFO] DbMcusXml:78 - Set database path to: C:\ST\STM32CubeIDE_1.10.1\STM32CubeIDE\plugins\com.st.stm32cube.common.mx_6.14.1.202504091515\\db\/mcu/
2026-04-08 19:46:33,972 [INFO] ApiDb:274 - Set plugin database path to: C:\ST\STM32CubeIDE_1.10.1\STM32CubeIDE\plugins\com.st.stm32cube.common.mx_6.14.1.202504091515\\db\/plugins/boardmanager/
2026-04-08 19:46:33,972 [INFO] ApiDb:261 - Set plugin images path to: C:\ST\STM32CubeIDE_1.10.1\STM32CubeIDE\plugins\com.st.stm32cube.common.mx_6.14.1.202504091515\\db\/plugins/mcufinder/images/
2026-04-08 19:46:33,972 [WARN] DbFile:41 - Overriding database path with different value: C:\Users\abhil\.stmcufinder\plugins\mcufinder/ => C:\Users\abhil\.stmcufinder\plugins\mcufinder
2026-04-08 19:46:33,972 [INFO] ApiDb:250 - Set database path to: C:\Users\abhil\.stmcufinder\plugins\mcufinder//mcu/
2026-04-08 19:46:33,972 [WARN] DbFile:41 - Overriding database path with different value: C:\Users\abhil\.stmcufinder\plugins\mcufinder/ => C:\Users\abhil\.stmcufinder\plugins\mcufinder
2026-04-08 19:46:33,972 [INFO] DbMcusAds:125 - Set database path to: C:\Users\abhil\.stmcufinder\plugins\mcufinder//mcu/
2026-04-08 19:46:33,972 [WARN] DbFile:41 - Overriding database path with different value: C:\Users\abhil\.stmcufinder\plugins\mcufinder/ => C:\Users\abhil\.stmcufinder\plugins\mcufinder
2026-04-08 19:46:33,972 [WARN] DbFile:41 - Overriding database path with different value: C:\Users\abhil\.stmcufinder\plugins\mcufinder/ => C:\Users\abhil\.stmcufinder\plugins\mcufinder
2026-04-08 19:46:33,973 [INFO] CrossReferenceDbSqlite:203 - Set database path to: C:\Users\abhil\.stmcufinder\plugins\mcufinder//mcu/cs/
2026-04-08 19:46:34,075 [INFO] MainPanel:272 - HeapMemory: 268435456
2026-04-08 19:46:34,252 [INFO] DbMcusXml:78 - Set database path to: C:\ST\STM32CubeIDE_1.10.1\STM32CubeIDE\plugins\com.st.stm32cube.common.mx_6.14.1.202504091515\\db\/mcu/
2026-04-08 19:46:34,252 [INFO] ApiDb:274 - Set plugin database path to: C:\ST\STM32CubeIDE_1.10.1\STM32CubeIDE\plugins\com.st.stm32cube.common.mx_6.14.1.202504091515\\db\/plugins/boardmanager/
2026-04-08 19:46:34,252 [INFO] ApiDb:261 - Set plugin images path to: C:\ST\STM32CubeIDE_1.10.1\STM32CubeIDE\plugins\com.st.stm32cube.common.mx_6.14.1.202504091515\\db\/plugins/mcufinder/images/
2026-04-08 19:46:34,253 [WARN] DbFile:41 - Overriding database path with different value: C:\Users\abhil\.stmcufinder\plugins\mcufinder/ => C:\Users\abhil\.stmcufinder\plugins\mcufinder
2026-04-08 19:46:34,253 [INFO] ApiDb:250 - Set database path to: C:\Users\abhil\.stmcufinder\plugins\mcufinder//mcu/
2026-04-08 19:46:34,253 [WARN] DbFile:41 - Overriding database path with different value: C:\Users\abhil\.stmcufinder\plugins\mcufinder/ => C:\Users\abhil\.stmcufinder\plugins\mcufinder
2026-04-08 19:46:34,253 [INFO] DbMcusAds:125 - Set database path to: C:\Users\abhil\.stmcufinder\plugins\mcufinder//mcu/
2026-04-08 19:46:34,253 [WARN] DbFile:41 - Overriding database path with different value: C:\Users\abhil\.stmcufinder\plugins\mcufinder/ => C:\Users\abhil\.stmcufinder\plugins\mcufinder
2026-04-08 19:46:34,254 [WARN] DbFile:41 - Overriding database path with different value: C:\Users\abhil\.stmcufinder\plugins\mcufinder/ => C:\Users\abhil\.stmcufinder\plugins\mcufinder
2026-04-08 19:46:34,254 [INFO] CrossReferenceDbSqlite:203 - Set database path to: C:\Users\abhil\.stmcufinder\plugins\mcufinder//mcu/cs/
2026-04-08 19:46:34,278 [INFO] ApplicationProperties:184 - Using Application install path: C:\ST\STM32CubeIDE_1.10.1\STM32CubeIDE\plugins\com.st.stm32cube.common.mx_6.14.1.202504091515
2026-04-08 19:46:34,279 [INFO] PluginManage:196 - Search for loadable plugins [exclusion list=, ]
2026-04-08 19:46:34,281 [INFO] PluginManage:310 - Check plugin analytics
2026-04-08 19:46:49,030 [INFO] AnalyticsPlugin:253 - Accepted Software Licenses: 
2026-04-08 19:46:49,030 [INFO] AnalyticsPlugin:255 - Accepted CMSIS Pack Licenses: 
2026-04-08 19:46:49,031 [INFO] AnalyticsPlugin:257 - Accepted Firmware Licenses: FW.F4.1.27.0,FW.H7.1.10.0,FW.H7.1.12.0,FW.F4.1.28.0
2026-04-08 19:46:49,035 [INFO] PluginManage:359 - Loaded plugin analytics (category:tool,tabindex:-1)
2026-04-08 19:46:49,035 [INFO] PluginManage:310 - Check plugin cadmodel
2026-04-08 19:46:49,060 [INFO] CADModel:105 - Init CAD model plugin
2026-04-08 19:46:49,060 [INFO] PluginManage:359 - Loaded plugin cadmodel (category:power,tabindex:5)
2026-04-08 19:46:49,060 [INFO] PluginManage:310 - Check plugin clock
2026-04-08 19:46:49,081 [INFO] PluginManage:359 - Loaded plugin clock (category:base,tabindex:2)
2026-04-08 19:46:49,082 [INFO] PluginManage:310 - Check plugin ddr
2026-04-08 19:46:49,084 [INFO] PluginManage:359 - Loaded plugin ddr (category:tool,tabindex:6)
2026-04-08 19:46:49,084 [INFO] PluginManage:310 - Check plugin filemanager
2026-04-08 19:46:49,291 [INFO] PluginManage:359 - Loaded plugin filemanager (category:base,tabindex:10)
2026-04-08 19:46:49,292 [INFO] PluginManage:310 - Check plugin ipmanager
2026-04-08 19:46:49,300 [INFO] PluginManage:359 - Loaded plugin ipmanager (category:base,tabindex:5)
2026-04-08 19:46:49,300 [INFO] PluginManage:310 - Check plugin lpbam
2026-04-08 19:46:49,321 [INFO] PluginManage:359 - Loaded plugin lpbam (category:base,tabindex:0)
2026-04-08 19:46:49,321 [INFO] PluginManage:310 - Check plugin memorymap
2026-04-08 19:46:49,348 [INFO] PluginManage:359 - Loaded plugin memorymap (category:base,tabindex:4)
2026-04-08 19:46:49,348 [INFO] PluginManage:310 - Check plugin pinoutandconfiguration
2026-04-08 19:46:49,369 [INFO] PluginManage:359 - Loaded plugin pinoutandconfiguration (category:base,tabindex:1)
2026-04-08 19:46:49,369 [INFO] PluginManage:310 - Check plugin pinoutconfig
2026-04-08 19:46:49,505 [WARN] SupportedApi:132 - Cannot load RTOS API schema: s4s-elt-must-match.1: The content of 'definitions' must match (annotation?, (simpleType | complexType)?, (unique | key | keyref)*)). A problem was found starting at: attribute.
2026-04-08 19:46:49,699 [INFO] PluginManage:359 - Loaded plugin pinoutconfig (category:base,tabindex:0)
2026-04-08 19:46:49,700 [INFO] PluginManage:310 - Check plugin power
2026-04-08 19:46:49,732 [INFO] PluginManage:359 - Loaded plugin power (category:power,tabindex:4)
2026-04-08 19:46:49,732 [INFO] PluginManage:310 - Check plugin projectmanager
2026-04-08 19:46:49,752 [INFO] PluginManage:359 - Loaded plugin projectmanager (category:projectmanager,tabindex:4)
2026-04-08 19:46:49,752 [INFO] PluginManage:310 - Check plugin rif
2026-04-08 19:46:49,778 [INFO] PluginManage:359 - Loaded plugin rif (category:base,tabindex:3)
2026-04-08 19:46:49,778 [INFO] PluginManage:310 - Check plugin thirdparty
2026-04-08 19:46:50,165 [INFO] PluginManage:359 - Loaded plugin thirdparty (category:base,tabindex:-1)
2026-04-08 19:46:50,165 [WARN] IntegrityCheckThread:84 - waiting for thirdparty lock release [integrity check]
2026-04-08 19:46:50,166 [INFO] PluginManage:310 - Check plugin tools
2026-04-08 19:46:50,166 [INFO] IntegrityCheckThread:86 - entering critical section [integrity check]
2026-04-08 19:46:50,166 [INFO] ThirdPartyUpdaterWithRetryManager:70 - Updater plugin not ready yet. [1/15]
2026-04-08 19:46:50,216 [INFO] PluginManage:359 - Loaded plugin tools (category:base,tabindex:7)
2026-04-08 19:46:50,216 [INFO] PluginManage:310 - Check plugin tutovideos
2026-04-08 19:46:50,462 [INFO] PluginManage:359 - Loaded plugin tutovideos (category:base,tabindex:-1)
2026-04-08 19:46:50,463 [INFO] PluginManage:310 - Check plugin updater
2026-04-08 19:46:50,489 [INFO] PluginManage:359 - Loaded plugin updater (category:base,tabindex:12)
2026-04-08 19:46:50,489 [INFO] PluginManage:310 - Check plugin userauth
2026-04-08 19:46:50,495 [INFO] UserAuth:118 - Init User Auth plugin
2026-04-08 19:46:50,495 [INFO] PluginManage:359 - Loaded plugin userauth (category:base,tabindex:14)
2026-04-08 19:46:50,497 [INFO] PluginManage:283 - PluginManage : Loaded plugins [18]
2026-04-08 19:46:50,752 [INFO] PinOutPanel:1589 - setPackage(No Configuration,No Configuration)
2026-04-08 19:46:50,847 [INFO] CADModel:165 - CPN selected for project level
2026-04-08 19:46:50,847 [INFO] CADModel:114 - Register for checkConnection events
2026-04-08 19:46:50,877 [INFO] IPUIPlugin:80 - create IPUIPlugin
2026-04-08 19:46:50,877 [INFO] PluginManager:220 - loadIPPluginJar : add adc
2026-04-08 19:46:50,924 [INFO] IPUIPlugin:80 - create IPUIPlugin
2026-04-08 19:46:50,924 [INFO] PluginManager:220 - loadIPPluginJar : add aes
2026-04-08 19:46:50,973 [INFO] IPUIPlugin:80 - create IPUIPlugin
2026-04-08 19:46:50,973 [INFO] PluginManager:220 - loadIPPluginJar : add can
2026-04-08 19:46:51,004 [INFO] IPUIPlugin:80 - create IPUIPlugin
2026-04-08 19:46:51,005 [INFO] PluginManager:220 - loadIPPluginJar : add comp
2026-04-08 19:46:51,046 [INFO] IPUIPlugin:80 - create IPUIPlugin
2026-04-08 19:46:51,046 [INFO] PluginManager:220 - loadIPPluginJar : add cryp
2026-04-08 19:46:51,060 [INFO] IPUIPlugin:80 - create IPUIPlugin
2026-04-08 19:46:51,061 [INFO] PluginManager:220 - loadIPPluginJar : add ddr_ctrl_phy
2026-04-08 19:46:51,100 [INFO] IPUIPlugin:80 - create IPUIPlugin
2026-04-08 19:46:51,100 [INFO] PluginManager:220 - loadIPPluginJar : add dfsdm
2026-04-08 19:46:51,116 [INFO] IPUIPlugin:80 - create IPUIPlugin
2026-04-08 19:46:51,116 [INFO] PluginManager:220 - loadIPPluginJar : add dma
2026-04-08 19:46:51,165 [INFO] IPUIPlugin:80 - create IPUIPlugin
2026-04-08 19:46:51,166 [INFO] PluginManager:220 - loadIPPluginJar : add dma3
2026-04-08 19:46:51,227 [INFO] IPUIPlugin:80 - create IPUIPlugin
2026-04-08 19:46:51,227 [INFO] PluginManager:220 - loadIPPluginJar : add extmemmanager
2026-04-08 19:46:51,253 [INFO] IPUIPlugin:80 - create IPUIPlugin
2026-04-08 19:46:51,253 [INFO] PluginManager:220 - loadIPPluginJar : add fatfs
2026-04-08 19:46:51,310 [INFO] IPUIPlugin:80 - create IPUIPlugin
2026-04-08 19:46:51,311 [INFO] PluginManager:220 - loadIPPluginJar : add fmc
2026-04-08 19:46:51,329 [INFO] IPUIPlugin:80 - create IPUIPlugin
2026-04-08 19:46:51,330 [INFO] PluginManager:220 - loadIPPluginJar : add freertos
2026-04-08 19:46:51,356 [INFO] IPUIPlugin:80 - create IPUIPlugin
2026-04-08 19:46:51,356 [INFO] PluginManager:220 - loadIPPluginJar : add genericplugin
2026-04-08 19:46:51,497 [INFO] IPUIPlugin:80 - create IPUIPlugin
2026-04-08 19:46:51,499 [INFO] PluginManager:220 - loadIPPluginJar : add gfxmmu
2026-04-08 19:46:51,675 [INFO] IPUIPlugin:80 - create IPUIPlugin
2026-04-08 19:46:51,676 [INFO] PluginManager:220 - loadIPPluginJar : add gic
2026-04-08 19:46:51,693 [INFO] IPUIPlugin:80 - create IPUIPlugin
2026-04-08 19:46:51,693 [INFO] PluginManager:220 - loadIPPluginJar : add gpio
2026-04-08 19:46:51,820 [INFO] IPUIPlugin:80 - create IPUIPlugin
2026-04-08 19:46:51,820 [INFO] PluginManager:220 - loadIPPluginJar : add gtzc
2026-04-08 19:46:51,864 [INFO] IPUIPlugin:80 - create IPUIPlugin
2026-04-08 19:46:51,864 [INFO] PluginManager:220 - loadIPPluginJar : add hash
2026-04-08 19:46:51,930 [INFO] IPUIPlugin:80 - create IPUIPlugin
2026-04-08 19:46:51,931 [INFO] PluginManager:220 - loadIPPluginJar : add i2c
2026-04-08 19:46:51,984 [INFO] IPUIPlugin:80 - create IPUIPlugin
2026-04-08 19:46:51,984 [INFO] PluginManager:220 - loadIPPluginJar : add i2s
2026-04-08 19:46:52,038 [INFO] IPUIPlugin:80 - create IPUIPlugin
2026-04-08 19:46:52,041 [INFO] PluginManager:220 - loadIPPluginJar : add i3c
2026-04-08 19:46:52,174 [INFO] IPUIPlugin:80 - create IPUIPlugin
2026-04-08 19:46:52,174 [INFO] PluginManager:220 - loadIPPluginJar : add ipddr
2026-04-08 19:46:52,303 [INFO] IPUIPlugin:80 - create IPUIPlugin
2026-04-08 19:46:52,303 [INFO] PluginManager:220 - loadIPPluginJar : add linkedlist
2026-04-08 19:46:52,356 [INFO] IPUIPlugin:80 - create IPUIPlugin
2026-04-08 19:46:52,357 [INFO] PluginManager:220 - loadIPPluginJar : add lorawan
2026-04-08 19:46:52,405 [INFO] IPUIPlugin:80 - create IPUIPlugin
2026-04-08 19:46:52,406 [INFO] PluginManager:220 - loadIPPluginJar : add ltdc
2026-04-08 19:46:52,424 [INFO] IPUIPlugin:80 - create IPUIPlugin
2026-04-08 19:46:52,424 [INFO] PluginManager:220 - loadIPPluginJar : add mdma
2026-04-08 19:46:52,440 [INFO] IPUIPlugin:80 - create IPUIPlugin
2026-04-08 19:46:52,440 [INFO] PluginManager:220 - loadIPPluginJar : add nvic
2026-04-08 19:46:52,498 [INFO] IPUIPlugin:80 - create IPUIPlugin
2026-04-08 19:46:52,498 [INFO] PluginManager:220 - loadIPPluginJar : add opamp
2026-04-08 19:46:52,592 [INFO] IPUIPlugin:80 - create IPUIPlugin
2026-04-08 19:46:52,592 [INFO] PluginManager:220 - loadIPPluginJar : add openamp
2026-04-08 19:46:52,653 [INFO] IPUIPlugin:80 - create IPUIPlugin
2026-04-08 19:46:52,653 [INFO] PluginManager:220 - loadIPPluginJar : add pdm2pcm
2026-04-08 19:46:52,672 [INFO] IPUIPlugin:80 - create IPUIPlugin
2026-04-08 19:46:52,675 [INFO] PluginManager:220 - loadIPPluginJar : add plateformsettings
2026-04-08 19:46:52,714 [INFO] IPUIPlugin:80 - create IPUIPlugin
2026-04-08 19:46:52,714 [INFO] PluginManager:220 - loadIPPluginJar : add quadspi
2026-04-08 19:46:52,752 [INFO] IPUIPlugin:80 - create IPUIPlugin
2026-04-08 19:46:52,753 [INFO] PluginManager:220 - loadIPPluginJar : add radio
2026-04-08 19:46:52,770 [INFO] IPUIPlugin:80 - create IPUIPlugin
2026-04-08 19:46:52,770 [INFO] PluginManager:220 - loadIPPluginJar : add resmgrutility
2026-04-08 19:46:52,832 [INFO] IPUIPlugin:80 - create IPUIPlugin
2026-04-08 19:46:52,832 [INFO] PluginManager:220 - loadIPPluginJar : add sai
2026-04-08 19:46:52,886 [INFO] IPUIPlugin:80 - create IPUIPlugin
2026-04-08 19:46:52,886 [INFO] PluginManager:220 - loadIPPluginJar : add spi
2026-04-08 19:46:52,980 [INFO] IPUIPlugin:80 - create IPUIPlugin
2026-04-08 19:46:52,980 [INFO] PluginManager:220 - loadIPPluginJar : add stm32_wpan
2026-04-08 19:46:53,020 [INFO] IPUIPlugin:80 - create IPUIPlugin
2026-04-08 19:46:53,020 [INFO] PluginManager:220 - loadIPPluginJar : add tim
2026-04-08 19:46:53,099 [INFO] IPUIPlugin:80 - create IPUIPlugin
2026-04-08 19:46:53,099 [INFO] PluginManager:220 - loadIPPluginJar : add touchsensing
2026-04-08 19:46:53,129 [INFO] IPUIPlugin:80 - create IPUIPlugin
2026-04-08 19:46:53,129 [INFO] PluginManager:220 - loadIPPluginJar : add tracer_emb
2026-04-08 19:46:53,164 [INFO] IPUIPlugin:80 - create IPUIPlugin
2026-04-08 19:46:53,164 [INFO] PluginManager:220 - loadIPPluginJar : add ts
2026-04-08 19:46:53,168 [INFO] ThirdPartyUpdaterWithRetryManager:70 - Updater plugin not ready yet. [2/15]
2026-04-08 19:46:53,196 [INFO] IPUIPlugin:80 - create IPUIPlugin
2026-04-08 19:46:53,196 [INFO] PluginManager:220 - loadIPPluginJar : add tsc
2026-04-08 19:46:53,225 [INFO] IPUIPlugin:80 - create IPUIPlugin
2026-04-08 19:46:53,225 [INFO] PluginManager:220 - loadIPPluginJar : add ucpd
2026-04-08 19:46:53,289 [INFO] IPUIPlugin:80 - create IPUIPlugin
2026-04-08 19:46:53,289 [INFO] PluginManager:220 - loadIPPluginJar : add usart
2026-04-08 19:46:53,346 [INFO] IPUIPlugin:80 - create IPUIPlugin
2026-04-08 19:46:53,346 [INFO] PluginManager:220 - loadIPPluginJar : add usbx
2026-04-08 19:46:53,489 [FATAL] Updater:351 - Updater called before beeing initialized
2026-04-08 19:46:53,523 [INFO] RulesReader:64 - Compatibility file has been processed (302 Rules)
2026-04-08 19:46:53,536 [INFO] RulesReader:64 - Compatibility file has been processed (302 Rules)
2026-04-08 19:46:53,545 [INFO] CADModel:165 - CPN selected for project level
2026-04-08 19:46:53,545 [INFO] CADModel:114 - Register for checkConnection events
2026-04-08 19:46:53,545 [FATAL] Updater:351 - Updater called before beeing initialized
2026-04-08 19:46:53,545 [ERROR] CADModel:125 - Updater not yet initialized, retry later 
2026-04-08 19:46:53,716 [FATAL] Updater:351 - Updater called before beeing initialized
2026-04-08 19:46:53,718 [INFO] CADModel:165 - CPN selected for project level
2026-04-08 19:46:53,718 [INFO] CADModel:114 - Register for checkConnection events
2026-04-08 19:46:53,718 [FATAL] Updater:351 - Updater called before beeing initialized
2026-04-08 19:46:53,719 [ERROR] CADModel:125 - Updater not yet initialized, retry later 
2026-04-08 19:46:53,723 [FATAL] Updater:351 - Updater called before beeing initialized
2026-04-08 19:46:53,880 [FATAL] Updater:351 - Updater called before beeing initialized
2026-04-08 19:46:53,893 [INFO] DbMcusAds:53 - JSON generation date=Thu Mar 05 20:02:53 IST 2026 (1772721173050)
2026-04-08 19:46:53,893 [FATAL] Updater:351 - Updater called before beeing initialized
2026-04-08 19:46:53,939 [WARN] DetailPanel:346 - Failed to get advertising image, set to default
2026-04-08 19:46:54,212 [FATAL] Updater:351 - Updater called before beeing initialized
2026-04-08 19:46:54,214 [FATAL] Updater:351 - Updater called before beeing initialized
2026-04-08 19:46:54,214 [FATAL] Updater:351 - Updater called before beeing initialized
2026-04-08 19:46:54,214 [WARN] DetailPanel:346 - Failed to get advertising image, set to default
2026-04-08 19:46:54,215 [FATAL] Updater:351 - Updater called before beeing initialized
2026-04-08 19:46:54,279 [ERROR] Updater:1198 - MainUpdater not yet initialized. External WinMGr cannot be set.
2026-04-08 19:46:54,292 [INFO] Updater:1134 - Updater Version found : 6.14.1
2026-04-08 19:46:54,311 [INFO] ApplicationProperties:184 - Using Application install path: C:\ST\STM32CubeIDE_1.10.1\STM32CubeIDE\plugins\com.st.stm32cube.common.mx_6.14.1.202504091515
2026-04-08 19:46:56,169 [INFO] ThirdPartyUpdaterWithRetryManager:70 - Updater plugin not ready yet. [3/15]
2026-04-08 19:46:58,865 [INFO] MainUpdater:2872 - connection check result : 10
2026-04-08 19:46:58,866 [INFO] MainUpdater:289 - Updater Check For Update Now.
2026-04-08 19:46:58,867 [INFO] MicroXplorer:498 - Change Database Version : DB.6.0.141
2026-04-08 19:46:58,890 [INFO] McuFinderGlobals:63 - Set McuFinder mode to 2 (CubeIDE integrated)
2026-04-08 19:46:58,902 [INFO] UserAuth:484 - Internet connection configuration mode: 1
2026-04-08 19:46:58,943 [INFO] JxBrowserEngine:152 - Initiate JxBrowser Engine with user profile folder
2026-04-08 19:46:59,105 [INFO] CheckServerUpdateThread:120 - End of CheckServer Thread
2026-04-08 19:46:59,804 [WARN] PackLoader:240 - Cannot read IP mode file for STMicroelectronics.X-CUBE-AZRTOS-H7.3.5.0
2026-04-08 19:46:59,843 [WARN] PackLoader:240 - Cannot read IP mode file for STMicroelectronics.FP-SNS-MOTENVWB1.1.4.0
2026-04-08 19:46:59,870 [WARN] PackLoader:240 - Cannot read IP mode file for STMicroelectronics.FP-ATR-ASTRA1.2.0.2
2026-04-08 19:46:59,891 [WARN] PackLoader:240 - Cannot read IP mode file for STMicroelectronics.FP-ATR-ASTRA1.2.0.1
2026-04-08 19:46:59,919 [WARN] PackLoader:240 - Cannot read IP mode file for STMicroelectronics.X-CUBE-SMBUS.2.1.0
2026-04-08 19:46:59,946 [WARN] PackLoader:240 - Cannot read IP mode file for STMicroelectronics.X-CUBE-WB05N.1.1.0
2026-04-08 19:46:59,966 [WARN] PackLoader:240 - Cannot read IP mode file for STMicroelectronics.X-CUBE-ST60.1.0.0
2026-04-08 19:46:59,985 [WARN] PackLoader:240 - Cannot read IP mode file for STMicroelectronics.X-CUBE-TOUCHGFX.4.23.2
2026-04-08 19:47:00,027 [WARN] PackLoader:240 - Cannot read IP mode file for STMicroelectronics.X-CUBE-AZRTOS-F7.1.1.0
2026-04-08 19:47:00,048 [WARN] PackLoader:240 - Cannot read IP mode file for STMicroelectronics.X-CUBE-BLE1.6.2.3
2026-04-08 19:47:00,088 [INFO] WebApp:169 - Instantiating new browser for Auth
2026-04-08 19:47:00,120 [WARN] PackLoader:240 - Cannot read IP mode file for STMicroelectronics.X-CUBE-MEMS1.11.0.0
2026-04-08 19:47:00,268 [WARN] PackLoader:240 - Cannot read IP mode file for STMicroelectronics.X-CUBE-BLE1.6.2.4
2026-04-08 19:47:00,288 [ERROR] Engine:466 - C:\Users\abhil\.stm32cubemx\thirdparties\pdsc\STMicroelectronics.FP-SNS-MOTENV1.5.1.0.pdsc: PDSC version is not supported
2026-04-08 19:47:00,309 [WARN] PackLoader:240 - Cannot read IP mode file for STMicroelectronics.FP-SNS-FLIGHT1.5.0.2
2026-04-08 19:47:00,337 [WARN] PackLoader:240 - Cannot read IP mode file for STMicroelectronics.X-CUBE-TOF1.3.1.0
2026-04-08 19:47:00,378 [WARN] PackLoader:240 - Cannot read IP mode file for STMicroelectronics.X-CUBE-AZRTOS-H7.3.4.0
2026-04-08 19:47:00,408 [WARN] PackLoader:240 - Cannot read IP mode file for STMicroelectronics.X-CUBE-DISPLAY.3.0.0
2026-04-08 19:47:00,431 [ERROR] Engine:466 - C:\Users\abhil\.stm32cubemx\thirdparties\pdsc\STMicroelectronics.FP-SNS-MOTENVWB1.1.5.0.pdsc: PDSC version is not supported
2026-04-08 19:47:00,458 [WARN] PackLoader:240 - Cannot read IP mode file for STMicroelectronics.X-CUBE-BLE1.7.0.0
2026-04-08 19:47:00,477 [WARN] PackLoader:240 - Cannot read IP mode file for STMicroelectronics.X-CUBE-NFC10.1.0.0
2026-04-08 19:47:00,498 [WARN] PackLoader:240 - Cannot read IP mode file for STMicroelectronics.X-CUBE-BLEMGR.4.0.0
2026-04-08 19:47:00,516 [WARN] PackLoader:240 - Cannot read IP mode file for STMicroelectronics.X-CUBE-ST60.1.1.0
2026-04-08 19:47:00,536 [WARN] PackLoader:240 - Cannot read IP mode file for STMicroelectronics.X-CUBE-GNSS1.7.1.0
2026-04-08 19:47:00,582 [WARN] PackLoader:240 - Cannot read IP mode file for STMicroelectronics.X-CUBE-MEMS1.9.3.0
2026-04-08 19:47:00,672 [WARN] PackLoader:240 - Cannot read IP mode file for STMicroelectronics.X-CUBE-AI.7.2.0
2026-04-08 19:47:00,695 [WARN] PackLoader:240 - Cannot read IP mode file for STMicroelectronics.X-CUBE-BLEMGR.3.1.0
2026-04-08 19:47:00,715 [WARN] PackLoader:240 - Cannot read IP mode file for STMicroelectronics.X-CUBE-AI.10.0.0
2026-04-08 19:47:00,733 [ERROR] Engine:466 - C:\Users\abhil\.stm32cubemx\thirdparties\pdsc\STMicroelectronics.FP-SNS-STBOX1.2.1.0.pdsc: PDSC version is not supported
2026-04-08 19:47:00,754 [WARN] PackLoader:240 - Cannot read IP mode file for STMicroelectronics.FP-SNS-SMARTAG2.1.2.0
2026-04-08 19:47:00,774 [WARN] PackLoader:240 - Cannot read IP mode file for STMicroelectronics.FP-SNS-FLIGHT1.5.1.0
2026-04-08 19:47:00,838 [WARN] PackLoader:240 - Cannot read IP mode file for STMicroelectronics.X-CUBE-MEMS1.11.1.0
2026-04-08 19:47:00,954 [INFO] LogOutputStream:77 - [STDOUT_REDIRECT] 1 : Invalid condition id : UX_CORESTACK_Condition cause : null
2026-04-08 19:47:00,955 [INFO] LogOutputStream:77 - [STDOUT_REDIRECT] 1 : Invalid condition id : UX_CORESTACK_Condition cause : null
2026-04-08 19:47:00,956 [INFO] LogOutputStream:77 - [STDOUT_REDIRECT] 1 : Invalid condition id : UX_CORESTACK_Condition cause : null
2026-04-08 19:47:00,957 [INFO] LogOutputStream:77 - [STDOUT_REDIRECT] 1 : Invalid condition id : UX_CORESTACK_Condition cause : null
2026-04-08 19:47:00,958 [INFO] LogOutputStream:77 - [STDOUT_REDIRECT] 1 : Invalid condition id : UX_CORESTACK_Condition cause : null
2026-04-08 19:47:00,960 [WARN] PackLoader:240 - Cannot read IP mode file for STMicroelectronics.X-CUBE-AZRTOS-WL.2.0.0
2026-04-08 19:47:00,984 [WARN] PackLoader:240 - Cannot read IP mode file for STMicroelectronics.FP-SNS-MOTENV1.5.0.0
2026-04-08 19:47:01,037 [WARN] PackLoader:240 - Cannot read IP mode file for STMicroelectronics.X-CUBE-AZRTOS-H7RS.1.2.0
2026-04-08 19:47:01,061 [WARN] PackLoader:240 - Cannot read IP mode file for wolfSSL.I-CUBE-wolfMQTT.1.19.0
2026-04-08 19:47:01,089 [WARN] PackLoader:240 - Cannot read IP mode file for WES.I-CUBE-Cesium.1.3.0
2026-04-08 19:47:01,111 [WARN] PackLoader:240 - Cannot read IP mode file for STMicroelectronics.X-CUBE-BLE2.3.3.0
2026-04-08 19:47:01,178 [INFO] WebApp:463 - Apply proxy settings
2026-04-08 19:47:01,179 [INFO] WebApp:548 - Chromium requires no authentication
2026-04-08 19:47:01,186 [WARN] PackLoader:240 - Cannot read IP mode file for STMicroelectronics.X-CUBE-DISPLAY.2.2.0
2026-04-08 19:47:01,189 [INFO] WebApp:491 - Direct internet connection detected
2026-04-08 19:47:01,212 [WARN] PackLoader:240 - Cannot read IP mode file for STMicroelectronics.X-CUBE-TOF1.3.2.0
2026-04-08 19:47:01,231 [INFO] WebApp:894 - Register for checkConnection events
2026-04-08 19:47:01,231 [INFO] WebApp:463 - Apply proxy settings
2026-04-08 19:47:01,231 [INFO] WebApp:548 - Chromium requires no authentication
2026-04-08 19:47:01,232 [INFO] WebApp:491 - Direct internet connection detected
2026-04-08 19:47:01,239 [WARN] PackLoader:240 - Cannot read IP mode file for STMicroelectronics.X-CUBE-ISPU.1.0.0
2026-04-08 19:47:01,260 [WARN] PackLoader:240 - Cannot read IP mode file for STMicroelectronics.X-CUBE-NFC9.1.0.0
2026-04-08 19:47:01,303 [WARN] PackLoader:240 - Cannot read IP mode file for STMicroelectronics.X-CUBE-AZRTOS-H7.2.1.0
2026-04-08 19:47:01,323 [WARN] PackLoader:240 - Cannot read IP mode file for STMicroelectronics.X-CUBE-BLE1.7.1.0
2026-04-08 19:47:01,344 [WARN] PackLoader:240 - Cannot read IP mode file for STMicroelectronics.X-CUBE-TCPP.4.1.0
2026-04-08 19:47:01,358 [ERROR] Engine:466 - C:\Users\abhil\.stm32cubemx\thirdparties\pdsc\STMicroelectronics.X-CUBE-FREERTOS.1.4.0.pdsc: PDSC version is not supported
2026-04-08 19:47:01,375 [WARN] PackLoader:240 - Cannot read IP mode file for STMicroelectronics.X-CUBE-EEPRMA1.5.2.0
2026-04-08 19:47:01,394 [WARN] PackLoader:240 - Cannot read IP mode file for STMicroelectronics.X-CUBE-TOUCHGFX.4.21.3
2026-04-08 19:47:01,408 [WARN] PackLoader:240 - Cannot read IP mode file for STMicroelectronics.X-CUBE-AI.7.3.0
2026-04-08 19:47:01,424 [ERROR] Engine:466 - C:\Users\abhil\.stm32cubemx\thirdparties\pdsc\STMicroelectronics.X-CUBE-ST67W61.1.1.0.pdsc: PDSC version is not supported
2026-04-08 19:47:01,439 [WARN] PackLoader:240 - Cannot read IP mode file for STMicroelectronics.X-CUBE-AI.10.1.0
2026-04-08 19:47:01,483 [WARN] PackLoader:240 - Cannot read IP mode file for STMicroelectronics.X-CUBE-MEMS1.12.0.0
2026-04-08 19:47:01,526 [INFO] WebApp:225 - Starting web application
2026-04-08 19:47:01,526 [INFO] WebApp:593 - Web application path used C:\ST\STM32CubeIDE_1.10.1\STM32CubeIDE\plugins\com.st.stm32cube.common.mx_6.14.1.202504091515\db\plugins\mcufinder\reactClient1\index.html
2026-04-08 19:47:01,547 [WARN] PackLoader:240 - Cannot read IP mode file for STMicroelectronics.X-CUBE-ALGOBUILD.1.3.0
2026-04-08 19:47:01,601 [WARN] PackLoader:240 - Cannot read IP mode file for STMicroelectronics.X-CUBE-MEMS1.11.2.0
2026-04-08 19:47:01,693 [WARN] PackLoader:240 - Cannot read IP mode file for STMicroelectronics.X-CUBE-AZRTOS-G0.1.1.0
2026-04-08 19:47:01,712 [WARN] PackLoader:240 - Cannot read IP mode file for STMicroelectronics.X-CUBE-SAFEA1.1.2.2
2026-04-08 19:47:01,730 [WARN] PackLoader:240 - Cannot read IP mode file for STMicroelectronics.X-CUBE-NFC4.3.0.0
2026-04-08 19:47:01,747 [INFO] UserAuth:484 - Internet connection configuration mode: 1
2026-04-08 19:47:01,781 [WARN] PackLoader:240 - Cannot read IP mode file for SEGGER.I-CUBE-embOS.1.2.1
2026-04-08 19:47:01,821 [WARN] PackLoader:240 - Cannot read IP mode file for wolfSSL.I-CUBE-wolfMQTT.1.18.0
2026-04-08 19:47:01,846 [WARN] PackLoader:240 - Cannot read IP mode file for EmbeddedOffice.I-CUBE-FS-RTOS.1.0.1
2026-04-08 19:47:01,879 [WARN] PackLoader:240 - Cannot read IP mode file for STMicroelectronics.X-CUBE-WB05N.2.0.0
2026-04-08 19:47:01,906 [WARN] PackLoader:240 - Cannot read IP mode file for STMicroelectronics.X-CUBE-TCPP.4.2.0
2026-04-08 19:47:01,933 [INFO] WebApp:191 - Connection restablished
2026-04-08 19:47:01,935 [WARN] PackLoader:240 - Cannot read IP mode file for RealThread.X-CUBE-RT-Thread_Nano.4.1.1
2026-04-08 19:47:01,956 [WARN] PackLoader:240 - Cannot read IP mode file for STMicroelectronics.FP-ATR-SIGFOX1.3.2.0
2026-04-08 19:47:01,974 [WARN] ConditionMgr:438 - getConditionDescription Invalid condition id : Cortex-A Device cause : null
2026-04-08 19:47:01,998 [WARN] ConditionMgr:1044 - genDependencies : Invalid condition id : Cortex-A Device cause : null
2026-04-08 19:47:01,998 [WARN] ConditionMgr:1044 - genDependencies : Invalid condition id : Cortex-A Device cause : null
2026-04-08 19:47:01,998 [WARN] ConditionMgr:1044 - genDependencies : Invalid condition id : Cortex-A Device cause : null
2026-04-08 19:47:02,017 [WARN] PackLoader:240 - Cannot read IP mode file for STMicroelectronics.X-CUBE-EEPRMA1.5.1.0
2026-04-08 19:47:02,034 [ERROR] Engine:466 - C:\Users\abhil\.stm32cubemx\thirdparties\pdsc\STMicroelectronics.X-CUBE-FREERTOS.1.5.0.pdsc: PDSC version is not supported
2026-04-08 19:47:02,057 [WARN] PackLoader:240 - Cannot read IP mode file for emotas.I-CUBE-CANOPEN.1.1.2
2026-04-08 19:47:02,073 [WARN] PackLoader:240 - Cannot read IP mode file for STMicroelectronics.X-CUBE-TOUCHGFX.4.20.0
2026-04-08 19:47:02,092 [WARN] PackLoader:240 - Cannot read IP mode file for ITTIA_DB.I-CUBE-ITTIADB.8.9.0
2026-04-08 19:47:02,109 [WARN] PackLoader:240 - Cannot read IP mode file for STMicroelectronics.X-CUBE-NFC6.3.2.0
2026-04-08 19:47:02,157 [WARN] PackLoader:240 - Cannot read IP mode file for STMicroelectronics.X-CUBE-MEMS1.9.5.0
2026-04-08 19:47:02,254 [WARN] PackLoader:240 - Cannot read IP mode file for STMicroelectronics.X-CUBE-ST67W61.1.0.0
2026-04-08 19:47:02,273 [WARN] PackLoader:240 - Cannot read IP mode file for STMicroelectronics.X-CUBE-AI.10.2.0
2026-04-08 19:47:02,304 [WARN] PackLoader:240 - Cannot read IP mode file for SEGGER.I-CUBE-embOS.1.3.1
2026-04-08 19:47:02,335 [WARN] PackLoader:240 - Cannot read IP mode file for STMicroelectronics.X-CUBE-ALGOBUILD.1.4.0
2026-04-08 19:47:02,380 [WARN] PackLoader:240 - Cannot read IP mode file for STMicroelectronics.X-CUBE-MEMS1.11.3.0
2026-04-08 19:47:02,455 [WARN] PackLoader:240 - Cannot read IP mode file for STMicroelectronics.X-CUBE-AI.9.1.0
2026-04-08 19:47:02,470 [WARN] PackLoader:240 - Cannot read IP mode file for STMicroelectronics.X-CUBE-PM33A1.1.0.0
2026-04-08 19:47:02,487 [WARN] PackLoader:240 - Cannot read IP mode file for STMicroelectronics.X-CUBE-GNSS1.6.0.0
2026-04-08 19:47:02,512 [WARN] PackLoader:240 - Cannot read IP mode file for STMicroelectronics.X-CUBE-AZRTOS-F4.1.1.0
2026-04-08 19:47:02,533 [WARN] PackLoader:240 - Cannot read IP mode file for Avnet-IotConnect.X-CUBE-IoTC-DA16k-PMOD.1.0.0
2026-04-08 19:47:02,547 [WARN] PackLoader:240 - Cannot read IP mode file for STMicroelectronics.X-CUBE-ISPU.2.1.0
2026-04-08 19:47:02,563 [ERROR] Engine:466 - C:\Users\abhil\.stm32cubemx\thirdparties\pdsc\STMicroelectronics.X-CUBE-IPS.3.2.0.pdsc: PDSC version is not supported
2026-04-08 19:47:02,579 [WARN] PackLoader:240 - Cannot read IP mode file for STMicroelectronics.eDS-WB_DPC_TT-BIDIR.2.1.1
2026-04-08 19:47:02,593 [WARN] PackLoader:240 - Cannot read IP mode file for STMicroelectronics.X-CUBE-FREERTOS.1.2.0
2026-04-08 19:47:02,610 [WARN] PackLoader:240 - Cannot read IP mode file for STMicroelectronics.X-CUBE-NFC12.1.0.0
2026-04-08 19:47:02,626 [WARN] PackLoader:240 - Cannot read IP mode file for STMicroelectronics.X-CUBE-BLEMGR.1.2.0
2026-04-08 19:47:02,661 [WARN] PackLoader:240 - Cannot read IP mode file for STMicroelectronics.X-CUBE-AZRTOS-L5.2.0.0
2026-04-08 19:47:02,687 [WARN] PackLoader:240 - Cannot read IP mode file for STMicroelectronics.X-CUBE-NFC6.3.1.0
2026-04-08 19:47:02,713 [WARN] PackLoader:240 - Cannot read IP mode file for STMicroelectronics.X-CUBE-BLEMGR.2.0.0
2026-04-08 19:47:02,750 [WARN] PackLoader:240 - Cannot read IP mode file for STMicroelectronics.X-CUBE-DPower.1.2.0
2026-04-08 19:47:02,769 [WARN] PackLoader:240 - Cannot read IP mode file for STMicroelectronics.eDS-WB_DPC_VIENNA.1.2.0
2026-04-08 19:47:02,787 [WARN] PackLoader:240 - Cannot read IP mode file for STMicroelectronics.eDS-WB_DPC_3PH2L-BIDIR.1.1.1
2026-04-08 19:47:02,802 [WARN] PackLoader:240 - Cannot read IP mode file for STMicroelectronics.X-CUBE-NFC4.2.0.4
2026-04-08 19:47:02,817 [WARN] PackLoader:240 - Cannot read IP mode file for STMicroelectronics.X-CUBE-AI.9.0.0
2026-04-08 19:47:02,852 [WARN] ConditionMgr:438 - getConditionDescription Invalid condition id : UX DEVICE CLASS RTOS Condition cause : null
2026-04-08 19:47:02,852 [WARN] ConditionMgr:438 - getConditionDescription Invalid condition id : UX DEVICE CLASS RTOS Condition cause : null
2026-04-08 19:47:02,855 [WARN] PackLoader:240 - Cannot read IP mode file for STMicroelectronics.X-CUBE-AZRTOS-H7.3.1.0
2026-04-08 19:47:02,855 [WARN] ConditionMgr:1044 - genDependencies : Invalid condition id : UX DEVICE CLASS RTOS Condition cause : null
2026-04-08 19:47:02,855 [WARN] ConditionMgr:1044 - genDependencies : Invalid condition id : UX DEVICE CLASS RTOS Condition cause : null
2026-04-08 19:47:02,856 [WARN] ConditionMgr:1044 - genDependencies : Invalid condition id : UX DEVICE CLASS RTOS Condition cause : null
2026-04-08 19:47:02,856 [WARN] ConditionMgr:1044 - genDependencies : Invalid condition id : UX DEVICE CLASS RTOS Condition cause : null
2026-04-08 19:47:02,856 [WARN] ConditionMgr:1044 - genDependencies : Invalid condition id : UX DEVICE CLASS RTOS Condition cause : null
2026-04-08 19:47:02,871 [WARN] PackLoader:240 - Cannot read IP mode file for wolfSSL.I-CUBE-wolfSSL.5.5.1
2026-04-08 19:47:02,886 [WARN] PackLoader:240 - Cannot read IP mode file for STMicroelectronics.X-CUBE-FREERTOS.1.3.1
2026-04-08 19:47:02,900 [WARN] PackLoader:240 - Cannot read IP mode file for STMicroelectronics.X-CUBE-FREERTOS.1.3.0
2026-04-08 19:47:02,914 [WARN] PackLoader:240 - Cannot read IP mode file for STMicroelectronics.X-CUBE-NFC7.1.0.1
2026-04-08 19:47:02,930 [WARN] PackLoader:240 - Cannot read IP mode file for STMicroelectronics.X-CUBE-NFC7.1.0.0
2026-04-08 19:47:02,953 [WARN] PackLoader:240 - Cannot read IP mode file for STMicroelectronics.X-CUBE-TOUCHGFX.4.26.0
2026-04-08 19:47:02,966 [WARN] PackLoader:240 - Cannot read IP mode file for STMicroelectronics.X-CUBE-TOUCHGFX.4.26.1
2026-04-08 19:47:02,982 [WARN] PackLoader:240 - Cannot read IP mode file for STMicroelectronics.X-CUBE-EEPRMA1.4.1.0
2026-04-08 19:47:02,997 [WARN] PackLoader:240 - Cannot read IP mode file for STMicroelectronics.FP-SNS-STAIOTCFT.1.0.0
2026-04-08 19:47:03,011 [WARN] PackLoader:240 - Cannot read IP mode file for STMicroelectronics.X-CUBE-DPower.1.3.0
2026-04-08 19:47:03,040 [WARN] ConditionMgr:438 - getConditionDescription Invalid condition id : LAN8742 Phy interface Condition cause : null
2026-04-08 19:47:03,040 [WARN] PackLoader:240 - Cannot read IP mode file for STMicroelectronics.X-CUBE-AZRTOS-L4.2.0.0
2026-04-08 19:47:03,041 [WARN] ConditionMgr:1044 - genDependencies : Invalid condition id : LAN8742 Phy interface Condition cause : null
2026-04-08 19:47:03,041 [WARN] ConditionMgr:1044 - genDependencies : Invalid condition id : LAN8742 Phy interface Condition cause : null
2026-04-08 19:47:03,041 [WARN] ConditionMgr:1044 - genDependencies : Invalid condition id : LAN8742 Phy interface Condition cause : null
2026-04-08 19:47:03,058 [WARN] PackLoader:240 - Cannot read IP mode file for STMicroelectronics.X-CUBE-SFXS2LP1.4.0.0
2026-04-08 19:47:03,078 [ERROR] Engine:466 - C:\Users\abhil\.stm32cubemx\thirdparties\pdsc\STMicroelectronics.X-CUBE-ST67W61.1.2.0.pdsc: PDSC version is not supported
2026-04-08 19:47:03,096 [WARN] PackLoader:240 - Cannot read IP mode file for STMicroelectronics.X-CUBE-ISPU.1.1.0
2026-04-08 19:47:03,126 [WARN] PackLoader:240 - Cannot read IP mode file for STMicroelectronics.X-CUBE-AZRTOS-H7.3.3.0
2026-04-08 19:47:03,144 [WARN] PackLoader:240 - Cannot read IP mode file for RoweBots.I-CUBE-UNISONRTOS.5.5.0-4
2026-04-08 19:47:03,161 [WARN] PackLoader:240 - Cannot read IP mode file for STMicroelectronics.X-CUBE-BLEMGR.4.1.0
2026-04-08 19:47:03,178 [WARN] PackLoader:240 - Cannot read IP mode file for STMicroelectronics.X-CUBE-AI.8.0.0
2026-04-08 19:47:03,196 [WARN] PackLoader:240 - Cannot read IP mode file for STMicroelectronics.X-CUBE-IPS.3.0.0
2026-04-08 19:47:03,222 [WARN] ConditionMgr:438 - getConditionDescription Invalid condition id : UX DEVICE CLASS RTOS Condition cause : null
2026-04-08 19:47:03,222 [WARN] ConditionMgr:438 - getConditionDescription Invalid condition id : UX DEVICE CLASS RTOS Condition cause : null
2026-04-08 19:47:03,223 [WARN] PackLoader:240 - Cannot read IP mode file for STMicroelectronics.X-CUBE-AZRTOS-WB.2.0.0
2026-04-08 19:47:03,223 [WARN] ConditionMgr:1044 - genDependencies : Invalid condition id : UX DEVICE CLASS RTOS Condition cause : null
2026-04-08 19:47:03,223 [WARN] ConditionMgr:1044 - genDependencies : Invalid condition id : UX DEVICE CLASS RTOS Condition cause : null
2026-04-08 19:47:03,223 [WARN] ConditionMgr:1044 - genDependencies : Invalid condition id : UX DEVICE CLASS RTOS Condition cause : null
2026-04-08 19:47:03,223 [WARN] ConditionMgr:1044 - genDependencies : Invalid condition id : UX DEVICE CLASS RTOS Condition cause : null
2026-04-08 19:47:03,223 [WARN] ConditionMgr:1044 - genDependencies : Invalid condition id : UX DEVICE CLASS RTOS Condition cause : null
2026-04-08 19:47:03,236 [WARN] PackLoader:240 - Cannot read IP mode file for STMicroelectronics.X-CUBE-FREERTOS.1.0.1
2026-04-08 19:47:03,249 [WARN] PackLoader:240 - Cannot read IP mode file for STMicroelectronics.X-CUBE-GNSS1.7.0.0
2026-04-08 19:47:03,263 [WARN] PackLoader:240 - Cannot read IP mode file for STMicroelectronics.X-CUBE-GNSS1.7.0.1
2026-04-08 19:47:03,279 [WARN] PackLoader:240 - Cannot read IP mode file for STMicroelectronics.X-CUBE-TOUCHGFX.4.25.0
2026-04-08 19:47:03,296 [WARN] PackLoader:240 - Cannot read IP mode file for STMicroelectronics.FP-SNS-STBOX1.2.0.0
2026-04-08 19:47:03,319 [WARN] PackLoader:240 - Cannot read IP mode file for STMicroelectronics.X-CUBE-STSE01.2.0.0
2026-04-08 19:47:03,346 [WARN] PackLoader:240 - Cannot read IP mode file for STMicroelectronics.X-CUBE-AZRTOS-L5.1.1.0
2026-04-08 19:47:03,365 [WARN] PackLoader:240 - Cannot read IP mode file for STMicroelectronics.X-CUBE-SUBG2.5.0.0
2026-04-08 19:47:03,392 [WARN] PackLoader:240 - Cannot read IP mode file for STMicroelectronics.X-CUBE-AZRTOS-H7RS.1.1.0
2026-04-08 19:47:03,409 [WARN] PackLoader:240 - Cannot read IP mode file for Cesanta.I-CUBE-Mongoose.7.13.0
2026-04-08 19:47:03,433 [WARN] PackLoader:240 - Cannot read IP mode file for STMicroelectronics.X-CUBE-AZRTOS-G4.2.0.0
2026-04-08 19:47:03,453 [WARN] PackLoader:240 - Cannot read IP mode file for STMicroelectronics.X-CUBE-TOF1.3.3.0
2026-04-08 19:47:03,470 [WARN] PackLoader:240 - Cannot read IP mode file for STMicroelectronics.FP-ATR-ASTRA1.1.1.1
2026-04-08 19:47:03,479 [INFO] WebApp:194 - Connection lost
2026-04-08 19:47:03,485 [WARN] PackLoader:240 - Cannot read IP mode file for STMicroelectronics.X-CUBE-NFC7.2.0.0
2026-04-08 19:47:03,507 [WARN] PackLoader:240 - Cannot read IP mode file for STMicroelectronics.X-CUBE-AZRTOS-G4.1.0.0
2026-04-08 19:47:03,532 [WARN] PackLoader:240 - Cannot read IP mode file for STMicroelectronics.X-CUBE-AZRTOS-L4.1.0.0
2026-04-08 19:47:03,547 [WARN] PackLoader:240 - Cannot read IP mode file for STMicroelectronics.X-CUBE-ISPU.2.0.0
2026-04-08 19:47:03,563 [WARN] PackLoader:240 - Cannot read IP mode file for STMicroelectronics.X-CUBE-IPS.3.1.0
2026-04-08 19:47:03,580 [WARN] PackLoader:240 - Cannot read IP mode file for STMicroelectronics.X-CUBE-ALS.1.0.2
2026-04-08 19:47:03,614 [WARN] PackLoader:240 - Cannot read IP mode file for STMicroelectronics.X-CUBE-MEMS1.10.0.0
2026-04-08 19:47:03,685 [WARN] PackLoader:240 - Cannot read IP mode file for STMicroelectronics.X-CUBE-TOUCHGFX.4.24.2
2026-04-08 19:47:03,706 [WARN] PackLoader:240 - Cannot read IP mode file for STMicroelectronics.X-CUBE-AZRTOS-WL.1.0.0
2026-04-08 19:47:03,713 [INFO] WebApp:191 - Connection restablished
2026-04-08 19:47:03,720 [WARN] PackLoader:240 - Cannot read IP mode file for STMicroelectronics.X-CUBE-TOUCHGFX.4.24.1
2026-04-08 19:47:03,734 [WARN] PackLoader:240 - Cannot read IP mode file for STMicroelectronics.X-CUBE-STSE01.1.0.0
2026-04-08 19:47:03,747 [WARN] PackLoader:240 - Cannot read IP mode file for wolfSSL.I-CUBE-wolfTPM.3.4.0
2026-04-08 19:47:03,763 [WARN] PackLoader:240 - Cannot read IP mode file for portGmbH.I-Cube-SoM-uGOAL.1.1.0
2026-04-08 19:47:03,775 [WARN] PackLoader:240 - Cannot read IP mode file for STMicroelectronics.X-CUBE-ALS.1.0.1
2026-04-08 19:47:03,794 [WARN] PackLoader:240 - Cannot read IP mode file for STMicroelectronics.X-CUBE-AZRTOS-WB.1.1.0
2026-04-08 19:47:03,819 [WARN] PackLoader:240 - Cannot read IP mode file for STMicroelectronics.X-CUBE-AZRTOS-L5.1.0.0
2026-04-08 19:47:03,834 [WARN] PackLoader:240 - Cannot read IP mode file for STMicroelectronics.X-CUBE-EEPRMA1.3.1.1
2026-04-08 19:47:03,862 [WARN] PackLoader:240 - Cannot read IP mode file for STMicroelectronics.X-CUBE-AZRTOS-H7RS.1.0.0
2026-04-08 19:47:03,879 [WARN] PackLoader:240 - Cannot read IP mode file for STMicroelectronics.FP-ATR-ASTRA1.2.0.0
2026-04-08 19:47:03,903 [WARN] PackLoader:240 - Cannot read IP mode file for STMicroelectronics.X-CUBE-TOF1.3.4.2
2026-04-08 19:47:03,934 [WARN] PackLoader:240 - Cannot read IP mode file for STMicroelectronics.X-CUBE-TOF1.3.4.3
2026-04-08 19:47:03,966 [WARN] PackLoader:240 - Cannot read IP mode file for STMicroelectronics.X-CUBE-TOF1.3.4.1
2026-04-08 19:47:04,011 [WARN] PackLoader:240 - Cannot read IP mode file for STMicroelectronics.X-CUBE-AZRTOS-H7.3.2.0
2026-04-08 19:47:04,037 [WARN] PackLoader:240 - Cannot read IP mode file for Infineon.AIROC-Wi-Fi-Bluetooth-STM32.1.6.0
2026-04-08 19:47:04,061 [WARN] PackLoader:240 - Cannot read IP mode file for wolfSSL.I-CUBE-wolfSSH.1.4.17
2026-04-08 19:47:04,062 [INFO] ThirdParty:978 - Integrity check success = true
2026-04-08 19:47:04,062 [INFO] IntegrityCheckThread:100 - exiting critical section [integrity check]
2026-04-08 19:47:04,062 [INFO] IntegrityCheckThread:103 - End integrity checks thread
2026-04-08 19:47:20,334 [INFO] WebApp:194 - Connection lost
2026-04-08 19:47:20,566 [INFO] WebApp:191 - Connection restablished
2026-04-08 19:51:25,910 [INFO] WebApp:194 - Connection lost
2026-04-08 19:51:26,188 [INFO] WebApp:191 - Connection restablished
2026-04-08 19:52:09,405 [INFO] WebApp:194 - Connection lost
2026-04-08 19:52:09,896 [INFO] WebApp:191 - Connection restablished
2026-04-08 19:53:14,388 [INFO] WebApp:194 - Connection lost
2026-04-08 19:53:14,620 [INFO] WebApp:191 - Connection restablished
2026-04-08 20:02:56,971 [INFO] WebApp:194 - Connection lost
2026-04-08 20:02:57,222 [INFO] WebApp:191 - Connection restablished
2026-04-08 20:04:17,693 [INFO] WebApp:194 - Connection lost
2026-04-08 20:04:36,491 [INFO] WebApp:191 - Connection restablished
2026-04-08 20:04:39,422 [INFO] WebApp:194 - Connection lost
2026-04-08 20:04:39,720 [INFO] WebApp:191 - Connection restablished
2026-04-08 21:35:01,781 [INFO] McuFinderGlobals:63 - Set McuFinder mode to 2 (CubeIDE integrated)
2026-04-08 21:35:01,816 [INFO] MainUpdater:2872 - connection check result : 10
2026-04-08 21:35:01,825 [INFO] MainUpdater:2872 - connection check result : 10
2026-04-08 21:35:02,055 [INFO] MicroXplorer:468 - Change Database Path : 
2026-04-08 21:35:02,056 [INFO] MicroXplorer:498 - Change Database Version : DB.6.0.141
2026-04-08 21:35:02,061 [WARN] ThirdParty:871 - waiting for thirdparty lock release [close project]
2026-04-08 21:35:02,061 [INFO] ThirdParty:873 - entering critical section [close project]
2026-04-08 21:35:02,089 [INFO] ThirdParty:883 - exiting critical section [close project]
2026-04-08 21:35:02,091 [INFO] PinOutPanel:1589 - setPackage(No Configuration,No Configuration)
2026-04-08 21:35:02,097 [INFO] UtilMem:75 - Begin LoadConfig() Used Memory: 702349600 Bytes (1073741824)
2026-04-08 21:35:02,099 [INFO] MicroXplorer:468 - Change Database Path : 
2026-04-08 21:35:02,099 [INFO] MicroXplorer:498 - Change Database Version : DB.6.0.141
2026-04-08 21:35:02,100 [INFO] OpenFileManager:354 - Change cursor
2026-04-08 21:35:02,177 [INFO] Mcu:2011 - Initializing MCU STM32F411C(C-E)Ux STM32F411CEUx STM32F411CEU6
2026-04-08 21:35:04,064 [INFO] Context:756 - Trying to add GPIOservice into a context  which must be forbidden
2026-04-08 21:35:04,538 [INFO] ImportTextPane:218 - (OptionalMessage_ERROR) Pin24 (VP_RIF_VS_RIF1) cannot be retrieved for this MCU
2026-04-08 21:35:04,770 [INFO] RtosManager:558 - Registered RTOS mode: class=CMSIS, group=RTOS, mode=CMSIS_V1, owner=FREERTOS
2026-04-08 21:35:04,770 [INFO] RtosManager:558 - Registered RTOS mode: class=CMSIS, group=RTOS2, mode=CMSIS_V2, owner=FREERTOS
2026-04-08 21:35:04,771 [INFO] RtosManager:558 - Registered RTOS mode: class=RTOS, group=Core, mode=CMSIS_V1, owner=FREERTOS
2026-04-08 21:35:04,771 [INFO] RtosManager:558 - Registered RTOS mode: class=RTOS, group=Core, mode=CMSIS_V2, owner=FREERTOS
2026-04-08 21:35:04,771 [WARN] ModelIntegratedComponent:184 - Missing modes for component STMicroelectronics:FreeRTOS:0.0.1:STMicroelectronics:RTOS:FreeRTOS:Core:::10.2.0:
2026-04-08 21:35:04,780 [WARN] ModelIntegratedComponent:63 - No mode defined for component null
2026-04-08 21:35:04,780 [WARN] ModelIntegratedComponent:63 - No mode defined for component null
2026-04-08 21:35:04,780 [WARN] ModelIntegratedComponent:63 - No mode defined for component null
2026-04-08 21:35:04,780 [WARN] ModelIntegratedComponent:63 - No mode defined for component null
2026-04-08 21:35:04,780 [WARN] ModelIntegratedComponent:63 - No mode defined for component null
2026-04-08 21:35:04,780 [WARN] ModelIntegratedComponent:63 - No mode defined for component null
2026-04-08 21:35:04,780 [WARN] ModelIntegratedComponent:63 - No mode defined for component null
2026-04-08 21:35:04,780 [WARN] ModelIntegratedComponent:63 - No mode defined for component null
2026-04-08 21:35:04,780 [WARN] ModelIntegratedComponent:63 - No mode defined for component null
2026-04-08 21:35:04,780 [WARN] ModelIntegratedComponent:63 - No mode defined for component null
2026-04-08 21:35:04,780 [WARN] ModelIntegratedComponent:63 - No mode defined for component null
2026-04-08 21:35:04,781 [WARN] ModelIntegratedComponent:63 - No mode defined for component null
2026-04-08 21:35:04,781 [WARN] ModelIntegratedComponent:63 - No mode defined for component null
2026-04-08 21:35:04,781 [WARN] ModelIntegratedComponent:63 - No mode defined for component null
2026-04-08 21:35:04,781 [WARN] ModelIntegratedComponent:63 - No mode defined for component null
2026-04-08 21:35:04,781 [WARN] ModelIntegratedComponent:63 - No mode defined for component null
2026-04-08 21:35:04,781 [WARN] ModelIntegratedComponent:63 - No mode defined for component null
2026-04-08 21:35:04,781 [WARN] ModelIntegratedComponent:63 - No mode defined for component null
2026-04-08 21:35:04,781 [WARN] ModelIntegratedComponent:63 - No mode defined for component null
2026-04-08 21:35:04,781 [WARN] ModelIntegratedComponent:63 - No mode defined for component null
2026-04-08 21:35:04,781 [WARN] ModelIntegratedComponent:63 - No mode defined for component null
2026-04-08 21:35:04,781 [WARN] ModelIntegratedComponent:63 - No mode defined for component null
2026-04-08 21:35:04,781 [WARN] ModelIntegratedComponent:63 - No mode defined for component null
2026-04-08 21:35:04,781 [WARN] ModelIntegratedComponent:63 - No mode defined for component null
2026-04-08 21:35:04,781 [WARN] ModelIntegratedComponent:63 - No mode defined for component null
2026-04-08 21:35:04,781 [WARN] ModelIntegratedComponent:63 - No mode defined for component null
2026-04-08 21:35:04,781 [WARN] ModelIntegratedComponent:63 - No mode defined for component null
2026-04-08 21:35:04,781 [WARN] ModelIntegratedComponent:63 - No mode defined for component null
2026-04-08 21:35:04,781 [WARN] ModelIntegratedComponent:63 - No mode defined for component null
2026-04-08 21:35:04,781 [WARN] ModelIntegratedComponent:63 - No mode defined for component null
2026-04-08 21:35:04,782 [WARN] ModelIntegratedComponent:63 - No mode defined for component null
2026-04-08 21:35:04,782 [WARN] ModelIntegratedComponent:63 - No mode defined for component null
2026-04-08 21:35:04,782 [WARN] ModelIntegratedComponent:63 - No mode defined for component null
2026-04-08 21:35:04,782 [WARN] ModelIntegratedComponent:63 - No mode defined for component null
2026-04-08 21:35:04,782 [WARN] ModelIntegratedComponent:63 - No mode defined for component null
2026-04-08 21:35:04,782 [WARN] ModelPack:524 - Component already loaded: STMicroelectronics:HAL Drivers:0.0.0:STMicroelectronics:Device:STMicro_Driver:XSPI:HAL::0.0.1:HAL_XSPI
2026-04-08 21:35:04,946 [WARN] ModelIntegratedComponent:182 - Modes not found for component STMicroelectronics:USB_DEVICE:1.0.0:STMicroelectronics:USB::USB Device:Audio HS::1.0:USB_DEVICE_1_0_RESTRICTED_HS
2026-04-08 21:35:04,947 [WARN] ModelIntegratedComponent:188 - Modes not found for component STMicroelectronics:USB_DEVICE:1.0.0:STMicroelectronics:USB::USB Device:Audio HS::1.0:USB_DEVICE_1_0_RESTRICTED_HS
2026-04-08 21:35:04,947 [WARN] ModelIntegratedComponent:182 - Modes not found for component STMicroelectronics:USB_DEVICE:1.0.0:STMicroelectronics:USB::USB Device:CDC HS::1.0:USB_DEVICE_1_0_RESTRICTED_HS
2026-04-08 21:35:04,947 [WARN] ModelIntegratedComponent:188 - Modes not found for component STMicroelectronics:USB_DEVICE:1.0.0:STMicroelectronics:USB::USB Device:CDC HS::1.0:USB_DEVICE_1_0_RESTRICTED_HS
2026-04-08 21:35:04,947 [WARN] ModelIntegratedComponent:182 - Modes not found for component STMicroelectronics:USB_DEVICE:1.0.0:STMicroelectronics:USB::USB Device:DFU HS::1.0:USB_DEVICE_1_0_RESTRICTED_HS
2026-04-08 21:35:04,947 [WARN] ModelIntegratedComponent:188 - Modes not found for component STMicroelectronics:USB_DEVICE:1.0.0:STMicroelectronics:USB::USB Device:DFU HS::1.0:USB_DEVICE_1_0_RESTRICTED_HS
2026-04-08 21:35:04,947 [WARN] ModelIntegratedComponent:182 - Modes not found for component STMicroelectronics:USB_DEVICE:1.0.0:STMicroelectronics:USB::USB Device:HID HS::1.0:USB_DEVICE_1_0_RESTRICTED_HS
2026-04-08 21:35:04,947 [WARN] ModelIntegratedComponent:188 - Modes not found for component STMicroelectronics:USB_DEVICE:1.0.0:STMicroelectronics:USB::USB Device:HID HS::1.0:USB_DEVICE_1_0_RESTRICTED_HS
2026-04-08 21:35:04,947 [WARN] ModelIntegratedComponent:182 - Modes not found for component STMicroelectronics:USB_DEVICE:1.0.0:STMicroelectronics:USB::USB Device:Custom HID HS::1.0:USB_DEVICE_1_0_RESTRICTED_HS
2026-04-08 21:35:04,947 [WARN] ModelIntegratedComponent:188 - Modes not found for component STMicroelectronics:USB_DEVICE:1.0.0:STMicroelectronics:USB::USB Device:Custom HID HS::1.0:USB_DEVICE_1_0_RESTRICTED_HS
2026-04-08 21:35:04,947 [WARN] ModelIntegratedComponent:182 - Modes not found for component STMicroelectronics:USB_DEVICE:1.0.0:STMicroelectronics:USB::USB Device:MSC HS::1.0:USB_DEVICE_1_0_RESTRICTED_HS
2026-04-08 21:35:04,947 [WARN] ModelIntegratedComponent:188 - Modes not found for component STMicroelectronics:USB_DEVICE:1.0.0:STMicroelectronics:USB::USB Device:MSC HS::1.0:USB_DEVICE_1_0_RESTRICTED_HS
2026-04-08 21:35:05,097 [WARN] ModelIntegratedComponent:182 - Modes not found for component STMicroelectronics:USB_HOST:1.0.0:STMicroelectronics:USB::USB Host:Audio HS::1.0:USB_HOST_1_0_RESTRICTED_HS
2026-04-08 21:35:05,097 [WARN] ModelIntegratedComponent:188 - Modes not found for component STMicroelectronics:USB_HOST:1.0.0:STMicroelectronics:USB::USB Host:Audio HS::1.0:USB_HOST_1_0_RESTRICTED_HS
2026-04-08 21:35:05,097 [WARN] ModelIntegratedComponent:182 - Modes not found for component STMicroelectronics:USB_HOST:1.0.0:STMicroelectronics:USB::USB Host:CDC HS::1.0:USB_HOST_1_0_RESTRICTED_HS
2026-04-08 21:35:05,097 [WARN] ModelIntegratedComponent:188 - Modes not found for component STMicroelectronics:USB_HOST:1.0.0:STMicroelectronics:USB::USB Host:CDC HS::1.0:USB_HOST_1_0_RESTRICTED_HS
2026-04-08 21:35:05,097 [WARN] ModelIntegratedComponent:182 - Modes not found for component STMicroelectronics:USB_HOST:1.0.0:STMicroelectronics:USB::USB Host:MSC HS::1.0:USB_HOST_1_0_RESTRICTED_HS
2026-04-08 21:35:05,097 [WARN] ModelIntegratedComponent:188 - Modes not found for component STMicroelectronics:USB_HOST:1.0.0:STMicroelectronics:USB::USB Host:MSC HS::1.0:USB_HOST_1_0_RESTRICTED_HS
2026-04-08 21:35:05,097 [WARN] ModelIntegratedComponent:182 - Modes not found for component STMicroelectronics:USB_HOST:1.0.0:STMicroelectronics:USB::USB Host:HID HS::1.0:USB_HOST_1_0_RESTRICTED_HS
2026-04-08 21:35:05,097 [WARN] ModelIntegratedComponent:188 - Modes not found for component STMicroelectronics:USB_HOST:1.0.0:STMicroelectronics:USB::USB Host:HID HS::1.0:USB_HOST_1_0_RESTRICTED_HS
2026-04-08 21:35:05,097 [WARN] ModelIntegratedComponent:182 - Modes not found for component STMicroelectronics:USB_HOST:1.0.0:STMicroelectronics:USB::USB Host:MTP HS::1.0:USB_HOST_1_0_RESTRICTED_HS
2026-04-08 21:35:05,097 [WARN] ModelIntegratedComponent:188 - Modes not found for component STMicroelectronics:USB_HOST:1.0.0:STMicroelectronics:USB::USB Host:MTP HS::1.0:USB_HOST_1_0_RESTRICTED_HS
2026-04-08 21:35:05,389 [INFO] ThirdPartyModel:298 - Start build external matchings
2026-04-08 21:35:10,464 [INFO] ThirdPartyModel:316 - End build external matchings
2026-04-08 21:35:10,615 [INFO] ImportTextPane:218 - (OptionalMessage_ERROR) IP (DMA) : Parameter (Instance) has Id (SPI2_TX) currently not set
2026-04-08 21:35:10,615 [INFO] ImportTextPane:218 - (OptionalMessage_ERROR) IP (DMA) : Parameter (Channel) has Id (SPI2_TX) currently not set
2026-04-08 21:35:10,615 [INFO] ImportTextPane:218 - (OptionalMessage_ERROR) IP (DMA) : Parameter (Direction) has Id (SPI2_TX) currently not set
2026-04-08 21:35:10,615 [INFO] ImportTextPane:218 - (OptionalMessage_ERROR) IP (DMA) : Parameter (PeriphInc) has Id (SPI2_TX) currently not set
2026-04-08 21:35:10,615 [INFO] ImportTextPane:218 - (OptionalMessage_ERROR) IP (DMA) : Parameter (MemInc) has Id (SPI2_TX) currently not set
2026-04-08 21:35:10,615 [INFO] ImportTextPane:218 - (OptionalMessage_ERROR) IP (DMA) : Parameter (PeriphDataAlignment) has Id (SPI2_TX) currently not set
2026-04-08 21:35:10,616 [INFO] ImportTextPane:218 - (OptionalMessage_ERROR) IP (DMA) : Parameter (MemDataAlignment) has Id (SPI2_TX) currently not set
2026-04-08 21:35:10,616 [INFO] ImportTextPane:218 - (OptionalMessage_ERROR) IP (DMA) : Parameter (Mode) has Id (SPI2_TX) currently not set
2026-04-08 21:35:10,616 [INFO] ImportTextPane:218 - (OptionalMessage_ERROR) IP (DMA) : Parameter (Priority) has Id (SPI2_TX) currently not set
2026-04-08 21:35:10,616 [INFO] ImportTextPane:218 - (OptionalMessage_ERROR) IP (DMA) : Parameter (FIFOMode) has Id (SPI2_TX) currently not set
2026-04-08 21:35:10,616 [INFO] ImportTextPane:218 - (OptionalMessage_ERROR) IP (DMA) : Parameter (Instance) has Id (ADC1) currently not set
2026-04-08 21:35:10,616 [INFO] ImportTextPane:218 - (OptionalMessage_ERROR) IP (DMA) : Parameter (Channel) has Id (ADC1) currently not set
2026-04-08 21:35:10,616 [INFO] ImportTextPane:218 - (OptionalMessage_ERROR) IP (DMA) : Parameter (Direction) has Id (ADC1) currently not set
2026-04-08 21:35:10,616 [INFO] ImportTextPane:218 - (OptionalMessage_ERROR) IP (DMA) : Parameter (PeriphInc) has Id (ADC1) currently not set
2026-04-08 21:35:10,616 [INFO] ImportTextPane:218 - (OptionalMessage_ERROR) IP (DMA) : Parameter (MemInc) has Id (ADC1) currently not set
2026-04-08 21:35:10,616 [INFO] ImportTextPane:218 - (OptionalMessage_ERROR) IP (DMA) : Parameter (PeriphDataAlignment) has Id (ADC1) currently not set
2026-04-08 21:35:10,619 [INFO] ImportTextPane:218 - (OptionalMessage_ERROR) IP (DMA) : Parameter (MemDataAlignment) has Id (ADC1) currently not set
2026-04-08 21:35:10,620 [INFO] ImportTextPane:218 - (OptionalMessage_ERROR) IP (DMA) : Parameter (Mode) has Id (ADC1) currently not set
2026-04-08 21:35:10,620 [INFO] ImportTextPane:218 - (OptionalMessage_ERROR) IP (DMA) : Parameter (Priority) has Id (ADC1) currently not set
2026-04-08 21:35:10,621 [INFO] ImportTextPane:218 - (OptionalMessage_ERROR) IP (DMA) : Parameter (FIFOMode) has Id (ADC1) currently not set
2026-04-08 21:35:10,626 [INFO] ImportTextPane:218 - (OptionalMessage_ERROR) IP (RCC) : Parameter (RTCHSEDivFreq_Value) has invalid value (12500000)
2026-04-08 21:35:10,986 [INFO] ApiDb:581 - Connected to CubeFinder SQLite database (C:\Users\abhil\.stmcufinder\plugins\mcufinder\mcu\cube-finder-db.db)
2026-04-08 21:35:11,090 [INFO] ApiDb:668 - CubeFinder database Data Model version=2.1
2026-04-08 21:35:11,090 [INFO] ApiDb:669 - CubeFinder database Configuration version=3.0.42
2026-04-08 21:35:11,091 [INFO] ApiDb:670 - CubeFinder database generation date=2026-02-13 (1770995876)
2026-04-08 21:35:11,091 [INFO] ApiDb:671 - CubeFinder database FW Pack versions=[FP-ATR-ASTRA1_V2.0.0, FP-SNS-FLIGHT1_V5.1.0, FP-SNS-MOTENV1_V5.1.0, FP-SNS-MOTENVWB1_V1.4.0, FP-SNS-SMARTAG2_V1.2.0, FP-SNS-STBOX1_V2.1.0, STM32Cube_FW_C0_V1.4.0, STM32Cube_FW_F4_V1.28.3, STM32Cube_FW_F7_V1.17.4, STM32Cube_FW_G0_V1.6.2, STM32Cube_FW_G4_V1.6.1, STM32Cube_FW_H5_V1.6.0, STM32Cube_FW_H7RS_V1.3.0, STM32Cube_FW_H7_V1.13.0, STM32Cube_FW_L0_V1.12.2, STM32Cube_FW_L4_V1.18.2, STM32Cube_FW_L5_V1.6.0, STM32Cube_FW_N6_V1.3.0, STM32Cube_FW_U0_V1.3.0, STM32Cube_FW_U3_V1.3.0, STM32Cube_FW_U5_V1.8.0, STM32Cube_FW_WB0_V1.4.0, STM32Cube_FW_WBA_V1.9.0, STM32Cube_FW_WB_V1.24.0, STM32Cube_FW_WL3_V1.4.0, STM32Cube_FW_WL_V1.5.0, X-CUBE-ALGOBUILD_V1.4.0, X-CUBE-ALS_V1.0.2, X-CUBE-AZRTOS-F4_V1.1.0, X-CUBE-AZRTOS-F7_V1.1.0, X-CUBE-AZRTOS-G0_V1.1.0, X-CUBE-AZRTOS-G4_V2.0.0, X-CUBE-AZRTOS-H7RS_V1.1.0, X-CUBE-AZRTOS-H7_V3.4.0, X-CUBE-AZRTOS-L4_V2.0.0, X-CUBE-AZRTOS-L5_V2.0.0, X-CUBE-AZRTOS-WB_V2.0.0, X-CUBE-AZRTOS-WL_V2.0.0, X-CUBE-BLE1_V7.1.0, X-CUBE-BLE2_V3.3.0, X-CUBE-BLEMGR_V4.1.0, X-CUBE-EEPRMA1_V5.2.0, X-CUBE-FREERTOS_V1.3.1, X-CUBE-GNSS1_V6.0.0, X-CUBE-MEMS1_V12.0.0, X-CUBE-NFC4_V3.0.0, X-CUBE-NFC7_V2.0.0, X-CUBE-SFXS2LP1_V4.0.0, X-CUBE-ST67W61_V1.1.0, X-CUBE-SUBG2_V5.0.0, X-CUBE-TOF1_V3.4.3]
2026-04-08 21:35:11,223 [INFO] DbBoardsSqlite:226 - include board P-NUCLEO-WB55-NUCLEO as a kit item of type 'Nucleo-64'
2026-04-08 21:35:11,223 [INFO] DbBoardsSqlite:226 - include board P-NUCLEO-WB55-USBDONGLE as a kit item of type 'Nucleo USB Dongle'
2026-04-08 21:35:11,225 [INFO] DbBoardsSqlite:226 - include board STEVAL-IDP005V1 as a kit item of type 'Evaluation Board'
2026-04-08 21:35:11,225 [INFO] DbBoardsSqlite:226 - include board STEVAL-IDP005V2 as a kit item of type 'Evaluation Board'
2026-04-08 21:35:11,661 [INFO] ApiDb:240 - Found 895 in-development CPN: [B-G473E-ZEST1S, B-WB1M-WPAN1, B-WBA5M-WPAN, B-WL5M-SUBG1, NUCLEO-C031C6, NUCLEO-C051C8, NUCLEO-C071RB, NUCLEO-C092RC, NUCLEO-H503RB, NUCLEO-H533RE, NUCLEO-H563ZI, NUCLEO-H7S3L8, NUCLEO-N657X0-Q, NUCLEO-U031R8, NUCLEO-U083RC, NUCLEO-U385RG-Q, NUCLEO-U545RE-Q, NUCLEO-U5A5ZJ-Q, NUCLEO-WB05KZ, NUCLEO-WB07CC, NUCLEO-WB09KE, NUCLEO-WBA52CG, NUCLEO-WBA55CG, NUCLEO-WBA65RI, NUCLEO-WL33CC1, NUCLEO-WL33CC2, STEVAL-PROTEUS1, STEVAL-SMARTAG2, STEVAL-STWINBX1, STM320518-EVAL, STM32C0116-DK, STM32C011D6Y3TR, STM32C011D6Y6TR, STM32C011F4P3, STM32C011F4P6, STM32C011F4U3, STM32C011F4U6TR, STM32C011F6P3, STM32C011F6P6, STM32C011F6U3, STM32C011F6U6TR, STM32C011J4M3, STM32C011J4M6, STM32C011J6M3, STM32C011J6M6, STM32C0316-DK, STM32C031C4T3, STM32C031C4T6, STM32C031C4U3, STM32C031C4U6, STM32C031C6T3, STM32C031C6T6, STM32C031C6U3, STM32C031C6U6, STM32C031F4P3, STM32C031F4P6, STM32C031F6P3, STM32C031F6P6, STM32C031G4U3, STM32C031G4U6, STM32C031G6U3, STM32C031G6U6, STM32C031K4T3, STM32C031K4T6, STM32C031K4U3, STM32C031K4U6, STM32C031K6T3, STM32C031K6T6, STM32C031K6U3, STM32C031K6U6, STM32C051C6T6, STM32C051C6U6, STM32C051C8T6, STM32C051C8U6, STM32C051D8Y6TR, STM32C051F6P6, STM32C051F8P6, STM32C051G6U6, STM32C051G8U6, STM32C051K6T6, STM32C051K6U6, STM32C051K8T6, STM32C071C8T6, STM32C071C8T6N, STM32C071C8U6, STM32C071C8U6N, STM32C071CBT6, STM32C071CBT6N, STM32C071CBU6, STM32C071CBU6N, STM32C071F8P6, STM32C071F8P6N, STM32C071FBP6, STM32C071FBP6N, STM32C071FBY6TR, STM32C071G8U6, STM32C071G8U6N, STM32C071GBU6, STM32C071GBU6N, STM32C071K8T6, STM32C071K8T6N, STM32C071K8U6, STM32C071K8U6N, STM32C071KBT6, STM32C071KBT6N, STM32C071KBU6, STM32C071KBU6N, STM32C071R8T6, STM32C071R8T6N, STM32C071RBI6N, STM32C071RBT6, STM32C071RBT6N, STM32C091CBT6, STM32C091CBU6, STM32C091CCT6, STM32C091CCU6, STM32C091ECY6TR, STM32C091FBP6, STM32C091FCP6, STM32C091GBU6, STM32C091GCU6, STM32C091KBT6, STM32C091KBU6, STM32C091KCT6, STM32C091KCU6, STM32C091RBT6, STM32C091RCI6, STM32C091RCT6, STM32C092CBT6, STM32C092CBU6, STM32C092CCT6, STM32C092CCU6, STM32C092ECY6TR, STM32C092FBP6, STM32C092FCP6, STM32C092GBU6, STM32C092GCU6, STM32C092KBT6, STM32C092KBU6, STM32C092KCT6, STM32C092KCU6, STM32C092RBT6, STM32C092RCI6, STM32C092RCT6, STM32G071K8TXN, STM32G071K8UXN, STM32G081GBU6N, STM32G081KBT6N, STM32G081KBUXN, STM32G0B1CCT6N, STM32G0B1KCT6, STM32G0B1NEY6TR, STM32G0B1RCT6N, STM32G0C1CCT6, STM32G0C1CCT6N, STM32G0C1CCU6N, STM32G0C1CET6N, STM32G0C1CEU6N, STM32G0C1KCT6, STM32G0C1NEY6TR, STM32G0C1RCI6N, STM32G0C1RCT6N, STM32G0C1REI6N, STM32G0C1RET6N, STM32G0C1VCI6, STM32G0C1VEI6, STM32G411C6T3, STM32G411C6T6, STM32G411C6U3, STM32G411C6U6, STM32G411C8T3, STM32G411C8T6, STM32G411C8U3, STM32G411C8U6, STM32G411CBT3, STM32G411CBT6, STM32G411CBU3, STM32G411CBU6, STM32G411CCT3, STM32G411CCT6, STM32G411CCU3, STM32G411CCU6, STM32G411K6T3, STM32G411K6T6, STM32G411K6U3, STM32G411K6U6, STM32G411K8T3, STM32G411K8T6, STM32G411K8U3, STM32G411K8U6, STM32G411KBT3, STM32G411KBT6, STM32G411KBU3, STM32G411KBU6, STM32G411M6T3, STM32G411M6T6, STM32G411M8T3, STM32G411M8T6, STM32G411MBT3, STM32G411MBT6, STM32G411MCT3, STM32G411MCT6, STM32G411R6T3, STM32G411R6T6, STM32G411R8T3, STM32G411R8T6, STM32G411RBT3, STM32G411RBT6, STM32G411RCT3, STM32G411RCT6, STM32G414CBT3, STM32G414CBT6, STM32G414CBU3, STM32G414CBU6, STM32G414CCT3, STM32G414CCT6, STM32G414CCU3, STM32G414CCU6, STM32G414MBT3, STM32G414MBT6, STM32G414MCT3, STM32G414MCT6, STM32G414RBT3, STM32G414RBT6, STM32G414RCT3, STM32G414RCT6, STM32G414VBT3, STM32G414VBT6, STM32G414VCT3, STM32G414VCT6, STM32G431CBT3Z, STM32G431RBT3Z, STM32G471CCT6, STM32G471CCU6, STM32G471CET3, STM32G471CET6, STM32G471CEU3, STM32G471CEU6, STM32G471MCT6, STM32G471MET3, STM32G471MET6, STM32G471MEY6TR, STM32G471QCT6, STM32G471QET3, STM32G471RCT6, STM32G471RET3, STM32G471RET6, STM32G471VCH6, STM32G471VCI6, STM32G471VCT6, STM32G471VEH3, STM32G471VEH6, STM32G471VEI3, STM32G471VEI6, STM32G471VET3, STM32G471VET6, STM32G473QET3Z, STM32G473RET3Z, STM32G474CCT6, STM32G491RET3Z, STM32H503CBT6, STM32H503CBU6, STM32H503EBY6TR, STM32H503KBU6, STM32H503RBT6, STM32H523CCT6, STM32H523CCU6, STM32H523CET6, STM32H523CEU6, STM32H523HEY6TR, STM32H523RCT6, STM32H523RET6, STM32H523VCI6, STM32H523VCT6, STM32H523VEI6, STM32H523VET6, STM32H523ZCJ6, STM32H523ZCT6, STM32H523ZEJ6, STM32H523ZET6, STM32H533CET6, STM32H533CEU6, STM32H533HEY6TR, STM32H533RET6, STM32H533VEI6, STM32H533VET6, STM32H533ZEJ6, STM32H533ZET6, STM32H562AGI6, STM32H562AII6, STM32H562IGK6, STM32H562IGT6, STM32H562IIK6, STM32H562IIT6, STM32H562RGT6, STM32H562RGV6, STM32H562RIT6, STM32H562RIV6, STM32H562VGT6, STM32H562VIT6, STM32H562ZGT6, STM32H562ZIT6, STM32H563AGI6, STM32H563AII3Q, STM32H563AII6, STM32H563IGK6, STM32H563IGT6, STM32H563IIK3Q, STM32H563IIK6, STM32H563IIT3Q, STM32H563IIT6, STM32H563MIY3QTR, STM32H563RGT6, STM32H563RGV6, STM32H563RIT6, STM32H563RIV6, STM32H563VGT6, STM32H563VIT3Q, STM32H563VIT6, STM32H563ZGT6, STM32H563ZIT3Q, STM32H563ZIT6, STM32H573AII3Q, STM32H573AII6, STM32H573I-DK, STM32H573IIK3Q, STM32H573IIK6, STM32H573IIT3Q, STM32H573IIT6, STM32H573MIY3QTR, STM32H573RIT6, STM32H573RIV6, STM32H573VIT3Q, STM32H573VIT6, STM32H573ZIT3Q, STM32H573ZIT6, STM32H7R3A8I6, STM32H7R3I8K6, STM32H7R3I8T6, STM32H7R3L8H6, STM32H7R3L8H6H, STM32H7R3R8V6, STM32H7R3V8H6, STM32H7R3V8T6, STM32H7R3V8Y6TR, STM32H7R3Z8J6, STM32H7R3Z8T6, STM32H7R7A8I6, STM32H7R7I8K6, STM32H7R7I8T6, STM32H7R7L8H6, STM32H7R7L8H6H, STM32H7R7Z8J6, STM32H7S3A8I6, STM32H7S3I8K6, STM32H7S3I8T6, STM32H7S3L8H6, STM32H7S3L8H6H, STM32H7S3R8V6, STM32H7S3V8H6, STM32H7S3V8T6, STM32H7S3V8Y6TR, STM32H7S3Z8J6, STM32H7S3Z8T6, STM32H7S78-DK, STM32H7S7A8I6, STM32H7S7I8K6, STM32H7S7I8T6, STM32H7S7L8H6, STM32H7S7L8H6H, STM32H7S7Z8J6, STM32L4R5QGI6STR, STM32MP131AAE3, STM32MP131AAF3, STM32MP131AAG3, STM32MP131CAE3, STM32MP131CAF3, STM32MP131CAG3, STM32MP131DAE7, STM32MP131DAF7, STM32MP131DAG7, STM32MP131FAE7, STM32MP131FAF7, STM32MP131FAG7, STM32MP133AAE3, STM32MP133AAF3, STM32MP133AAG3, STM32MP133CAE3, STM32MP133CAF3, STM32MP133CAG3, STM32MP133DAE7, STM32MP133DAF7, STM32MP133DAG7, STM32MP133FAE7, STM32MP133FAF7, STM32MP133FAG7, STM32MP135AAE3, STM32MP135AAF3, STM32MP135AAG3, STM32MP135CAE3, STM32MP135CAF3, STM32MP135CAG3, STM32MP135DAE7, STM32MP135DAF7, STM32MP135DAG7, STM32MP135F-DK, STM32MP135FAE7, STM32MP135FAF7, STM32MP135FAF7T, STM32MP135FAF7U, STM32MP135FAG7, STM32MP231AAJ3, STM32MP231AAK3, STM32MP231AAL3, STM32MP231CAJ3, STM32MP231CAK3, STM32MP231CAL3, STM32MP231DAJ3, STM32MP231DAK3, STM32MP231DAL3, STM32MP231FAJ3, STM32MP231FAK3, STM32MP231FAL3, STM32MP233AAJ3, STM32MP233AAK3, STM32MP233AAL3, STM32MP233CAJ3, STM32MP233CAK3, STM32MP233CAL3, STM32MP233DAJ3, STM32MP233DAK3, STM32MP233DAL3, STM32MP233FAJ3, STM32MP233FAK3, STM32MP233FAL3, STM32MP235AAJ3, STM32MP235AAK3, STM32MP235AAL3, STM32MP235CAJ3, STM32MP235CAK3, STM32MP235CAL3, STM32MP235DAJ3, STM32MP235DAK3, STM32MP235DAL3, STM32MP235FAJ3, STM32MP235FAK3, STM32MP235FAL3, STM32MP251AAI3, STM32MP251AAJ3, STM32MP251AAK3, STM32MP251AAL3, STM32MP251CAI3, STM32MP251CAJ3, STM32MP251CAK3, STM32MP251CAL3, STM32MP251DAI3, STM32MP251DAJ3, STM32MP251DAK3, STM32MP251DAL3, STM32MP251FAI3, STM32MP251FAJ3, STM32MP251FAK3, STM32MP251FAL3, STM32MP253AAI3, STM32MP253AAJ3, STM32MP253AAK3, STM32MP253AAL3, STM32MP253CAI3, STM32MP253CAJ3, STM32MP253CAK3, STM32MP253CAL3, STM32MP253DAI3, STM32MP253DAJ3, STM32MP253DAK3, STM32MP253DAL3, STM32MP253FAI3, STM32MP253FAJ3, STM32MP253FAK3, STM32MP253FAL3, STM32MP255AAI3, STM32MP255AAJ3, STM32MP255AAK3, STM32MP255AAL3, STM32MP255CAI3, STM32MP255CAJ3, STM32MP255CAK3, STM32MP255CAL3, STM32MP255DAI3, STM32MP255DAJ3, STM32MP255DAK3, STM32MP255DAL3, STM32MP255FAI3, STM32MP255FAJ3, STM32MP255FAK3, STM32MP255FAL3, STM32MP257AAI3, STM32MP257AAJ3, STM32MP257AAK3, STM32MP257AAL3, STM32MP257CAI3, STM32MP257CAJ3, STM32MP257CAK3, STM32MP257CAL3, STM32MP257DAI3, STM32MP257DAJ3, STM32MP257DAK3, STM32MP257DAL3, STM32MP257F-DK, STM32MP257F-EV1, STM32MP257FAI3, STM32MP257FAJ3, STM32MP257FAK3, STM32MP257FAL3, STM32N645A0H3Q, STM32N645B0H3Q, STM32N645I0H3Q, STM32N645L0H3Q, STM32N645X0H3Q, STM32N645Z0H3Q, STM32N647A0H3Q, STM32N647B0H3Q, STM32N647I0H3Q, STM32N647L0H3Q, STM32N647X0H3Q, STM32N647Z0H3Q, STM32N655A0H3Q, STM32N655B0H3Q, STM32N655I0H3Q, STM32N655L0H3Q, STM32N655X0H3Q, STM32N655Z0H3Q, STM32N6570-DK, STM32N657A0H3Q, STM32N657B0H3Q, STM32N657I0H3Q, STM32N657L0H3Q, STM32N657X0H3Q, STM32N657Z0H3Q, STM32U031C6T6, STM32U031C6U6, STM32U031C8T6, STM32U031C8U6, STM32U031F4P6, STM32U031F6P6, STM32U031F8P6, STM32U031G6Y6TR, STM32U031G8Y6TR, STM32U031K4U6, STM32U031K6U6, STM32U031K8U6, STM32U031R6I6, STM32U031R6T6, STM32U031R8I6, STM32U031R8T6, STM32U073C8T6, STM32U073C8U6, STM32U073CBT6, STM32U073CBU6, STM32U073CCT6, STM32U073CCU6, STM32U073H8Y6TR, STM32U073HBY6TR, STM32U073HCY6TR, STM32U073K8U6, STM32U073KBU6, STM32U073KCU6, STM32U073M8I6, STM32U073M8T6, STM32U073MBI6, STM32U073MBT6, STM32U073MCI6, STM32U073MCT6, STM32U073R8I6, STM32U073R8T6, STM32U073RBI6, STM32U073RBT6, STM32U073RCI6, STM32U073RCT6, STM32U083C-DK, STM32U083CCT6, STM32U083CCU6, STM32U083HCY6TR, STM32U083KCU6, STM32U083MCI6, STM32U083MCT6, STM32U083RCI6, STM32U083RCT6, STM32U375CET6, STM32U375CET6Q, STM32U375CEU6, STM32U375CEU6Q, STM32U375CEY6QTR, STM32U375CGT6, STM32U375CGT6Q, STM32U375CGU6, STM32U375CGU6Q, STM32U375CGY6QTR, STM32U375KEU6, STM32U375KGU6, STM32U375REI6, STM32U375REI6Q, STM32U375RET6, STM32U375RET6Q, STM32U375REY6GTR, STM32U375REY6QTR, STM32U375RGI6, STM32U375RGI6Q, STM32U375RGT6, STM32U375RGT6Q, STM32U375RGY6GTR, STM32U375RGY6QTR, STM32U375VEI6, STM32U375VEI6Q, STM32U375VET6, STM32U375VET6Q, STM32U375VGI6, STM32U375VGI6Q, STM32U375VGT6, STM32U375VGT6Q, STM32U385CGT6, STM32U385CGT6Q, STM32U385CGU6, STM32U385CGU6Q, STM32U385CGY6QTR, STM32U385KGU6, STM32U385RGI6, STM32U385RGI6Q, STM32U385RGT6, STM32U385RGT6Q, STM32U385RGY6GTR, STM32U385RGY6QTR, STM32U385VGI6, STM32U385VGI6Q, STM32U385VGT6, STM32U385VGT6Q, STM32U535CBT6, STM32U535CBT6Q, STM32U535CBU6, STM32U535CBU6Q, STM32U535CCT6, STM32U535CCT6Q, STM32U535CCU6, STM32U535CCU6Q, STM32U535CET6, STM32U535CET6Q, STM32U535CEU6, STM32U535CEU6Q, STM32U535JEY6QTR, STM32U535NCY6QTR, STM32U535NEY6QTR, STM32U535RBI6, STM32U535RBI6Q, STM32U535RBT6, STM32U535RBT6Q, STM32U535RCI6, STM32U535RCI6Q, STM32U535RCT6, STM32U535RCT6Q, STM32U535REI6, STM32U535REI6Q, STM32U535RET6, STM32U535RET6Q, STM32U535VCI6, STM32U535VCI6Q, STM32U535VCT6, STM32U535VCT6Q, STM32U535VEI6, STM32U535VEI6Q, STM32U535VET6, STM32U535VET6Q, STM32U545CET6, STM32U545CET6Q, STM32U545CEU6, STM32U545CEU6Q, STM32U545JEY6QTR, STM32U545NEY6QTR, STM32U545REI6, STM32U545REI6Q, STM32U545RET6, STM32U545RET6Q, STM32U545VEI6, STM32U545VEI6Q, STM32U545VET6, STM32U545VET6Q, STM32U595AIH6, STM32U595AIH6Q, STM32U595AJH6, STM32U595AJH6Q, STM32U595QII6, STM32U595QII6Q, STM32U595QJI6, STM32U595QJI6Q, STM32U595RIT6, STM32U595RIT6Q, STM32U595RJT6, STM32U595RJT6Q, STM32U595VIT6, STM32U595VIT6Q, STM32U595VJT6, STM32U595VJT6Q, STM32U595ZIT6, STM32U595ZIT6Q, STM32U595ZIY6QTR, STM32U595ZJT6, STM32U595ZJT6Q, STM32U595ZJY6QTR, STM32U599BJY6QTR, STM32U599NIH6Q, STM32U599NJH6Q, STM32U599VIT6Q, STM32U599VJT6, STM32U599VJT6Q, STM32U599ZIT6Q, STM32U599ZIY6QTR, STM32U599ZJT6Q, STM32U599ZJY6QTR, STM32U5A5AJH6, STM32U5A5AJH6Q, STM32U5A5QII3Q , STM32U5A5QJI6, STM32U5A5QJI6Q, STM32U5A5RJT6, STM32U5A5RJT6Q, STM32U5A5VJT6, STM32U5A5VJT6Q, STM32U5A5ZJT6, STM32U5A5ZJT6Q, STM32U5A5ZJY6QTR, STM32U5A9BJY6QTR, STM32U5A9J-DK, STM32U5A9NJH6Q, STM32U5A9VJT6Q, STM32U5A9ZJT6Q, STM32U5A9ZJY6QTR, STM32U5F7VIT6, STM32U5F7VIT6Q, STM32U5F7VJT6, STM32U5F7VJT6Q, STM32U5F9BJY6QTR, STM32U5F9NJH6Q, STM32U5F9VIT6Q, STM32U5F9VJT6Q, STM32U5F9ZIJ6QTR, STM32U5F9ZIT6Q, STM32U5F9ZJJ6QTR, STM32U5F9ZJT6Q, STM32U5G7VJT6, STM32U5G7VJT6Q, STM32U5G9BJY6QTR, STM32U5G9J-DK1, STM32U5G9J-DK2, STM32U5G9NJH6Q, STM32U5G9VJT6Q, STM32U5G9ZJJ6QTR, STM32U5G9ZJT6Q, STM32WB05KZV6TR, STM32WB05KZV7TR, STM32WB05TZF6TR, STM32WB05TZF7TR, STM32WB06CCF6TR, STM32WB06CCF7TR, STM32WB06CCV6TR, STM32WB06CCV7TR, STM32WB06KCV6TR, STM32WB06KCV7TR, STM32WB07CCF6TR, STM32WB07CCF7TR, STM32WB07CCV6TR, STM32WB07CCV7TR, STM32WB07KCV6TR, STM32WB07KCV7TR, STM32WB09KEV6TR, STM32WB09KEV7TR, STM32WB09TEF6TR, STM32WB09TEF7TR, STM32WB1MMCH6, STM32WBA50KGU6, STM32WBA50KGU6TR, STM32WBA52CEU6, STM32WBA52CEU6TR, STM32WBA52CEU7, STM32WBA52CEU7TR, STM32WBA52CGU6, STM32WBA52CGU6TR, STM32WBA52CGU6U, STM32WBA52CGU7, STM32WBA52CGU7TR, STM32WBA52KEU6, STM32WBA52KEU6TR, STM32WBA52KGU6, STM32WBA52KGU6TR, STM32WBA54CEU6, STM32WBA54CEU6TR, STM32WBA54CEU7, STM32WBA54CEU7TR, STM32WBA54CGU6, STM32WBA54CGU6TR, STM32WBA54CGU7, STM32WBA54CGU7TR, STM32WBA54KEU6, STM32WBA54KEU6TR, STM32WBA54KEU7, STM32WBA54KEU7TR, STM32WBA54KGU6, STM32WBA54KGU6TR, STM32WBA54KGU7, STM32WBA54KGU7TR, STM32WBA55CEU6, STM32WBA55CEU6TR, STM32WBA55CEU7, STM32WBA55CEU7TR, STM32WBA55CGU6, STM32WBA55CGU6TR, STM32WBA55CGU6U, STM32WBA55CGU7, STM32WBA55CGU7TR, STM32WBA55G-DK1, STM32WBA55HEF6, STM32WBA55HEF7, STM32WBA55HGF6, STM32WBA55HGF7, STM32WBA55UEI6, STM32WBA55UEI6TR, STM32WBA55UEI7, STM32WBA55UEI7TR, STM32WBA55UGI6, STM32WBA55UGI6TR, STM32WBA55UGI7, STM32WBA55UGI7TR, STM32WBA5MJGH6TR, STM32WBA62CGU6, STM32WBA62CIU6, STM32WBA62MGF6, STM32WBA62MIF6, STM32WBA62PGI6, STM32WBA62PII6, STM32WBA63CGU6, STM32WBA63CGU7, STM32WBA63CIU6, STM32WBA63CIU7, STM32WBA64CGU6, STM32WBA64CGU7, STM32WBA64CIU6, STM32WBA64CIU7, STM32WBA65CGU6, STM32WBA65CGU7, STM32WBA65CIU6, STM32WBA65CIU7, STM32WBA65I-DK1, STM32WBA65MGF6, STM32WBA65MGF7, STM32WBA65MIF6, STM32WBA65MIF7, STM32WBA65PGI6, STM32WBA65PGI7, STM32WBA65PII6, STM32WBA65PII7, STM32WBA65RGV6, STM32WBA65RGV7, STM32WBA65RIV6, STM32WBA65RIV7, STM32WL30K8V6, STM32WL30KBV6, STM32WL31C8V6, STM32WL31CBV6, STM32WL31K8V6, STM32WL31KBV6, STM32WL33C8V6, STM32WL33C8V6TR, STM32WL33C8V7, STM32WL33C8V7TR, STM32WL33CBV6, STM32WL33CBV6TR, STM32WL33CBV7, STM32WL33CBV7TR, STM32WL33CCV6, STM32WL33CCV6TR, STM32WL33CCV7, STM32WL33CCV7A, STM32WL33CCV7ATR, STM32WL33CCV7TR, STM32WL33K8V6, STM32WL33K8V6TR, STM32WL33K8V7, STM32WL33K8V7TR, STM32WL33KBV6, STM32WL33KBV6TR, STM32WL33KBV7, STM32WL33KBV7TR, STM32WL33KCV6, STM32WL33KCV6TR, STM32WL33KCV7, STM32WL33KCV7TR, STM32WL5MOCH6, STM32WL5MOCH6TR]
2026-04-08 21:35:11,665 [INFO] ApiDb:668 - CubeFinder database Data Model version=2.1
2026-04-08 21:35:11,665 [INFO] ApiDb:669 - CubeFinder database Configuration version=3.0.42
2026-04-08 21:35:11,665 [INFO] ApiDb:670 - CubeFinder database generation date=2026-02-13 (1770995876)
2026-04-08 21:35:11,665 [INFO] ApiDb:671 - CubeFinder database FW Pack versions=[FP-ATR-ASTRA1_V2.0.0, FP-SNS-FLIGHT1_V5.1.0, FP-SNS-MOTENV1_V5.1.0, FP-SNS-MOTENVWB1_V1.4.0, FP-SNS-SMARTAG2_V1.2.0, FP-SNS-STBOX1_V2.1.0, STM32Cube_FW_C0_V1.4.0, STM32Cube_FW_F4_V1.28.3, STM32Cube_FW_F7_V1.17.4, STM32Cube_FW_G0_V1.6.2, STM32Cube_FW_G4_V1.6.1, STM32Cube_FW_H5_V1.6.0, STM32Cube_FW_H7RS_V1.3.0, STM32Cube_FW_H7_V1.13.0, STM32Cube_FW_L0_V1.12.2, STM32Cube_FW_L4_V1.18.2, STM32Cube_FW_L5_V1.6.0, STM32Cube_FW_N6_V1.3.0, STM32Cube_FW_U0_V1.3.0, STM32Cube_FW_U3_V1.3.0, STM32Cube_FW_U5_V1.8.0, STM32Cube_FW_WB0_V1.4.0, STM32Cube_FW_WBA_V1.9.0, STM32Cube_FW_WB_V1.24.0, STM32Cube_FW_WL3_V1.4.0, STM32Cube_FW_WL_V1.5.0, X-CUBE-ALGOBUILD_V1.4.0, X-CUBE-ALS_V1.0.2, X-CUBE-AZRTOS-F4_V1.1.0, X-CUBE-AZRTOS-F7_V1.1.0, X-CUBE-AZRTOS-G0_V1.1.0, X-CUBE-AZRTOS-G4_V2.0.0, X-CUBE-AZRTOS-H7RS_V1.1.0, X-CUBE-AZRTOS-H7_V3.4.0, X-CUBE-AZRTOS-L4_V2.0.0, X-CUBE-AZRTOS-L5_V2.0.0, X-CUBE-AZRTOS-WB_V2.0.0, X-CUBE-AZRTOS-WL_V2.0.0, X-CUBE-BLE1_V7.1.0, X-CUBE-BLE2_V3.3.0, X-CUBE-BLEMGR_V4.1.0, X-CUBE-EEPRMA1_V5.2.0, X-CUBE-FREERTOS_V1.3.1, X-CUBE-GNSS1_V6.0.0, X-CUBE-MEMS1_V12.0.0, X-CUBE-NFC4_V3.0.0, X-CUBE-NFC7_V2.0.0, X-CUBE-SFXS2LP1_V4.0.0, X-CUBE-ST67W61_V1.1.0, X-CUBE-SUBG2_V5.0.0, X-CUBE-TOF1_V3.4.3]
2026-04-08 21:35:14,729 [INFO] ApiDb:240 - Found 895 in-development CPN: [B-G473E-ZEST1S, B-WB1M-WPAN1, B-WBA5M-WPAN, B-WL5M-SUBG1, NUCLEO-C031C6, NUCLEO-C051C8, NUCLEO-C071RB, NUCLEO-C092RC, NUCLEO-H503RB, NUCLEO-H533RE, NUCLEO-H563ZI, NUCLEO-H7S3L8, NUCLEO-N657X0-Q, NUCLEO-U031R8, NUCLEO-U083RC, NUCLEO-U385RG-Q, NUCLEO-U545RE-Q, NUCLEO-U5A5ZJ-Q, NUCLEO-WB05KZ, NUCLEO-WB07CC, NUCLEO-WB09KE, NUCLEO-WBA52CG, NUCLEO-WBA55CG, NUCLEO-WBA65RI, NUCLEO-WL33CC1, NUCLEO-WL33CC2, STEVAL-PROTEUS1, STEVAL-SMARTAG2, STEVAL-STWINBX1, STM320518-EVAL, STM32C0116-DK, STM32C011D6Y3TR, STM32C011D6Y6TR, STM32C011F4P3, STM32C011F4P6, STM32C011F4U3, STM32C011F4U6TR, STM32C011F6P3, STM32C011F6P6, STM32C011F6U3, STM32C011F6U6TR, STM32C011J4M3, STM32C011J4M6, STM32C011J6M3, STM32C011J6M6, STM32C0316-DK, STM32C031C4T3, STM32C031C4T6, STM32C031C4U3, STM32C031C4U6, STM32C031C6T3, STM32C031C6T6, STM32C031C6U3, STM32C031C6U6, STM32C031F4P3, STM32C031F4P6, STM32C031F6P3, STM32C031F6P6, STM32C031G4U3, STM32C031G4U6, STM32C031G6U3, STM32C031G6U6, STM32C031K4T3, STM32C031K4T6, STM32C031K4U3, STM32C031K4U6, STM32C031K6T3, STM32C031K6T6, STM32C031K6U3, STM32C031K6U6, STM32C051C6T6, STM32C051C6U6, STM32C051C8T6, STM32C051C8U6, STM32C051D8Y6TR, STM32C051F6P6, STM32C051F8P6, STM32C051G6U6, STM32C051G8U6, STM32C051K6T6, STM32C051K6U6, STM32C051K8T6, STM32C071C8T6, STM32C071C8T6N, STM32C071C8U6, STM32C071C8U6N, STM32C071CBT6, STM32C071CBT6N, STM32C071CBU6, STM32C071CBU6N, STM32C071F8P6, STM32C071F8P6N, STM32C071FBP6, STM32C071FBP6N, STM32C071FBY6TR, STM32C071G8U6, STM32C071G8U6N, STM32C071GBU6, STM32C071GBU6N, STM32C071K8T6, STM32C071K8T6N, STM32C071K8U6, STM32C071K8U6N, STM32C071KBT6, STM32C071KBT6N, STM32C071KBU6, STM32C071KBU6N, STM32C071R8T6, STM32C071R8T6N, STM32C071RBI6N, STM32C071RBT6, STM32C071RBT6N, STM32C091CBT6, STM32C091CBU6, STM32C091CCT6, STM32C091CCU6, STM32C091ECY6TR, STM32C091FBP6, STM32C091FCP6, STM32C091GBU6, STM32C091GCU6, STM32C091KBT6, STM32C091KBU6, STM32C091KCT6, STM32C091KCU6, STM32C091RBT6, STM32C091RCI6, STM32C091RCT6, STM32C092CBT6, STM32C092CBU6, STM32C092CCT6, STM32C092CCU6, STM32C092ECY6TR, STM32C092FBP6, STM32C092FCP6, STM32C092GBU6, STM32C092GCU6, STM32C092KBT6, STM32C092KBU6, STM32C092KCT6, STM32C092KCU6, STM32C092RBT6, STM32C092RCI6, STM32C092RCT6, STM32G071K8TXN, STM32G071K8UXN, STM32G081GBU6N, STM32G081KBT6N, STM32G081KBUXN, STM32G0B1CCT6N, STM32G0B1KCT6, STM32G0B1NEY6TR, STM32G0B1RCT6N, STM32G0C1CCT6, STM32G0C1CCT6N, STM32G0C1CCU6N, STM32G0C1CET6N, STM32G0C1CEU6N, STM32G0C1KCT6, STM32G0C1NEY6TR, STM32G0C1RCI6N, STM32G0C1RCT6N, STM32G0C1REI6N, STM32G0C1RET6N, STM32G0C1VCI6, STM32G0C1VEI6, STM32G411C6T3, STM32G411C6T6, STM32G411C6U3, STM32G411C6U6, STM32G411C8T3, STM32G411C8T6, STM32G411C8U3, STM32G411C8U6, STM32G411CBT3, STM32G411CBT6, STM32G411CBU3, STM32G411CBU6, STM32G411CCT3, STM32G411CCT6, STM32G411CCU3, STM32G411CCU6, STM32G411K6T3, STM32G411K6T6, STM32G411K6U3, STM32G411K6U6, STM32G411K8T3, STM32G411K8T6, STM32G411K8U3, STM32G411K8U6, STM32G411KBT3, STM32G411KBT6, STM32G411KBU3, STM32G411KBU6, STM32G411M6T3, STM32G411M6T6, STM32G411M8T3, STM32G411M8T6, STM32G411MBT3, STM32G411MBT6, STM32G411MCT3, STM32G411MCT6, STM32G411R6T3, STM32G411R6T6, STM32G411R8T3, STM32G411R8T6, STM32G411RBT3, STM32G411RBT6, STM32G411RCT3, STM32G411RCT6, STM32G414CBT3, STM32G414CBT6, STM32G414CBU3, STM32G414CBU6, STM32G414CCT3, STM32G414CCT6, STM32G414CCU3, STM32G414CCU6, STM32G414MBT3, STM32G414MBT6, STM32G414MCT3, STM32G414MCT6, STM32G414RBT3, STM32G414RBT6, STM32G414RCT3, STM32G414RCT6, STM32G414VBT3, STM32G414VBT6, STM32G414VCT3, STM32G414VCT6, STM32G431CBT3Z, STM32G431RBT3Z, STM32G471CCT6, STM32G471CCU6, STM32G471CET3, STM32G471CET6, STM32G471CEU3, STM32G471CEU6, STM32G471MCT6, STM32G471MET3, STM32G471MET6, STM32G471MEY6TR, STM32G471QCT6, STM32G471QET3, STM32G471RCT6, STM32G471RET3, STM32G471RET6, STM32G471VCH6, STM32G471VCI6, STM32G471VCT6, STM32G471VEH3, STM32G471VEH6, STM32G471VEI3, STM32G471VEI6, STM32G471VET3, STM32G471VET6, STM32G473QET3Z, STM32G473RET3Z, STM32G474CCT6, STM32G491RET3Z, STM32H503CBT6, STM32H503CBU6, STM32H503EBY6TR, STM32H503KBU6, STM32H503RBT6, STM32H523CCT6, STM32H523CCU6, STM32H523CET6, STM32H523CEU6, STM32H523HEY6TR, STM32H523RCT6, STM32H523RET6, STM32H523VCI6, STM32H523VCT6, STM32H523VEI6, STM32H523VET6, STM32H523ZCJ6, STM32H523ZCT6, STM32H523ZEJ6, STM32H523ZET6, STM32H533CET6, STM32H533CEU6, STM32H533HEY6TR, STM32H533RET6, STM32H533VEI6, STM32H533VET6, STM32H533ZEJ6, STM32H533ZET6, STM32H562AGI6, STM32H562AII6, STM32H562IGK6, STM32H562IGT6, STM32H562IIK6, STM32H562IIT6, STM32H562RGT6, STM32H562RGV6, STM32H562RIT6, STM32H562RIV6, STM32H562VGT6, STM32H562VIT6, STM32H562ZGT6, STM32H562ZIT6, STM32H563AGI6, STM32H563AII3Q, STM32H563AII6, STM32H563IGK6, STM32H563IGT6, STM32H563IIK3Q, STM32H563IIK6, STM32H563IIT3Q, STM32H563IIT6, STM32H563MIY3QTR, STM32H563RGT6, STM32H563RGV6, STM32H563RIT6, STM32H563RIV6, STM32H563VGT6, STM32H563VIT3Q, STM32H563VIT6, STM32H563ZGT6, STM32H563ZIT3Q, STM32H563ZIT6, STM32H573AII3Q, STM32H573AII6, STM32H573I-DK, STM32H573IIK3Q, STM32H573IIK6, STM32H573IIT3Q, STM32H573IIT6, STM32H573MIY3QTR, STM32H573RIT6, STM32H573RIV6, STM32H573VIT3Q, STM32H573VIT6, STM32H573ZIT3Q, STM32H573ZIT6, STM32H7R3A8I6, STM32H7R3I8K6, STM32H7R3I8T6, STM32H7R3L8H6, STM32H7R3L8H6H, STM32H7R3R8V6, STM32H7R3V8H6, STM32H7R3V8T6, STM32H7R3V8Y6TR, STM32H7R3Z8J6, STM32H7R3Z8T6, STM32H7R7A8I6, STM32H7R7I8K6, STM32H7R7I8T6, STM32H7R7L8H6, STM32H7R7L8H6H, STM32H7R7Z8J6, STM32H7S3A8I6, STM32H7S3I8K6, STM32H7S3I8T6, STM32H7S3L8H6, STM32H7S3L8H6H, STM32H7S3R8V6, STM32H7S3V8H6, STM32H7S3V8T6, STM32H7S3V8Y6TR, STM32H7S3Z8J6, STM32H7S3Z8T6, STM32H7S78-DK, STM32H7S7A8I6, STM32H7S7I8K6, STM32H7S7I8T6, STM32H7S7L8H6, STM32H7S7L8H6H, STM32H7S7Z8J6, STM32L4R5QGI6STR, STM32MP131AAE3, STM32MP131AAF3, STM32MP131AAG3, STM32MP131CAE3, STM32MP131CAF3, STM32MP131CAG3, STM32MP131DAE7, STM32MP131DAF7, STM32MP131DAG7, STM32MP131FAE7, STM32MP131FAF7, STM32MP131FAG7, STM32MP133AAE3, STM32MP133AAF3, STM32MP133AAG3, STM32MP133CAE3, STM32MP133CAF3, STM32MP133CAG3, STM32MP133DAE7, STM32MP133DAF7, STM32MP133DAG7, STM32MP133FAE7, STM32MP133FAF7, STM32MP133FAG7, STM32MP135AAE3, STM32MP135AAF3, STM32MP135AAG3, STM32MP135CAE3, STM32MP135CAF3, STM32MP135CAG3, STM32MP135DAE7, STM32MP135DAF7, STM32MP135DAG7, STM32MP135F-DK, STM32MP135FAE7, STM32MP135FAF7, STM32MP135FAF7T, STM32MP135FAF7U, STM32MP135FAG7, STM32MP231AAJ3, STM32MP231AAK3, STM32MP231AAL3, STM32MP231CAJ3, STM32MP231CAK3, STM32MP231CAL3, STM32MP231DAJ3, STM32MP231DAK3, STM32MP231DAL3, STM32MP231FAJ3, STM32MP231FAK3, STM32MP231FAL3, STM32MP233AAJ3, STM32MP233AAK3, STM32MP233AAL3, STM32MP233CAJ3, STM32MP233CAK3, STM32MP233CAL3, STM32MP233DAJ3, STM32MP233DAK3, STM32MP233DAL3, STM32MP233FAJ3, STM32MP233FAK3, STM32MP233FAL3, STM32MP235AAJ3, STM32MP235AAK3, STM32MP235AAL3, STM32MP235CAJ3, STM32MP235CAK3, STM32MP235CAL3, STM32MP235DAJ3, STM32MP235DAK3, STM32MP235DAL3, STM32MP235FAJ3, STM32MP235FAK3, STM32MP235FAL3, STM32MP251AAI3, STM32MP251AAJ3, STM32MP251AAK3, STM32MP251AAL3, STM32MP251CAI3, STM32MP251CAJ3, STM32MP251CAK3, STM32MP251CAL3, STM32MP251DAI3, STM32MP251DAJ3, STM32MP251DAK3, STM32MP251DAL3, STM32MP251FAI3, STM32MP251FAJ3, STM32MP251FAK3, STM32MP251FAL3, STM32MP253AAI3, STM32MP253AAJ3, STM32MP253AAK3, STM32MP253AAL3, STM32MP253CAI3, STM32MP253CAJ3, STM32MP253CAK3, STM32MP253CAL3, STM32MP253DAI3, STM32MP253DAJ3, STM32MP253DAK3, STM32MP253DAL3, STM32MP253FAI3, STM32MP253FAJ3, STM32MP253FAK3, STM32MP253FAL3, STM32MP255AAI3, STM32MP255AAJ3, STM32MP255AAK3, STM32MP255AAL3, STM32MP255CAI3, STM32MP255CAJ3, STM32MP255CAK3, STM32MP255CAL3, STM32MP255DAI3, STM32MP255DAJ3, STM32MP255DAK3, STM32MP255DAL3, STM32MP255FAI3, STM32MP255FAJ3, STM32MP255FAK3, STM32MP255FAL3, STM32MP257AAI3, STM32MP257AAJ3, STM32MP257AAK3, STM32MP257AAL3, STM32MP257CAI3, STM32MP257CAJ3, STM32MP257CAK3, STM32MP257CAL3, STM32MP257DAI3, STM32MP257DAJ3, STM32MP257DAK3, STM32MP257DAL3, STM32MP257F-DK, STM32MP257F-EV1, STM32MP257FAI3, STM32MP257FAJ3, STM32MP257FAK3, STM32MP257FAL3, STM32N645A0H3Q, STM32N645B0H3Q, STM32N645I0H3Q, STM32N645L0H3Q, STM32N645X0H3Q, STM32N645Z0H3Q, STM32N647A0H3Q, STM32N647B0H3Q, STM32N647I0H3Q, STM32N647L0H3Q, STM32N647X0H3Q, STM32N647Z0H3Q, STM32N655A0H3Q, STM32N655B0H3Q, STM32N655I0H3Q, STM32N655L0H3Q, STM32N655X0H3Q, STM32N655Z0H3Q, STM32N6570-DK, STM32N657A0H3Q, STM32N657B0H3Q, STM32N657I0H3Q, STM32N657L0H3Q, STM32N657X0H3Q, STM32N657Z0H3Q, STM32U031C6T6, STM32U031C6U6, STM32U031C8T6, STM32U031C8U6, STM32U031F4P6, STM32U031F6P6, STM32U031F8P6, STM32U031G6Y6TR, STM32U031G8Y6TR, STM32U031K4U6, STM32U031K6U6, STM32U031K8U6, STM32U031R6I6, STM32U031R6T6, STM32U031R8I6, STM32U031R8T6, STM32U073C8T6, STM32U073C8U6, STM32U073CBT6, STM32U073CBU6, STM32U073CCT6, STM32U073CCU6, STM32U073H8Y6TR, STM32U073HBY6TR, STM32U073HCY6TR, STM32U073K8U6, STM32U073KBU6, STM32U073KCU6, STM32U073M8I6, STM32U073M8T6, STM32U073MBI6, STM32U073MBT6, STM32U073MCI6, STM32U073MCT6, STM32U073R8I6, STM32U073R8T6, STM32U073RBI6, STM32U073RBT6, STM32U073RCI6, STM32U073RCT6, STM32U083C-DK, STM32U083CCT6, STM32U083CCU6, STM32U083HCY6TR, STM32U083KCU6, STM32U083MCI6, STM32U083MCT6, STM32U083RCI6, STM32U083RCT6, STM32U375CET6, STM32U375CET6Q, STM32U375CEU6, STM32U375CEU6Q, STM32U375CEY6QTR, STM32U375CGT6, STM32U375CGT6Q, STM32U375CGU6, STM32U375CGU6Q, STM32U375CGY6QTR, STM32U375KEU6, STM32U375KGU6, STM32U375REI6, STM32U375REI6Q, STM32U375RET6, STM32U375RET6Q, STM32U375REY6GTR, STM32U375REY6QTR, STM32U375RGI6, STM32U375RGI6Q, STM32U375RGT6, STM32U375RGT6Q, STM32U375RGY6GTR, STM32U375RGY6QTR, STM32U375VEI6, STM32U375VEI6Q, STM32U375VET6, STM32U375VET6Q, STM32U375VGI6, STM32U375VGI6Q, STM32U375VGT6, STM32U375VGT6Q, STM32U385CGT6, STM32U385CGT6Q, STM32U385CGU6, STM32U385CGU6Q, STM32U385CGY6QTR, STM32U385KGU6, STM32U385RGI6, STM32U385RGI6Q, STM32U385RGT6, STM32U385RGT6Q, STM32U385RGY6GTR, STM32U385RGY6QTR, STM32U385VGI6, STM32U385VGI6Q, STM32U385VGT6, STM32U385VGT6Q, STM32U535CBT6, STM32U535CBT6Q, STM32U535CBU6, STM32U535CBU6Q, STM32U535CCT6, STM32U535CCT6Q, STM32U535CCU6, STM32U535CCU6Q, STM32U535CET6, STM32U535CET6Q, STM32U535CEU6, STM32U535CEU6Q, STM32U535JEY6QTR, STM32U535NCY6QTR, STM32U535NEY6QTR, STM32U535RBI6, STM32U535RBI6Q, STM32U535RBT6, STM32U535RBT6Q, STM32U535RCI6, STM32U535RCI6Q, STM32U535RCT6, STM32U535RCT6Q, STM32U535REI6, STM32U535REI6Q, STM32U535RET6, STM32U535RET6Q, STM32U535VCI6, STM32U535VCI6Q, STM32U535VCT6, STM32U535VCT6Q, STM32U535VEI6, STM32U535VEI6Q, STM32U535VET6, STM32U535VET6Q, STM32U545CET6, STM32U545CET6Q, STM32U545CEU6, STM32U545CEU6Q, STM32U545JEY6QTR, STM32U545NEY6QTR, STM32U545REI6, STM32U545REI6Q, STM32U545RET6, STM32U545RET6Q, STM32U545VEI6, STM32U545VEI6Q, STM32U545VET6, STM32U545VET6Q, STM32U595AIH6, STM32U595AIH6Q, STM32U595AJH6, STM32U595AJH6Q, STM32U595QII6, STM32U595QII6Q, STM32U595QJI6, STM32U595QJI6Q, STM32U595RIT6, STM32U595RIT6Q, STM32U595RJT6, STM32U595RJT6Q, STM32U595VIT6, STM32U595VIT6Q, STM32U595VJT6, STM32U595VJT6Q, STM32U595ZIT6, STM32U595ZIT6Q, STM32U595ZIY6QTR, STM32U595ZJT6, STM32U595ZJT6Q, STM32U595ZJY6QTR, STM32U599BJY6QTR, STM32U599NIH6Q, STM32U599NJH6Q, STM32U599VIT6Q, STM32U599VJT6, STM32U599VJT6Q, STM32U599ZIT6Q, STM32U599ZIY6QTR, STM32U599ZJT6Q, STM32U599ZJY6QTR, STM32U5A5AJH6, STM32U5A5AJH6Q, STM32U5A5QII3Q , STM32U5A5QJI6, STM32U5A5QJI6Q, STM32U5A5RJT6, STM32U5A5RJT6Q, STM32U5A5VJT6, STM32U5A5VJT6Q, STM32U5A5ZJT6, STM32U5A5ZJT6Q, STM32U5A5ZJY6QTR, STM32U5A9BJY6QTR, STM32U5A9J-DK, STM32U5A9NJH6Q, STM32U5A9VJT6Q, STM32U5A9ZJT6Q, STM32U5A9ZJY6QTR, STM32U5F7VIT6, STM32U5F7VIT6Q, STM32U5F7VJT6, STM32U5F7VJT6Q, STM32U5F9BJY6QTR, STM32U5F9NJH6Q, STM32U5F9VIT6Q, STM32U5F9VJT6Q, STM32U5F9ZIJ6QTR, STM32U5F9ZIT6Q, STM32U5F9ZJJ6QTR, STM32U5F9ZJT6Q, STM32U5G7VJT6, STM32U5G7VJT6Q, STM32U5G9BJY6QTR, STM32U5G9J-DK1, STM32U5G9J-DK2, STM32U5G9NJH6Q, STM32U5G9VJT6Q, STM32U5G9ZJJ6QTR, STM32U5G9ZJT6Q, STM32WB05KZV6TR, STM32WB05KZV7TR, STM32WB05TZF6TR, STM32WB05TZF7TR, STM32WB06CCF6TR, STM32WB06CCF7TR, STM32WB06CCV6TR, STM32WB06CCV7TR, STM32WB06KCV6TR, STM32WB06KCV7TR, STM32WB07CCF6TR, STM32WB07CCF7TR, STM32WB07CCV6TR, STM32WB07CCV7TR, STM32WB07KCV6TR, STM32WB07KCV7TR, STM32WB09KEV6TR, STM32WB09KEV7TR, STM32WB09TEF6TR, STM32WB09TEF7TR, STM32WB1MMCH6, STM32WBA50KGU6, STM32WBA50KGU6TR, STM32WBA52CEU6, STM32WBA52CEU6TR, STM32WBA52CEU7, STM32WBA52CEU7TR, STM32WBA52CGU6, STM32WBA52CGU6TR, STM32WBA52CGU6U, STM32WBA52CGU7, STM32WBA52CGU7TR, STM32WBA52KEU6, STM32WBA52KEU6TR, STM32WBA52KGU6, STM32WBA52KGU6TR, STM32WBA54CEU6, STM32WBA54CEU6TR, STM32WBA54CEU7, STM32WBA54CEU7TR, STM32WBA54CGU6, STM32WBA54CGU6TR, STM32WBA54CGU7, STM32WBA54CGU7TR, STM32WBA54KEU6, STM32WBA54KEU6TR, STM32WBA54KEU7, STM32WBA54KEU7TR, STM32WBA54KGU6, STM32WBA54KGU6TR, STM32WBA54KGU7, STM32WBA54KGU7TR, STM32WBA55CEU6, STM32WBA55CEU6TR, STM32WBA55CEU7, STM32WBA55CEU7TR, STM32WBA55CGU6, STM32WBA55CGU6TR, STM32WBA55CGU6U, STM32WBA55CGU7, STM32WBA55CGU7TR, STM32WBA55G-DK1, STM32WBA55HEF6, STM32WBA55HEF7, STM32WBA55HGF6, STM32WBA55HGF7, STM32WBA55UEI6, STM32WBA55UEI6TR, STM32WBA55UEI7, STM32WBA55UEI7TR, STM32WBA55UGI6, STM32WBA55UGI6TR, STM32WBA55UGI7, STM32WBA55UGI7TR, STM32WBA5MJGH6TR, STM32WBA62CGU6, STM32WBA62CIU6, STM32WBA62MGF6, STM32WBA62MIF6, STM32WBA62PGI6, STM32WBA62PII6, STM32WBA63CGU6, STM32WBA63CGU7, STM32WBA63CIU6, STM32WBA63CIU7, STM32WBA64CGU6, STM32WBA64CGU7, STM32WBA64CIU6, STM32WBA64CIU7, STM32WBA65CGU6, STM32WBA65CGU7, STM32WBA65CIU6, STM32WBA65CIU7, STM32WBA65I-DK1, STM32WBA65MGF6, STM32WBA65MGF7, STM32WBA65MIF6, STM32WBA65MIF7, STM32WBA65PGI6, STM32WBA65PGI7, STM32WBA65PII6, STM32WBA65PII7, STM32WBA65RGV6, STM32WBA65RGV7, STM32WBA65RIV6, STM32WBA65RIV7, STM32WL30K8V6, STM32WL30KBV6, STM32WL31C8V6, STM32WL31CBV6, STM32WL31K8V6, STM32WL31KBV6, STM32WL33C8V6, STM32WL33C8V6TR, STM32WL33C8V7, STM32WL33C8V7TR, STM32WL33CBV6, STM32WL33CBV6TR, STM32WL33CBV7, STM32WL33CBV7TR, STM32WL33CCV6, STM32WL33CCV6TR, STM32WL33CCV7, STM32WL33CCV7A, STM32WL33CCV7ATR, STM32WL33CCV7TR, STM32WL33K8V6, STM32WL33K8V6TR, STM32WL33K8V7, STM32WL33K8V7TR, STM32WL33KBV6, STM32WL33KBV6TR, STM32WL33KBV7, STM32WL33KBV7TR, STM32WL33KCV6, STM32WL33KCV6TR, STM32WL33KCV7, STM32WL33KCV7TR, STM32WL5MOCH6, STM32WL5MOCH6TR]
2026-04-08 21:35:14,737 [INFO] DbMcus:218 - Found 4918 MCUs, 4918 are supported
2026-04-08 21:35:14,738 [INFO] ApiDb:423 - Load user favorites file C:\Users\abhil/.stm32cubeide/favorites.mcus.txt: 0 item(s)
2026-04-08 21:35:14,738 [INFO] ApiDb:427 - User favorites MCUs=[]
2026-04-08 21:35:14,738 [INFO] DbMcus:224 - Set 0 / 0 favorites MCUs
2026-04-08 21:35:15,884 [INFO] BoardInfo:889 - No configuration file found for board P-NUCLEO-WB55
2026-04-08 21:35:15,887 [INFO] DbBoards:161 - Kit is not supported: P-NUCLEO-WB55
2026-04-08 21:35:15,897 [INFO] BoardInfo:889 - No configuration file found for board STEVAL-BFA001V1B
2026-04-08 21:35:15,899 [INFO] DbBoards:161 - Kit is not supported: STEVAL-BFA001V1B
2026-04-08 21:35:15,900 [INFO] BoardInfo:889 - No configuration file found for board STEVAL-BFA001V2B
2026-04-08 21:35:15,903 [INFO] DbBoards:161 - Kit is not supported: STEVAL-BFA001V2B
2026-04-08 21:35:16,245 [INFO] BoardInfo:889 - No configuration file found for board STM32MP215F-DK
2026-04-08 21:35:16,247 [INFO] DbBoards:161 - Board is not supported: STM32MP215F-DK
2026-04-08 21:35:16,291 [INFO] DbBoards:168 - Found 212 boards, 208 are supported
2026-04-08 21:35:16,291 [INFO] DbBoards:169 - Found 212 boards, 43 of them is supported for  Bsp
2026-04-08 21:35:16,294 [INFO] ApiDb:423 - Load user favorites file C:\Users\abhil/.stm32cubeide/favorites.boards.txt: 0 item(s)
2026-04-08 21:35:16,294 [INFO] ApiDb:427 - User favorites Boards=[]
2026-04-08 21:35:16,295 [INFO] DbBoards:198 - Set 0 / 0 favorites Boards
2026-04-08 21:35:16,346 [INFO] UtilMem:75 - End LoadConfig() Used Memory: 823026904 Bytes (1073741824)
2026-04-08 21:35:16,548 [WARN] ThirdParty:833 - waiting for thirdparty lock release [change project]
2026-04-08 21:35:16,548 [INFO] ThirdParty:835 - entering critical section [change project]
2026-04-08 21:35:16,548 [INFO] ThirdParty:1030 - CMSIS Pack Vendor :STMicroelectronics X-CUBE-AZRTOS-H7 3.5.0
2026-04-08 21:35:16,548 [INFO] ThirdParty:1030 - CMSIS Pack Vendor :STMicroelectronics X-CUBE-PM33A1 1.0.0
2026-04-08 21:35:16,548 [INFO] ThirdParty:1030 - CMSIS Pack Vendor :STMicroelectronics USBPD 4.1
2026-04-08 21:35:16,548 [INFO] ThirdParty:1030 - CMSIS Pack Vendor :STMicroelectronics X-CUBE-GNSS1 6.0.0
2026-04-08 21:35:16,548 [INFO] ThirdParty:1030 - CMSIS Pack Vendor :STMicroelectronics USB_HOST 2.0.0
2026-04-08 21:35:16,548 [INFO] ThirdParty:1030 - CMSIS Pack Vendor :STMicroelectronics FP-SNS-MOTENVWB1 1.4.0
2026-04-08 21:35:16,548 [INFO] ThirdParty:1030 - CMSIS Pack Vendor :STMicroelectronics X-CUBE-AZRTOS-F4 1.1.0
2026-04-08 21:35:16,548 [INFO] ThirdParty:1030 - CMSIS Pack Vendor :STMicroelectronics LIBJPEG 8.0.0
2026-04-08 21:35:16,548 [INFO] ThirdParty:1030 - CMSIS Pack Vendor :STMicroelectronics FP-ATR-ASTRA1 2.0.2
2026-04-08 21:35:16,548 [INFO] ThirdParty:1030 - CMSIS Pack Vendor :STMicroelectronics FP-ATR-ASTRA1 2.0.1
2026-04-08 21:35:16,548 [INFO] ThirdParty:1030 - CMSIS Pack Vendor :Avnet-IotConnect X-CUBE-IoTC-DA16k-PMOD 1.0.0
2026-04-08 21:35:16,548 [INFO] ThirdParty:1030 - CMSIS Pack Vendor :STMicroelectronics X-CUBE-SMBUS 2.1.0
2026-04-08 21:35:16,548 [INFO] ThirdParty:1030 - CMSIS Pack Vendor :STMicroelectronics X-CUBE-WB05N 1.1.0
2026-04-08 21:35:16,548 [INFO] ThirdParty:1030 - CMSIS Pack Vendor :STMicroelectronics X-CUBE-ISPU 2.1.0
2026-04-08 21:35:16,549 [INFO] ThirdParty:1030 - CMSIS Pack Vendor :STMicroelectronics eDS-WB_DPC_TT-BIDIR 2.1.1
2026-04-08 21:35:16,549 [INFO] ThirdParty:1030 - CMSIS Pack Vendor :STMicroelectronics X-CUBE-FREERTOS 1.2.0
2026-04-08 21:35:16,549 [INFO] ThirdParty:1030 - CMSIS Pack Vendor :STMicroelectronics X-CUBE-ST60 1.0.0
2026-04-08 21:35:16,549 [INFO] ThirdParty:1030 - CMSIS Pack Vendor :STMicroelectronics X-CUBE-NFC12 1.0.0
2026-04-08 21:35:16,549 [INFO] ThirdParty:1030 - CMSIS Pack Vendor :STMicroelectronics X-CUBE-BLEMGR 1.2.0
2026-04-08 21:35:16,549 [INFO] ThirdParty:1030 - CMSIS Pack Vendor :STMicroelectronics X-CUBE-TOUCHGFX 4.23.2
2026-04-08 21:35:16,549 [INFO] ThirdParty:1030 - CMSIS Pack Vendor :STMicroelectronics X-CUBE-AZRTOS-F7 1.1.0
2026-04-08 21:35:16,549 [INFO] ThirdParty:1030 - CMSIS Pack Vendor :STMicroelectronics X-CUBE-AZRTOS-L5 2.0.0
2026-04-08 21:35:16,549 [INFO] ThirdParty:1030 - CMSIS Pack Vendor :STMicroelectronics USB_DEVICE 2.0.0
2026-04-08 21:35:16,549 [INFO] ThirdParty:1030 - CMSIS Pack Vendor :STMicroelectronics X-CUBE-NFC6 3.1.0
2026-04-08 21:35:16,549 [INFO] ThirdParty:1030 - CMSIS Pack Vendor :STMicroelectronics X-CUBE-BLE1 6.2.3
2026-04-08 21:35:16,549 [INFO] ThirdParty:1030 - CMSIS Pack Vendor :STMicroelectronics X-CUBE-MEMS1 11.0.0
2026-04-08 21:35:16,549 [INFO] ThirdParty:1030 - CMSIS Pack Vendor :STMicroelectronics X-CUBE-BLE1 6.2.4
2026-04-08 21:35:16,549 [INFO] ThirdParty:1030 - CMSIS Pack Vendor :STMicroelectronics FreeRTOS 0.0.1
2026-04-08 21:35:16,549 [INFO] ThirdParty:1030 - CMSIS Pack Vendor :STMicroelectronics X-CUBE-BLEMGR 2.0.0
2026-04-08 21:35:16,549 [INFO] ThirdParty:1030 - CMSIS Pack Vendor :STMicroelectronics X-CUBE-DPower 1.2.0
2026-04-08 21:35:16,549 [INFO] ThirdParty:1030 - CMSIS Pack Vendor :STMicroelectronics eDS-WB_DPC_VIENNA 1.2.0
2026-04-08 21:35:16,549 [INFO] ThirdParty:1030 - CMSIS Pack Vendor :STMicroelectronics FP-SNS-FLIGHT1 5.0.2
2026-04-08 21:35:16,549 [INFO] ThirdParty:1030 - CMSIS Pack Vendor :STMicroelectronics eDS-WB_DPC_3PH2L-BIDIR 1.1.1
2026-04-08 21:35:16,549 [INFO] ThirdParty:1030 - CMSIS Pack Vendor :STMicroelectronics X-CUBE-NFC4 2.0.4
2026-04-08 21:35:16,549 [INFO] ThirdParty:1030 - CMSIS Pack Vendor :STMicroelectronics X-CUBE-AI 9.0.0
2026-04-08 21:35:16,549 [INFO] ThirdParty:1030 - CMSIS Pack Vendor :STMicroelectronics X-CUBE-AZRTOS-H7 3.1.0
2026-04-08 21:35:16,549 [INFO] ThirdParty:1030 - CMSIS Pack Vendor :STMicroelectronics PDM2PCM 3.3.0
2026-04-08 21:35:16,549 [INFO] ThirdParty:1030 - CMSIS Pack Vendor :STMicroelectronics X-CUBE-TOF1 3.1.0
2026-04-08 21:35:16,549 [INFO] ThirdParty:1030 - CMSIS Pack Vendor :STMicroelectronics X-CUBE-AZRTOS-H7 3.4.0
2026-04-08 21:35:16,549 [INFO] ThirdParty:1030 - CMSIS Pack Vendor :STMicroelectronics X-CUBE-DISPLAY 3.0.0
2026-04-08 21:35:16,549 [INFO] ThirdParty:1030 - CMSIS Pack Vendor :STMicroelectronics X-CUBE-BLE1 7.0.0
2026-04-08 21:35:16,549 [INFO] ThirdParty:1030 - CMSIS Pack Vendor :STMicroelectronics X-CUBE-NFC10 1.0.0
2026-04-08 21:35:16,549 [INFO] ThirdParty:1030 - CMSIS Pack Vendor :wolfSSL I-CUBE-wolfSSL 5.5.1
2026-04-08 21:35:16,549 [INFO] ThirdParty:1030 - CMSIS Pack Vendor :STMicroelectronics X-CUBE-BLEMGR 4.0.0
2026-04-08 21:35:16,549 [INFO] ThirdParty:1030 - CMSIS Pack Vendor :STMicroelectronics X-CUBE-FREERTOS 1.3.1
2026-04-08 21:35:16,549 [INFO] ThirdParty:1030 - CMSIS Pack Vendor :STMicroelectronics HAL Drivers 0.0.0
2026-04-08 21:35:16,550 [INFO] ThirdParty:1030 - CMSIS Pack Vendor :STMicroelectronics X-CUBE-ST60 1.1.0
2026-04-08 21:35:16,550 [INFO] ThirdParty:1030 - CMSIS Pack Vendor :STMicroelectronics X-CUBE-FREERTOS 1.3.0
2026-04-08 21:35:16,550 [INFO] ThirdParty:1030 - CMSIS Pack Vendor :STMicroelectronics X-CUBE-NFC7 1.0.1
2026-04-08 21:35:16,550 [INFO] ThirdParty:1030 - CMSIS Pack Vendor :STMicroelectronics MBEDTLS 2.14.1
2026-04-08 21:35:16,551 [INFO] ThirdParty:1030 - CMSIS Pack Vendor :STMicroelectronics X-CUBE-GNSS1 7.1.0
2026-04-08 21:35:16,551 [INFO] ThirdParty:1030 - CMSIS Pack Vendor :STMicroelectronics X-CUBE-NFC7 1.0.0
2026-04-08 21:35:16,551 [INFO] ThirdParty:1030 - CMSIS Pack Vendor :STMicroelectronics X-CUBE-TOUCHGFX 4.26.0
2026-04-08 21:35:16,551 [INFO] ThirdParty:1030 - CMSIS Pack Vendor :STMicroelectronics X-CUBE-MEMS1 9.3.0
2026-04-08 21:35:16,551 [INFO] ThirdParty:1030 - CMSIS Pack Vendor :STMicroelectronics X-CUBE-TOUCHGFX 4.26.1
2026-04-08 21:35:16,551 [INFO] ThirdParty:1030 - CMSIS Pack Vendor :STMicroelectronics X-CUBE-EEPRMA1 4.1.0
2026-04-08 21:35:16,552 [INFO] ThirdParty:1030 - CMSIS Pack Vendor :STMicroelectronics X-CUBE-AI 7.2.0
2026-04-08 21:35:16,552 [INFO] ThirdParty:1030 - CMSIS Pack Vendor :STMicroelectronics X-CUBE-BLEMGR 3.1.0
2026-04-08 21:35:16,552 [INFO] ThirdParty:1030 - CMSIS Pack Vendor :STMicroelectronics X-CUBE-AI 10.0.0
2026-04-08 21:35:16,552 [INFO] ThirdParty:1030 - CMSIS Pack Vendor :STMicroelectronics FP-SNS-STAIOTCFT 1.0.0
2026-04-08 21:35:16,552 [INFO] ThirdParty:1030 - CMSIS Pack Vendor :STMicroelectronics FP-SNS-SMARTAG2 1.2.0
2026-04-08 21:35:16,552 [INFO] ThirdParty:1030 - CMSIS Pack Vendor :STMicroelectronics FP-SNS-FLIGHT1 5.1.0
2026-04-08 21:35:16,552 [INFO] ThirdParty:1030 - CMSIS Pack Vendor :STMicroelectronics X-CUBE-MEMS1 11.1.0
2026-04-08 21:35:16,552 [INFO] ThirdParty:1030 - CMSIS Pack Vendor :STMicroelectronics X-CUBE-AZRTOS-WL 2.0.0
2026-04-08 21:35:16,552 [INFO] ThirdParty:1030 - CMSIS Pack Vendor :STMicroelectronics X-CUBE-DPower 1.3.0
2026-04-08 21:35:16,552 [INFO] ThirdParty:1030 - CMSIS Pack Vendor :STMicroelectronics FP-SNS-MOTENV1 5.0.0
2026-04-08 21:35:16,552 [INFO] ThirdParty:1030 - CMSIS Pack Vendor :STMicroelectronics USB_DEVICE 1.0.0
2026-04-08 21:35:16,552 [INFO] ThirdParty:1030 - CMSIS Pack Vendor :STMicroelectronics X-CUBE-AZRTOS-H7RS 1.2.0
2026-04-08 21:35:16,553 [INFO] ThirdParty:1030 - CMSIS Pack Vendor :wolfSSL I-CUBE-wolfMQTT 1.19.0
2026-04-08 21:35:16,553 [INFO] ThirdParty:1030 - CMSIS Pack Vendor :STMicroelectronics X-CUBE-AZRTOS-L4 2.0.0
2026-04-08 21:35:16,553 [INFO] ThirdParty:1030 - CMSIS Pack Vendor :STMicroelectronics ThreadX 0.0.2
2026-04-08 21:35:16,553 [INFO] ThirdParty:1030 - CMSIS Pack Vendor :WES I-CUBE-Cesium 1.3.0
2026-04-08 21:35:16,553 [INFO] ThirdParty:1030 - CMSIS Pack Vendor :STMicroelectronics lwIP 2.1.2
2026-04-08 21:35:16,553 [INFO] ThirdParty:1030 - CMSIS Pack Vendor :STMicroelectronics X-CUBE-SFXS2LP1 4.0.0
2026-04-08 21:35:16,553 [INFO] ThirdParty:1030 - CMSIS Pack Vendor :STMicroelectronics X-CUBE-BLE2 3.3.0
2026-04-08 21:35:16,553 [INFO] ThirdParty:1030 - CMSIS Pack Vendor :Avnet-IOTCONNECT X-CUBE-iotc-st67-sdk 1.0.0
2026-04-08 21:35:16,553 [INFO] ThirdParty:1030 - CMSIS Pack Vendor :STMicroelectronics X-CUBE-DISPLAY 2.2.0
2026-04-08 21:35:16,553 [INFO] ThirdParty:1030 - CMSIS Pack Vendor :STMicroelectronics X-CUBE-TOF1 3.2.0
2026-04-08 21:35:16,553 [INFO] ThirdParty:1030 - CMSIS Pack Vendor :STMicroelectronics PDM2PCM 3.2.0
2026-04-08 21:35:16,553 [INFO] ThirdParty:1030 - CMSIS Pack Vendor :STMicroelectronics X-CUBE-ISPU 1.0.0
2026-04-08 21:35:16,553 [INFO] ThirdParty:1030 - CMSIS Pack Vendor :STMicroelectronics X-CUBE-ISPU 1.1.0
2026-04-08 21:35:16,553 [INFO] ThirdParty:1030 - CMSIS Pack Vendor :STMicroelectronics X-CUBE-AZRTOS-H7 3.3.0
2026-04-08 21:35:16,553 [INFO] ThirdParty:1030 - CMSIS Pack Vendor :RoweBots I-CUBE-UNISONRTOS 5.5.0-4
2026-04-08 21:35:16,553 [INFO] ThirdParty:1030 - CMSIS Pack Vendor :STMicroelectronics X-CUBE-NFC9 1.0.0
2026-04-08 21:35:16,553 [INFO] ThirdParty:1030 - CMSIS Pack Vendor :STMicroelectronics X-CUBE-AZRTOS-H7 2.1.0
2026-04-08 21:35:16,553 [INFO] ThirdParty:1030 - CMSIS Pack Vendor :STMicroelectronics X-CUBE-BLE1 7.1.0
2026-04-08 21:35:16,553 [INFO] ThirdParty:1030 - CMSIS Pack Vendor :STMicroelectronics USB_DEVICE 3.0.0
2026-04-08 21:35:16,553 [INFO] ThirdParty:1030 - CMSIS Pack Vendor :STMicroelectronics X-CUBE-TCPP 4.1.0
2026-04-08 21:35:16,553 [INFO] ThirdParty:1030 - CMSIS Pack Vendor :STMicroelectronics X-CUBE-EEPRMA1 5.2.0
2026-04-08 21:35:16,553 [INFO] ThirdParty:1030 - CMSIS Pack Vendor :STMicroelectronics X-CUBE-BLEMGR 4.1.0
2026-04-08 21:35:16,553 [INFO] ThirdParty:1030 - CMSIS Pack Vendor :STMicroelectronics X-CUBE-AI 8.0.0
2026-04-08 21:35:16,553 [INFO] ThirdParty:1030 - CMSIS Pack Vendor :STMicroelectronics X-CUBE-IPS 3.0.0
2026-04-08 21:35:16,553 [INFO] ThirdParty:1030 - CMSIS Pack Vendor :STMicroelectronics X-CUBE-AZRTOS-WB 2.0.0
2026-04-08 21:35:16,553 [INFO] ThirdParty:1030 - CMSIS Pack Vendor :STMicroelectronics X-CUBE-FREERTOS 1.0.1
2026-04-08 21:35:16,553 [INFO] ThirdParty:1030 - CMSIS Pack Vendor :STMicroelectronics X-CUBE-GNSS1 7.0.0
2026-04-08 21:35:16,553 [INFO] ThirdParty:1030 - CMSIS Pack Vendor :STMicroelectronics X-CUBE-GNSS1 7.0.1
2026-04-08 21:35:16,553 [INFO] ThirdParty:1030 - CMSIS Pack Vendor :STMicroelectronics X-CUBE-TOUCHGFX 4.21.3
2026-04-08 21:35:16,553 [INFO] ThirdParty:1030 - CMSIS Pack Vendor :STMicroelectronics X-CUBE-TOUCHGFX 4.25.0
2026-04-08 21:35:16,553 [INFO] ThirdParty:1030 - CMSIS Pack Vendor :STMicroelectronics X-CUBE-AI 7.3.0
2026-04-08 21:35:16,553 [INFO] ThirdParty:1030 - CMSIS Pack Vendor :STMicroelectronics X-CUBE-AI 10.1.0
2026-04-08 21:35:16,553 [INFO] ThirdParty:1030 - CMSIS Pack Vendor :STMicroelectronics FP-SNS-STBOX1 2.0.0
2026-04-08 21:35:16,554 [INFO] ThirdParty:1030 - CMSIS Pack Vendor :STMicroelectronics X-CUBE-MEMS1 12.0.0
2026-04-08 21:35:16,554 [INFO] ThirdParty:1030 - CMSIS Pack Vendor :STMicroelectronics X-CUBE-ALGOBUILD 1.3.0
2026-04-08 21:35:16,554 [INFO] ThirdParty:1030 - CMSIS Pack Vendor :STMicroelectronics X-CUBE-STSE01 2.0.0
2026-04-08 21:35:16,554 [INFO] ThirdParty:1030 - CMSIS Pack Vendor :STMicroelectronics X-CUBE-AZRTOS-L5 1.1.0
2026-04-08 21:35:16,554 [INFO] ThirdParty:1030 - CMSIS Pack Vendor :STMicroelectronics X-CUBE-MEMS1 11.2.0
2026-04-08 21:35:16,554 [INFO] ThirdParty:1030 - CMSIS Pack Vendor :STMicroelectronics X-CUBE-AZRTOS-G0 1.1.0
2026-04-08 21:35:16,554 [INFO] ThirdParty:1030 - CMSIS Pack Vendor :STMicroelectronics X-CUBE-SAFEA1 1.2.2
2026-04-08 21:35:16,554 [INFO] ThirdParty:1030 - CMSIS Pack Vendor :STMicroelectronics X-CUBE-NFC4 3.0.0
2026-04-08 21:35:16,554 [INFO] ThirdParty:1030 - CMSIS Pack Vendor :STMicroelectronics X-CUBE-SUBG2 5.0.0
2026-04-08 21:35:16,554 [INFO] ThirdParty:1030 - CMSIS Pack Vendor :STMicroelectronics X-CUBE-AZRTOS-H7RS 1.1.0
2026-04-08 21:35:16,554 [INFO] ThirdParty:1030 - CMSIS Pack Vendor :STMicroelectronics STM32_WPAN 1.0.0
2026-04-08 21:35:16,554 [INFO] ThirdParty:1030 - CMSIS Pack Vendor :SEGGER I-CUBE-embOS 1.2.1
2026-04-08 21:35:16,554 [INFO] ThirdParty:1030 - CMSIS Pack Vendor :wolfSSL I-CUBE-wolfMQTT 1.18.0
2026-04-08 21:35:16,554 [INFO] ThirdParty:1030 - CMSIS Pack Vendor :EmbeddedOffice I-CUBE-FS-RTOS 1.0.1
2026-04-08 21:35:16,554 [INFO] ThirdParty:1030 - CMSIS Pack Vendor :STMicroelectronics lwIP 2.0.3
2026-04-08 21:35:16,554 [INFO] ThirdParty:1030 - CMSIS Pack Vendor :Cesanta I-CUBE-Mongoose 7.13.0
2026-04-08 21:35:16,554 [INFO] ThirdParty:1030 - CMSIS Pack Vendor :STMicroelectronics USB_HOST 1.0.0
2026-04-08 21:35:16,554 [INFO] ThirdParty:1030 - CMSIS Pack Vendor :STMicroelectronics X-CUBE-AZRTOS-G4 2.0.0
2026-04-08 21:35:16,555 [INFO] ThirdParty:1030 - CMSIS Pack Vendor :STMicroelectronics X-CUBE-WB05N 2.0.0
2026-04-08 21:35:16,555 [INFO] ThirdParty:1030 - CMSIS Pack Vendor :STMicroelectronics PDM2PCM 3.1.0
2026-04-08 21:35:16,555 [INFO] ThirdParty:1030 - CMSIS Pack Vendor :STMicroelectronics X-CUBE-TOF1 3.3.0
2026-04-08 21:35:16,555 [INFO] ThirdParty:1030 - CMSIS Pack Vendor :STMicroelectronics FP-ATR-ASTRA1 1.1.1
2026-04-08 21:35:16,555 [INFO] ThirdParty:1030 - CMSIS Pack Vendor :STMicroelectronics X-CUBE-NFC7 2.0.0
2026-04-08 21:35:16,555 [INFO] ThirdParty:1030 - CMSIS Pack Vendor :STMicroelectronics X-CUBE-TCPP 4.2.0
2026-04-08 21:35:16,555 [INFO] ThirdParty:1030 - CMSIS Pack Vendor :RealThread X-CUBE-RT-Thread_Nano 4.1.1
2026-04-08 21:35:16,555 [INFO] ThirdParty:1030 - CMSIS Pack Vendor :STMicroelectronics FP-ATR-SIGFOX1 3.2.0
2026-04-08 21:35:16,555 [INFO] ThirdParty:1030 - CMSIS Pack Vendor :STMicroelectronics X-CUBE-AZRTOS-G4 1.0.0
2026-04-08 21:35:16,555 [INFO] ThirdParty:1030 - CMSIS Pack Vendor :STMicroelectronics X-CUBE-AZRTOS-L4 1.0.0
2026-04-08 21:35:16,555 [INFO] ThirdParty:1030 - CMSIS Pack Vendor :quantropi X-CUBE-qispace-sdk-base 1.9.3
2026-04-08 21:35:16,555 [INFO] ThirdParty:1030 - CMSIS Pack Vendor :STMicroelectronics X-CUBE-ISPU 2.0.0
2026-04-08 21:35:16,555 [INFO] ThirdParty:1030 - CMSIS Pack Vendor :STMicroelectronics X-CUBE-EEPRMA1 5.1.0
2026-04-08 21:35:16,555 [INFO] ThirdParty:1030 - CMSIS Pack Vendor :STMicroelectronics MBEDTLS 2.16.2
2026-04-08 21:35:16,555 [INFO] ThirdParty:1030 - CMSIS Pack Vendor :STMicroelectronics X-CUBE-IPS 3.1.0
2026-04-08 21:35:16,555 [INFO] ThirdParty:1030 - CMSIS Pack Vendor :STMicroelectronics X-CUBE-ALS 1.0.2
2026-04-08 21:35:16,555 [INFO] ThirdParty:1030 - CMSIS Pack Vendor :emotas I-CUBE-CANOPEN 1.1.2
2026-04-08 21:35:16,555 [INFO] ThirdParty:1030 - CMSIS Pack Vendor :STMicroelectronics X-CUBE-TOUCHGFX 4.20.0
2026-04-08 21:35:16,555 [INFO] ThirdParty:1030 - CMSIS Pack Vendor :STMicroelectronics X-CUBE-MEMS1 10.0.0
2026-04-08 21:35:16,555 [INFO] ThirdParty:1030 - CMSIS Pack Vendor :ITTIA_DB I-CUBE-ITTIADB 8.9.0
2026-04-08 21:35:16,555 [INFO] ThirdParty:1030 - CMSIS Pack Vendor :STMicroelectronics X-CUBE-TOUCHGFX 4.24.2
2026-04-08 21:35:16,555 [INFO] ThirdParty:1030 - CMSIS Pack Vendor :STMicroelectronics X-CUBE-AZRTOS-WL 1.0.0
2026-04-08 21:35:16,555 [INFO] ThirdParty:1030 - CMSIS Pack Vendor :STMicroelectronics X-CUBE-TOUCHGFX 4.24.1
2026-04-08 21:35:16,555 [INFO] ThirdParty:1030 - CMSIS Pack Vendor :STMicroelectronics X-CUBE-STSE01 1.0.0
2026-04-08 21:35:16,555 [INFO] ThirdParty:1030 - CMSIS Pack Vendor :wolfSSL I-CUBE-wolfTPM 3.4.0
2026-04-08 21:35:16,555 [INFO] ThirdParty:1030 - CMSIS Pack Vendor :portGmbH I-Cube-SoM-uGOAL 1.1.0
2026-04-08 21:35:16,555 [INFO] ThirdParty:1030 - CMSIS Pack Vendor :STMicroelectronics X-CUBE-ALS 1.0.1
2026-04-08 21:35:16,556 [INFO] ThirdParty:1030 - CMSIS Pack Vendor :STMicroelectronics X-CUBE-NFC6 3.2.0
2026-04-08 21:35:16,556 [INFO] ThirdParty:1030 - CMSIS Pack Vendor :STMicroelectronics X-CUBE-MEMS1 9.5.0
2026-04-08 21:35:16,556 [INFO] ThirdParty:1030 - CMSIS Pack Vendor :STMicroelectronics X-CUBE-ST67W61 1.0.0
2026-04-08 21:35:16,556 [INFO] ThirdParty:1030 - CMSIS Pack Vendor :STMicroelectronics X-CUBE-AI 10.2.0
2026-04-08 21:35:16,556 [INFO] ThirdParty:1030 - CMSIS Pack Vendor :STMicroelectronics ThreadX 1.0.0
2026-04-08 21:35:16,556 [INFO] ThirdParty:1030 - CMSIS Pack Vendor :STMicroelectronics X-CUBE-AZRTOS-WB 1.1.0
2026-04-08 21:35:16,556 [INFO] ThirdParty:1030 - CMSIS Pack Vendor :SEGGER I-CUBE-embOS 1.3.1
2026-04-08 21:35:16,556 [INFO] ThirdParty:1030 - CMSIS Pack Vendor :STMicroelectronics X-CUBE-ALGOBUILD 1.4.0
2026-04-08 21:35:16,556 [INFO] ThirdParty:1030 - CMSIS Pack Vendor :STMicroelectronics X-CUBE-MEMS1 11.3.0
2026-04-08 21:35:16,556 [INFO] ThirdParty:1030 - CMSIS Pack Vendor :STMicroelectronics X-CUBE-AZRTOS-L5 1.0.0
2026-04-08 21:35:16,556 [INFO] ThirdParty:1030 - CMSIS Pack Vendor :STMicroelectronics X-CUBE-EEPRMA1 3.1.1
2026-04-08 21:35:16,556 [INFO] ThirdParty:1030 - CMSIS Pack Vendor :STMicroelectronics X-CUBE-AZRTOS-H7RS 1.0.0
2026-04-08 21:35:16,556 [INFO] ThirdParty:1030 - CMSIS Pack Vendor :STMicroelectronics FP-ATR-ASTRA1 2.0.0
2026-04-08 21:35:16,556 [INFO] ThirdParty:1030 - CMSIS Pack Vendor :STMicroelectronics X-CUBE-TOF1 3.4.2
2026-04-08 21:35:16,556 [INFO] ThirdParty:1030 - CMSIS Pack Vendor :STMicroelectronics X-CUBE-TOF1 3.4.3
2026-04-08 21:35:16,556 [INFO] ThirdParty:1030 - CMSIS Pack Vendor :STMicroelectronics X-CUBE-AI 9.1.0
2026-04-08 21:35:16,556 [INFO] ThirdParty:1030 - CMSIS Pack Vendor :STMicroelectronics X-CUBE-TOF1 3.4.1
2026-04-08 21:35:16,556 [INFO] ThirdParty:1030 - CMSIS Pack Vendor :STMicroelectronics X-CUBE-AZRTOS-H7 3.2.0
2026-04-08 21:35:16,556 [INFO] ThirdParty:1030 - CMSIS Pack Vendor :Infineon AIROC-Wi-Fi-Bluetooth-STM32 1.6.0
2026-04-08 21:35:16,556 [INFO] ThirdParty:1030 - CMSIS Pack Vendor :wolfSSL I-CUBE-wolfSSH 1.4.17
2026-04-08 21:35:16,556 [INFO] ThirdParty:841 - exiting critical section [change project]
2026-04-08 21:35:17,119 [INFO] PinOutPanel:1589 - setPackage(No Configuration,No Configuration)
2026-04-08 21:35:17,122 [INFO] PinOutPanel:1589 - setPackage(STM32F411CEUx,UFQFPN48)
2026-04-08 21:35:17,771 [INFO] UtilMem:75 - Before build in PCC Used Memory: 1009401608 Bytes (1073741824)
2026-04-08 21:35:18,753 [INFO] UtilMem:75 - After build in PCC Used Memory: 897005584 Bytes (1073741824)
2026-04-08 21:35:18,790 [INFO] IPUIPlugin:80 - create IPUIPlugin
2026-04-08 21:35:18,790 [INFO] IPUIPlugin:80 - create IPUIPlugin
2026-04-08 21:35:18,790 [INFO] IPUIPlugin:80 - create IPUIPlugin
2026-04-08 21:35:18,790 [INFO] IPUIPlugin:80 - create IPUIPlugin
2026-04-08 21:35:18,790 [INFO] IPUIPlugin:80 - create IPUIPlugin
2026-04-08 21:35:18,790 [INFO] IPUIPlugin:80 - create IPUIPlugin
2026-04-08 21:35:18,791 [INFO] IPUIPlugin:80 - create IPUIPlugin
2026-04-08 21:35:18,791 [INFO] IPUIPlugin:80 - create IPUIPlugin
2026-04-08 21:35:18,791 [INFO] IPUIPlugin:80 - create IPUIPlugin
2026-04-08 21:35:18,791 [INFO] IPUIPlugin:80 - create IPUIPlugin
2026-04-08 21:35:18,791 [INFO] IPUIPlugin:80 - create IPUIPlugin
2026-04-08 21:35:18,791 [INFO] IPUIPlugin:80 - create IPUIPlugin
2026-04-08 21:35:18,791 [INFO] IPUIPlugin:80 - create IPUIPlugin
2026-04-08 21:35:18,791 [INFO] IPUIPlugin:80 - create IPUIPlugin
2026-04-08 21:35:18,792 [INFO] IPUIPlugin:80 - create IPUIPlugin
2026-04-08 21:35:18,792 [INFO] IPUIPlugin:80 - create IPUIPlugin
2026-04-08 21:35:18,792 [INFO] IPUIPlugin:80 - create IPUIPlugin
2026-04-08 21:35:18,792 [INFO] IPUIPlugin:80 - create IPUIPlugin
2026-04-08 21:35:18,792 [INFO] IPUIPlugin:80 - create IPUIPlugin
2026-04-08 21:35:18,792 [INFO] IPUIPlugin:80 - create IPUIPlugin
2026-04-08 21:35:18,793 [INFO] IPUIPlugin:80 - create IPUIPlugin
2026-04-08 21:35:18,793 [INFO] IPUIPlugin:80 - create IPUIPlugin
2026-04-08 21:35:18,793 [INFO] IPUIPlugin:80 - create IPUIPlugin
2026-04-08 21:35:18,793 [INFO] IPUIPlugin:80 - create IPUIPlugin
2026-04-08 21:35:18,793 [INFO] IPUIPlugin:80 - create IPUIPlugin
2026-04-08 21:35:18,794 [INFO] IPUIPlugin:80 - create IPUIPlugin
2026-04-08 21:35:18,794 [INFO] IPUIPlugin:80 - create IPUIPlugin
2026-04-08 21:35:18,794 [INFO] IPUIPlugin:80 - create IPUIPlugin
2026-04-08 21:35:18,794 [INFO] IPUIPlugin:80 - create IPUIPlugin
2026-04-08 21:35:18,795 [INFO] IPUIPlugin:80 - create IPUIPlugin
2026-04-08 21:35:18,795 [INFO] IPUIPlugin:80 - create IPUIPlugin
2026-04-08 21:35:18,795 [INFO] IPUIPlugin:80 - create IPUIPlugin
2026-04-08 21:35:18,795 [INFO] IPUIPlugin:80 - create IPUIPlugin
2026-04-08 21:35:18,795 [INFO] IPUIPlugin:80 - create IPUIPlugin
2026-04-08 21:35:18,795 [INFO] IPUIPlugin:80 - create IPUIPlugin
2026-04-08 21:35:18,796 [INFO] IPUIPlugin:80 - create IPUIPlugin
2026-04-08 21:35:18,796 [INFO] IPUIPlugin:80 - create IPUIPlugin
2026-04-08 21:35:18,796 [INFO] IPUIPlugin:80 - create IPUIPlugin
2026-04-08 21:35:18,796 [INFO] IPUIPlugin:80 - create IPUIPlugin
2026-04-08 21:35:18,796 [INFO] IPUIPlugin:80 - create IPUIPlugin
2026-04-08 21:35:18,796 [INFO] IPUIPlugin:80 - create IPUIPlugin
2026-04-08 21:35:18,797 [INFO] IPUIPlugin:80 - create IPUIPlugin
2026-04-08 21:35:18,797 [INFO] IPUIPlugin:80 - create IPUIPlugin
2026-04-08 21:35:18,873 [INFO] ApiDbMcu:508 - Load IP Config File for PDM2PCM
2026-04-08 21:35:18,890 [INFO] I2sManager:658 - 1.1875E8
2026-04-08 21:35:18,891 [INFO] I2sManager:195 - I2S Clock Value : 1.1875E8
2026-04-08 21:35:18,892 [INFO] I2sManager:553 - AudioClock : 15995Divider : 116Odd : 0
2026-04-08 21:35:19,261 [INFO] CADModel:165 - CPN selected for project levelSTM32F411CEU6
2026-04-08 21:35:19,261 [INFO] CADModel:114 - Register for checkConnection events
2026-04-08 21:35:19,301 [INFO] OpenFileManager:385 - Restore cursor
2026-04-08 21:39:02,029 [INFO] I2sManager:658 - 1.1875E8
2026-04-08 21:39:02,030 [INFO] I2sManager:195 - I2S Clock Value : 1.1875E8
2026-04-08 21:39:02,030 [INFO] I2sManager:553 - AudioClock : 15995Divider : 116Odd : 0
2026-04-08 21:40:29,647 [INFO] NvicIntPanel:101 - NVIC parent = com.st.microxplorer.plugins.ip.nvic.MultiNvicIntPanel[,0,0,0x0,invalid,layout=javax.swing.BoxLayout,alignmentX=0.0,alignmentY=0.0,border=,flags=9,maximumSize=,minimumSize=,preferredSize=]
2026-04-08 21:40:29,703 [INFO] I2sManager:658 - 1.1875E8
2026-04-08 21:40:29,703 [INFO] I2sManager:195 - I2S Clock Value : 1.1875E8
2026-04-08 21:40:29,703 [INFO] I2sManager:553 - AudioClock : 31990Divider : 58Odd : 0
2026-04-08 21:40:29,769 [INFO] NvicIntPanel:101 - NVIC parent = com.st.microxplorer.plugins.ip.nvic.MultiNvicIntPanel[,0,0,0x0,invalid,layout=javax.swing.BoxLayout,alignmentX=0.0,alignmentY=0.0,border=,flags=9,maximumSize=,minimumSize=,preferredSize=]
2026-04-08 21:40:32,678 [INFO] UtilMem:75 - End SaveConfig() Used Memory: 997282288 Bytes (1073741824)
2026-04-08 21:40:33,995 [INFO] UtilMem:75 - End SaveConfig() Used Memory: 709818272 Bytes (1073741824)
2026-04-08 21:40:38,329 [INFO] UtilMem:75 - End SaveConfig() Used Memory: 846655392 Bytes (1073741824)
2026-04-08 21:40:39,009 [INFO] BlockDiagram:2775 - set Specific Code input for plugin: NVIC
2026-04-08 21:40:39,010 [INFO] BlockDiagram:2775 - set Specific Code input for plugin: DMA
2026-04-08 21:40:39,010 [INFO] BlockDiagram:2775 - set Specific Code input for plugin: TIM1_8
2026-04-08 21:40:39,010 [INFO] BlockDiagram:2775 - set Specific Code input for plugin: TIM1_8
2026-04-08 21:40:39,010 [INFO] BlockDiagram:2775 - set Specific Code input for plugin: TIM1_8
2026-04-08 21:40:39,010 [INFO] BlockDiagram:2775 - set Specific Code input for plugin: I2S
2026-04-08 21:40:39,010 [INFO] BlockDiagram:2775 - set Specific Code input for plugin: SYS
2026-04-08 21:40:39,011 [INFO] BlockDiagram:2775 - set Specific Code input for plugin: GPIO
2026-04-08 21:40:39,011 [INFO] BlockDiagram:2775 - set Specific Code input for plugin: ADC
2026-04-08 21:40:39,011 [INFO] BlockDiagram:2775 - set Specific Code input for plugin: RCC
2026-04-08 21:40:39,013 [INFO] CodeGenerator:882 - code generatio: config db path: C:\ST\STM32CubeIDE_1.10.1\STM32CubeIDE\plugins\com.st.stm32cube.common.mx_6.14.1.202504091515\\db\
2026-04-08 21:40:39,357 [INFO] CodeEngine:263 - oldGeneratedFile, D:\Projects\Ventures\Mruda\01_Technical\MCU_Software\MCU_3.1.0\Mruda_f411\MXTmpFiles\license.tmp_save
2026-04-08 21:40:40,090 [INFO] CodeEngine:287 - Generated code: D:\Projects\Ventures\Mruda\01_Technical\MCU_Software\MCU_3.1.0\Mruda_f411\MXTmpFiles\license.tmp
2026-04-08 21:40:40,227 [INFO] CodeEngine:263 - oldGeneratedFile, D:\Projects\Ventures\Mruda\01_Technical\MCU_Software\MCU_3.1.0\Mruda_f411\MXTmpFiles\gpio.tmp_save
2026-04-08 21:40:40,417 [INFO] CodeEngine:287 - Generated code: D:\Projects\Ventures\Mruda\01_Technical\MCU_Software\MCU_3.1.0\Mruda_f411\MXTmpFiles\gpio.tmp
2026-04-08 21:40:40,930 [INFO] CodeEngine:263 - oldGeneratedFile, D:\Projects\Ventures\Mruda\01_Technical\MCU_Software\MCU_3.1.0\Mruda_f411\MXTmpFiles\dma.tmp_save
2026-04-08 21:40:41,044 [INFO] CodeEngine:287 - Generated code: D:\Projects\Ventures\Mruda\01_Technical\MCU_Software\MCU_3.1.0\Mruda_f411\MXTmpFiles\dma.tmp
2026-04-08 21:40:41,060 [INFO] CodeEngine:263 - oldGeneratedFile, D:\Projects\Ventures\Mruda\01_Technical\MCU_Software\MCU_3.1.0\Mruda_f411\MXTmpFiles\dma_GV.tmp_save
2026-04-08 21:40:41,151 [INFO] CodeEngine:287 - Generated code: D:\Projects\Ventures\Mruda\01_Technical\MCU_Software\MCU_3.1.0\Mruda_f411\MXTmpFiles\dma_GV.tmp
2026-04-08 21:40:41,211 [INFO] CodeEngine:263 - oldGeneratedFile, D:\Projects\Ventures\Mruda\01_Technical\MCU_Software\MCU_3.1.0\Mruda_f411\Core\Src\stm32f4xx_it.c_save
2026-04-08 21:40:41,412 [INFO] CodeEngine:287 - Generated code: D:\Projects\Ventures\Mruda\01_Technical\MCU_Software\MCU_3.1.0\Mruda_f411\Core\Src\stm32f4xx_it.c
2026-04-08 21:40:41,456 [INFO] CodeEngine:263 - oldGeneratedFile, D:\Projects\Ventures\Mruda\01_Technical\MCU_Software\MCU_3.1.0\Mruda_f411\Core\Inc\stm32f4xx_it.h_save
2026-04-08 21:40:41,589 [INFO] CodeEngine:287 - Generated code: D:\Projects\Ventures\Mruda\01_Technical\MCU_Software\MCU_3.1.0\Mruda_f411\Core\Inc\stm32f4xx_it.h
2026-04-08 21:40:41,636 [INFO] CodeEngine:263 - oldGeneratedFile, D:\Projects\Ventures\Mruda\01_Technical\MCU_Software\MCU_3.1.0\Mruda_f411\Core\Src\stm32f4xx_hal_msp.c_save
2026-04-08 21:40:41,858 [INFO] CodeEngine:287 - Generated code: D:\Projects\Ventures\Mruda\01_Technical\MCU_Software\MCU_3.1.0\Mruda_f411\Core\Src\stm32f4xx_hal_msp.c
2026-04-08 21:40:41,885 [INFO] CodeEngine:263 - oldGeneratedFile, D:\Projects\Ventures\Mruda\01_Technical\MCU_Software\MCU_3.1.0\Mruda_f411\MXTmpFiles\system.tmp_save
2026-04-08 21:40:41,961 [INFO] CodeEngine:287 - Generated code: D:\Projects\Ventures\Mruda\01_Technical\MCU_Software\MCU_3.1.0\Mruda_f411\MXTmpFiles\system.tmp
2026-04-08 21:40:42,001 [INFO] CodeEngine:319 - oldGeneratedFile, D:\Projects\Ventures\Mruda\01_Technical\MCU_Software\MCU_3.1.0\Mruda_f411\Core\Inc\stm32f4xx_hal_conf.h_save
2026-04-08 21:40:42,116 [INFO] CodeEngine:343 - Generated code: D:\Projects\Ventures\Mruda\01_Technical\MCU_Software\MCU_3.1.0\Mruda_f411\Core\Inc\stm32f4xx_hal_conf.h
2026-04-08 21:40:42,156 [INFO] ApiDbMcu:508 - Load IP Config File for ADC1
2026-04-08 21:40:42,158 [INFO] ApiDbMcu:508 - Load IP Config File for I2S2
2026-04-08 21:40:42,170 [INFO] ApiDbMcu:508 - Load IP Config File for TIM2
2026-04-08 21:40:42,179 [INFO] ApiDbMcu:508 - Load IP Config File for TIM3
2026-04-08 21:40:42,192 [INFO] ApiDbMcu:508 - Load IP Config File for TIM4
2026-04-08 21:40:42,196 [INFO] ApiDbMcu:508 - Load IP Config File for RCC
2026-04-08 21:40:42,197 [WARN] IPConfigManager:3790 - IP not found : TIM
2026-04-08 21:40:42,203 [WARN] CodeGenerator:4198 - IP not found : null
2026-04-08 21:40:42,236 [INFO] CodeEngine:263 - oldGeneratedFile, D:\Projects\Ventures\Mruda\01_Technical\MCU_Software\MCU_3.1.0\Mruda_f411\Core\Inc\main.h_save
2026-04-08 21:40:42,372 [INFO] CodeEngine:287 - Generated code: D:\Projects\Ventures\Mruda\01_Technical\MCU_Software\MCU_3.1.0\Mruda_f411\Core\Inc\main.h
2026-04-08 21:40:42,402 [INFO] CodeEngine:263 - oldGeneratedFile, D:\Projects\Ventures\Mruda\01_Technical\MCU_Software\MCU_3.1.0\Mruda_f411\Core\Src\main.c_save
2026-04-08 21:40:42,752 [INFO] CodeEngine:287 - Generated code: D:\Projects\Ventures\Mruda\01_Technical\MCU_Software\MCU_3.1.0\Mruda_f411\Core\Src\main.c
2026-04-08 21:40:43,465 [INFO] ProjectBuilder:3324 - Time for Copy HAL[1] : 350mS.
2026-04-08 21:40:43,475 [INFO] ProjectBuilder:4912 - Project Generator version: 4.6.0.1-B1
2026-04-08 21:40:43,589 [INFO] ConfigFileManager:1590 - The Die is : DIE431
2026-04-08 21:40:43,607 [INFO] ApiDbMcu:508 - Load IP Config File for FATFS
2026-04-08 21:40:43,626 [INFO] ApiDbMcu:508 - Load IP Config File for FREERTOS
2026-04-08 21:40:43,642 [INFO] ApiDbMcu:508 - Load IP Config File for LIBJPEG
2026-04-08 21:40:43,663 [INFO] ApiDbMcu:508 - Load IP Config File for MBEDTLS
2026-04-08 21:40:43,686 [INFO] ApiDbMcu:508 - Load IP Config File for USB_DEVICE
2026-04-08 21:40:43,702 [INFO] ApiDbMcu:508 - Load IP Config File for USB_HOST
2026-04-08 21:40:44,672 [INFO] LogOutputStream:77 - [STDOUT_REDIRECT] 
2026-04-08 21:40:48,613 [INFO] ProjectBuilder:5191 - Time for Generating toolchain IDE Files: 5137mS.
2026-04-08 21:40:48,615 [INFO] ProjectBuilder:3181 - Time for Copy CMSIS : 1mS.
2026-04-08 21:40:48,618 [INFO] ProjectBuilder:3181 - Time for Copy CMSIS : 0mS.
