2026-05-11 19:28:52,415 [INFO] Activator:176 - 


2026-05-11 19:28:52,421 [INFO] Activator:177 - !SESSION log4j initialized
2026-05-11 19:29:03,252 [INFO] LogOutputStream:77 - [STDOUT_REDIRECT] 
2026-05-11 19:29:14,386 [INFO] ApplicationProperties:184 - Using Application install path: C:\ST\STM32CubeIDE_1.10.1\STM32CubeIDE\plugins\com.st.stm32cube.common.mx_6.14.1.202504091515
2026-05-11 19:29:14,405 [INFO] DbMcusXml:78 - Set database path to: C:\ST\STM32CubeIDE_1.10.1\STM32CubeIDE\plugins\com.st.stm32cube.common.mx_6.14.1.202504091515\\db\/mcu/
2026-05-11 19:29:14,406 [INFO] ApiDb:274 - Set plugin database path to: C:\ST\STM32CubeIDE_1.10.1\STM32CubeIDE\plugins\com.st.stm32cube.common.mx_6.14.1.202504091515\\db\/plugins/boardmanager/
2026-05-11 19:29:14,419 [WARN] ApiDb:259 - Overriding images path with different value:  => C:\ST\STM32CubeIDE_1.10.1\STM32CubeIDE\plugins\com.st.stm32cube.common.mx_6.14.1.202504091515\\db\/plugins/mcufinder/images/
2026-05-11 19:29:14,438 [INFO] ApiDb:250 - Set database path to: C:\Users\abhil\.stmcufinder\plugins\mcufinder//mcu/
2026-05-11 19:29:14,439 [INFO] DbMcusAds:125 - Set database path to: C:\Users\abhil\.stmcufinder\plugins\mcufinder//mcu/
2026-05-11 19:29:14,449 [INFO] CrossReferenceDbSqlite:203 - Set database path to: C:\Users\abhil\.stmcufinder\plugins\mcufinder//mcu/cs/
2026-05-11 19:29:14,591 [INFO] RulesReader:64 - Compatibility file has been processed (302 Rules)
2026-05-11 19:29:14,708 [INFO] DbMcusXml:78 - Set database path to: C:\ST\STM32CubeIDE_1.10.1\STM32CubeIDE\plugins\com.st.stm32cube.common.mx_6.14.1.202504091515\\db\/mcu/
2026-05-11 19:29:14,708 [INFO] ApiDb:274 - Set plugin database path to: C:\ST\STM32CubeIDE_1.10.1\STM32CubeIDE\plugins\com.st.stm32cube.common.mx_6.14.1.202504091515\\db\/plugins/boardmanager/
2026-05-11 19:29:14,708 [INFO] ApiDb:261 - Set plugin images path to: C:\ST\STM32CubeIDE_1.10.1\STM32CubeIDE\plugins\com.st.stm32cube.common.mx_6.14.1.202504091515\\db\/plugins/mcufinder/images/
2026-05-11 19:29:14,708 [WARN] DbFile:41 - Overriding database path with different value: C:\Users\abhil\.stmcufinder\plugins\mcufinder/ => C:\Users\abhil\.stmcufinder\plugins\mcufinder
2026-05-11 19:29:14,709 [INFO] ApiDb:250 - Set database path to: C:\Users\abhil\.stmcufinder\plugins\mcufinder//mcu/
2026-05-11 19:29:14,709 [WARN] DbFile:41 - Overriding database path with different value: C:\Users\abhil\.stmcufinder\plugins\mcufinder/ => C:\Users\abhil\.stmcufinder\plugins\mcufinder
2026-05-11 19:29:14,709 [INFO] DbMcusAds:125 - Set database path to: C:\Users\abhil\.stmcufinder\plugins\mcufinder//mcu/
2026-05-11 19:29:14,709 [WARN] DbFile:41 - Overriding database path with different value: C:\Users\abhil\.stmcufinder\plugins\mcufinder/ => C:\Users\abhil\.stmcufinder\plugins\mcufinder
2026-05-11 19:29:14,709 [WARN] DbFile:41 - Overriding database path with different value: C:\Users\abhil\.stmcufinder\plugins\mcufinder/ => C:\Users\abhil\.stmcufinder\plugins\mcufinder
2026-05-11 19:29:14,709 [INFO] CrossReferenceDbSqlite:203 - Set database path to: C:\Users\abhil\.stmcufinder\plugins\mcufinder//mcu/cs/
2026-05-11 19:29:14,794 [INFO] MainPanel:272 - HeapMemory: 268435456
2026-05-11 19:29:14,911 [INFO] DbMcusXml:78 - Set database path to: C:\ST\STM32CubeIDE_1.10.1\STM32CubeIDE\plugins\com.st.stm32cube.common.mx_6.14.1.202504091515\\db\/mcu/
2026-05-11 19:29:14,911 [INFO] ApiDb:274 - Set plugin database path to: C:\ST\STM32CubeIDE_1.10.1\STM32CubeIDE\plugins\com.st.stm32cube.common.mx_6.14.1.202504091515\\db\/plugins/boardmanager/
2026-05-11 19:29:14,911 [INFO] ApiDb:261 - Set plugin images path to: C:\ST\STM32CubeIDE_1.10.1\STM32CubeIDE\plugins\com.st.stm32cube.common.mx_6.14.1.202504091515\\db\/plugins/mcufinder/images/
2026-05-11 19:29:14,911 [WARN] DbFile:41 - Overriding database path with different value: C:\Users\abhil\.stmcufinder\plugins\mcufinder/ => C:\Users\abhil\.stmcufinder\plugins\mcufinder
2026-05-11 19:29:14,911 [INFO] ApiDb:250 - Set database path to: C:\Users\abhil\.stmcufinder\plugins\mcufinder//mcu/
2026-05-11 19:29:14,912 [WARN] DbFile:41 - Overriding database path with different value: C:\Users\abhil\.stmcufinder\plugins\mcufinder/ => C:\Users\abhil\.stmcufinder\plugins\mcufinder
2026-05-11 19:29:14,923 [INFO] DbMcusAds:125 - Set database path to: C:\Users\abhil\.stmcufinder\plugins\mcufinder//mcu/
2026-05-11 19:29:14,923 [WARN] DbFile:41 - Overriding database path with different value: C:\Users\abhil\.stmcufinder\plugins\mcufinder/ => C:\Users\abhil\.stmcufinder\plugins\mcufinder
2026-05-11 19:29:14,923 [WARN] DbFile:41 - Overriding database path with different value: C:\Users\abhil\.stmcufinder\plugins\mcufinder/ => C:\Users\abhil\.stmcufinder\plugins\mcufinder
2026-05-11 19:29:14,923 [INFO] CrossReferenceDbSqlite:203 - Set database path to: C:\Users\abhil\.stmcufinder\plugins\mcufinder//mcu/cs/
2026-05-11 19:29:14,945 [INFO] ApplicationProperties:184 - Using Application install path: C:\ST\STM32CubeIDE_1.10.1\STM32CubeIDE\plugins\com.st.stm32cube.common.mx_6.14.1.202504091515
2026-05-11 19:29:14,946 [INFO] PluginManage:196 - Search for loadable plugins [exclusion list=, ]
2026-05-11 19:29:14,949 [INFO] PluginManage:310 - Check plugin analytics
2026-05-11 19:29:24,652 [INFO] AnalyticsPlugin:253 - Accepted Software Licenses: 
2026-05-11 19:29:24,653 [INFO] AnalyticsPlugin:255 - Accepted CMSIS Pack Licenses: 
2026-05-11 19:29:24,653 [INFO] AnalyticsPlugin:257 - Accepted Firmware Licenses: FW.F4.1.27.0,FW.H7.1.10.0,FW.H7.1.12.0,FW.F4.1.28.0
2026-05-11 19:29:24,656 [INFO] PluginManage:359 - Loaded plugin analytics (category:tool,tabindex:-1)
2026-05-11 19:29:24,657 [INFO] PluginManage:310 - Check plugin cadmodel
2026-05-11 19:29:24,677 [INFO] CADModel:105 - Init CAD model plugin
2026-05-11 19:29:24,678 [INFO] PluginManage:359 - Loaded plugin cadmodel (category:power,tabindex:5)
2026-05-11 19:29:24,678 [INFO] PluginManage:310 - Check plugin clock
2026-05-11 19:29:24,702 [INFO] PluginManage:359 - Loaded plugin clock (category:base,tabindex:2)
2026-05-11 19:29:24,702 [INFO] PluginManage:310 - Check plugin ddr
2026-05-11 19:29:24,705 [INFO] PluginManage:359 - Loaded plugin ddr (category:tool,tabindex:6)
2026-05-11 19:29:24,705 [INFO] PluginManage:310 - Check plugin filemanager
2026-05-11 19:29:24,863 [INFO] PluginManage:359 - Loaded plugin filemanager (category:base,tabindex:10)
2026-05-11 19:29:24,863 [INFO] PluginManage:310 - Check plugin ipmanager
2026-05-11 19:29:24,871 [INFO] PluginManage:359 - Loaded plugin ipmanager (category:base,tabindex:5)
2026-05-11 19:29:24,871 [INFO] PluginManage:310 - Check plugin lpbam
2026-05-11 19:29:24,889 [INFO] PluginManage:359 - Loaded plugin lpbam (category:base,tabindex:0)
2026-05-11 19:29:24,889 [INFO] PluginManage:310 - Check plugin memorymap
2026-05-11 19:29:24,913 [INFO] PluginManage:359 - Loaded plugin memorymap (category:base,tabindex:4)
2026-05-11 19:29:24,914 [INFO] PluginManage:310 - Check plugin pinoutandconfiguration
2026-05-11 19:29:24,934 [INFO] PluginManage:359 - Loaded plugin pinoutandconfiguration (category:base,tabindex:1)
2026-05-11 19:29:24,934 [INFO] PluginManage:310 - Check plugin pinoutconfig
2026-05-11 19:29:25,057 [WARN] SupportedApi:132 - Cannot load RTOS API schema: s4s-elt-must-match.1: The content of 'definitions' must match (annotation?, (simpleType | complexType)?, (unique | key | keyref)*)). A problem was found starting at: attribute.
2026-05-11 19:29:25,229 [INFO] PluginManage:359 - Loaded plugin pinoutconfig (category:base,tabindex:0)
2026-05-11 19:29:25,229 [INFO] PluginManage:310 - Check plugin power
2026-05-11 19:29:25,249 [INFO] PluginManage:359 - Loaded plugin power (category:power,tabindex:4)
2026-05-11 19:29:25,249 [INFO] PluginManage:310 - Check plugin projectmanager
2026-05-11 19:29:25,264 [INFO] PluginManage:359 - Loaded plugin projectmanager (category:projectmanager,tabindex:4)
2026-05-11 19:29:25,265 [INFO] PluginManage:310 - Check plugin rif
2026-05-11 19:29:25,281 [INFO] PluginManage:359 - Loaded plugin rif (category:base,tabindex:3)
2026-05-11 19:29:25,281 [INFO] PluginManage:310 - Check plugin thirdparty
2026-05-11 19:29:25,334 [INFO] McuFinderGlobals:63 - Set McuFinder mode to 2 (CubeIDE integrated)
2026-05-11 19:29:25,619 [INFO] PluginManage:359 - Loaded plugin thirdparty (category:base,tabindex:-1)
2026-05-11 19:29:25,619 [WARN] IntegrityCheckThread:84 - waiting for thirdparty lock release [integrity check]
2026-05-11 19:29:25,619 [INFO] PluginManage:310 - Check plugin tools
2026-05-11 19:29:25,619 [INFO] IntegrityCheckThread:86 - entering critical section [integrity check]
2026-05-11 19:29:25,620 [INFO] ThirdPartyUpdaterWithRetryManager:70 - Updater plugin not ready yet. [1/15]
2026-05-11 19:29:25,669 [INFO] PluginManage:359 - Loaded plugin tools (category:base,tabindex:7)
2026-05-11 19:29:25,669 [INFO] PluginManage:310 - Check plugin tutovideos
2026-05-11 19:29:25,889 [INFO] PluginManage:359 - Loaded plugin tutovideos (category:base,tabindex:-1)
2026-05-11 19:29:25,889 [INFO] PluginManage:310 - Check plugin updater
2026-05-11 19:29:25,913 [INFO] PluginManage:359 - Loaded plugin updater (category:base,tabindex:12)
2026-05-11 19:29:25,913 [INFO] PluginManage:310 - Check plugin userauth
2026-05-11 19:29:25,918 [INFO] UserAuth:118 - Init User Auth plugin
2026-05-11 19:29:25,918 [INFO] PluginManage:359 - Loaded plugin userauth (category:base,tabindex:14)
2026-05-11 19:29:25,919 [INFO] PluginManage:283 - PluginManage : Loaded plugins [18]
2026-05-11 19:29:26,173 [INFO] PinOutPanel:1589 - setPackage(No Configuration,No Configuration)
2026-05-11 19:29:26,269 [INFO] CADModel:165 - CPN selected for project level
2026-05-11 19:29:26,269 [INFO] CADModel:114 - Register for checkConnection events
2026-05-11 19:29:26,300 [INFO] IPUIPlugin:80 - create IPUIPlugin
2026-05-11 19:29:26,300 [INFO] PluginManager:220 - loadIPPluginJar : add adc
2026-05-11 19:29:26,351 [INFO] IPUIPlugin:80 - create IPUIPlugin
2026-05-11 19:29:26,351 [INFO] PluginManager:220 - loadIPPluginJar : add aes
2026-05-11 19:29:26,417 [INFO] IPUIPlugin:80 - create IPUIPlugin
2026-05-11 19:29:26,417 [INFO] PluginManager:220 - loadIPPluginJar : add can
2026-05-11 19:29:26,450 [INFO] IPUIPlugin:80 - create IPUIPlugin
2026-05-11 19:29:26,450 [INFO] PluginManager:220 - loadIPPluginJar : add comp
2026-05-11 19:29:26,493 [INFO] IPUIPlugin:80 - create IPUIPlugin
2026-05-11 19:29:26,494 [INFO] PluginManager:220 - loadIPPluginJar : add cryp
2026-05-11 19:29:26,507 [INFO] IPUIPlugin:80 - create IPUIPlugin
2026-05-11 19:29:26,507 [INFO] PluginManager:220 - loadIPPluginJar : add ddr_ctrl_phy
2026-05-11 19:29:26,550 [INFO] IPUIPlugin:80 - create IPUIPlugin
2026-05-11 19:29:26,551 [INFO] PluginManager:220 - loadIPPluginJar : add dfsdm
2026-05-11 19:29:26,569 [INFO] IPUIPlugin:80 - create IPUIPlugin
2026-05-11 19:29:26,569 [INFO] PluginManager:220 - loadIPPluginJar : add dma
2026-05-11 19:29:26,626 [INFO] IPUIPlugin:80 - create IPUIPlugin
2026-05-11 19:29:26,628 [INFO] PluginManager:220 - loadIPPluginJar : add dma3
2026-05-11 19:29:26,699 [INFO] IPUIPlugin:80 - create IPUIPlugin
2026-05-11 19:29:26,699 [INFO] PluginManager:220 - loadIPPluginJar : add extmemmanager
2026-05-11 19:29:26,736 [INFO] IPUIPlugin:80 - create IPUIPlugin
2026-05-11 19:29:26,736 [INFO] PluginManager:220 - loadIPPluginJar : add fatfs
2026-05-11 19:29:26,830 [INFO] IPUIPlugin:80 - create IPUIPlugin
2026-05-11 19:29:26,831 [INFO] PluginManager:220 - loadIPPluginJar : add fmc
2026-05-11 19:29:26,853 [INFO] IPUIPlugin:80 - create IPUIPlugin
2026-05-11 19:29:26,855 [INFO] PluginManager:220 - loadIPPluginJar : add freertos
2026-05-11 19:29:26,887 [INFO] IPUIPlugin:80 - create IPUIPlugin
2026-05-11 19:29:26,887 [INFO] PluginManager:220 - loadIPPluginJar : add genericplugin
2026-05-11 19:29:27,019 [INFO] IPUIPlugin:80 - create IPUIPlugin
2026-05-11 19:29:27,019 [INFO] PluginManager:220 - loadIPPluginJar : add gfxmmu
2026-05-11 19:29:27,214 [INFO] IPUIPlugin:80 - create IPUIPlugin
2026-05-11 19:29:27,215 [INFO] PluginManager:220 - loadIPPluginJar : add gic
2026-05-11 19:29:27,229 [INFO] IPUIPlugin:80 - create IPUIPlugin
2026-05-11 19:29:27,229 [INFO] PluginManager:220 - loadIPPluginJar : add gpio
2026-05-11 19:29:27,347 [INFO] IPUIPlugin:80 - create IPUIPlugin
2026-05-11 19:29:27,347 [INFO] PluginManager:220 - loadIPPluginJar : add gtzc
2026-05-11 19:29:27,392 [INFO] IPUIPlugin:80 - create IPUIPlugin
2026-05-11 19:29:27,392 [INFO] PluginManager:220 - loadIPPluginJar : add hash
2026-05-11 19:29:27,461 [INFO] IPUIPlugin:80 - create IPUIPlugin
2026-05-11 19:29:27,461 [INFO] PluginManager:220 - loadIPPluginJar : add i2c
2026-05-11 19:29:27,511 [INFO] IPUIPlugin:80 - create IPUIPlugin
2026-05-11 19:29:27,512 [INFO] PluginManager:220 - loadIPPluginJar : add i2s
2026-05-11 19:29:27,565 [INFO] IPUIPlugin:80 - create IPUIPlugin
2026-05-11 19:29:27,566 [INFO] PluginManager:220 - loadIPPluginJar : add i3c
2026-05-11 19:29:27,702 [INFO] IPUIPlugin:80 - create IPUIPlugin
2026-05-11 19:29:27,703 [INFO] PluginManager:220 - loadIPPluginJar : add ipddr
2026-05-11 19:29:27,830 [INFO] IPUIPlugin:80 - create IPUIPlugin
2026-05-11 19:29:27,830 [INFO] PluginManager:220 - loadIPPluginJar : add linkedlist
2026-05-11 19:29:27,879 [INFO] IPUIPlugin:80 - create IPUIPlugin
2026-05-11 19:29:27,879 [INFO] PluginManager:220 - loadIPPluginJar : add lorawan
2026-05-11 19:29:27,932 [INFO] IPUIPlugin:80 - create IPUIPlugin
2026-05-11 19:29:27,932 [INFO] PluginManager:220 - loadIPPluginJar : add ltdc
2026-05-11 19:29:27,947 [INFO] IPUIPlugin:80 - create IPUIPlugin
2026-05-11 19:29:27,947 [INFO] PluginManager:220 - loadIPPluginJar : add mdma
2026-05-11 19:29:27,960 [INFO] IPUIPlugin:80 - create IPUIPlugin
2026-05-11 19:29:27,960 [INFO] PluginManager:220 - loadIPPluginJar : add nvic
2026-05-11 19:29:28,006 [INFO] IPUIPlugin:80 - create IPUIPlugin
2026-05-11 19:29:28,007 [INFO] PluginManager:220 - loadIPPluginJar : add opamp
2026-05-11 19:29:28,095 [INFO] IPUIPlugin:80 - create IPUIPlugin
2026-05-11 19:29:28,095 [INFO] PluginManager:220 - loadIPPluginJar : add openamp
2026-05-11 19:29:28,149 [INFO] IPUIPlugin:80 - create IPUIPlugin
2026-05-11 19:29:28,149 [INFO] PluginManager:220 - loadIPPluginJar : add pdm2pcm
2026-05-11 19:29:28,166 [INFO] IPUIPlugin:80 - create IPUIPlugin
2026-05-11 19:29:28,167 [INFO] PluginManager:220 - loadIPPluginJar : add plateformsettings
2026-05-11 19:29:28,199 [INFO] IPUIPlugin:80 - create IPUIPlugin
2026-05-11 19:29:28,199 [INFO] PluginManager:220 - loadIPPluginJar : add quadspi
2026-05-11 19:29:28,239 [INFO] IPUIPlugin:80 - create IPUIPlugin
2026-05-11 19:29:28,240 [INFO] PluginManager:220 - loadIPPluginJar : add radio
2026-05-11 19:29:28,254 [INFO] IPUIPlugin:80 - create IPUIPlugin
2026-05-11 19:29:28,254 [INFO] PluginManager:220 - loadIPPluginJar : add resmgrutility
2026-05-11 19:29:28,317 [INFO] IPUIPlugin:80 - create IPUIPlugin
2026-05-11 19:29:28,317 [INFO] PluginManager:220 - loadIPPluginJar : add sai
2026-05-11 19:29:28,381 [INFO] IPUIPlugin:80 - create IPUIPlugin
2026-05-11 19:29:28,382 [INFO] PluginManager:220 - loadIPPluginJar : add spi
2026-05-11 19:29:28,488 [INFO] IPUIPlugin:80 - create IPUIPlugin
2026-05-11 19:29:28,488 [INFO] PluginManager:220 - loadIPPluginJar : add stm32_wpan
2026-05-11 19:29:28,519 [INFO] IPUIPlugin:80 - create IPUIPlugin
2026-05-11 19:29:28,519 [INFO] PluginManager:220 - loadIPPluginJar : add tim
2026-05-11 19:29:28,599 [INFO] IPUIPlugin:80 - create IPUIPlugin
2026-05-11 19:29:28,599 [INFO] PluginManager:220 - loadIPPluginJar : add touchsensing
2026-05-11 19:29:28,621 [INFO] ThirdPartyUpdaterWithRetryManager:70 - Updater plugin not ready yet. [2/15]
2026-05-11 19:29:28,631 [INFO] IPUIPlugin:80 - create IPUIPlugin
2026-05-11 19:29:28,631 [INFO] PluginManager:220 - loadIPPluginJar : add tracer_emb
2026-05-11 19:29:28,666 [INFO] IPUIPlugin:80 - create IPUIPlugin
2026-05-11 19:29:28,666 [INFO] PluginManager:220 - loadIPPluginJar : add ts
2026-05-11 19:29:28,698 [INFO] IPUIPlugin:80 - create IPUIPlugin
2026-05-11 19:29:28,698 [INFO] PluginManager:220 - loadIPPluginJar : add tsc
2026-05-11 19:29:28,727 [INFO] IPUIPlugin:80 - create IPUIPlugin
2026-05-11 19:29:28,727 [INFO] PluginManager:220 - loadIPPluginJar : add ucpd
2026-05-11 19:29:28,787 [INFO] IPUIPlugin:80 - create IPUIPlugin
2026-05-11 19:29:28,799 [INFO] PluginManager:220 - loadIPPluginJar : add usart
2026-05-11 19:29:28,858 [INFO] IPUIPlugin:80 - create IPUIPlugin
2026-05-11 19:29:28,858 [INFO] PluginManager:220 - loadIPPluginJar : add usbx
2026-05-11 19:29:29,010 [FATAL] Updater:351 - Updater called before beeing initialized
2026-05-11 19:29:29,044 [INFO] RulesReader:64 - Compatibility file has been processed (302 Rules)
2026-05-11 19:29:29,057 [INFO] RulesReader:64 - Compatibility file has been processed (302 Rules)
2026-05-11 19:29:29,069 [INFO] CADModel:165 - CPN selected for project level
2026-05-11 19:29:29,069 [INFO] CADModel:114 - Register for checkConnection events
2026-05-11 19:29:29,069 [FATAL] Updater:351 - Updater called before beeing initialized
2026-05-11 19:29:29,069 [ERROR] CADModel:125 - Updater not yet initialized, retry later 
2026-05-11 19:29:29,256 [FATAL] Updater:351 - Updater called before beeing initialized
2026-05-11 19:29:29,259 [INFO] CADModel:165 - CPN selected for project level
2026-05-11 19:29:29,260 [INFO] CADModel:114 - Register for checkConnection events
2026-05-11 19:29:29,260 [FATAL] Updater:351 - Updater called before beeing initialized
2026-05-11 19:29:29,260 [ERROR] CADModel:125 - Updater not yet initialized, retry later 
2026-05-11 19:29:29,266 [FATAL] Updater:351 - Updater called before beeing initialized
2026-05-11 19:29:29,444 [FATAL] Updater:351 - Updater called before beeing initialized
2026-05-11 19:29:29,457 [INFO] DbMcusAds:53 - JSON generation date=Thu Mar 05 17:32:53 EAT 2026 (1772721173050)
2026-05-11 19:29:29,457 [FATAL] Updater:351 - Updater called before beeing initialized
2026-05-11 19:29:29,497 [WARN] DetailPanel:346 - Failed to get advertising image, set to default
2026-05-11 19:29:29,779 [FATAL] Updater:351 - Updater called before beeing initialized
2026-05-11 19:29:29,782 [FATAL] Updater:351 - Updater called before beeing initialized
2026-05-11 19:29:29,782 [FATAL] Updater:351 - Updater called before beeing initialized
2026-05-11 19:29:29,782 [WARN] DetailPanel:346 - Failed to get advertising image, set to default
2026-05-11 19:29:29,784 [FATAL] Updater:351 - Updater called before beeing initialized
2026-05-11 19:29:29,854 [ERROR] Updater:1198 - MainUpdater not yet initialized. External WinMGr cannot be set.
2026-05-11 19:29:29,867 [INFO] Updater:1134 - Updater Version found : 6.14.1
2026-05-11 19:29:29,887 [INFO] ApplicationProperties:184 - Using Application install path: C:\ST\STM32CubeIDE_1.10.1\STM32CubeIDE\plugins\com.st.stm32cube.common.mx_6.14.1.202504091515
2026-05-11 19:29:30,576 [INFO] MainUpdater:2872 - connection check result : 10
2026-05-11 19:29:30,576 [INFO] MainUpdater:3566 - Updater definition file requires update
2026-05-11 19:29:30,579 [INFO] MainUpdater:289 - Updater Check For Update Now.
2026-05-11 19:29:30,579 [INFO] MicroXplorer:498 - Change Database Version : DB.6.0.141
2026-05-11 19:29:30,599 [INFO] McuFinderGlobals:63 - Set McuFinder mode to 2 (CubeIDE integrated)
2026-05-11 19:29:30,607 [INFO] UserAuth:484 - Internet connection configuration mode: 1
2026-05-11 19:29:30,641 [INFO] JxBrowserEngine:152 - Initiate JxBrowser Engine with user profile folder
2026-05-11 19:29:30,657 [INFO] ServerAccessManage:473 - Download File updaters.zip
2026-05-11 19:29:30,812 [INFO] FileExtend:242 - Unzip File : updaters.zip
2026-05-11 19:29:30,812 [INFO] FileExtend:257 - Standard Zip Deflate
2026-05-11 19:29:31,626 [WARN] MainUpdater:1193 - Updater busy. Cannot search thirdparties
2026-05-11 19:29:31,630 [INFO] ThirdPartyUpdaterWithRetryManager:96 - Updater plugin is busy. [1/15]
2026-05-11 19:29:32,029 [INFO] ServerAccessManage:473 - Download File PacksControlFlags.xml
2026-05-11 19:29:32,147 [INFO] ServerAccessManage:473 - Download File cubemx.pidx
2026-05-11 19:29:32,225 [INFO] WebApp:169 - Instantiating new browser for Auth
2026-05-11 19:29:32,350 [INFO] LoadServerUpdatesThread:375 - End of LoadServerUpdate Thread
2026-05-11 19:29:32,549 [INFO] CheckServerUpdateThread:120 - End of CheckServer Thread
2026-05-11 19:29:32,619 [INFO] MainUpdater:2872 - connection check result : 10
2026-05-11 19:29:32,632 [INFO] MainUpdater:2872 - connection check result : 10
2026-05-11 19:29:32,847 [INFO] MicroXplorer:468 - Change Database Path : 
2026-05-11 19:29:32,848 [INFO] MicroXplorer:498 - Change Database Version : DB.6.0.141
2026-05-11 19:29:32,861 [WARN] ThirdParty:871 - waiting for thirdparty lock release [close project]
2026-05-11 19:29:33,161 [INFO] WebApp:463 - Apply proxy settings
2026-05-11 19:29:33,162 [INFO] WebApp:548 - Chromium requires no authentication
2026-05-11 19:29:33,176 [INFO] WebApp:491 - Direct internet connection detected
2026-05-11 19:29:33,212 [INFO] WebApp:894 - Register for checkConnection events
2026-05-11 19:29:33,213 [INFO] WebApp:463 - Apply proxy settings
2026-05-11 19:29:33,213 [INFO] WebApp:548 - Chromium requires no authentication
2026-05-11 19:29:33,213 [INFO] WebApp:491 - Direct internet connection detected
2026-05-11 19:29:33,445 [INFO] WebApp:225 - Starting web application
2026-05-11 19:29:33,445 [INFO] WebApp:593 - Web application path used C:\ST\STM32CubeIDE_1.10.1\STM32CubeIDE\plugins\com.st.stm32cube.common.mx_6.14.1.202504091515\db\plugins\mcufinder\reactClient1\index.html
2026-05-11 19:29:33,565 [INFO] WebApp:191 - Connection restablished
2026-05-11 19:29:33,620 [INFO] UserAuth:484 - Internet connection configuration mode: 1
2026-05-11 19:29:35,078 [WARN] PackLoader:240 - Cannot read IP mode file for STMicroelectronics.X-CUBE-AZRTOS-H7.3.5.0
2026-05-11 19:29:35,100 [WARN] PackLoader:240 - Cannot read IP mode file for STMicroelectronics.FP-SNS-MOTENVWB1.1.4.0
2026-05-11 19:29:35,117 [WARN] PackLoader:240 - Cannot read IP mode file for STMicroelectronics.FP-ATR-ASTRA1.2.0.2
2026-05-11 19:29:35,131 [WARN] PackLoader:240 - Cannot read IP mode file for STMicroelectronics.FP-ATR-ASTRA1.2.0.1
2026-05-11 19:29:35,149 [WARN] PackLoader:240 - Cannot read IP mode file for STMicroelectronics.X-CUBE-SMBUS.2.1.0
2026-05-11 19:29:35,166 [WARN] PackLoader:240 - Cannot read IP mode file for STMicroelectronics.X-CUBE-WB05N.1.1.0
2026-05-11 19:29:35,182 [WARN] PackLoader:240 - Cannot read IP mode file for STMicroelectronics.X-CUBE-ST60.1.0.0
2026-05-11 19:29:35,197 [WARN] PackLoader:240 - Cannot read IP mode file for STMicroelectronics.X-CUBE-TOUCHGFX.4.23.2
2026-05-11 19:29:35,233 [WARN] PackLoader:240 - Cannot read IP mode file for STMicroelectronics.X-CUBE-AZRTOS-F7.1.1.0
2026-05-11 19:29:35,256 [WARN] PackLoader:240 - Cannot read IP mode file for STMicroelectronics.X-CUBE-BLE1.6.2.3
2026-05-11 19:29:35,313 [WARN] PackLoader:240 - Cannot read IP mode file for STMicroelectronics.X-CUBE-MEMS1.11.0.0
2026-05-11 19:29:35,422 [WARN] PackLoader:240 - Cannot read IP mode file for STMicroelectronics.X-CUBE-BLE1.6.2.4
2026-05-11 19:29:35,435 [ERROR] Engine:466 - C:\Users\abhil\.stm32cubemx\thirdparties\pdsc\STMicroelectronics.FP-SNS-MOTENV1.5.1.0.pdsc: PDSC version is not supported
2026-05-11 19:29:35,451 [WARN] PackLoader:240 - Cannot read IP mode file for STMicroelectronics.FP-SNS-FLIGHT1.5.0.2
2026-05-11 19:29:35,471 [WARN] PackLoader:240 - Cannot read IP mode file for STMicroelectronics.X-CUBE-TOF1.3.1.0
2026-05-11 19:29:35,503 [WARN] PackLoader:240 - Cannot read IP mode file for STMicroelectronics.X-CUBE-AZRTOS-H7.3.4.0
2026-05-11 19:29:35,521 [WARN] PackLoader:240 - Cannot read IP mode file for STMicroelectronics.X-CUBE-DISPLAY.3.0.0
2026-05-11 19:29:35,539 [WARN] PackLoader:240 - Cannot read IP mode file for STMicroelectronics.X-CUBE-GNSS1.7.1.1
2026-05-11 19:29:35,553 [ERROR] Engine:466 - C:\Users\abhil\.stm32cubemx\thirdparties\pdsc\STMicroelectronics.FP-SNS-MOTENVWB1.1.5.0.pdsc: PDSC version is not supported
2026-05-11 19:29:35,566 [WARN] PackLoader:240 - Cannot read IP mode file for STMicroelectronics.X-CUBE-BLE1.7.0.0
2026-05-11 19:29:35,584 [WARN] PackLoader:240 - Cannot read IP mode file for STMicroelectronics.X-CUBE-NFC10.1.0.0
2026-05-11 19:29:35,601 [WARN] PackLoader:240 - Cannot read IP mode file for STMicroelectronics.X-CUBE-BLEMGR.4.0.0
2026-05-11 19:29:35,616 [WARN] PackLoader:240 - Cannot read IP mode file for STMicroelectronics.X-CUBE-ST60.1.1.0
2026-05-11 19:29:35,633 [WARN] PackLoader:240 - Cannot read IP mode file for STMicroelectronics.X-CUBE-GNSS1.7.1.0
2026-05-11 19:29:35,672 [WARN] PackLoader:240 - Cannot read IP mode file for STMicroelectronics.X-CUBE-MEMS1.9.3.0
2026-05-11 19:29:35,768 [WARN] PackLoader:240 - Cannot read IP mode file for STMicroelectronics.X-CUBE-AI.7.2.0
2026-05-11 19:29:35,785 [WARN] PackLoader:240 - Cannot read IP mode file for STMicroelectronics.X-CUBE-BLEMGR.3.1.0
2026-05-11 19:29:35,800 [WARN] PackLoader:240 - Cannot read IP mode file for STMicroelectronics.X-CUBE-AI.10.0.0
2026-05-11 19:29:35,816 [ERROR] Engine:466 - C:\Users\abhil\.stm32cubemx\thirdparties\pdsc\STMicroelectronics.FP-SNS-STBOX1.2.1.0.pdsc: PDSC version is not supported
2026-05-11 19:29:35,835 [WARN] PackLoader:240 - Cannot read IP mode file for STMicroelectronics.FP-SNS-SMARTAG2.1.2.0
2026-05-11 19:29:35,851 [WARN] PackLoader:240 - Cannot read IP mode file for STMicroelectronics.FP-SNS-FLIGHT1.5.1.0
2026-05-11 19:29:35,900 [WARN] PackLoader:240 - Cannot read IP mode file for STMicroelectronics.X-CUBE-MEMS1.11.1.0
2026-05-11 19:29:36,005 [INFO] LogOutputStream:77 - [STDOUT_REDIRECT] 1 : Invalid condition id : UX_CORESTACK_Condition cause : null
2026-05-11 19:29:36,006 [INFO] LogOutputStream:77 - [STDOUT_REDIRECT] 1 : Invalid condition id : UX_CORESTACK_Condition cause : null
2026-05-11 19:29:36,008 [INFO] LogOutputStream:77 - [STDOUT_REDIRECT] 1 : Invalid condition id : UX_CORESTACK_Condition cause : null
2026-05-11 19:29:36,010 [INFO] LogOutputStream:77 - [STDOUT_REDIRECT] 1 : Invalid condition id : UX_CORESTACK_Condition cause : null
2026-05-11 19:29:36,011 [INFO] LogOutputStream:77 - [STDOUT_REDIRECT] 1 : Invalid condition id : UX_CORESTACK_Condition cause : null
2026-05-11 19:29:36,013 [WARN] PackLoader:240 - Cannot read IP mode file for STMicroelectronics.X-CUBE-AZRTOS-WL.2.0.0
2026-05-11 19:29:36,029 [WARN] PackLoader:240 - Cannot read IP mode file for STMicroelectronics.FP-SNS-MOTENV1.5.0.0
2026-05-11 19:29:36,064 [WARN] PackLoader:240 - Cannot read IP mode file for STMicroelectronics.X-CUBE-AZRTOS-H7RS.1.2.0
2026-05-11 19:29:36,082 [WARN] PackLoader:240 - Cannot read IP mode file for wolfSSL.I-CUBE-wolfMQTT.1.19.0
2026-05-11 19:29:36,101 [WARN] PackLoader:240 - Cannot read IP mode file for WES.I-CUBE-Cesium.1.3.0
2026-05-11 19:29:36,114 [WARN] PackLoader:240 - Cannot read IP mode file for STMicroelectronics.X-CUBE-BLE2.3.3.0
2026-05-11 19:29:36,169 [WARN] PackLoader:240 - Cannot read IP mode file for STMicroelectronics.X-CUBE-DISPLAY.2.2.0
2026-05-11 19:29:36,187 [WARN] PackLoader:240 - Cannot read IP mode file for STMicroelectronics.X-CUBE-TOF1.3.2.0
2026-05-11 19:29:36,204 [WARN] PackLoader:240 - Cannot read IP mode file for STMicroelectronics.X-CUBE-ISPU.1.0.0
2026-05-11 19:29:36,222 [WARN] PackLoader:240 - Cannot read IP mode file for STMicroelectronics.X-CUBE-NFC9.1.0.0
2026-05-11 19:29:36,250 [WARN] PackLoader:240 - Cannot read IP mode file for STMicroelectronics.X-CUBE-AZRTOS-H7.2.1.0
2026-05-11 19:29:36,266 [WARN] PackLoader:240 - Cannot read IP mode file for STMicroelectronics.X-CUBE-BLE1.7.1.0
2026-05-11 19:29:36,283 [WARN] PackLoader:240 - Cannot read IP mode file for STMicroelectronics.X-CUBE-TCPP.4.1.0
2026-05-11 19:29:36,296 [ERROR] Engine:466 - C:\Users\abhil\.stm32cubemx\thirdparties\pdsc\STMicroelectronics.X-CUBE-FREERTOS.1.4.0.pdsc: PDSC version is not supported
2026-05-11 19:29:36,312 [WARN] PackLoader:240 - Cannot read IP mode file for STMicroelectronics.X-CUBE-EEPRMA1.5.2.0
2026-05-11 19:29:36,327 [WARN] PackLoader:240 - Cannot read IP mode file for STMicroelectronics.X-CUBE-TOUCHGFX.4.21.3
2026-05-11 19:29:36,341 [WARN] PackLoader:240 - Cannot read IP mode file for STMicroelectronics.X-CUBE-AI.7.3.0
2026-05-11 19:29:36,355 [ERROR] Engine:466 - C:\Users\abhil\.stm32cubemx\thirdparties\pdsc\STMicroelectronics.X-CUBE-ST67W61.1.1.0.pdsc: PDSC version is not supported
2026-05-11 19:29:36,368 [WARN] PackLoader:240 - Cannot read IP mode file for STMicroelectronics.X-CUBE-AI.10.1.0
2026-05-11 19:29:36,381 [ERROR] Engine:466 - C:\Users\abhil\.stm32cubemx\thirdparties\pdsc\STMicroelectronics.FP-SNS-STAIOTCFT.1.1.0.pdsc: PDSC version is not supported
2026-05-11 19:29:36,421 [WARN] PackLoader:240 - Cannot read IP mode file for STMicroelectronics.X-CUBE-MEMS1.12.0.0
2026-05-11 19:29:36,472 [WARN] PackLoader:240 - Cannot read IP mode file for STMicroelectronics.X-CUBE-ALGOBUILD.1.3.0
2026-05-11 19:29:36,517 [WARN] PackLoader:240 - Cannot read IP mode file for STMicroelectronics.X-CUBE-MEMS1.11.2.0
2026-05-11 19:29:36,617 [WARN] PackLoader:240 - Cannot read IP mode file for STMicroelectronics.X-CUBE-AZRTOS-G0.1.1.0
2026-05-11 19:29:36,637 [WARN] PackLoader:240 - Cannot read IP mode file for STMicroelectronics.X-CUBE-SAFEA1.1.2.2
2026-05-11 19:29:36,653 [WARN] PackLoader:240 - Cannot read IP mode file for STMicroelectronics.X-CUBE-NFC4.3.0.0
2026-05-11 19:29:36,683 [WARN] PackLoader:240 - Cannot read IP mode file for SEGGER.I-CUBE-embOS.1.2.1
2026-05-11 19:29:36,709 [WARN] PackLoader:240 - Cannot read IP mode file for wolfSSL.I-CUBE-wolfMQTT.1.18.0
2026-05-11 19:29:36,731 [WARN] PackLoader:240 - Cannot read IP mode file for EmbeddedOffice.I-CUBE-FS-RTOS.1.0.1
2026-05-11 19:29:36,747 [WARN] PackLoader:240 - Cannot read IP mode file for STMicroelectronics.X-CUBE-WB05N.2.0.0
2026-05-11 19:29:36,770 [WARN] PackLoader:240 - Cannot read IP mode file for STMicroelectronics.X-CUBE-TCPP.4.2.0
2026-05-11 19:29:36,787 [WARN] PackLoader:240 - Cannot read IP mode file for RealThread.X-CUBE-RT-Thread_Nano.4.1.1
2026-05-11 19:29:36,806 [WARN] PackLoader:240 - Cannot read IP mode file for STMicroelectronics.FP-ATR-SIGFOX1.3.2.0
2026-05-11 19:29:36,820 [WARN] ConditionMgr:438 - getConditionDescription Invalid condition id : Cortex-A Device cause : null
2026-05-11 19:29:36,837 [WARN] ConditionMgr:1044 - genDependencies : Invalid condition id : Cortex-A Device cause : null
2026-05-11 19:29:36,838 [WARN] ConditionMgr:1044 - genDependencies : Invalid condition id : Cortex-A Device cause : null
2026-05-11 19:29:36,838 [WARN] ConditionMgr:1044 - genDependencies : Invalid condition id : Cortex-A Device cause : null
2026-05-11 19:29:36,852 [WARN] PackLoader:240 - Cannot read IP mode file for STMicroelectronics.X-CUBE-EEPRMA1.5.1.0
2026-05-11 19:29:36,865 [ERROR] Engine:466 - C:\Users\abhil\.stm32cubemx\thirdparties\pdsc\STMicroelectronics.X-CUBE-FREERTOS.1.5.0.pdsc: PDSC version is not supported
2026-05-11 19:29:36,881 [WARN] PackLoader:240 - Cannot read IP mode file for emotas.I-CUBE-CANOPEN.1.1.2
2026-05-11 19:29:36,894 [WARN] PackLoader:240 - Cannot read IP mode file for STMicroelectronics.X-CUBE-TOUCHGFX.4.20.0
2026-05-11 19:29:36,909 [WARN] PackLoader:240 - Cannot read IP mode file for ITTIA_DB.I-CUBE-ITTIADB.8.9.0
2026-05-11 19:29:36,923 [WARN] PackLoader:240 - Cannot read IP mode file for STMicroelectronics.X-CUBE-NFC6.3.2.0
2026-05-11 19:29:36,957 [WARN] PackLoader:240 - Cannot read IP mode file for STMicroelectronics.X-CUBE-MEMS1.9.5.0
2026-05-11 19:29:37,027 [WARN] PackLoader:240 - Cannot read IP mode file for STMicroelectronics.X-CUBE-ST67W61.1.0.0
2026-05-11 19:29:37,041 [WARN] PackLoader:240 - Cannot read IP mode file for STMicroelectronics.X-CUBE-AI.10.2.0
2026-05-11 19:29:37,088 [WARN] PackLoader:240 - Cannot read IP mode file for STMicroelectronics.X-CUBE-MEMS1.12.1.0
2026-05-11 19:29:37,162 [WARN] PackLoader:240 - Cannot read IP mode file for SEGGER.I-CUBE-embOS.1.3.1
2026-05-11 19:29:37,191 [WARN] PackLoader:240 - Cannot read IP mode file for STMicroelectronics.X-CUBE-ALGOBUILD.1.4.0
2026-05-11 19:29:37,234 [WARN] PackLoader:240 - Cannot read IP mode file for STMicroelectronics.X-CUBE-MEMS1.11.3.0
2026-05-11 19:29:37,348 [WARN] PackLoader:240 - Cannot read IP mode file for STMicroelectronics.X-CUBE-AI.9.1.0
2026-05-11 19:29:37,367 [WARN] PackLoader:240 - Cannot read IP mode file for STMicroelectronics.X-CUBE-PM33A1.1.0.0
2026-05-11 19:29:37,384 [WARN] PackLoader:240 - Cannot read IP mode file for STMicroelectronics.X-CUBE-GNSS1.6.0.0
2026-05-11 19:29:37,422 [WARN] PackLoader:240 - Cannot read IP mode file for STMicroelectronics.X-CUBE-AZRTOS-F4.1.1.0
2026-05-11 19:29:37,439 [WARN] PackLoader:240 - Cannot read IP mode file for Avnet-IotConnect.X-CUBE-IoTC-DA16k-PMOD.1.0.0
2026-05-11 19:29:37,453 [WARN] PackLoader:240 - Cannot read IP mode file for STMicroelectronics.X-CUBE-ISPU.2.1.0
2026-05-11 19:29:37,471 [ERROR] Engine:466 - C:\Users\abhil\.stm32cubemx\thirdparties\pdsc\STMicroelectronics.X-CUBE-IPS.3.2.0.pdsc: PDSC version is not supported
2026-05-11 19:29:37,487 [WARN] PackLoader:240 - Cannot read IP mode file for STMicroelectronics.eDS-WB_DPC_TT-BIDIR.2.1.1
2026-05-11 19:29:37,502 [WARN] PackLoader:240 - Cannot read IP mode file for STMicroelectronics.X-CUBE-FREERTOS.1.2.0
2026-05-11 19:29:37,521 [WARN] PackLoader:240 - Cannot read IP mode file for STMicroelectronics.X-CUBE-NFC12.1.0.0
2026-05-11 19:29:37,537 [WARN] PackLoader:240 - Cannot read IP mode file for STMicroelectronics.X-CUBE-BLEMGR.1.2.0
2026-05-11 19:29:37,562 [WARN] PackLoader:240 - Cannot read IP mode file for STMicroelectronics.X-CUBE-AZRTOS-L5.2.0.0
2026-05-11 19:29:37,577 [WARN] PackLoader:240 - Cannot read IP mode file for STMicroelectronics.X-CUBE-NFC6.3.1.0
2026-05-11 19:29:37,593 [WARN] PackLoader:240 - Cannot read IP mode file for STMicroelectronics.X-CUBE-BLEMGR.2.0.0
2026-05-11 19:29:37,610 [WARN] PackLoader:240 - Cannot read IP mode file for STMicroelectronics.X-CUBE-DPower.1.2.0
2026-05-11 19:29:37,624 [WARN] PackLoader:240 - Cannot read IP mode file for STMicroelectronics.eDS-WB_DPC_VIENNA.1.2.0
2026-05-11 19:29:37,637 [WARN] PackLoader:240 - Cannot read IP mode file for STMicroelectronics.eDS-WB_DPC_3PH2L-BIDIR.1.1.1
2026-05-11 19:29:37,651 [WARN] PackLoader:240 - Cannot read IP mode file for STMicroelectronics.X-CUBE-NFC4.2.0.4
2026-05-11 19:29:37,664 [WARN] PackLoader:240 - Cannot read IP mode file for STMicroelectronics.X-CUBE-AI.9.0.0
2026-05-11 19:29:37,688 [WARN] ConditionMgr:438 - getConditionDescription Invalid condition id : UX DEVICE CLASS RTOS Condition cause : null
2026-05-11 19:29:37,688 [WARN] ConditionMgr:438 - getConditionDescription Invalid condition id : UX DEVICE CLASS RTOS Condition cause : null
2026-05-11 19:29:37,689 [WARN] PackLoader:240 - Cannot read IP mode file for STMicroelectronics.X-CUBE-AZRTOS-H7.3.1.0
2026-05-11 19:29:37,690 [WARN] ConditionMgr:1044 - genDependencies : Invalid condition id : UX DEVICE CLASS RTOS Condition cause : null
2026-05-11 19:29:37,690 [WARN] ConditionMgr:1044 - genDependencies : Invalid condition id : UX DEVICE CLASS RTOS Condition cause : null
2026-05-11 19:29:37,690 [WARN] ConditionMgr:1044 - genDependencies : Invalid condition id : UX DEVICE CLASS RTOS Condition cause : null
2026-05-11 19:29:37,690 [WARN] ConditionMgr:1044 - genDependencies : Invalid condition id : UX DEVICE CLASS RTOS Condition cause : null
2026-05-11 19:29:37,690 [WARN] ConditionMgr:1044 - genDependencies : Invalid condition id : UX DEVICE CLASS RTOS Condition cause : null
2026-05-11 19:29:37,704 [ERROR] Engine:466 - C:\Users\abhil\.stm32cubemx\thirdparties\pdsc\STMicroelectronics.X-CUBE-ST67W61.1.3.0.pdsc: PDSC version is not supported
2026-05-11 19:29:37,717 [WARN] PackLoader:240 - Cannot read IP mode file for wolfSSL.I-CUBE-wolfSSL.5.5.1
2026-05-11 19:29:37,729 [WARN] PackLoader:240 - Cannot read IP mode file for STMicroelectronics.X-CUBE-FREERTOS.1.3.1
2026-05-11 19:29:37,741 [WARN] PackLoader:240 - Cannot read IP mode file for STMicroelectronics.X-CUBE-FREERTOS.1.3.0
2026-05-11 19:29:37,753 [WARN] PackLoader:240 - Cannot read IP mode file for STMicroelectronics.X-CUBE-NFC7.1.0.1
2026-05-11 19:29:37,769 [WARN] PackLoader:240 - Cannot read IP mode file for STMicroelectronics.X-CUBE-NFC7.1.0.0
2026-05-11 19:29:37,783 [WARN] PackLoader:240 - Cannot read IP mode file for STMicroelectronics.X-CUBE-TOUCHGFX.4.26.0
2026-05-11 19:29:37,796 [WARN] PackLoader:240 - Cannot read IP mode file for STMicroelectronics.X-CUBE-TOUCHGFX.4.26.1
2026-05-11 19:29:37,807 [WARN] PackLoader:240 - Cannot read IP mode file for STMicroelectronics.X-CUBE-EEPRMA1.4.1.0
2026-05-11 19:29:37,823 [WARN] PackLoader:240 - Cannot read IP mode file for STMicroelectronics.FP-SNS-STAIOTCFT.1.0.0
2026-05-11 19:29:37,837 [WARN] PackLoader:240 - Cannot read IP mode file for STMicroelectronics.X-CUBE-DPower.1.3.0
2026-05-11 19:29:37,862 [WARN] ConditionMgr:438 - getConditionDescription Invalid condition id : LAN8742 Phy interface Condition cause : null
2026-05-11 19:29:37,862 [WARN] PackLoader:240 - Cannot read IP mode file for STMicroelectronics.X-CUBE-AZRTOS-L4.2.0.0
2026-05-11 19:29:37,863 [WARN] ConditionMgr:1044 - genDependencies : Invalid condition id : LAN8742 Phy interface Condition cause : null
2026-05-11 19:29:37,863 [WARN] ConditionMgr:1044 - genDependencies : Invalid condition id : LAN8742 Phy interface Condition cause : null
2026-05-11 19:29:37,863 [WARN] ConditionMgr:1044 - genDependencies : Invalid condition id : LAN8742 Phy interface Condition cause : null
2026-05-11 19:29:37,879 [WARN] PackLoader:240 - Cannot read IP mode file for STMicroelectronics.X-CUBE-SFXS2LP1.4.0.0
2026-05-11 19:29:37,891 [WARN] PackLoader:240 - Cannot read IP mode file for STMicroelectronics.X-CUBE-WB05N.2.1.0
2026-05-11 19:29:37,906 [ERROR] Engine:466 - C:\Users\abhil\.stm32cubemx\thirdparties\pdsc\STMicroelectronics.X-CUBE-ST67W61.1.2.0.pdsc: PDSC version is not supported
2026-05-11 19:29:37,917 [WARN] PackLoader:240 - Cannot read IP mode file for STMicroelectronics.X-CUBE-ISPU.1.1.0
2026-05-11 19:29:37,950 [WARN] PackLoader:240 - Cannot read IP mode file for STMicroelectronics.X-CUBE-AZRTOS-H7.3.3.0
2026-05-11 19:29:37,967 [WARN] PackLoader:240 - Cannot read IP mode file for RoweBots.I-CUBE-UNISONRTOS.5.5.0-4
2026-05-11 19:29:37,984 [WARN] PackLoader:240 - Cannot read IP mode file for STMicroelectronics.X-CUBE-BLEMGR.4.1.0
2026-05-11 19:29:37,997 [WARN] PackLoader:240 - Cannot read IP mode file for STMicroelectronics.X-CUBE-AI.8.0.0
2026-05-11 19:29:38,014 [WARN] PackLoader:240 - Cannot read IP mode file for STMicroelectronics.X-CUBE-IPS.3.0.0
2026-05-11 19:29:38,034 [WARN] ConditionMgr:438 - getConditionDescription Invalid condition id : UX DEVICE CLASS RTOS Condition cause : null
2026-05-11 19:29:38,036 [WARN] ConditionMgr:438 - getConditionDescription Invalid condition id : UX DEVICE CLASS RTOS Condition cause : null
2026-05-11 19:29:38,036 [WARN] PackLoader:240 - Cannot read IP mode file for STMicroelectronics.X-CUBE-AZRTOS-WB.2.0.0
2026-05-11 19:29:38,037 [WARN] ConditionMgr:1044 - genDependencies : Invalid condition id : UX DEVICE CLASS RTOS Condition cause : null
2026-05-11 19:29:38,037 [WARN] ConditionMgr:1044 - genDependencies : Invalid condition id : UX DEVICE CLASS RTOS Condition cause : null
2026-05-11 19:29:38,037 [WARN] ConditionMgr:1044 - genDependencies : Invalid condition id : UX DEVICE CLASS RTOS Condition cause : null
2026-05-11 19:29:38,037 [WARN] ConditionMgr:1044 - genDependencies : Invalid condition id : UX DEVICE CLASS RTOS Condition cause : null
2026-05-11 19:29:38,037 [WARN] ConditionMgr:1044 - genDependencies : Invalid condition id : UX DEVICE CLASS RTOS Condition cause : null
2026-05-11 19:29:38,050 [WARN] PackLoader:240 - Cannot read IP mode file for STMicroelectronics.X-CUBE-FREERTOS.1.0.1
2026-05-11 19:29:38,062 [WARN] PackLoader:240 - Cannot read IP mode file for STMicroelectronics.X-CUBE-GNSS1.7.0.0
2026-05-11 19:29:38,075 [WARN] PackLoader:240 - Cannot read IP mode file for STMicroelectronics.X-CUBE-GNSS1.7.0.1
2026-05-11 19:29:38,089 [WARN] PackLoader:240 - Cannot read IP mode file for STMicroelectronics.X-CUBE-TOUCHGFX.4.25.0
2026-05-11 19:29:38,103 [WARN] PackLoader:240 - Cannot read IP mode file for STMicroelectronics.FP-SNS-STBOX1.2.0.0
2026-05-11 19:29:38,131 [WARN] PackLoader:240 - Cannot read IP mode file for STMicroelectronics.X-CUBE-STSE01.2.0.0
2026-05-11 19:29:38,151 [WARN] PackLoader:240 - Cannot read IP mode file for STMicroelectronics.X-CUBE-AZRTOS-L5.1.1.0
2026-05-11 19:29:38,168 [WARN] PackLoader:240 - Cannot read IP mode file for STMicroelectronics.X-CUBE-SUBG2.5.0.0
2026-05-11 19:29:38,198 [WARN] PackLoader:240 - Cannot read IP mode file for STMicroelectronics.X-CUBE-AZRTOS-H7RS.1.1.0
2026-05-11 19:29:38,214 [WARN] PackLoader:240 - Cannot read IP mode file for Cesanta.I-CUBE-Mongoose.7.13.0
2026-05-11 19:29:38,236 [WARN] PackLoader:240 - Cannot read IP mode file for STMicroelectronics.X-CUBE-AZRTOS-G4.2.0.0
2026-05-11 19:29:38,253 [WARN] PackLoader:240 - Cannot read IP mode file for STMicroelectronics.X-CUBE-TOF1.3.3.0
2026-05-11 19:29:38,270 [WARN] PackLoader:240 - Cannot read IP mode file for STMicroelectronics.FP-ATR-ASTRA1.1.1.1
2026-05-11 19:29:38,282 [WARN] PackLoader:240 - Cannot read IP mode file for STMicroelectronics.X-CUBE-NFC7.2.0.0
2026-05-11 19:29:38,302 [WARN] PackLoader:240 - Cannot read IP mode file for STMicroelectronics.X-CUBE-AZRTOS-G4.1.0.0
2026-05-11 19:29:38,326 [WARN] PackLoader:240 - Cannot read IP mode file for STMicroelectronics.X-CUBE-AZRTOS-L4.1.0.0
2026-05-11 19:29:38,340 [WARN] PackLoader:240 - Cannot read IP mode file for STMicroelectronics.X-CUBE-ISPU.2.0.0
2026-05-11 19:29:38,357 [WARN] PackLoader:240 - Cannot read IP mode file for STMicroelectronics.X-CUBE-IPS.3.1.0
2026-05-11 19:29:38,374 [WARN] PackLoader:240 - Cannot read IP mode file for STMicroelectronics.X-CUBE-ALS.1.0.2
2026-05-11 19:29:38,407 [WARN] PackLoader:240 - Cannot read IP mode file for STMicroelectronics.X-CUBE-MEMS1.10.0.0
2026-05-11 19:29:38,470 [WARN] PackLoader:240 - Cannot read IP mode file for STMicroelectronics.X-CUBE-TOUCHGFX.4.24.2
2026-05-11 19:29:38,487 [WARN] PackLoader:240 - Cannot read IP mode file for STMicroelectronics.X-CUBE-AZRTOS-WL.1.0.0
2026-05-11 19:29:38,502 [WARN] PackLoader:240 - Cannot read IP mode file for STMicroelectronics.X-CUBE-TOUCHGFX.4.24.1
2026-05-11 19:29:38,525 [WARN] PackLoader:240 - Cannot read IP mode file for STMicroelectronics.X-CUBE-STSE01.1.0.0
2026-05-11 19:29:38,539 [WARN] PackLoader:240 - Cannot read IP mode file for wolfSSL.I-CUBE-wolfTPM.3.4.0
2026-05-11 19:29:38,553 [WARN] PackLoader:240 - Cannot read IP mode file for portGmbH.I-Cube-SoM-uGOAL.1.1.0
2026-05-11 19:29:38,566 [WARN] PackLoader:240 - Cannot read IP mode file for STMicroelectronics.X-CUBE-ALS.1.0.1
2026-05-11 19:29:38,586 [WARN] PackLoader:240 - Cannot read IP mode file for STMicroelectronics.X-CUBE-AZRTOS-WB.1.1.0
2026-05-11 19:29:38,607 [WARN] PackLoader:240 - Cannot read IP mode file for STMicroelectronics.X-CUBE-AZRTOS-L5.1.0.0
2026-05-11 19:29:38,621 [WARN] PackLoader:240 - Cannot read IP mode file for STMicroelectronics.X-CUBE-EEPRMA1.3.1.1
2026-05-11 19:29:38,645 [WARN] PackLoader:240 - Cannot read IP mode file for STMicroelectronics.X-CUBE-AZRTOS-H7RS.1.0.0
2026-05-11 19:29:38,658 [WARN] PackLoader:240 - Cannot read IP mode file for STMicroelectronics.FP-ATR-ASTRA1.2.0.0
2026-05-11 19:29:38,674 [WARN] PackLoader:240 - Cannot read IP mode file for STMicroelectronics.X-CUBE-TOF1.3.4.2
2026-05-11 19:29:38,696 [WARN] PackLoader:240 - Cannot read IP mode file for STMicroelectronics.X-CUBE-TOF1.3.4.3
2026-05-11 19:29:38,718 [WARN] PackLoader:240 - Cannot read IP mode file for STMicroelectronics.X-CUBE-TOF1.3.4.1
2026-05-11 19:29:38,750 [WARN] PackLoader:240 - Cannot read IP mode file for STMicroelectronics.X-CUBE-AZRTOS-H7.3.2.0
2026-05-11 19:29:38,773 [WARN] PackLoader:240 - Cannot read IP mode file for Infineon.AIROC-Wi-Fi-Bluetooth-STM32.1.6.0
2026-05-11 19:29:38,787 [WARN] PackLoader:240 - Cannot read IP mode file for wolfSSL.I-CUBE-wolfSSH.1.4.17
2026-05-11 19:29:38,789 [INFO] ThirdParty:978 - Integrity check success = true
2026-05-11 19:29:38,789 [INFO] IntegrityCheckThread:100 - exiting critical section [integrity check]
2026-05-11 19:29:38,789 [INFO] IntegrityCheckThread:103 - End integrity checks thread
2026-05-11 19:29:38,789 [INFO] ThirdParty:873 - entering critical section [close project]
2026-05-11 19:29:38,789 [INFO] ThirdParty:883 - exiting critical section [close project]
2026-05-11 19:29:38,792 [INFO] PinOutPanel:1589 - setPackage(No Configuration,No Configuration)
2026-05-11 19:29:38,797 [INFO] UtilMem:75 - Begin LoadConfig() Used Memory: 250371072 Bytes (566231040)
2026-05-11 19:29:38,798 [INFO] MicroXplorer:468 - Change Database Path : 
2026-05-11 19:29:38,798 [INFO] MicroXplorer:498 - Change Database Version : DB.6.0.141
2026-05-11 19:29:38,798 [INFO] OpenFileManager:354 - Change cursor
2026-05-11 19:29:38,826 [INFO] Mcu:2011 - Initializing MCU STM32F411C(C-E)Ux STM32F411CEUx STM32F411CEU6
2026-05-11 19:29:40,214 [INFO] Context:756 - Trying to add GPIOservice into a context  which must be forbidden
2026-05-11 19:29:40,570 [INFO] ImportTextPane:218 - (OptionalMessage_ERROR) Pin23 (VP_RIF_VS_RIF1) cannot be retrieved for this MCU
2026-05-11 19:29:40,731 [INFO] RtosManager:558 - Registered RTOS mode: class=CMSIS, group=RTOS, mode=CMSIS_V1, owner=FREERTOS
2026-05-11 19:29:40,731 [INFO] RtosManager:558 - Registered RTOS mode: class=CMSIS, group=RTOS2, mode=CMSIS_V2, owner=FREERTOS
2026-05-11 19:29:40,731 [INFO] RtosManager:558 - Registered RTOS mode: class=RTOS, group=Core, mode=CMSIS_V1, owner=FREERTOS
2026-05-11 19:29:40,731 [INFO] RtosManager:558 - Registered RTOS mode: class=RTOS, group=Core, mode=CMSIS_V2, owner=FREERTOS
2026-05-11 19:29:40,731 [WARN] ModelIntegratedComponent:184 - Missing modes for component STMicroelectronics:FreeRTOS:0.0.1:STMicroelectronics:RTOS:FreeRTOS:Core:::10.2.0:
2026-05-11 19:29:40,741 [WARN] ModelIntegratedComponent:63 - No mode defined for component null
2026-05-11 19:29:40,741 [WARN] ModelIntegratedComponent:63 - No mode defined for component null
2026-05-11 19:29:40,741 [WARN] ModelIntegratedComponent:63 - No mode defined for component null
2026-05-11 19:29:40,741 [WARN] ModelIntegratedComponent:63 - No mode defined for component null
2026-05-11 19:29:40,741 [WARN] ModelIntegratedComponent:63 - No mode defined for component null
2026-05-11 19:29:40,741 [WARN] ModelIntegratedComponent:63 - No mode defined for component null
2026-05-11 19:29:40,741 [WARN] ModelIntegratedComponent:63 - No mode defined for component null
2026-05-11 19:29:40,742 [WARN] ModelIntegratedComponent:63 - No mode defined for component null
2026-05-11 19:29:40,742 [WARN] ModelIntegratedComponent:63 - No mode defined for component null
2026-05-11 19:29:40,742 [WARN] ModelIntegratedComponent:63 - No mode defined for component null
2026-05-11 19:29:40,742 [WARN] ModelIntegratedComponent:63 - No mode defined for component null
2026-05-11 19:29:40,742 [WARN] ModelIntegratedComponent:63 - No mode defined for component null
2026-05-11 19:29:40,742 [WARN] ModelIntegratedComponent:63 - No mode defined for component null
2026-05-11 19:29:40,742 [WARN] ModelIntegratedComponent:63 - No mode defined for component null
2026-05-11 19:29:40,742 [WARN] ModelIntegratedComponent:63 - No mode defined for component null
2026-05-11 19:29:40,742 [WARN] ModelIntegratedComponent:63 - No mode defined for component null
2026-05-11 19:29:40,742 [WARN] ModelIntegratedComponent:63 - No mode defined for component null
2026-05-11 19:29:40,742 [WARN] ModelIntegratedComponent:63 - No mode defined for component null
2026-05-11 19:29:40,742 [WARN] ModelIntegratedComponent:63 - No mode defined for component null
2026-05-11 19:29:40,742 [WARN] ModelIntegratedComponent:63 - No mode defined for component null
2026-05-11 19:29:40,742 [WARN] ModelIntegratedComponent:63 - No mode defined for component null
2026-05-11 19:29:40,742 [WARN] ModelIntegratedComponent:63 - No mode defined for component null
2026-05-11 19:29:40,742 [WARN] ModelIntegratedComponent:63 - No mode defined for component null
2026-05-11 19:29:40,742 [WARN] ModelIntegratedComponent:63 - No mode defined for component null
2026-05-11 19:29:40,742 [WARN] ModelIntegratedComponent:63 - No mode defined for component null
2026-05-11 19:29:40,742 [WARN] ModelIntegratedComponent:63 - No mode defined for component null
2026-05-11 19:29:40,742 [WARN] ModelIntegratedComponent:63 - No mode defined for component null
2026-05-11 19:29:40,742 [WARN] ModelIntegratedComponent:63 - No mode defined for component null
2026-05-11 19:29:40,742 [WARN] ModelIntegratedComponent:63 - No mode defined for component null
2026-05-11 19:29:40,742 [WARN] ModelIntegratedComponent:63 - No mode defined for component null
2026-05-11 19:29:40,742 [WARN] ModelIntegratedComponent:63 - No mode defined for component null
2026-05-11 19:29:40,742 [WARN] ModelIntegratedComponent:63 - No mode defined for component null
2026-05-11 19:29:40,742 [WARN] ModelIntegratedComponent:63 - No mode defined for component null
2026-05-11 19:29:40,742 [WARN] ModelIntegratedComponent:63 - No mode defined for component null
2026-05-11 19:29:40,742 [WARN] ModelIntegratedComponent:63 - No mode defined for component null
2026-05-11 19:29:40,742 [WARN] ModelPack:524 - Component already loaded: STMicroelectronics:HAL Drivers:0.0.0:STMicroelectronics:Device:STMicro_Driver:XSPI:HAL::0.0.1:HAL_XSPI
2026-05-11 19:29:40,848 [WARN] ModelIntegratedComponent:182 - Modes not found for component STMicroelectronics:USB_DEVICE:1.0.0:STMicroelectronics:USB::USB Device:Audio HS::1.0:USB_DEVICE_1_0_RESTRICTED_HS
2026-05-11 19:29:40,848 [WARN] ModelIntegratedComponent:188 - Modes not found for component STMicroelectronics:USB_DEVICE:1.0.0:STMicroelectronics:USB::USB Device:Audio HS::1.0:USB_DEVICE_1_0_RESTRICTED_HS
2026-05-11 19:29:40,848 [WARN] ModelIntegratedComponent:182 - Modes not found for component STMicroelectronics:USB_DEVICE:1.0.0:STMicroelectronics:USB::USB Device:CDC HS::1.0:USB_DEVICE_1_0_RESTRICTED_HS
2026-05-11 19:29:40,848 [WARN] ModelIntegratedComponent:188 - Modes not found for component STMicroelectronics:USB_DEVICE:1.0.0:STMicroelectronics:USB::USB Device:CDC HS::1.0:USB_DEVICE_1_0_RESTRICTED_HS
2026-05-11 19:29:40,848 [WARN] ModelIntegratedComponent:182 - Modes not found for component STMicroelectronics:USB_DEVICE:1.0.0:STMicroelectronics:USB::USB Device:DFU HS::1.0:USB_DEVICE_1_0_RESTRICTED_HS
2026-05-11 19:29:40,848 [WARN] ModelIntegratedComponent:188 - Modes not found for component STMicroelectronics:USB_DEVICE:1.0.0:STMicroelectronics:USB::USB Device:DFU HS::1.0:USB_DEVICE_1_0_RESTRICTED_HS
2026-05-11 19:29:40,848 [WARN] ModelIntegratedComponent:182 - Modes not found for component STMicroelectronics:USB_DEVICE:1.0.0:STMicroelectronics:USB::USB Device:HID HS::1.0:USB_DEVICE_1_0_RESTRICTED_HS
2026-05-11 19:29:40,848 [WARN] ModelIntegratedComponent:188 - Modes not found for component STMicroelectronics:USB_DEVICE:1.0.0:STMicroelectronics:USB::USB Device:HID HS::1.0:USB_DEVICE_1_0_RESTRICTED_HS
2026-05-11 19:29:40,848 [WARN] ModelIntegratedComponent:182 - Modes not found for component STMicroelectronics:USB_DEVICE:1.0.0:STMicroelectronics:USB::USB Device:Custom HID HS::1.0:USB_DEVICE_1_0_RESTRICTED_HS
2026-05-11 19:29:40,848 [WARN] ModelIntegratedComponent:188 - Modes not found for component STMicroelectronics:USB_DEVICE:1.0.0:STMicroelectronics:USB::USB Device:Custom HID HS::1.0:USB_DEVICE_1_0_RESTRICTED_HS
2026-05-11 19:29:40,848 [WARN] ModelIntegratedComponent:182 - Modes not found for component STMicroelectronics:USB_DEVICE:1.0.0:STMicroelectronics:USB::USB Device:MSC HS::1.0:USB_DEVICE_1_0_RESTRICTED_HS
2026-05-11 19:29:40,848 [WARN] ModelIntegratedComponent:188 - Modes not found for component STMicroelectronics:USB_DEVICE:1.0.0:STMicroelectronics:USB::USB Device:MSC HS::1.0:USB_DEVICE_1_0_RESTRICTED_HS
2026-05-11 19:29:40,959 [WARN] ModelIntegratedComponent:182 - Modes not found for component STMicroelectronics:USB_HOST:1.0.0:STMicroelectronics:USB::USB Host:Audio HS::1.0:USB_HOST_1_0_RESTRICTED_HS
2026-05-11 19:29:40,960 [WARN] ModelIntegratedComponent:188 - Modes not found for component STMicroelectronics:USB_HOST:1.0.0:STMicroelectronics:USB::USB Host:Audio HS::1.0:USB_HOST_1_0_RESTRICTED_HS
2026-05-11 19:29:40,960 [WARN] ModelIntegratedComponent:182 - Modes not found for component STMicroelectronics:USB_HOST:1.0.0:STMicroelectronics:USB::USB Host:CDC HS::1.0:USB_HOST_1_0_RESTRICTED_HS
2026-05-11 19:29:40,961 [WARN] ModelIntegratedComponent:188 - Modes not found for component STMicroelectronics:USB_HOST:1.0.0:STMicroelectronics:USB::USB Host:CDC HS::1.0:USB_HOST_1_0_RESTRICTED_HS
2026-05-11 19:29:40,961 [WARN] ModelIntegratedComponent:182 - Modes not found for component STMicroelectronics:USB_HOST:1.0.0:STMicroelectronics:USB::USB Host:MSC HS::1.0:USB_HOST_1_0_RESTRICTED_HS
2026-05-11 19:29:40,961 [WARN] ModelIntegratedComponent:188 - Modes not found for component STMicroelectronics:USB_HOST:1.0.0:STMicroelectronics:USB::USB Host:MSC HS::1.0:USB_HOST_1_0_RESTRICTED_HS
2026-05-11 19:29:40,961 [WARN] ModelIntegratedComponent:182 - Modes not found for component STMicroelectronics:USB_HOST:1.0.0:STMicroelectronics:USB::USB Host:HID HS::1.0:USB_HOST_1_0_RESTRICTED_HS
2026-05-11 19:29:40,961 [WARN] ModelIntegratedComponent:188 - Modes not found for component STMicroelectronics:USB_HOST:1.0.0:STMicroelectronics:USB::USB Host:HID HS::1.0:USB_HOST_1_0_RESTRICTED_HS
2026-05-11 19:29:40,961 [WARN] ModelIntegratedComponent:182 - Modes not found for component STMicroelectronics:USB_HOST:1.0.0:STMicroelectronics:USB::USB Host:MTP HS::1.0:USB_HOST_1_0_RESTRICTED_HS
2026-05-11 19:29:40,961 [WARN] ModelIntegratedComponent:188 - Modes not found for component STMicroelectronics:USB_HOST:1.0.0:STMicroelectronics:USB::USB Host:MTP HS::1.0:USB_HOST_1_0_RESTRICTED_HS
2026-05-11 19:29:41,212 [INFO] ThirdPartyModel:298 - Start build external matchings
2026-05-11 19:29:45,822 [INFO] ThirdPartyModel:316 - End build external matchings
2026-05-11 19:29:45,951 [INFO] ImportTextPane:218 - (OptionalMessage_ERROR) IP (DMA) : Parameter (Instance) has Id (SPI2_TX) currently not set
2026-05-11 19:29:45,952 [INFO] ImportTextPane:218 - (OptionalMessage_ERROR) IP (DMA) : Parameter (Channel) has Id (SPI2_TX) currently not set
2026-05-11 19:29:45,952 [INFO] ImportTextPane:218 - (OptionalMessage_ERROR) IP (DMA) : Parameter (Direction) has Id (SPI2_TX) currently not set
2026-05-11 19:29:45,952 [INFO] ImportTextPane:218 - (OptionalMessage_ERROR) IP (DMA) : Parameter (PeriphInc) has Id (SPI2_TX) currently not set
2026-05-11 19:29:45,952 [INFO] ImportTextPane:218 - (OptionalMessage_ERROR) IP (DMA) : Parameter (MemInc) has Id (SPI2_TX) currently not set
2026-05-11 19:29:45,952 [INFO] ImportTextPane:218 - (OptionalMessage_ERROR) IP (DMA) : Parameter (PeriphDataAlignment) has Id (SPI2_TX) currently not set
2026-05-11 19:29:45,952 [INFO] ImportTextPane:218 - (OptionalMessage_ERROR) IP (DMA) : Parameter (MemDataAlignment) has Id (SPI2_TX) currently not set
2026-05-11 19:29:45,952 [INFO] ImportTextPane:218 - (OptionalMessage_ERROR) IP (DMA) : Parameter (Mode) has Id (SPI2_TX) currently not set
2026-05-11 19:29:45,952 [INFO] ImportTextPane:218 - (OptionalMessage_ERROR) IP (DMA) : Parameter (Priority) has Id (SPI2_TX) currently not set
2026-05-11 19:29:45,952 [INFO] ImportTextPane:218 - (OptionalMessage_ERROR) IP (DMA) : Parameter (FIFOMode) has Id (SPI2_TX) currently not set
2026-05-11 19:29:45,952 [INFO] ImportTextPane:218 - (OptionalMessage_ERROR) IP (DMA) : Parameter (Instance) has Id (ADC1) currently not set
2026-05-11 19:29:45,952 [INFO] ImportTextPane:218 - (OptionalMessage_ERROR) IP (DMA) : Parameter (Channel) has Id (ADC1) currently not set
2026-05-11 19:29:45,952 [INFO] ImportTextPane:218 - (OptionalMessage_ERROR) IP (DMA) : Parameter (Direction) has Id (ADC1) currently not set
2026-05-11 19:29:45,952 [INFO] ImportTextPane:218 - (OptionalMessage_ERROR) IP (DMA) : Parameter (PeriphInc) has Id (ADC1) currently not set
2026-05-11 19:29:45,953 [INFO] ImportTextPane:218 - (OptionalMessage_ERROR) IP (DMA) : Parameter (MemInc) has Id (ADC1) currently not set
2026-05-11 19:29:45,953 [INFO] ImportTextPane:218 - (OptionalMessage_ERROR) IP (DMA) : Parameter (PeriphDataAlignment) has Id (ADC1) currently not set
2026-05-11 19:29:45,953 [INFO] ImportTextPane:218 - (OptionalMessage_ERROR) IP (DMA) : Parameter (MemDataAlignment) has Id (ADC1) currently not set
2026-05-11 19:29:45,953 [INFO] ImportTextPane:218 - (OptionalMessage_ERROR) IP (DMA) : Parameter (Mode) has Id (ADC1) currently not set
2026-05-11 19:29:45,953 [INFO] ImportTextPane:218 - (OptionalMessage_ERROR) IP (DMA) : Parameter (Priority) has Id (ADC1) currently not set
2026-05-11 19:29:45,953 [INFO] ImportTextPane:218 - (OptionalMessage_ERROR) IP (DMA) : Parameter (FIFOMode) has Id (ADC1) currently not set
2026-05-11 19:29:45,955 [INFO] ImportTextPane:218 - (OptionalMessage_ERROR) IP (RCC) : Parameter (RTCHSEDivFreq_Value) has invalid value (12500000)
2026-05-11 19:29:46,273 [INFO] ApiDb:581 - Connected to CubeFinder SQLite database (C:\Users\abhil\.stmcufinder\plugins\mcufinder\mcu\cube-finder-db.db)
2026-05-11 19:29:46,369 [INFO] ApiDb:668 - CubeFinder database Data Model version=2.1
2026-05-11 19:29:46,369 [INFO] ApiDb:669 - CubeFinder database Configuration version=3.0.42
2026-05-11 19:29:46,371 [INFO] ApiDb:670 - CubeFinder database generation date=2026-02-13 (1770995876)
2026-05-11 19:29:46,371 [INFO] ApiDb:671 - CubeFinder database FW Pack versions=[FP-ATR-ASTRA1_V2.0.0, FP-SNS-FLIGHT1_V5.1.0, FP-SNS-MOTENV1_V5.1.0, FP-SNS-MOTENVWB1_V1.4.0, FP-SNS-SMARTAG2_V1.2.0, FP-SNS-STBOX1_V2.1.0, STM32Cube_FW_C0_V1.4.0, STM32Cube_FW_F4_V1.28.3, STM32Cube_FW_F7_V1.17.4, STM32Cube_FW_G0_V1.6.2, STM32Cube_FW_G4_V1.6.1, STM32Cube_FW_H5_V1.6.0, STM32Cube_FW_H7RS_V1.3.0, STM32Cube_FW_H7_V1.13.0, STM32Cube_FW_L0_V1.12.2, STM32Cube_FW_L4_V1.18.2, STM32Cube_FW_L5_V1.6.0, STM32Cube_FW_N6_V1.3.0, STM32Cube_FW_U0_V1.3.0, STM32Cube_FW_U3_V1.3.0, STM32Cube_FW_U5_V1.8.0, STM32Cube_FW_WB0_V1.4.0, STM32Cube_FW_WBA_V1.9.0, STM32Cube_FW_WB_V1.24.0, STM32Cube_FW_WL3_V1.4.0, STM32Cube_FW_WL_V1.5.0, X-CUBE-ALGOBUILD_V1.4.0, X-CUBE-ALS_V1.0.2, X-CUBE-AZRTOS-F4_V1.1.0, X-CUBE-AZRTOS-F7_V1.1.0, X-CUBE-AZRTOS-G0_V1.1.0, X-CUBE-AZRTOS-G4_V2.0.0, X-CUBE-AZRTOS-H7RS_V1.1.0, X-CUBE-AZRTOS-H7_V3.4.0, X-CUBE-AZRTOS-L4_V2.0.0, X-CUBE-AZRTOS-L5_V2.0.0, X-CUBE-AZRTOS-WB_V2.0.0, X-CUBE-AZRTOS-WL_V2.0.0, X-CUBE-BLE1_V7.1.0, X-CUBE-BLE2_V3.3.0, X-CUBE-BLEMGR_V4.1.0, X-CUBE-EEPRMA1_V5.2.0, X-CUBE-FREERTOS_V1.3.1, X-CUBE-GNSS1_V6.0.0, X-CUBE-MEMS1_V12.0.0, X-CUBE-NFC4_V3.0.0, X-CUBE-NFC7_V2.0.0, X-CUBE-SFXS2LP1_V4.0.0, X-CUBE-ST67W61_V1.1.0, X-CUBE-SUBG2_V5.0.0, X-CUBE-TOF1_V3.4.3]
2026-05-11 19:29:46,484 [INFO] DbBoardsSqlite:226 - include board P-NUCLEO-WB55-NUCLEO as a kit item of type 'Nucleo-64'
2026-05-11 19:29:46,484 [INFO] DbBoardsSqlite:226 - include board P-NUCLEO-WB55-USBDONGLE as a kit item of type 'Nucleo USB Dongle'
2026-05-11 19:29:46,485 [INFO] DbBoardsSqlite:226 - include board STEVAL-IDP005V1 as a kit item of type 'Evaluation Board'
2026-05-11 19:29:46,485 [INFO] DbBoardsSqlite:226 - include board STEVAL-IDP005V2 as a kit item of type 'Evaluation Board'
2026-05-11 19:29:46,855 [INFO] ApiDb:240 - Found 895 in-development CPN: [B-G473E-ZEST1S, B-WB1M-WPAN1, B-WBA5M-WPAN, B-WL5M-SUBG1, NUCLEO-C031C6, NUCLEO-C051C8, NUCLEO-C071RB, NUCLEO-C092RC, NUCLEO-H503RB, NUCLEO-H533RE, NUCLEO-H563ZI, NUCLEO-H7S3L8, NUCLEO-N657X0-Q, NUCLEO-U031R8, NUCLEO-U083RC, NUCLEO-U385RG-Q, NUCLEO-U545RE-Q, NUCLEO-U5A5ZJ-Q, NUCLEO-WB05KZ, NUCLEO-WB07CC, NUCLEO-WB09KE, NUCLEO-WBA52CG, NUCLEO-WBA55CG, NUCLEO-WBA65RI, NUCLEO-WL33CC1, NUCLEO-WL33CC2, STEVAL-PROTEUS1, STEVAL-SMARTAG2, STEVAL-STWINBX1, STM320518-EVAL, STM32C0116-DK, STM32C011D6Y3TR, STM32C011D6Y6TR, STM32C011F4P3, STM32C011F4P6, STM32C011F4U3, STM32C011F4U6TR, STM32C011F6P3, STM32C011F6P6, STM32C011F6U3, STM32C011F6U6TR, STM32C011J4M3, STM32C011J4M6, STM32C011J6M3, STM32C011J6M6, STM32C0316-DK, STM32C031C4T3, STM32C031C4T6, STM32C031C4U3, STM32C031C4U6, STM32C031C6T3, STM32C031C6T6, STM32C031C6U3, STM32C031C6U6, STM32C031F4P3, STM32C031F4P6, STM32C031F6P3, STM32C031F6P6, STM32C031G4U3, STM32C031G4U6, STM32C031G6U3, STM32C031G6U6, STM32C031K4T3, STM32C031K4T6, STM32C031K4U3, STM32C031K4U6, STM32C031K6T3, STM32C031K6T6, STM32C031K6U3, STM32C031K6U6, STM32C051C6T6, STM32C051C6U6, STM32C051C8T6, STM32C051C8U6, STM32C051D8Y6TR, STM32C051F6P6, STM32C051F8P6, STM32C051G6U6, STM32C051G8U6, STM32C051K6T6, STM32C051K6U6, STM32C051K8T6, STM32C071C8T6, STM32C071C8T6N, STM32C071C8U6, STM32C071C8U6N, STM32C071CBT6, STM32C071CBT6N, STM32C071CBU6, STM32C071CBU6N, STM32C071F8P6, STM32C071F8P6N, STM32C071FBP6, STM32C071FBP6N, STM32C071FBY6TR, STM32C071G8U6, STM32C071G8U6N, STM32C071GBU6, STM32C071GBU6N, STM32C071K8T6, STM32C071K8T6N, STM32C071K8U6, STM32C071K8U6N, STM32C071KBT6, STM32C071KBT6N, STM32C071KBU6, STM32C071KBU6N, STM32C071R8T6, STM32C071R8T6N, STM32C071RBI6N, STM32C071RBT6, STM32C071RBT6N, STM32C091CBT6, STM32C091CBU6, STM32C091CCT6, STM32C091CCU6, STM32C091ECY6TR, STM32C091FBP6, STM32C091FCP6, STM32C091GBU6, STM32C091GCU6, STM32C091KBT6, STM32C091KBU6, STM32C091KCT6, STM32C091KCU6, STM32C091RBT6, STM32C091RCI6, STM32C091RCT6, STM32C092CBT6, STM32C092CBU6, STM32C092CCT6, STM32C092CCU6, STM32C092ECY6TR, STM32C092FBP6, STM32C092FCP6, STM32C092GBU6, STM32C092GCU6, STM32C092KBT6, STM32C092KBU6, STM32C092KCT6, STM32C092KCU6, STM32C092RBT6, STM32C092RCI6, STM32C092RCT6, STM32G071K8TXN, STM32G071K8UXN, STM32G081GBU6N, STM32G081KBT6N, STM32G081KBUXN, STM32G0B1CCT6N, STM32G0B1KCT6, STM32G0B1NEY6TR, STM32G0B1RCT6N, STM32G0C1CCT6, STM32G0C1CCT6N, STM32G0C1CCU6N, STM32G0C1CET6N, STM32G0C1CEU6N, STM32G0C1KCT6, STM32G0C1NEY6TR, STM32G0C1RCI6N, STM32G0C1RCT6N, STM32G0C1REI6N, STM32G0C1RET6N, STM32G0C1VCI6, STM32G0C1VEI6, STM32G411C6T3, STM32G411C6T6, STM32G411C6U3, STM32G411C6U6, STM32G411C8T3, STM32G411C8T6, STM32G411C8U3, STM32G411C8U6, STM32G411CBT3, STM32G411CBT6, STM32G411CBU3, STM32G411CBU6, STM32G411CCT3, STM32G411CCT6, STM32G411CCU3, STM32G411CCU6, STM32G411K6T3, STM32G411K6T6, STM32G411K6U3, STM32G411K6U6, STM32G411K8T3, STM32G411K8T6, STM32G411K8U3, STM32G411K8U6, STM32G411KBT3, STM32G411KBT6, STM32G411KBU3, STM32G411KBU6, STM32G411M6T3, STM32G411M6T6, STM32G411M8T3, STM32G411M8T6, STM32G411MBT3, STM32G411MBT6, STM32G411MCT3, STM32G411MCT6, STM32G411R6T3, STM32G411R6T6, STM32G411R8T3, STM32G411R8T6, STM32G411RBT3, STM32G411RBT6, STM32G411RCT3, STM32G411RCT6, STM32G414CBT3, STM32G414CBT6, STM32G414CBU3, STM32G414CBU6, STM32G414CCT3, STM32G414CCT6, STM32G414CCU3, STM32G414CCU6, STM32G414MBT3, STM32G414MBT6, STM32G414MCT3, STM32G414MCT6, STM32G414RBT3, STM32G414RBT6, STM32G414RCT3, STM32G414RCT6, STM32G414VBT3, STM32G414VBT6, STM32G414VCT3, STM32G414VCT6, STM32G431CBT3Z, STM32G431RBT3Z, STM32G471CCT6, STM32G471CCU6, STM32G471CET3, STM32G471CET6, STM32G471CEU3, STM32G471CEU6, STM32G471MCT6, STM32G471MET3, STM32G471MET6, STM32G471MEY6TR, STM32G471QCT6, STM32G471QET3, STM32G471RCT6, STM32G471RET3, STM32G471RET6, STM32G471VCH6, STM32G471VCI6, STM32G471VCT6, STM32G471VEH3, STM32G471VEH6, STM32G471VEI3, STM32G471VEI6, STM32G471VET3, STM32G471VET6, STM32G473QET3Z, STM32G473RET3Z, STM32G474CCT6, STM32G491RET3Z, STM32H503CBT6, STM32H503CBU6, STM32H503EBY6TR, STM32H503KBU6, STM32H503RBT6, STM32H523CCT6, STM32H523CCU6, STM32H523CET6, STM32H523CEU6, STM32H523HEY6TR, STM32H523RCT6, STM32H523RET6, STM32H523VCI6, STM32H523VCT6, STM32H523VEI6, STM32H523VET6, STM32H523ZCJ6, STM32H523ZCT6, STM32H523ZEJ6, STM32H523ZET6, STM32H533CET6, STM32H533CEU6, STM32H533HEY6TR, STM32H533RET6, STM32H533VEI6, STM32H533VET6, STM32H533ZEJ6, STM32H533ZET6, STM32H562AGI6, STM32H562AII6, STM32H562IGK6, STM32H562IGT6, STM32H562IIK6, STM32H562IIT6, STM32H562RGT6, STM32H562RGV6, STM32H562RIT6, STM32H562RIV6, STM32H562VGT6, STM32H562VIT6, STM32H562ZGT6, STM32H562ZIT6, STM32H563AGI6, STM32H563AII3Q, STM32H563AII6, STM32H563IGK6, STM32H563IGT6, STM32H563IIK3Q, STM32H563IIK6, STM32H563IIT3Q, STM32H563IIT6, STM32H563MIY3QTR, STM32H563RGT6, STM32H563RGV6, STM32H563RIT6, STM32H563RIV6, STM32H563VGT6, STM32H563VIT3Q, STM32H563VIT6, STM32H563ZGT6, STM32H563ZIT3Q, STM32H563ZIT6, STM32H573AII3Q, STM32H573AII6, STM32H573I-DK, STM32H573IIK3Q, STM32H573IIK6, STM32H573IIT3Q, STM32H573IIT6, STM32H573MIY3QTR, STM32H573RIT6, STM32H573RIV6, STM32H573VIT3Q, STM32H573VIT6, STM32H573ZIT3Q, STM32H573ZIT6, STM32H7R3A8I6, STM32H7R3I8K6, STM32H7R3I8T6, STM32H7R3L8H6, STM32H7R3L8H6H, STM32H7R3R8V6, STM32H7R3V8H6, STM32H7R3V8T6, STM32H7R3V8Y6TR, STM32H7R3Z8J6, STM32H7R3Z8T6, STM32H7R7A8I6, STM32H7R7I8K6, STM32H7R7I8T6, STM32H7R7L8H6, STM32H7R7L8H6H, STM32H7R7Z8J6, STM32H7S3A8I6, STM32H7S3I8K6, STM32H7S3I8T6, STM32H7S3L8H6, STM32H7S3L8H6H, STM32H7S3R8V6, STM32H7S3V8H6, STM32H7S3V8T6, STM32H7S3V8Y6TR, STM32H7S3Z8J6, STM32H7S3Z8T6, STM32H7S78-DK, STM32H7S7A8I6, STM32H7S7I8K6, STM32H7S7I8T6, STM32H7S7L8H6, STM32H7S7L8H6H, STM32H7S7Z8J6, STM32L4R5QGI6STR, STM32MP131AAE3, STM32MP131AAF3, STM32MP131AAG3, STM32MP131CAE3, STM32MP131CAF3, STM32MP131CAG3, STM32MP131DAE7, STM32MP131DAF7, STM32MP131DAG7, STM32MP131FAE7, STM32MP131FAF7, STM32MP131FAG7, STM32MP133AAE3, STM32MP133AAF3, STM32MP133AAG3, STM32MP133CAE3, STM32MP133CAF3, STM32MP133CAG3, STM32MP133DAE7, STM32MP133DAF7, STM32MP133DAG7, STM32MP133FAE7, STM32MP133FAF7, STM32MP133FAG7, STM32MP135AAE3, STM32MP135AAF3, STM32MP135AAG3, STM32MP135CAE3, STM32MP135CAF3, STM32MP135CAG3, STM32MP135DAE7, STM32MP135DAF7, STM32MP135DAG7, STM32MP135F-DK, STM32MP135FAE7, STM32MP135FAF7, STM32MP135FAF7T, STM32MP135FAF7U, STM32MP135FAG7, STM32MP231AAJ3, STM32MP231AAK3, STM32MP231AAL3, STM32MP231CAJ3, STM32MP231CAK3, STM32MP231CAL3, STM32MP231DAJ3, STM32MP231DAK3, STM32MP231DAL3, STM32MP231FAJ3, STM32MP231FAK3, STM32MP231FAL3, STM32MP233AAJ3, STM32MP233AAK3, STM32MP233AAL3, STM32MP233CAJ3, STM32MP233CAK3, STM32MP233CAL3, STM32MP233DAJ3, STM32MP233DAK3, STM32MP233DAL3, STM32MP233FAJ3, STM32MP233FAK3, STM32MP233FAL3, STM32MP235AAJ3, STM32MP235AAK3, STM32MP235AAL3, STM32MP235CAJ3, STM32MP235CAK3, STM32MP235CAL3, STM32MP235DAJ3, STM32MP235DAK3, STM32MP235DAL3, STM32MP235FAJ3, STM32MP235FAK3, STM32MP235FAL3, STM32MP251AAI3, STM32MP251AAJ3, STM32MP251AAK3, STM32MP251AAL3, STM32MP251CAI3, STM32MP251CAJ3, STM32MP251CAK3, STM32MP251CAL3, STM32MP251DAI3, STM32MP251DAJ3, STM32MP251DAK3, STM32MP251DAL3, STM32MP251FAI3, STM32MP251FAJ3, STM32MP251FAK3, STM32MP251FAL3, STM32MP253AAI3, STM32MP253AAJ3, STM32MP253AAK3, STM32MP253AAL3, STM32MP253CAI3, STM32MP253CAJ3, STM32MP253CAK3, STM32MP253CAL3, STM32MP253DAI3, STM32MP253DAJ3, STM32MP253DAK3, STM32MP253DAL3, STM32MP253FAI3, STM32MP253FAJ3, STM32MP253FAK3, STM32MP253FAL3, STM32MP255AAI3, STM32MP255AAJ3, STM32MP255AAK3, STM32MP255AAL3, STM32MP255CAI3, STM32MP255CAJ3, STM32MP255CAK3, STM32MP255CAL3, STM32MP255DAI3, STM32MP255DAJ3, STM32MP255DAK3, STM32MP255DAL3, STM32MP255FAI3, STM32MP255FAJ3, STM32MP255FAK3, STM32MP255FAL3, STM32MP257AAI3, STM32MP257AAJ3, STM32MP257AAK3, STM32MP257AAL3, STM32MP257CAI3, STM32MP257CAJ3, STM32MP257CAK3, STM32MP257CAL3, STM32MP257DAI3, STM32MP257DAJ3, STM32MP257DAK3, STM32MP257DAL3, STM32MP257F-DK, STM32MP257F-EV1, STM32MP257FAI3, STM32MP257FAJ3, STM32MP257FAK3, STM32MP257FAL3, STM32N645A0H3Q, STM32N645B0H3Q, STM32N645I0H3Q, STM32N645L0H3Q, STM32N645X0H3Q, STM32N645Z0H3Q, STM32N647A0H3Q, STM32N647B0H3Q, STM32N647I0H3Q, STM32N647L0H3Q, STM32N647X0H3Q, STM32N647Z0H3Q, STM32N655A0H3Q, STM32N655B0H3Q, STM32N655I0H3Q, STM32N655L0H3Q, STM32N655X0H3Q, STM32N655Z0H3Q, STM32N6570-DK, STM32N657A0H3Q, STM32N657B0H3Q, STM32N657I0H3Q, STM32N657L0H3Q, STM32N657X0H3Q, STM32N657Z0H3Q, STM32U031C6T6, STM32U031C6U6, STM32U031C8T6, STM32U031C8U6, STM32U031F4P6, STM32U031F6P6, STM32U031F8P6, STM32U031G6Y6TR, STM32U031G8Y6TR, STM32U031K4U6, STM32U031K6U6, STM32U031K8U6, STM32U031R6I6, STM32U031R6T6, STM32U031R8I6, STM32U031R8T6, STM32U073C8T6, STM32U073C8U6, STM32U073CBT6, STM32U073CBU6, STM32U073CCT6, STM32U073CCU6, STM32U073H8Y6TR, STM32U073HBY6TR, STM32U073HCY6TR, STM32U073K8U6, STM32U073KBU6, STM32U073KCU6, STM32U073M8I6, STM32U073M8T6, STM32U073MBI6, STM32U073MBT6, STM32U073MCI6, STM32U073MCT6, STM32U073R8I6, STM32U073R8T6, STM32U073RBI6, STM32U073RBT6, STM32U073RCI6, STM32U073RCT6, STM32U083C-DK, STM32U083CCT6, STM32U083CCU6, STM32U083HCY6TR, STM32U083KCU6, STM32U083MCI6, STM32U083MCT6, STM32U083RCI6, STM32U083RCT6, STM32U375CET6, STM32U375CET6Q, STM32U375CEU6, STM32U375CEU6Q, STM32U375CEY6QTR, STM32U375CGT6, STM32U375CGT6Q, STM32U375CGU6, STM32U375CGU6Q, STM32U375CGY6QTR, STM32U375KEU6, STM32U375KGU6, STM32U375REI6, STM32U375REI6Q, STM32U375RET6, STM32U375RET6Q, STM32U375REY6GTR, STM32U375REY6QTR, STM32U375RGI6, STM32U375RGI6Q, STM32U375RGT6, STM32U375RGT6Q, STM32U375RGY6GTR, STM32U375RGY6QTR, STM32U375VEI6, STM32U375VEI6Q, STM32U375VET6, STM32U375VET6Q, STM32U375VGI6, STM32U375VGI6Q, STM32U375VGT6, STM32U375VGT6Q, STM32U385CGT6, STM32U385CGT6Q, STM32U385CGU6, STM32U385CGU6Q, STM32U385CGY6QTR, STM32U385KGU6, STM32U385RGI6, STM32U385RGI6Q, STM32U385RGT6, STM32U385RGT6Q, STM32U385RGY6GTR, STM32U385RGY6QTR, STM32U385VGI6, STM32U385VGI6Q, STM32U385VGT6, STM32U385VGT6Q, STM32U535CBT6, STM32U535CBT6Q, STM32U535CBU6, STM32U535CBU6Q, STM32U535CCT6, STM32U535CCT6Q, STM32U535CCU6, STM32U535CCU6Q, STM32U535CET6, STM32U535CET6Q, STM32U535CEU6, STM32U535CEU6Q, STM32U535JEY6QTR, STM32U535NCY6QTR, STM32U535NEY6QTR, STM32U535RBI6, STM32U535RBI6Q, STM32U535RBT6, STM32U535RBT6Q, STM32U535RCI6, STM32U535RCI6Q, STM32U535RCT6, STM32U535RCT6Q, STM32U535REI6, STM32U535REI6Q, STM32U535RET6, STM32U535RET6Q, STM32U535VCI6, STM32U535VCI6Q, STM32U535VCT6, STM32U535VCT6Q, STM32U535VEI6, STM32U535VEI6Q, STM32U535VET6, STM32U535VET6Q, STM32U545CET6, STM32U545CET6Q, STM32U545CEU6, STM32U545CEU6Q, STM32U545JEY6QTR, STM32U545NEY6QTR, STM32U545REI6, STM32U545REI6Q, STM32U545RET6, STM32U545RET6Q, STM32U545VEI6, STM32U545VEI6Q, STM32U545VET6, STM32U545VET6Q, STM32U595AIH6, STM32U595AIH6Q, STM32U595AJH6, STM32U595AJH6Q, STM32U595QII6, STM32U595QII6Q, STM32U595QJI6, STM32U595QJI6Q, STM32U595RIT6, STM32U595RIT6Q, STM32U595RJT6, STM32U595RJT6Q, STM32U595VIT6, STM32U595VIT6Q, STM32U595VJT6, STM32U595VJT6Q, STM32U595ZIT6, STM32U595ZIT6Q, STM32U595ZIY6QTR, STM32U595ZJT6, STM32U595ZJT6Q, STM32U595ZJY6QTR, STM32U599BJY6QTR, STM32U599NIH6Q, STM32U599NJH6Q, STM32U599VIT6Q, STM32U599VJT6, STM32U599VJT6Q, STM32U599ZIT6Q, STM32U599ZIY6QTR, STM32U599ZJT6Q, STM32U599ZJY6QTR, STM32U5A5AJH6, STM32U5A5AJH6Q, STM32U5A5QII3Q , STM32U5A5QJI6, STM32U5A5QJI6Q, STM32U5A5RJT6, STM32U5A5RJT6Q, STM32U5A5VJT6, STM32U5A5VJT6Q, STM32U5A5ZJT6, STM32U5A5ZJT6Q, STM32U5A5ZJY6QTR, STM32U5A9BJY6QTR, STM32U5A9J-DK, STM32U5A9NJH6Q, STM32U5A9VJT6Q, STM32U5A9ZJT6Q, STM32U5A9ZJY6QTR, STM32U5F7VIT6, STM32U5F7VIT6Q, STM32U5F7VJT6, STM32U5F7VJT6Q, STM32U5F9BJY6QTR, STM32U5F9NJH6Q, STM32U5F9VIT6Q, STM32U5F9VJT6Q, STM32U5F9ZIJ6QTR, STM32U5F9ZIT6Q, STM32U5F9ZJJ6QTR, STM32U5F9ZJT6Q, STM32U5G7VJT6, STM32U5G7VJT6Q, STM32U5G9BJY6QTR, STM32U5G9J-DK1, STM32U5G9J-DK2, STM32U5G9NJH6Q, STM32U5G9VJT6Q, STM32U5G9ZJJ6QTR, STM32U5G9ZJT6Q, STM32WB05KZV6TR, STM32WB05KZV7TR, STM32WB05TZF6TR, STM32WB05TZF7TR, STM32WB06CCF6TR, STM32WB06CCF7TR, STM32WB06CCV6TR, STM32WB06CCV7TR, STM32WB06KCV6TR, STM32WB06KCV7TR, STM32WB07CCF6TR, STM32WB07CCF7TR, STM32WB07CCV6TR, STM32WB07CCV7TR, STM32WB07KCV6TR, STM32WB07KCV7TR, STM32WB09KEV6TR, STM32WB09KEV7TR, STM32WB09TEF6TR, STM32WB09TEF7TR, STM32WB1MMCH6, STM32WBA50KGU6, STM32WBA50KGU6TR, STM32WBA52CEU6, STM32WBA52CEU6TR, STM32WBA52CEU7, STM32WBA52CEU7TR, STM32WBA52CGU6, STM32WBA52CGU6TR, STM32WBA52CGU6U, STM32WBA52CGU7, STM32WBA52CGU7TR, STM32WBA52KEU6, STM32WBA52KEU6TR, STM32WBA52KGU6, STM32WBA52KGU6TR, STM32WBA54CEU6, STM32WBA54CEU6TR, STM32WBA54CEU7, STM32WBA54CEU7TR, STM32WBA54CGU6, STM32WBA54CGU6TR, STM32WBA54CGU7, STM32WBA54CGU7TR, STM32WBA54KEU6, STM32WBA54KEU6TR, STM32WBA54KEU7, STM32WBA54KEU7TR, STM32WBA54KGU6, STM32WBA54KGU6TR, STM32WBA54KGU7, STM32WBA54KGU7TR, STM32WBA55CEU6, STM32WBA55CEU6TR, STM32WBA55CEU7, STM32WBA55CEU7TR, STM32WBA55CGU6, STM32WBA55CGU6TR, STM32WBA55CGU6U, STM32WBA55CGU7, STM32WBA55CGU7TR, STM32WBA55G-DK1, STM32WBA55HEF6, STM32WBA55HEF7, STM32WBA55HGF6, STM32WBA55HGF7, STM32WBA55UEI6, STM32WBA55UEI6TR, STM32WBA55UEI7, STM32WBA55UEI7TR, STM32WBA55UGI6, STM32WBA55UGI6TR, STM32WBA55UGI7, STM32WBA55UGI7TR, STM32WBA5MJGH6TR, STM32WBA62CGU6, STM32WBA62CIU6, STM32WBA62MGF6, STM32WBA62MIF6, STM32WBA62PGI6, STM32WBA62PII6, STM32WBA63CGU6, STM32WBA63CGU7, STM32WBA63CIU6, STM32WBA63CIU7, STM32WBA64CGU6, STM32WBA64CGU7, STM32WBA64CIU6, STM32WBA64CIU7, STM32WBA65CGU6, STM32WBA65CGU7, STM32WBA65CIU6, STM32WBA65CIU7, STM32WBA65I-DK1, STM32WBA65MGF6, STM32WBA65MGF7, STM32WBA65MIF6, STM32WBA65MIF7, STM32WBA65PGI6, STM32WBA65PGI7, STM32WBA65PII6, STM32WBA65PII7, STM32WBA65RGV6, STM32WBA65RGV7, STM32WBA65RIV6, STM32WBA65RIV7, STM32WL30K8V6, STM32WL30KBV6, STM32WL31C8V6, STM32WL31CBV6, STM32WL31K8V6, STM32WL31KBV6, STM32WL33C8V6, STM32WL33C8V6TR, STM32WL33C8V7, STM32WL33C8V7TR, STM32WL33CBV6, STM32WL33CBV6TR, STM32WL33CBV7, STM32WL33CBV7TR, STM32WL33CCV6, STM32WL33CCV6TR, STM32WL33CCV7, STM32WL33CCV7A, STM32WL33CCV7ATR, STM32WL33CCV7TR, STM32WL33K8V6, STM32WL33K8V6TR, STM32WL33K8V7, STM32WL33K8V7TR, STM32WL33KBV6, STM32WL33KBV6TR, STM32WL33KBV7, STM32WL33KBV7TR, STM32WL33KCV6, STM32WL33KCV6TR, STM32WL33KCV7, STM32WL33KCV7TR, STM32WL5MOCH6, STM32WL5MOCH6TR]
2026-05-11 19:29:46,871 [INFO] ApiDb:668 - CubeFinder database Data Model version=2.1
2026-05-11 19:29:46,871 [INFO] ApiDb:669 - CubeFinder database Configuration version=3.0.42
2026-05-11 19:29:46,871 [INFO] ApiDb:670 - CubeFinder database generation date=2026-02-13 (1770995876)
2026-05-11 19:29:46,871 [INFO] ApiDb:671 - CubeFinder database FW Pack versions=[FP-ATR-ASTRA1_V2.0.0, FP-SNS-FLIGHT1_V5.1.0, FP-SNS-MOTENV1_V5.1.0, FP-SNS-MOTENVWB1_V1.4.0, FP-SNS-SMARTAG2_V1.2.0, FP-SNS-STBOX1_V2.1.0, STM32Cube_FW_C0_V1.4.0, STM32Cube_FW_F4_V1.28.3, STM32Cube_FW_F7_V1.17.4, STM32Cube_FW_G0_V1.6.2, STM32Cube_FW_G4_V1.6.1, STM32Cube_FW_H5_V1.6.0, STM32Cube_FW_H7RS_V1.3.0, STM32Cube_FW_H7_V1.13.0, STM32Cube_FW_L0_V1.12.2, STM32Cube_FW_L4_V1.18.2, STM32Cube_FW_L5_V1.6.0, STM32Cube_FW_N6_V1.3.0, STM32Cube_FW_U0_V1.3.0, STM32Cube_FW_U3_V1.3.0, STM32Cube_FW_U5_V1.8.0, STM32Cube_FW_WB0_V1.4.0, STM32Cube_FW_WBA_V1.9.0, STM32Cube_FW_WB_V1.24.0, STM32Cube_FW_WL3_V1.4.0, STM32Cube_FW_WL_V1.5.0, X-CUBE-ALGOBUILD_V1.4.0, X-CUBE-ALS_V1.0.2, X-CUBE-AZRTOS-F4_V1.1.0, X-CUBE-AZRTOS-F7_V1.1.0, X-CUBE-AZRTOS-G0_V1.1.0, X-CUBE-AZRTOS-G4_V2.0.0, X-CUBE-AZRTOS-H7RS_V1.1.0, X-CUBE-AZRTOS-H7_V3.4.0, X-CUBE-AZRTOS-L4_V2.0.0, X-CUBE-AZRTOS-L5_V2.0.0, X-CUBE-AZRTOS-WB_V2.0.0, X-CUBE-AZRTOS-WL_V2.0.0, X-CUBE-BLE1_V7.1.0, X-CUBE-BLE2_V3.3.0, X-CUBE-BLEMGR_V4.1.0, X-CUBE-EEPRMA1_V5.2.0, X-CUBE-FREERTOS_V1.3.1, X-CUBE-GNSS1_V6.0.0, X-CUBE-MEMS1_V12.0.0, X-CUBE-NFC4_V3.0.0, X-CUBE-NFC7_V2.0.0, X-CUBE-SFXS2LP1_V4.0.0, X-CUBE-ST67W61_V1.1.0, X-CUBE-SUBG2_V5.0.0, X-CUBE-TOF1_V3.4.3]
2026-05-11 19:29:49,467 [INFO] ApiDb:240 - Found 895 in-development CPN: [B-G473E-ZEST1S, B-WB1M-WPAN1, B-WBA5M-WPAN, B-WL5M-SUBG1, NUCLEO-C031C6, NUCLEO-C051C8, NUCLEO-C071RB, NUCLEO-C092RC, NUCLEO-H503RB, NUCLEO-H533RE, NUCLEO-H563ZI, NUCLEO-H7S3L8, NUCLEO-N657X0-Q, NUCLEO-U031R8, NUCLEO-U083RC, NUCLEO-U385RG-Q, NUCLEO-U545RE-Q, NUCLEO-U5A5ZJ-Q, NUCLEO-WB05KZ, NUCLEO-WB07CC, NUCLEO-WB09KE, NUCLEO-WBA52CG, NUCLEO-WBA55CG, NUCLEO-WBA65RI, NUCLEO-WL33CC1, NUCLEO-WL33CC2, STEVAL-PROTEUS1, STEVAL-SMARTAG2, STEVAL-STWINBX1, STM320518-EVAL, STM32C0116-DK, STM32C011D6Y3TR, STM32C011D6Y6TR, STM32C011F4P3, STM32C011F4P6, STM32C011F4U3, STM32C011F4U6TR, STM32C011F6P3, STM32C011F6P6, STM32C011F6U3, STM32C011F6U6TR, STM32C011J4M3, STM32C011J4M6, STM32C011J6M3, STM32C011J6M6, STM32C0316-DK, STM32C031C4T3, STM32C031C4T6, STM32C031C4U3, STM32C031C4U6, STM32C031C6T3, STM32C031C6T6, STM32C031C6U3, STM32C031C6U6, STM32C031F4P3, STM32C031F4P6, STM32C031F6P3, STM32C031F6P6, STM32C031G4U3, STM32C031G4U6, STM32C031G6U3, STM32C031G6U6, STM32C031K4T3, STM32C031K4T6, STM32C031K4U3, STM32C031K4U6, STM32C031K6T3, STM32C031K6T6, STM32C031K6U3, STM32C031K6U6, STM32C051C6T6, STM32C051C6U6, STM32C051C8T6, STM32C051C8U6, STM32C051D8Y6TR, STM32C051F6P6, STM32C051F8P6, STM32C051G6U6, STM32C051G8U6, STM32C051K6T6, STM32C051K6U6, STM32C051K8T6, STM32C071C8T6, STM32C071C8T6N, STM32C071C8U6, STM32C071C8U6N, STM32C071CBT6, STM32C071CBT6N, STM32C071CBU6, STM32C071CBU6N, STM32C071F8P6, STM32C071F8P6N, STM32C071FBP6, STM32C071FBP6N, STM32C071FBY6TR, STM32C071G8U6, STM32C071G8U6N, STM32C071GBU6, STM32C071GBU6N, STM32C071K8T6, STM32C071K8T6N, STM32C071K8U6, STM32C071K8U6N, STM32C071KBT6, STM32C071KBT6N, STM32C071KBU6, STM32C071KBU6N, STM32C071R8T6, STM32C071R8T6N, STM32C071RBI6N, STM32C071RBT6, STM32C071RBT6N, STM32C091CBT6, STM32C091CBU6, STM32C091CCT6, STM32C091CCU6, STM32C091ECY6TR, STM32C091FBP6, STM32C091FCP6, STM32C091GBU6, STM32C091GCU6, STM32C091KBT6, STM32C091KBU6, STM32C091KCT6, STM32C091KCU6, STM32C091RBT6, STM32C091RCI6, STM32C091RCT6, STM32C092CBT6, STM32C092CBU6, STM32C092CCT6, STM32C092CCU6, STM32C092ECY6TR, STM32C092FBP6, STM32C092FCP6, STM32C092GBU6, STM32C092GCU6, STM32C092KBT6, STM32C092KBU6, STM32C092KCT6, STM32C092KCU6, STM32C092RBT6, STM32C092RCI6, STM32C092RCT6, STM32G071K8TXN, STM32G071K8UXN, STM32G081GBU6N, STM32G081KBT6N, STM32G081KBUXN, STM32G0B1CCT6N, STM32G0B1KCT6, STM32G0B1NEY6TR, STM32G0B1RCT6N, STM32G0C1CCT6, STM32G0C1CCT6N, STM32G0C1CCU6N, STM32G0C1CET6N, STM32G0C1CEU6N, STM32G0C1KCT6, STM32G0C1NEY6TR, STM32G0C1RCI6N, STM32G0C1RCT6N, STM32G0C1REI6N, STM32G0C1RET6N, STM32G0C1VCI6, STM32G0C1VEI6, STM32G411C6T3, STM32G411C6T6, STM32G411C6U3, STM32G411C6U6, STM32G411C8T3, STM32G411C8T6, STM32G411C8U3, STM32G411C8U6, STM32G411CBT3, STM32G411CBT6, STM32G411CBU3, STM32G411CBU6, STM32G411CCT3, STM32G411CCT6, STM32G411CCU3, STM32G411CCU6, STM32G411K6T3, STM32G411K6T6, STM32G411K6U3, STM32G411K6U6, STM32G411K8T3, STM32G411K8T6, STM32G411K8U3, STM32G411K8U6, STM32G411KBT3, STM32G411KBT6, STM32G411KBU3, STM32G411KBU6, STM32G411M6T3, STM32G411M6T6, STM32G411M8T3, STM32G411M8T6, STM32G411MBT3, STM32G411MBT6, STM32G411MCT3, STM32G411MCT6, STM32G411R6T3, STM32G411R6T6, STM32G411R8T3, STM32G411R8T6, STM32G411RBT3, STM32G411RBT6, STM32G411RCT3, STM32G411RCT6, STM32G414CBT3, STM32G414CBT6, STM32G414CBU3, STM32G414CBU6, STM32G414CCT3, STM32G414CCT6, STM32G414CCU3, STM32G414CCU6, STM32G414MBT3, STM32G414MBT6, STM32G414MCT3, STM32G414MCT6, STM32G414RBT3, STM32G414RBT6, STM32G414RCT3, STM32G414RCT6, STM32G414VBT3, STM32G414VBT6, STM32G414VCT3, STM32G414VCT6, STM32G431CBT3Z, STM32G431RBT3Z, STM32G471CCT6, STM32G471CCU6, STM32G471CET3, STM32G471CET6, STM32G471CEU3, STM32G471CEU6, STM32G471MCT6, STM32G471MET3, STM32G471MET6, STM32G471MEY6TR, STM32G471QCT6, STM32G471QET3, STM32G471RCT6, STM32G471RET3, STM32G471RET6, STM32G471VCH6, STM32G471VCI6, STM32G471VCT6, STM32G471VEH3, STM32G471VEH6, STM32G471VEI3, STM32G471VEI6, STM32G471VET3, STM32G471VET6, STM32G473QET3Z, STM32G473RET3Z, STM32G474CCT6, STM32G491RET3Z, STM32H503CBT6, STM32H503CBU6, STM32H503EBY6TR, STM32H503KBU6, STM32H503RBT6, STM32H523CCT6, STM32H523CCU6, STM32H523CET6, STM32H523CEU6, STM32H523HEY6TR, STM32H523RCT6, STM32H523RET6, STM32H523VCI6, STM32H523VCT6, STM32H523VEI6, STM32H523VET6, STM32H523ZCJ6, STM32H523ZCT6, STM32H523ZEJ6, STM32H523ZET6, STM32H533CET6, STM32H533CEU6, STM32H533HEY6TR, STM32H533RET6, STM32H533VEI6, STM32H533VET6, STM32H533ZEJ6, STM32H533ZET6, STM32H562AGI6, STM32H562AII6, STM32H562IGK6, STM32H562IGT6, STM32H562IIK6, STM32H562IIT6, STM32H562RGT6, STM32H562RGV6, STM32H562RIT6, STM32H562RIV6, STM32H562VGT6, STM32H562VIT6, STM32H562ZGT6, STM32H562ZIT6, STM32H563AGI6, STM32H563AII3Q, STM32H563AII6, STM32H563IGK6, STM32H563IGT6, STM32H563IIK3Q, STM32H563IIK6, STM32H563IIT3Q, STM32H563IIT6, STM32H563MIY3QTR, STM32H563RGT6, STM32H563RGV6, STM32H563RIT6, STM32H563RIV6, STM32H563VGT6, STM32H563VIT3Q, STM32H563VIT6, STM32H563ZGT6, STM32H563ZIT3Q, STM32H563ZIT6, STM32H573AII3Q, STM32H573AII6, STM32H573I-DK, STM32H573IIK3Q, STM32H573IIK6, STM32H573IIT3Q, STM32H573IIT6, STM32H573MIY3QTR, STM32H573RIT6, STM32H573RIV6, STM32H573VIT3Q, STM32H573VIT6, STM32H573ZIT3Q, STM32H573ZIT6, STM32H7R3A8I6, STM32H7R3I8K6, STM32H7R3I8T6, STM32H7R3L8H6, STM32H7R3L8H6H, STM32H7R3R8V6, STM32H7R3V8H6, STM32H7R3V8T6, STM32H7R3V8Y6TR, STM32H7R3Z8J6, STM32H7R3Z8T6, STM32H7R7A8I6, STM32H7R7I8K6, STM32H7R7I8T6, STM32H7R7L8H6, STM32H7R7L8H6H, STM32H7R7Z8J6, STM32H7S3A8I6, STM32H7S3I8K6, STM32H7S3I8T6, STM32H7S3L8H6, STM32H7S3L8H6H, STM32H7S3R8V6, STM32H7S3V8H6, STM32H7S3V8T6, STM32H7S3V8Y6TR, STM32H7S3Z8J6, STM32H7S3Z8T6, STM32H7S78-DK, STM32H7S7A8I6, STM32H7S7I8K6, STM32H7S7I8T6, STM32H7S7L8H6, STM32H7S7L8H6H, STM32H7S7Z8J6, STM32L4R5QGI6STR, STM32MP131AAE3, STM32MP131AAF3, STM32MP131AAG3, STM32MP131CAE3, STM32MP131CAF3, STM32MP131CAG3, STM32MP131DAE7, STM32MP131DAF7, STM32MP131DAG7, STM32MP131FAE7, STM32MP131FAF7, STM32MP131FAG7, STM32MP133AAE3, STM32MP133AAF3, STM32MP133AAG3, STM32MP133CAE3, STM32MP133CAF3, STM32MP133CAG3, STM32MP133DAE7, STM32MP133DAF7, STM32MP133DAG7, STM32MP133FAE7, STM32MP133FAF7, STM32MP133FAG7, STM32MP135AAE3, STM32MP135AAF3, STM32MP135AAG3, STM32MP135CAE3, STM32MP135CAF3, STM32MP135CAG3, STM32MP135DAE7, STM32MP135DAF7, STM32MP135DAG7, STM32MP135F-DK, STM32MP135FAE7, STM32MP135FAF7, STM32MP135FAF7T, STM32MP135FAF7U, STM32MP135FAG7, STM32MP231AAJ3, STM32MP231AAK3, STM32MP231AAL3, STM32MP231CAJ3, STM32MP231CAK3, STM32MP231CAL3, STM32MP231DAJ3, STM32MP231DAK3, STM32MP231DAL3, STM32MP231FAJ3, STM32MP231FAK3, STM32MP231FAL3, STM32MP233AAJ3, STM32MP233AAK3, STM32MP233AAL3, STM32MP233CAJ3, STM32MP233CAK3, STM32MP233CAL3, STM32MP233DAJ3, STM32MP233DAK3, STM32MP233DAL3, STM32MP233FAJ3, STM32MP233FAK3, STM32MP233FAL3, STM32MP235AAJ3, STM32MP235AAK3, STM32MP235AAL3, STM32MP235CAJ3, STM32MP235CAK3, STM32MP235CAL3, STM32MP235DAJ3, STM32MP235DAK3, STM32MP235DAL3, STM32MP235FAJ3, STM32MP235FAK3, STM32MP235FAL3, STM32MP251AAI3, STM32MP251AAJ3, STM32MP251AAK3, STM32MP251AAL3, STM32MP251CAI3, STM32MP251CAJ3, STM32MP251CAK3, STM32MP251CAL3, STM32MP251DAI3, STM32MP251DAJ3, STM32MP251DAK3, STM32MP251DAL3, STM32MP251FAI3, STM32MP251FAJ3, STM32MP251FAK3, STM32MP251FAL3, STM32MP253AAI3, STM32MP253AAJ3, STM32MP253AAK3, STM32MP253AAL3, STM32MP253CAI3, STM32MP253CAJ3, STM32MP253CAK3, STM32MP253CAL3, STM32MP253DAI3, STM32MP253DAJ3, STM32MP253DAK3, STM32MP253DAL3, STM32MP253FAI3, STM32MP253FAJ3, STM32MP253FAK3, STM32MP253FAL3, STM32MP255AAI3, STM32MP255AAJ3, STM32MP255AAK3, STM32MP255AAL3, STM32MP255CAI3, STM32MP255CAJ3, STM32MP255CAK3, STM32MP255CAL3, STM32MP255DAI3, STM32MP255DAJ3, STM32MP255DAK3, STM32MP255DAL3, STM32MP255FAI3, STM32MP255FAJ3, STM32MP255FAK3, STM32MP255FAL3, STM32MP257AAI3, STM32MP257AAJ3, STM32MP257AAK3, STM32MP257AAL3, STM32MP257CAI3, STM32MP257CAJ3, STM32MP257CAK3, STM32MP257CAL3, STM32MP257DAI3, STM32MP257DAJ3, STM32MP257DAK3, STM32MP257DAL3, STM32MP257F-DK, STM32MP257F-EV1, STM32MP257FAI3, STM32MP257FAJ3, STM32MP257FAK3, STM32MP257FAL3, STM32N645A0H3Q, STM32N645B0H3Q, STM32N645I0H3Q, STM32N645L0H3Q, STM32N645X0H3Q, STM32N645Z0H3Q, STM32N647A0H3Q, STM32N647B0H3Q, STM32N647I0H3Q, STM32N647L0H3Q, STM32N647X0H3Q, STM32N647Z0H3Q, STM32N655A0H3Q, STM32N655B0H3Q, STM32N655I0H3Q, STM32N655L0H3Q, STM32N655X0H3Q, STM32N655Z0H3Q, STM32N6570-DK, STM32N657A0H3Q, STM32N657B0H3Q, STM32N657I0H3Q, STM32N657L0H3Q, STM32N657X0H3Q, STM32N657Z0H3Q, STM32U031C6T6, STM32U031C6U6, STM32U031C8T6, STM32U031C8U6, STM32U031F4P6, STM32U031F6P6, STM32U031F8P6, STM32U031G6Y6TR, STM32U031G8Y6TR, STM32U031K4U6, STM32U031K6U6, STM32U031K8U6, STM32U031R6I6, STM32U031R6T6, STM32U031R8I6, STM32U031R8T6, STM32U073C8T6, STM32U073C8U6, STM32U073CBT6, STM32U073CBU6, STM32U073CCT6, STM32U073CCU6, STM32U073H8Y6TR, STM32U073HBY6TR, STM32U073HCY6TR, STM32U073K8U6, STM32U073KBU6, STM32U073KCU6, STM32U073M8I6, STM32U073M8T6, STM32U073MBI6, STM32U073MBT6, STM32U073MCI6, STM32U073MCT6, STM32U073R8I6, STM32U073R8T6, STM32U073RBI6, STM32U073RBT6, STM32U073RCI6, STM32U073RCT6, STM32U083C-DK, STM32U083CCT6, STM32U083CCU6, STM32U083HCY6TR, STM32U083KCU6, STM32U083MCI6, STM32U083MCT6, STM32U083RCI6, STM32U083RCT6, STM32U375CET6, STM32U375CET6Q, STM32U375CEU6, STM32U375CEU6Q, STM32U375CEY6QTR, STM32U375CGT6, STM32U375CGT6Q, STM32U375CGU6, STM32U375CGU6Q, STM32U375CGY6QTR, STM32U375KEU6, STM32U375KGU6, STM32U375REI6, STM32U375REI6Q, STM32U375RET6, STM32U375RET6Q, STM32U375REY6GTR, STM32U375REY6QTR, STM32U375RGI6, STM32U375RGI6Q, STM32U375RGT6, STM32U375RGT6Q, STM32U375RGY6GTR, STM32U375RGY6QTR, STM32U375VEI6, STM32U375VEI6Q, STM32U375VET6, STM32U375VET6Q, STM32U375VGI6, STM32U375VGI6Q, STM32U375VGT6, STM32U375VGT6Q, STM32U385CGT6, STM32U385CGT6Q, STM32U385CGU6, STM32U385CGU6Q, STM32U385CGY6QTR, STM32U385KGU6, STM32U385RGI6, STM32U385RGI6Q, STM32U385RGT6, STM32U385RGT6Q, STM32U385RGY6GTR, STM32U385RGY6QTR, STM32U385VGI6, STM32U385VGI6Q, STM32U385VGT6, STM32U385VGT6Q, STM32U535CBT6, STM32U535CBT6Q, STM32U535CBU6, STM32U535CBU6Q, STM32U535CCT6, STM32U535CCT6Q, STM32U535CCU6, STM32U535CCU6Q, STM32U535CET6, STM32U535CET6Q, STM32U535CEU6, STM32U535CEU6Q, STM32U535JEY6QTR, STM32U535NCY6QTR, STM32U535NEY6QTR, STM32U535RBI6, STM32U535RBI6Q, STM32U535RBT6, STM32U535RBT6Q, STM32U535RCI6, STM32U535RCI6Q, STM32U535RCT6, STM32U535RCT6Q, STM32U535REI6, STM32U535REI6Q, STM32U535RET6, STM32U535RET6Q, STM32U535VCI6, STM32U535VCI6Q, STM32U535VCT6, STM32U535VCT6Q, STM32U535VEI6, STM32U535VEI6Q, STM32U535VET6, STM32U535VET6Q, STM32U545CET6, STM32U545CET6Q, STM32U545CEU6, STM32U545CEU6Q, STM32U545JEY6QTR, STM32U545NEY6QTR, STM32U545REI6, STM32U545REI6Q, STM32U545RET6, STM32U545RET6Q, STM32U545VEI6, STM32U545VEI6Q, STM32U545VET6, STM32U545VET6Q, STM32U595AIH6, STM32U595AIH6Q, STM32U595AJH6, STM32U595AJH6Q, STM32U595QII6, STM32U595QII6Q, STM32U595QJI6, STM32U595QJI6Q, STM32U595RIT6, STM32U595RIT6Q, STM32U595RJT6, STM32U595RJT6Q, STM32U595VIT6, STM32U595VIT6Q, STM32U595VJT6, STM32U595VJT6Q, STM32U595ZIT6, STM32U595ZIT6Q, STM32U595ZIY6QTR, STM32U595ZJT6, STM32U595ZJT6Q, STM32U595ZJY6QTR, STM32U599BJY6QTR, STM32U599NIH6Q, STM32U599NJH6Q, STM32U599VIT6Q, STM32U599VJT6, STM32U599VJT6Q, STM32U599ZIT6Q, STM32U599ZIY6QTR, STM32U599ZJT6Q, STM32U599ZJY6QTR, STM32U5A5AJH6, STM32U5A5AJH6Q, STM32U5A5QII3Q , STM32U5A5QJI6, STM32U5A5QJI6Q, STM32U5A5RJT6, STM32U5A5RJT6Q, STM32U5A5VJT6, STM32U5A5VJT6Q, STM32U5A5ZJT6, STM32U5A5ZJT6Q, STM32U5A5ZJY6QTR, STM32U5A9BJY6QTR, STM32U5A9J-DK, STM32U5A9NJH6Q, STM32U5A9VJT6Q, STM32U5A9ZJT6Q, STM32U5A9ZJY6QTR, STM32U5F7VIT6, STM32U5F7VIT6Q, STM32U5F7VJT6, STM32U5F7VJT6Q, STM32U5F9BJY6QTR, STM32U5F9NJH6Q, STM32U5F9VIT6Q, STM32U5F9VJT6Q, STM32U5F9ZIJ6QTR, STM32U5F9ZIT6Q, STM32U5F9ZJJ6QTR, STM32U5F9ZJT6Q, STM32U5G7VJT6, STM32U5G7VJT6Q, STM32U5G9BJY6QTR, STM32U5G9J-DK1, STM32U5G9J-DK2, STM32U5G9NJH6Q, STM32U5G9VJT6Q, STM32U5G9ZJJ6QTR, STM32U5G9ZJT6Q, STM32WB05KZV6TR, STM32WB05KZV7TR, STM32WB05TZF6TR, STM32WB05TZF7TR, STM32WB06CCF6TR, STM32WB06CCF7TR, STM32WB06CCV6TR, STM32WB06CCV7TR, STM32WB06KCV6TR, STM32WB06KCV7TR, STM32WB07CCF6TR, STM32WB07CCF7TR, STM32WB07CCV6TR, STM32WB07CCV7TR, STM32WB07KCV6TR, STM32WB07KCV7TR, STM32WB09KEV6TR, STM32WB09KEV7TR, STM32WB09TEF6TR, STM32WB09TEF7TR, STM32WB1MMCH6, STM32WBA50KGU6, STM32WBA50KGU6TR, STM32WBA52CEU6, STM32WBA52CEU6TR, STM32WBA52CEU7, STM32WBA52CEU7TR, STM32WBA52CGU6, STM32WBA52CGU6TR, STM32WBA52CGU6U, STM32WBA52CGU7, STM32WBA52CGU7TR, STM32WBA52KEU6, STM32WBA52KEU6TR, STM32WBA52KGU6, STM32WBA52KGU6TR, STM32WBA54CEU6, STM32WBA54CEU6TR, STM32WBA54CEU7, STM32WBA54CEU7TR, STM32WBA54CGU6, STM32WBA54CGU6TR, STM32WBA54CGU7, STM32WBA54CGU7TR, STM32WBA54KEU6, STM32WBA54KEU6TR, STM32WBA54KEU7, STM32WBA54KEU7TR, STM32WBA54KGU6, STM32WBA54KGU6TR, STM32WBA54KGU7, STM32WBA54KGU7TR, STM32WBA55CEU6, STM32WBA55CEU6TR, STM32WBA55CEU7, STM32WBA55CEU7TR, STM32WBA55CGU6, STM32WBA55CGU6TR, STM32WBA55CGU6U, STM32WBA55CGU7, STM32WBA55CGU7TR, STM32WBA55G-DK1, STM32WBA55HEF6, STM32WBA55HEF7, STM32WBA55HGF6, STM32WBA55HGF7, STM32WBA55UEI6, STM32WBA55UEI6TR, STM32WBA55UEI7, STM32WBA55UEI7TR, STM32WBA55UGI6, STM32WBA55UGI6TR, STM32WBA55UGI7, STM32WBA55UGI7TR, STM32WBA5MJGH6TR, STM32WBA62CGU6, STM32WBA62CIU6, STM32WBA62MGF6, STM32WBA62MIF6, STM32WBA62PGI6, STM32WBA62PII6, STM32WBA63CGU6, STM32WBA63CGU7, STM32WBA63CIU6, STM32WBA63CIU7, STM32WBA64CGU6, STM32WBA64CGU7, STM32WBA64CIU6, STM32WBA64CIU7, STM32WBA65CGU6, STM32WBA65CGU7, STM32WBA65CIU6, STM32WBA65CIU7, STM32WBA65I-DK1, STM32WBA65MGF6, STM32WBA65MGF7, STM32WBA65MIF6, STM32WBA65MIF7, STM32WBA65PGI6, STM32WBA65PGI7, STM32WBA65PII6, STM32WBA65PII7, STM32WBA65RGV6, STM32WBA65RGV7, STM32WBA65RIV6, STM32WBA65RIV7, STM32WL30K8V6, STM32WL30KBV6, STM32WL31C8V6, STM32WL31CBV6, STM32WL31K8V6, STM32WL31KBV6, STM32WL33C8V6, STM32WL33C8V6TR, STM32WL33C8V7, STM32WL33C8V7TR, STM32WL33CBV6, STM32WL33CBV6TR, STM32WL33CBV7, STM32WL33CBV7TR, STM32WL33CCV6, STM32WL33CCV6TR, STM32WL33CCV7, STM32WL33CCV7A, STM32WL33CCV7ATR, STM32WL33CCV7TR, STM32WL33K8V6, STM32WL33K8V6TR, STM32WL33K8V7, STM32WL33K8V7TR, STM32WL33KBV6, STM32WL33KBV6TR, STM32WL33KBV7, STM32WL33KBV7TR, STM32WL33KCV6, STM32WL33KCV6TR, STM32WL33KCV7, STM32WL33KCV7TR, STM32WL5MOCH6, STM32WL5MOCH6TR]
2026-05-11 19:29:49,472 [INFO] DbMcus:218 - Found 4918 MCUs, 4918 are supported
2026-05-11 19:29:49,473 [INFO] ApiDb:423 - Load user favorites file C:\Users\abhil/.stm32cubeide/favorites.mcus.txt: 0 item(s)
2026-05-11 19:29:49,473 [INFO] ApiDb:427 - User favorites MCUs=[]
2026-05-11 19:29:49,474 [INFO] DbMcus:224 - Set 0 / 0 favorites MCUs
2026-05-11 19:29:50,386 [INFO] BoardInfo:889 - No configuration file found for board P-NUCLEO-WB55
2026-05-11 19:29:50,412 [INFO] DbBoards:161 - Kit is not supported: P-NUCLEO-WB55
2026-05-11 19:29:50,421 [INFO] BoardInfo:889 - No configuration file found for board STEVAL-BFA001V1B
2026-05-11 19:29:50,422 [INFO] DbBoards:161 - Kit is not supported: STEVAL-BFA001V1B
2026-05-11 19:29:50,423 [INFO] BoardInfo:889 - No configuration file found for board STEVAL-BFA001V2B
2026-05-11 19:29:50,425 [INFO] DbBoards:161 - Kit is not supported: STEVAL-BFA001V2B
2026-05-11 19:29:50,732 [INFO] BoardInfo:889 - No configuration file found for board STM32MP215F-DK
2026-05-11 19:29:50,734 [INFO] DbBoards:161 - Board is not supported: STM32MP215F-DK
2026-05-11 19:29:50,770 [INFO] DbBoards:168 - Found 212 boards, 208 are supported
2026-05-11 19:29:50,770 [INFO] DbBoards:169 - Found 212 boards, 43 of them is supported for  Bsp
2026-05-11 19:29:50,777 [INFO] ApiDb:423 - Load user favorites file C:\Users\abhil/.stm32cubeide/favorites.boards.txt: 0 item(s)
2026-05-11 19:29:50,779 [INFO] ApiDb:427 - User favorites Boards=[]
2026-05-11 19:29:50,779 [INFO] DbBoards:198 - Set 0 / 0 favorites Boards
2026-05-11 19:29:50,854 [INFO] UtilMem:75 - End LoadConfig() Used Memory: 277198960 Bytes (595591168)
2026-05-11 19:29:51,017 [WARN] ThirdParty:833 - waiting for thirdparty lock release [change project]
2026-05-11 19:29:51,017 [INFO] ThirdParty:835 - entering critical section [change project]
2026-05-11 19:29:51,017 [INFO] ThirdParty:1030 - CMSIS Pack Vendor :STMicroelectronics X-CUBE-AZRTOS-H7 3.5.0
2026-05-11 19:29:51,017 [INFO] ThirdParty:1030 - CMSIS Pack Vendor :STMicroelectronics X-CUBE-PM33A1 1.0.0
2026-05-11 19:29:51,017 [INFO] ThirdParty:1030 - CMSIS Pack Vendor :STMicroelectronics USBPD 4.1
2026-05-11 19:29:51,017 [INFO] ThirdParty:1030 - CMSIS Pack Vendor :STMicroelectronics X-CUBE-GNSS1 6.0.0
2026-05-11 19:29:51,017 [INFO] ThirdParty:1030 - CMSIS Pack Vendor :STMicroelectronics USB_HOST 2.0.0
2026-05-11 19:29:51,017 [INFO] ThirdParty:1030 - CMSIS Pack Vendor :STMicroelectronics FP-SNS-MOTENVWB1 1.4.0
2026-05-11 19:29:51,017 [INFO] ThirdParty:1030 - CMSIS Pack Vendor :STMicroelectronics X-CUBE-AZRTOS-F4 1.1.0
2026-05-11 19:29:51,017 [INFO] ThirdParty:1030 - CMSIS Pack Vendor :STMicroelectronics LIBJPEG 8.0.0
2026-05-11 19:29:51,017 [INFO] ThirdParty:1030 - CMSIS Pack Vendor :STMicroelectronics FP-ATR-ASTRA1 2.0.2
2026-05-11 19:29:51,017 [INFO] ThirdParty:1030 - CMSIS Pack Vendor :STMicroelectronics FP-ATR-ASTRA1 2.0.1
2026-05-11 19:29:51,017 [INFO] ThirdParty:1030 - CMSIS Pack Vendor :Avnet-IotConnect X-CUBE-IoTC-DA16k-PMOD 1.0.0
2026-05-11 19:29:51,017 [INFO] ThirdParty:1030 - CMSIS Pack Vendor :STMicroelectronics X-CUBE-SMBUS 2.1.0
2026-05-11 19:29:51,017 [INFO] ThirdParty:1030 - CMSIS Pack Vendor :STMicroelectronics X-CUBE-WB05N 1.1.0
2026-05-11 19:29:51,017 [INFO] ThirdParty:1030 - CMSIS Pack Vendor :STMicroelectronics X-CUBE-ISPU 2.1.0
2026-05-11 19:29:51,017 [INFO] ThirdParty:1030 - CMSIS Pack Vendor :STMicroelectronics eDS-WB_DPC_TT-BIDIR 2.1.1
2026-05-11 19:29:51,017 [INFO] ThirdParty:1030 - CMSIS Pack Vendor :STMicroelectronics X-CUBE-FREERTOS 1.2.0
2026-05-11 19:29:51,017 [INFO] ThirdParty:1030 - CMSIS Pack Vendor :STMicroelectronics X-CUBE-ST60 1.0.0
2026-05-11 19:29:51,017 [INFO] ThirdParty:1030 - CMSIS Pack Vendor :STMicroelectronics X-CUBE-NFC12 1.0.0
2026-05-11 19:29:51,017 [INFO] ThirdParty:1030 - CMSIS Pack Vendor :STMicroelectronics X-CUBE-BLEMGR 1.2.0
2026-05-11 19:29:51,017 [INFO] ThirdParty:1030 - CMSIS Pack Vendor :STMicroelectronics X-CUBE-TOUCHGFX 4.23.2
2026-05-11 19:29:51,017 [INFO] ThirdParty:1030 - CMSIS Pack Vendor :STMicroelectronics X-CUBE-AZRTOS-F7 1.1.0
2026-05-11 19:29:51,017 [INFO] ThirdParty:1030 - CMSIS Pack Vendor :STMicroelectronics X-CUBE-AZRTOS-L5 2.0.0
2026-05-11 19:29:51,017 [INFO] ThirdParty:1030 - CMSIS Pack Vendor :STMicroelectronics USB_DEVICE 2.0.0
2026-05-11 19:29:51,017 [INFO] ThirdParty:1030 - CMSIS Pack Vendor :STMicroelectronics X-CUBE-NFC6 3.1.0
2026-05-11 19:29:51,017 [INFO] ThirdParty:1030 - CMSIS Pack Vendor :STMicroelectronics X-CUBE-BLE1 6.2.3
2026-05-11 19:29:51,017 [INFO] ThirdParty:1030 - CMSIS Pack Vendor :STMicroelectronics X-CUBE-MEMS1 11.0.0
2026-05-11 19:29:51,017 [INFO] ThirdParty:1030 - CMSIS Pack Vendor :STMicroelectronics X-CUBE-BLE1 6.2.4
2026-05-11 19:29:51,017 [INFO] ThirdParty:1030 - CMSIS Pack Vendor :STMicroelectronics FreeRTOS 0.0.1
2026-05-11 19:29:51,017 [INFO] ThirdParty:1030 - CMSIS Pack Vendor :STMicroelectronics X-CUBE-BLEMGR 2.0.0
2026-05-11 19:29:51,018 [INFO] ThirdParty:1030 - CMSIS Pack Vendor :STMicroelectronics X-CUBE-DPower 1.2.0
2026-05-11 19:29:51,018 [INFO] ThirdParty:1030 - CMSIS Pack Vendor :STMicroelectronics eDS-WB_DPC_VIENNA 1.2.0
2026-05-11 19:29:51,018 [INFO] ThirdParty:1030 - CMSIS Pack Vendor :STMicroelectronics FP-SNS-FLIGHT1 5.0.2
2026-05-11 19:29:51,018 [INFO] ThirdParty:1030 - CMSIS Pack Vendor :STMicroelectronics eDS-WB_DPC_3PH2L-BIDIR 1.1.1
2026-05-11 19:29:51,018 [INFO] ThirdParty:1030 - CMSIS Pack Vendor :STMicroelectronics X-CUBE-NFC4 2.0.4
2026-05-11 19:29:51,018 [INFO] ThirdParty:1030 - CMSIS Pack Vendor :STMicroelectronics X-CUBE-AI 9.0.0
2026-05-11 19:29:51,018 [INFO] ThirdParty:1030 - CMSIS Pack Vendor :STMicroelectronics X-CUBE-AZRTOS-H7 3.1.0
2026-05-11 19:29:51,018 [INFO] ThirdParty:1030 - CMSIS Pack Vendor :STMicroelectronics PDM2PCM 3.3.0
2026-05-11 19:29:51,018 [INFO] ThirdParty:1030 - CMSIS Pack Vendor :STMicroelectronics X-CUBE-TOF1 3.1.0
2026-05-11 19:29:51,018 [INFO] ThirdParty:1030 - CMSIS Pack Vendor :STMicroelectronics X-CUBE-AZRTOS-H7 3.4.0
2026-05-11 19:29:51,018 [INFO] ThirdParty:1030 - CMSIS Pack Vendor :STMicroelectronics X-CUBE-DISPLAY 3.0.0
2026-05-11 19:29:51,018 [INFO] ThirdParty:1030 - CMSIS Pack Vendor :STMicroelectronics X-CUBE-GNSS1 7.1.1
2026-05-11 19:29:51,018 [INFO] ThirdParty:1030 - CMSIS Pack Vendor :STMicroelectronics X-CUBE-BLE1 7.0.0
2026-05-11 19:29:51,018 [INFO] ThirdParty:1030 - CMSIS Pack Vendor :STMicroelectronics X-CUBE-NFC10 1.0.0
2026-05-11 19:29:51,018 [INFO] ThirdParty:1030 - CMSIS Pack Vendor :wolfSSL I-CUBE-wolfSSL 5.5.1
2026-05-11 19:29:51,018 [INFO] ThirdParty:1030 - CMSIS Pack Vendor :STMicroelectronics X-CUBE-BLEMGR 4.0.0
2026-05-11 19:29:51,018 [INFO] ThirdParty:1030 - CMSIS Pack Vendor :STMicroelectronics X-CUBE-FREERTOS 1.3.1
2026-05-11 19:29:51,018 [INFO] ThirdParty:1030 - CMSIS Pack Vendor :STMicroelectronics HAL Drivers 0.0.0
2026-05-11 19:29:51,018 [INFO] ThirdParty:1030 - CMSIS Pack Vendor :STMicroelectronics X-CUBE-ST60 1.1.0
2026-05-11 19:29:51,018 [INFO] ThirdParty:1030 - CMSIS Pack Vendor :STMicroelectronics X-CUBE-FREERTOS 1.3.0
2026-05-11 19:29:51,018 [INFO] ThirdParty:1030 - CMSIS Pack Vendor :STMicroelectronics X-CUBE-NFC7 1.0.1
2026-05-11 19:29:51,018 [INFO] ThirdParty:1030 - CMSIS Pack Vendor :STMicroelectronics MBEDTLS 2.14.1
2026-05-11 19:29:51,018 [INFO] ThirdParty:1030 - CMSIS Pack Vendor :STMicroelectronics X-CUBE-GNSS1 7.1.0
2026-05-11 19:29:51,018 [INFO] ThirdParty:1030 - CMSIS Pack Vendor :STMicroelectronics X-CUBE-NFC7 1.0.0
2026-05-11 19:29:51,018 [INFO] ThirdParty:1030 - CMSIS Pack Vendor :STMicroelectronics X-CUBE-TOUCHGFX 4.26.0
2026-05-11 19:29:51,018 [INFO] ThirdParty:1030 - CMSIS Pack Vendor :STMicroelectronics X-CUBE-MEMS1 9.3.0
2026-05-11 19:29:51,018 [INFO] ThirdParty:1030 - CMSIS Pack Vendor :STMicroelectronics X-CUBE-TOUCHGFX 4.26.1
2026-05-11 19:29:51,018 [INFO] ThirdParty:1030 - CMSIS Pack Vendor :STMicroelectronics X-CUBE-EEPRMA1 4.1.0
2026-05-11 19:29:51,018 [INFO] ThirdParty:1030 - CMSIS Pack Vendor :STMicroelectronics X-CUBE-AI 7.2.0
2026-05-11 19:29:51,018 [INFO] ThirdParty:1030 - CMSIS Pack Vendor :STMicroelectronics X-CUBE-BLEMGR 3.1.0
2026-05-11 19:29:51,018 [INFO] ThirdParty:1030 - CMSIS Pack Vendor :STMicroelectronics X-CUBE-AI 10.0.0
2026-05-11 19:29:51,018 [INFO] ThirdParty:1030 - CMSIS Pack Vendor :STMicroelectronics FP-SNS-STAIOTCFT 1.0.0
2026-05-11 19:29:51,018 [INFO] ThirdParty:1030 - CMSIS Pack Vendor :STMicroelectronics FP-SNS-SMARTAG2 1.2.0
2026-05-11 19:29:51,019 [INFO] ThirdParty:1030 - CMSIS Pack Vendor :STMicroelectronics FP-SNS-FLIGHT1 5.1.0
2026-05-11 19:29:51,019 [INFO] ThirdParty:1030 - CMSIS Pack Vendor :STMicroelectronics X-CUBE-MEMS1 11.1.0
2026-05-11 19:29:51,019 [INFO] ThirdParty:1030 - CMSIS Pack Vendor :STMicroelectronics X-CUBE-AZRTOS-WL 2.0.0
2026-05-11 19:29:51,019 [INFO] ThirdParty:1030 - CMSIS Pack Vendor :STMicroelectronics X-CUBE-DPower 1.3.0
2026-05-11 19:29:51,019 [INFO] ThirdParty:1030 - CMSIS Pack Vendor :STMicroelectronics FP-SNS-MOTENV1 5.0.0
2026-05-11 19:29:51,019 [INFO] ThirdParty:1030 - CMSIS Pack Vendor :STMicroelectronics USB_DEVICE 1.0.0
2026-05-11 19:29:51,019 [INFO] ThirdParty:1030 - CMSIS Pack Vendor :STMicroelectronics X-CUBE-AZRTOS-H7RS 1.2.0
2026-05-11 19:29:51,019 [INFO] ThirdParty:1030 - CMSIS Pack Vendor :wolfSSL I-CUBE-wolfMQTT 1.19.0
2026-05-11 19:29:51,019 [INFO] ThirdParty:1030 - CMSIS Pack Vendor :STMicroelectronics X-CUBE-AZRTOS-L4 2.0.0
2026-05-11 19:29:51,019 [INFO] ThirdParty:1030 - CMSIS Pack Vendor :STMicroelectronics ThreadX 0.0.2
2026-05-11 19:29:51,019 [INFO] ThirdParty:1030 - CMSIS Pack Vendor :WES I-CUBE-Cesium 1.3.0
2026-05-11 19:29:51,019 [INFO] ThirdParty:1030 - CMSIS Pack Vendor :STMicroelectronics lwIP 2.1.2
2026-05-11 19:29:51,019 [INFO] ThirdParty:1030 - CMSIS Pack Vendor :STMicroelectronics X-CUBE-SFXS2LP1 4.0.0
2026-05-11 19:29:51,019 [INFO] ThirdParty:1030 - CMSIS Pack Vendor :STMicroelectronics X-CUBE-BLE2 3.3.0
2026-05-11 19:29:51,019 [INFO] ThirdParty:1030 - CMSIS Pack Vendor :Avnet-IOTCONNECT X-CUBE-iotc-st67-sdk 1.0.0
2026-05-11 19:29:51,019 [INFO] ThirdParty:1030 - CMSIS Pack Vendor :STMicroelectronics X-CUBE-DISPLAY 2.2.0
2026-05-11 19:29:51,020 [INFO] ThirdParty:1030 - CMSIS Pack Vendor :STMicroelectronics X-CUBE-TOF1 3.2.0
2026-05-11 19:29:51,020 [INFO] ThirdParty:1030 - CMSIS Pack Vendor :STMicroelectronics PDM2PCM 3.2.0
2026-05-11 19:29:51,020 [INFO] ThirdParty:1030 - CMSIS Pack Vendor :STMicroelectronics X-CUBE-ISPU 1.0.0
2026-05-11 19:29:51,020 [INFO] ThirdParty:1030 - CMSIS Pack Vendor :STMicroelectronics X-CUBE-WB05N 2.1.0
2026-05-11 19:29:51,020 [INFO] ThirdParty:1030 - CMSIS Pack Vendor :STMicroelectronics X-CUBE-ISPU 1.1.0
2026-05-11 19:29:51,020 [INFO] ThirdParty:1030 - CMSIS Pack Vendor :STMicroelectronics X-CUBE-AZRTOS-H7 3.3.0
2026-05-11 19:29:51,020 [INFO] ThirdParty:1030 - CMSIS Pack Vendor :RoweBots I-CUBE-UNISONRTOS 5.5.0-4
2026-05-11 19:29:51,020 [INFO] ThirdParty:1030 - CMSIS Pack Vendor :STMicroelectronics X-CUBE-NFC9 1.0.0
2026-05-11 19:29:51,020 [INFO] ThirdParty:1030 - CMSIS Pack Vendor :STMicroelectronics X-CUBE-AZRTOS-H7 2.1.0
2026-05-11 19:29:51,020 [INFO] ThirdParty:1030 - CMSIS Pack Vendor :STMicroelectronics X-CUBE-BLE1 7.1.0
2026-05-11 19:29:51,020 [INFO] ThirdParty:1030 - CMSIS Pack Vendor :STMicroelectronics USB_DEVICE 3.0.0
2026-05-11 19:29:51,020 [INFO] ThirdParty:1030 - CMSIS Pack Vendor :STMicroelectronics X-CUBE-TCPP 4.1.0
2026-05-11 19:29:51,020 [INFO] ThirdParty:1030 - CMSIS Pack Vendor :STMicroelectronics X-CUBE-EEPRMA1 5.2.0
2026-05-11 19:29:51,020 [INFO] ThirdParty:1030 - CMSIS Pack Vendor :STMicroelectronics X-CUBE-BLEMGR 4.1.0
2026-05-11 19:29:51,020 [INFO] ThirdParty:1030 - CMSIS Pack Vendor :STMicroelectronics X-CUBE-AI 8.0.0
2026-05-11 19:29:51,020 [INFO] ThirdParty:1030 - CMSIS Pack Vendor :STMicroelectronics X-CUBE-IPS 3.0.0
2026-05-11 19:29:51,020 [INFO] ThirdParty:1030 - CMSIS Pack Vendor :STMicroelectronics X-CUBE-AZRTOS-WB 2.0.0
2026-05-11 19:29:51,020 [INFO] ThirdParty:1030 - CMSIS Pack Vendor :STMicroelectronics X-CUBE-FREERTOS 1.0.1
2026-05-11 19:29:51,020 [INFO] ThirdParty:1030 - CMSIS Pack Vendor :STMicroelectronics X-CUBE-GNSS1 7.0.0
2026-05-11 19:29:51,020 [INFO] ThirdParty:1030 - CMSIS Pack Vendor :STMicroelectronics X-CUBE-GNSS1 7.0.1
2026-05-11 19:29:51,020 [INFO] ThirdParty:1030 - CMSIS Pack Vendor :STMicroelectronics X-CUBE-TOUCHGFX 4.21.3
2026-05-11 19:29:51,020 [INFO] ThirdParty:1030 - CMSIS Pack Vendor :STMicroelectronics X-CUBE-TOUCHGFX 4.25.0
2026-05-11 19:29:51,020 [INFO] ThirdParty:1030 - CMSIS Pack Vendor :STMicroelectronics X-CUBE-AI 7.3.0
2026-05-11 19:29:51,020 [INFO] ThirdParty:1030 - CMSIS Pack Vendor :STMicroelectronics X-CUBE-AI 10.1.0
2026-05-11 19:29:51,020 [INFO] ThirdParty:1030 - CMSIS Pack Vendor :STMicroelectronics FP-SNS-STBOX1 2.0.0
2026-05-11 19:29:51,020 [INFO] ThirdParty:1030 - CMSIS Pack Vendor :STMicroelectronics X-CUBE-MEMS1 12.0.0
2026-05-11 19:29:51,020 [INFO] ThirdParty:1030 - CMSIS Pack Vendor :STMicroelectronics X-CUBE-ALGOBUILD 1.3.0
2026-05-11 19:29:51,020 [INFO] ThirdParty:1030 - CMSIS Pack Vendor :STMicroelectronics X-CUBE-STSE01 2.0.0
2026-05-11 19:29:51,020 [INFO] ThirdParty:1030 - CMSIS Pack Vendor :STMicroelectronics X-CUBE-AZRTOS-L5 1.1.0
2026-05-11 19:29:51,020 [INFO] ThirdParty:1030 - CMSIS Pack Vendor :STMicroelectronics X-CUBE-MEMS1 11.2.0
2026-05-11 19:29:51,020 [INFO] ThirdParty:1030 - CMSIS Pack Vendor :STMicroelectronics X-CUBE-AZRTOS-G0 1.1.0
2026-05-11 19:29:51,020 [INFO] ThirdParty:1030 - CMSIS Pack Vendor :STMicroelectronics X-CUBE-SAFEA1 1.2.2
2026-05-11 19:29:51,020 [INFO] ThirdParty:1030 - CMSIS Pack Vendor :STMicroelectronics X-CUBE-NFC4 3.0.0
2026-05-11 19:29:51,020 [INFO] ThirdParty:1030 - CMSIS Pack Vendor :STMicroelectronics X-CUBE-SUBG2 5.0.0
2026-05-11 19:29:51,020 [INFO] ThirdParty:1030 - CMSIS Pack Vendor :STMicroelectronics X-CUBE-AZRTOS-H7RS 1.1.0
2026-05-11 19:29:51,021 [INFO] ThirdParty:1030 - CMSIS Pack Vendor :STMicroelectronics STM32_WPAN 1.0.0
2026-05-11 19:29:51,021 [INFO] ThirdParty:1030 - CMSIS Pack Vendor :SEGGER I-CUBE-embOS 1.2.1
2026-05-11 19:29:51,021 [INFO] ThirdParty:1030 - CMSIS Pack Vendor :wolfSSL I-CUBE-wolfMQTT 1.18.0
2026-05-11 19:29:51,021 [INFO] ThirdParty:1030 - CMSIS Pack Vendor :EmbeddedOffice I-CUBE-FS-RTOS 1.0.1
2026-05-11 19:29:51,021 [INFO] ThirdParty:1030 - CMSIS Pack Vendor :STMicroelectronics lwIP 2.0.3
2026-05-11 19:29:51,021 [INFO] ThirdParty:1030 - CMSIS Pack Vendor :Cesanta I-CUBE-Mongoose 7.13.0
2026-05-11 19:29:51,021 [INFO] ThirdParty:1030 - CMSIS Pack Vendor :STMicroelectronics USB_HOST 1.0.0
2026-05-11 19:29:51,021 [INFO] ThirdParty:1030 - CMSIS Pack Vendor :STMicroelectronics X-CUBE-AZRTOS-G4 2.0.0
2026-05-11 19:29:51,021 [INFO] ThirdParty:1030 - CMSIS Pack Vendor :STMicroelectronics X-CUBE-WB05N 2.0.0
2026-05-11 19:29:51,021 [INFO] ThirdParty:1030 - CMSIS Pack Vendor :STMicroelectronics PDM2PCM 3.1.0
2026-05-11 19:29:51,021 [INFO] ThirdParty:1030 - CMSIS Pack Vendor :STMicroelectronics X-CUBE-TOF1 3.3.0
2026-05-11 19:29:51,021 [INFO] ThirdParty:1030 - CMSIS Pack Vendor :STMicroelectronics FP-ATR-ASTRA1 1.1.1
2026-05-11 19:29:51,021 [INFO] ThirdParty:1030 - CMSIS Pack Vendor :STMicroelectronics X-CUBE-NFC7 2.0.0
2026-05-11 19:29:51,021 [INFO] ThirdParty:1030 - CMSIS Pack Vendor :STMicroelectronics X-CUBE-TCPP 4.2.0
2026-05-11 19:29:51,021 [INFO] ThirdParty:1030 - CMSIS Pack Vendor :RealThread X-CUBE-RT-Thread_Nano 4.1.1
2026-05-11 19:29:51,021 [INFO] ThirdParty:1030 - CMSIS Pack Vendor :STMicroelectronics FP-ATR-SIGFOX1 3.2.0
2026-05-11 19:29:51,021 [INFO] ThirdParty:1030 - CMSIS Pack Vendor :STMicroelectronics X-CUBE-AZRTOS-G4 1.0.0
2026-05-11 19:29:51,021 [INFO] ThirdParty:1030 - CMSIS Pack Vendor :STMicroelectronics X-CUBE-AZRTOS-L4 1.0.0
2026-05-11 19:29:51,021 [INFO] ThirdParty:1030 - CMSIS Pack Vendor :quantropi X-CUBE-qispace-sdk-base 1.9.3
2026-05-11 19:29:51,021 [INFO] ThirdParty:1030 - CMSIS Pack Vendor :STMicroelectronics X-CUBE-ISPU 2.0.0
2026-05-11 19:29:51,021 [INFO] ThirdParty:1030 - CMSIS Pack Vendor :STMicroelectronics X-CUBE-EEPRMA1 5.1.0
2026-05-11 19:29:51,021 [INFO] ThirdParty:1030 - CMSIS Pack Vendor :STMicroelectronics MBEDTLS 2.16.2
2026-05-11 19:29:51,021 [INFO] ThirdParty:1030 - CMSIS Pack Vendor :STMicroelectronics X-CUBE-IPS 3.1.0
2026-05-11 19:29:51,021 [INFO] ThirdParty:1030 - CMSIS Pack Vendor :STMicroelectronics X-CUBE-ALS 1.0.2
2026-05-11 19:29:51,021 [INFO] ThirdParty:1030 - CMSIS Pack Vendor :emotas I-CUBE-CANOPEN 1.1.2
2026-05-11 19:29:51,021 [INFO] ThirdParty:1030 - CMSIS Pack Vendor :STMicroelectronics X-CUBE-TOUCHGFX 4.20.0
2026-05-11 19:29:51,021 [INFO] ThirdParty:1030 - CMSIS Pack Vendor :STMicroelectronics X-CUBE-MEMS1 10.0.0
2026-05-11 19:29:51,021 [INFO] ThirdParty:1030 - CMSIS Pack Vendor :ITTIA_DB I-CUBE-ITTIADB 8.9.0
2026-05-11 19:29:51,021 [INFO] ThirdParty:1030 - CMSIS Pack Vendor :STMicroelectronics X-CUBE-TOUCHGFX 4.24.2
2026-05-11 19:29:51,021 [INFO] ThirdParty:1030 - CMSIS Pack Vendor :STMicroelectronics X-CUBE-AZRTOS-WL 1.0.0
2026-05-11 19:29:51,021 [INFO] ThirdParty:1030 - CMSIS Pack Vendor :STMicroelectronics X-CUBE-TOUCHGFX 4.24.1
2026-05-11 19:29:51,021 [INFO] ThirdParty:1030 - CMSIS Pack Vendor :STMicroelectronics X-CUBE-STSE01 1.0.0
2026-05-11 19:29:51,021 [INFO] ThirdParty:1030 - CMSIS Pack Vendor :wolfSSL I-CUBE-wolfTPM 3.4.0
2026-05-11 19:29:51,021 [INFO] ThirdParty:1030 - CMSIS Pack Vendor :portGmbH I-Cube-SoM-uGOAL 1.1.0
2026-05-11 19:29:51,021 [INFO] ThirdParty:1030 - CMSIS Pack Vendor :STMicroelectronics X-CUBE-ALS 1.0.1
2026-05-11 19:29:51,021 [INFO] ThirdParty:1030 - CMSIS Pack Vendor :STMicroelectronics X-CUBE-NFC6 3.2.0
2026-05-11 19:29:51,021 [INFO] ThirdParty:1030 - CMSIS Pack Vendor :STMicroelectronics X-CUBE-MEMS1 9.5.0
2026-05-11 19:29:51,021 [INFO] ThirdParty:1030 - CMSIS Pack Vendor :STMicroelectronics X-CUBE-ST67W61 1.0.0
2026-05-11 19:29:51,021 [INFO] ThirdParty:1030 - CMSIS Pack Vendor :STMicroelectronics X-CUBE-AI 10.2.0
2026-05-11 19:29:51,021 [INFO] ThirdParty:1030 - CMSIS Pack Vendor :STMicroelectronics ThreadX 1.0.0
2026-05-11 19:29:51,021 [INFO] ThirdParty:1030 - CMSIS Pack Vendor :STMicroelectronics X-CUBE-MEMS1 12.1.0
2026-05-11 19:29:51,021 [INFO] ThirdParty:1030 - CMSIS Pack Vendor :STMicroelectronics X-CUBE-AZRTOS-WB 1.1.0
2026-05-11 19:29:51,021 [INFO] ThirdParty:1030 - CMSIS Pack Vendor :SEGGER I-CUBE-embOS 1.3.1
2026-05-11 19:29:51,021 [INFO] ThirdParty:1030 - CMSIS Pack Vendor :STMicroelectronics X-CUBE-ALGOBUILD 1.4.0
2026-05-11 19:29:51,021 [INFO] ThirdParty:1030 - CMSIS Pack Vendor :STMicroelectronics X-CUBE-MEMS1 11.3.0
2026-05-11 19:29:51,021 [INFO] ThirdParty:1030 - CMSIS Pack Vendor :STMicroelectronics X-CUBE-AZRTOS-L5 1.0.0
2026-05-11 19:29:51,021 [INFO] ThirdParty:1030 - CMSIS Pack Vendor :STMicroelectronics X-CUBE-EEPRMA1 3.1.1
2026-05-11 19:29:51,021 [INFO] ThirdParty:1030 - CMSIS Pack Vendor :STMicroelectronics X-CUBE-AZRTOS-H7RS 1.0.0
2026-05-11 19:29:51,021 [INFO] ThirdParty:1030 - CMSIS Pack Vendor :STMicroelectronics FP-ATR-ASTRA1 2.0.0
2026-05-11 19:29:51,021 [INFO] ThirdParty:1030 - CMSIS Pack Vendor :STMicroelectronics X-CUBE-TOF1 3.4.2
2026-05-11 19:29:51,022 [INFO] ThirdParty:1030 - CMSIS Pack Vendor :STMicroelectronics X-CUBE-TOF1 3.4.3
2026-05-11 19:29:51,022 [INFO] ThirdParty:1030 - CMSIS Pack Vendor :STMicroelectronics X-CUBE-AI 9.1.0
2026-05-11 19:29:51,022 [INFO] ThirdParty:1030 - CMSIS Pack Vendor :STMicroelectronics X-CUBE-TOF1 3.4.1
2026-05-11 19:29:51,022 [INFO] ThirdParty:1030 - CMSIS Pack Vendor :STMicroelectronics X-CUBE-AZRTOS-H7 3.2.0
2026-05-11 19:29:51,022 [INFO] ThirdParty:1030 - CMSIS Pack Vendor :Infineon AIROC-Wi-Fi-Bluetooth-STM32 1.6.0
2026-05-11 19:29:51,022 [INFO] ThirdParty:1030 - CMSIS Pack Vendor :wolfSSL I-CUBE-wolfSSH 1.4.17
2026-05-11 19:29:51,022 [INFO] ThirdParty:841 - exiting critical section [change project]
2026-05-11 19:29:51,432 [INFO] PinOutPanel:1589 - setPackage(No Configuration,No Configuration)
2026-05-11 19:29:51,434 [INFO] PinOutPanel:1589 - setPackage(STM32F411CEUx,UFQFPN48)
2026-05-11 19:29:51,894 [INFO] UtilMem:75 - Before build in PCC Used Memory: 463531808 Bytes (595591168)
2026-05-11 19:29:52,672 [INFO] UtilMem:75 - After build in PCC Used Memory: 293798056 Bytes (595591168)
2026-05-11 19:29:52,702 [INFO] IPUIPlugin:80 - create IPUIPlugin
2026-05-11 19:29:52,702 [INFO] IPUIPlugin:80 - create IPUIPlugin
2026-05-11 19:29:52,702 [INFO] IPUIPlugin:80 - create IPUIPlugin
2026-05-11 19:29:52,702 [INFO] IPUIPlugin:80 - create IPUIPlugin
2026-05-11 19:29:52,702 [INFO] IPUIPlugin:80 - create IPUIPlugin
2026-05-11 19:29:52,702 [INFO] IPUIPlugin:80 - create IPUIPlugin
2026-05-11 19:29:52,703 [INFO] IPUIPlugin:80 - create IPUIPlugin
2026-05-11 19:29:52,703 [INFO] IPUIPlugin:80 - create IPUIPlugin
2026-05-11 19:29:52,703 [INFO] IPUIPlugin:80 - create IPUIPlugin
2026-05-11 19:29:52,703 [INFO] IPUIPlugin:80 - create IPUIPlugin
2026-05-11 19:29:52,703 [INFO] IPUIPlugin:80 - create IPUIPlugin
2026-05-11 19:29:52,703 [INFO] IPUIPlugin:80 - create IPUIPlugin
2026-05-11 19:29:52,703 [INFO] IPUIPlugin:80 - create IPUIPlugin
2026-05-11 19:29:52,703 [INFO] IPUIPlugin:80 - create IPUIPlugin
2026-05-11 19:29:52,703 [INFO] IPUIPlugin:80 - create IPUIPlugin
2026-05-11 19:29:52,704 [INFO] IPUIPlugin:80 - create IPUIPlugin
2026-05-11 19:29:52,704 [INFO] IPUIPlugin:80 - create IPUIPlugin
2026-05-11 19:29:52,704 [INFO] IPUIPlugin:80 - create IPUIPlugin
2026-05-11 19:29:52,704 [INFO] IPUIPlugin:80 - create IPUIPlugin
2026-05-11 19:29:52,704 [INFO] IPUIPlugin:80 - create IPUIPlugin
2026-05-11 19:29:52,704 [INFO] IPUIPlugin:80 - create IPUIPlugin
2026-05-11 19:29:52,704 [INFO] IPUIPlugin:80 - create IPUIPlugin
2026-05-11 19:29:52,705 [INFO] IPUIPlugin:80 - create IPUIPlugin
2026-05-11 19:29:52,705 [INFO] IPUIPlugin:80 - create IPUIPlugin
2026-05-11 19:29:52,705 [INFO] IPUIPlugin:80 - create IPUIPlugin
2026-05-11 19:29:52,705 [INFO] IPUIPlugin:80 - create IPUIPlugin
2026-05-11 19:29:52,705 [INFO] IPUIPlugin:80 - create IPUIPlugin
2026-05-11 19:29:52,705 [INFO] IPUIPlugin:80 - create IPUIPlugin
2026-05-11 19:29:52,705 [INFO] IPUIPlugin:80 - create IPUIPlugin
2026-05-11 19:29:52,707 [INFO] IPUIPlugin:80 - create IPUIPlugin
2026-05-11 19:29:52,707 [INFO] IPUIPlugin:80 - create IPUIPlugin
2026-05-11 19:29:52,707 [INFO] IPUIPlugin:80 - create IPUIPlugin
2026-05-11 19:29:52,707 [INFO] IPUIPlugin:80 - create IPUIPlugin
2026-05-11 19:29:52,707 [INFO] IPUIPlugin:80 - create IPUIPlugin
2026-05-11 19:29:52,707 [INFO] IPUIPlugin:80 - create IPUIPlugin
2026-05-11 19:29:52,707 [INFO] IPUIPlugin:80 - create IPUIPlugin
2026-05-11 19:29:52,708 [INFO] IPUIPlugin:80 - create IPUIPlugin
2026-05-11 19:29:52,708 [INFO] IPUIPlugin:80 - create IPUIPlugin
2026-05-11 19:29:52,708 [INFO] IPUIPlugin:80 - create IPUIPlugin
2026-05-11 19:29:52,708 [INFO] IPUIPlugin:80 - create IPUIPlugin
2026-05-11 19:29:52,708 [INFO] IPUIPlugin:80 - create IPUIPlugin
2026-05-11 19:29:52,709 [INFO] IPUIPlugin:80 - create IPUIPlugin
2026-05-11 19:29:52,709 [INFO] IPUIPlugin:80 - create IPUIPlugin
2026-05-11 19:29:52,787 [INFO] ApiDbMcu:508 - Load IP Config File for PDM2PCM
2026-05-11 19:29:52,801 [INFO] I2sManager:658 - 1.1875E8
2026-05-11 19:29:52,802 [INFO] I2sManager:195 - I2S Clock Value : 1.1875E8
2026-05-11 19:29:52,804 [INFO] I2sManager:553 - AudioClock : 31990Divider : 58Odd : 0
2026-05-11 19:29:53,027 [INFO] CADModel:165 - CPN selected for project levelSTM32F411CEU6
2026-05-11 19:29:53,027 [INFO] CADModel:114 - Register for checkConnection events
2026-05-11 19:29:53,097 [INFO] OpenFileManager:385 - Restore cursor
2026-05-11 19:30:03,975 [INFO] I2sManager:658 - 1.1875E8
2026-05-11 19:30:03,975 [INFO] I2sManager:195 - I2S Clock Value : 1.1875E8
2026-05-11 19:30:03,975 [INFO] I2sManager:553 - AudioClock : 31990Divider : 58Odd : 0
2026-05-11 19:30:18,307 [INFO] ADCParametersView:116 -                Rank 1 : false
2026-05-11 19:30:18,308 [INFO] ADCParametersView:116 -                Rank 1 : false
2026-05-11 19:30:18,308 [INFO] ADCParametersView:116 -                Rank 2 : false
2026-05-11 19:30:18,310 [INFO] ADCParametersView:116 -                Rank 1 : false
2026-05-11 19:30:18,310 [INFO] ADCParametersView:116 -                Rank 2 : false
2026-05-11 19:30:18,310 [INFO] ADCParametersView:116 -                Rank 3 : false
2026-05-11 19:30:18,311 [INFO] ADCParametersView:116 -                Rank 1 : false
2026-05-11 19:30:18,311 [INFO] ADCParametersView:116 -                Rank 2 : false
2026-05-11 19:30:18,311 [INFO] ADCParametersView:116 -                Rank 3 : false
2026-05-11 19:30:18,311 [INFO] ADCParametersView:116 -                Rank 4 : false
2026-05-11 19:30:18,362 [INFO] ADCParametersView:116 -                Rank 1 : false
2026-05-11 19:30:18,362 [INFO] ADCParametersView:116 -                Rank 2 : false
2026-05-11 19:30:18,362 [INFO] ADCParametersView:116 -                Rank 3 : false
2026-05-11 19:30:18,362 [INFO] ADCParametersView:116 -                Rank 4 : false
2026-05-11 19:30:18,362 [INFO] ADCParametersView:116 -                Rank 1 : false
2026-05-11 19:30:18,363 [INFO] ADCParametersView:116 -                Rank 2 : false
2026-05-11 19:30:18,363 [INFO] ADCParametersView:116 -                Rank 3 : false
2026-05-11 19:30:18,363 [INFO] ADCParametersView:116 -                Rank 4 : false
2026-05-11 19:30:18,363 [INFO] ADCParametersView:116 -                Rank 1 : false
2026-05-11 19:30:18,363 [INFO] ADCParametersView:116 -                Rank 2 : false
2026-05-11 19:30:18,363 [INFO] ADCParametersView:116 -                Rank 3 : false
2026-05-11 19:30:18,363 [INFO] ADCParametersView:116 -                Rank 4 : false
2026-05-11 19:30:18,363 [INFO] ADCParametersView:116 -                Rank 1 : false
2026-05-11 19:30:18,363 [INFO] ADCParametersView:116 -                Rank 2 : false
2026-05-11 19:30:18,363 [INFO] ADCParametersView:116 -                Rank 3 : false
2026-05-11 19:30:18,363 [INFO] ADCParametersView:116 -                Rank 4 : false
2026-05-11 19:30:18,363 [INFO] ADCParametersView:116 -                Rank 1 : false
2026-05-11 19:30:18,363 [INFO] ADCParametersView:116 -                Rank 2 : false
2026-05-11 19:30:18,363 [INFO] ADCParametersView:116 -                Rank 3 : false
2026-05-11 19:30:18,363 [INFO] ADCParametersView:116 -                Rank 4 : false
2026-05-11 19:30:18,364 [INFO] ADCParametersView:116 -                Rank 1 : false
2026-05-11 19:30:18,364 [INFO] ADCParametersView:116 -                Rank 2 : false
2026-05-11 19:30:18,364 [INFO] ADCParametersView:116 -                Rank 3 : false
2026-05-11 19:30:18,364 [INFO] ADCParametersView:116 -                Rank 4 : false
2026-05-11 19:30:18,364 [INFO] ADCParametersView:116 -                Rank 1 : false
2026-05-11 19:30:18,364 [INFO] ADCParametersView:116 -                Rank 2 : false
2026-05-11 19:30:18,364 [INFO] ADCParametersView:116 -                Rank 3 : false
2026-05-11 19:30:18,364 [INFO] ADCParametersView:116 -                Rank 4 : false
2026-05-11 19:30:18,364 [INFO] ADCParametersView:116 -                Rank 1 : false
2026-05-11 19:30:18,364 [INFO] ADCParametersView:116 -                Rank 2 : false
2026-05-11 19:30:18,364 [INFO] ADCParametersView:116 -                Rank 3 : false
2026-05-11 19:30:18,364 [INFO] ADCParametersView:116 -                Rank 4 : false
2026-05-11 19:30:18,364 [INFO] ADCParametersView:116 -                Rank 1 : false
2026-05-11 19:30:18,364 [INFO] ADCParametersView:116 -                Rank 2 : false
2026-05-11 19:30:18,364 [INFO] ADCParametersView:116 -                Rank 3 : false
2026-05-11 19:30:18,364 [INFO] ADCParametersView:116 -                Rank 4 : false
2026-05-11 19:30:18,364 [INFO] ADCParametersView:116 -                Rank 1 : false
2026-05-11 19:30:18,364 [INFO] ADCParametersView:116 -                Rank 2 : false
2026-05-11 19:30:18,364 [INFO] ADCParametersView:116 -                Rank 3 : false
2026-05-11 19:30:18,364 [INFO] ADCParametersView:116 -                Rank 4 : false
2026-05-11 19:30:18,365 [INFO] ADCParametersView:116 -                Rank 1 : false
2026-05-11 19:30:18,365 [INFO] ADCParametersView:116 -                Rank 2 : false
2026-05-11 19:30:18,365 [INFO] ADCParametersView:116 -                Rank 3 : false
2026-05-11 19:30:18,365 [INFO] ADCParametersView:116 -                Rank 4 : false
2026-05-11 19:30:18,365 [INFO] ADCParametersView:116 -                Rank 1 : false
2026-05-11 19:30:18,365 [INFO] ADCParametersView:116 -                Rank 2 : false
2026-05-11 19:30:18,365 [INFO] ADCParametersView:116 -                Rank 3 : false
2026-05-11 19:30:18,365 [INFO] ADCParametersView:116 -                Rank 4 : false
2026-05-11 19:30:18,365 [INFO] ADCParametersView:116 -                Rank 1 : false
2026-05-11 19:30:18,365 [INFO] ADCParametersView:116 -                Rank 2 : false
2026-05-11 19:30:18,365 [INFO] ADCParametersView:116 -                Rank 3 : false
2026-05-11 19:30:18,365 [INFO] ADCParametersView:116 -                Rank 4 : false
2026-05-11 19:30:18,365 [INFO] ADCParametersView:116 -                Rank 1 : false
2026-05-11 19:30:18,365 [INFO] ADCParametersView:116 -                Rank 2 : false
2026-05-11 19:30:18,365 [INFO] ADCParametersView:116 -                Rank 3 : false
2026-05-11 19:30:18,365 [INFO] ADCParametersView:116 -                Rank 4 : false
2026-05-11 19:30:18,365 [INFO] ADCParametersView:116 -                Rank 2 : false
2026-05-11 19:30:18,365 [INFO] ADCParametersView:116 -                Rank 3 : false
2026-05-11 19:30:18,365 [INFO] ADCParametersView:116 -                Rank 4 : false
2026-05-11 19:30:18,365 [INFO] ADCParametersView:116 -                Rank 3 : false
2026-05-11 19:30:18,365 [INFO] ADCParametersView:116 -                Rank 4 : false
2026-05-11 19:30:18,366 [INFO] ADCParametersView:116 -                Rank 4 : false
2026-05-11 19:30:18,389 [INFO] ADCParametersView:116 -                Rank 1 : false
2026-05-11 19:30:18,389 [INFO] ADCParametersView:116 -                Rank 1 : false
2026-05-11 19:30:18,389 [INFO] ADCParametersView:116 -                Rank 2 : false
2026-05-11 19:30:18,390 [INFO] ADCParametersView:116 -                Rank 1 : false
2026-05-11 19:30:18,390 [INFO] ADCParametersView:116 -                Rank 2 : false
2026-05-11 19:30:18,390 [INFO] ADCParametersView:116 -                Rank 3 : false
2026-05-11 19:30:18,390 [INFO] ADCParametersView:116 -                Rank 1 : false
2026-05-11 19:30:18,390 [INFO] ADCParametersView:116 -                Rank 2 : false
2026-05-11 19:30:18,390 [INFO] ADCParametersView:116 -                Rank 3 : false
2026-05-11 19:30:18,390 [INFO] ADCParametersView:116 -                Rank 4 : false
2026-05-11 19:30:50,720 [INFO] I2sManager:658 - 1.1875E8
2026-05-11 19:30:50,721 [INFO] I2sManager:195 - I2S Clock Value : 1.1875E8
2026-05-11 19:30:50,721 [INFO] I2sManager:553 - AudioClock : 31990Divider : 58Odd : 0
2026-05-11 19:30:56,502 [INFO] NvicIntPanel:101 - NVIC parent = com.st.microxplorer.plugins.ip.nvic.MultiNvicIntPanel[,0,0,526x393,layout=javax.swing.BoxLayout,alignmentX=0.0,alignmentY=0.0,border=,flags=9,maximumSize=,minimumSize=,preferredSize=]
2026-05-11 19:56:24,431 [INFO] MainUpdater:2872 - connection check result : 10
2026-05-11 19:56:24,431 [INFO] MainUpdater:2872 - connection check result : 10
2026-05-11 19:56:24,447 [INFO] I2sManager:658 - 1.1875E8
2026-05-11 19:56:24,447 [INFO] I2sManager:195 - I2S Clock Value : 1.1875E8
2026-05-11 19:56:24,448 [INFO] I2sManager:553 - AudioClock : 31990Divider : 58Odd : 0
2026-05-11 19:56:24,450 [INFO] MicroXplorer:468 - Change Database Path : 
2026-05-11 19:56:24,450 [INFO] MicroXplorer:498 - Change Database Version : DB.6.0.141
2026-05-11 19:56:24,468 [ERROR] ProjectManagerView:395 - 
java.lang.NullPointerException: Cannot invoke "javax.swing.JTextField.getText()" because the return value of "java.util.List.get(int)" is null
	at com.st.microxplorer.plugins.projectmanager.gui.ProjectChoiceTab$9.caretUpdate(ProjectChoiceTab.java:2678) ~[filemanager.jar:?]
	at javax.swing.text.JTextComponent.fireCaretUpdate(JTextComponent.java:408) ~[?:?]
	at javax.swing.text.JTextComponent$MutableCaretEvent.fire(JTextComponent.java:4484) ~[?:?]
	at javax.swing.text.JTextComponent$MutableCaretEvent.stateChanged(JTextComponent.java:4506) ~[?:?]
	at javax.swing.text.DefaultCaret.fireStateChanged(DefaultCaret.java:857) ~[?:?]
	at javax.swing.text.DefaultCaret.changeCaretPosition(DefaultCaret.java:1343) ~[?:?]
	at javax.swing.text.DefaultCaret.handleSetDot(DefaultCaret.java:1242) ~[?:?]
	at javax.swing.text.DefaultCaret.setDot(DefaultCaret.java:1223) ~[?:?]
	at javax.swing.text.DefaultCaret$Handler.insertUpdate(DefaultCaret.java:1819) ~[?:?]
	at javax.swing.text.AbstractDocument.fireInsertUpdate(AbstractDocument.java:227) ~[?:?]
	at javax.swing.text.AbstractDocument.handleInsertString(AbstractDocument.java:781) ~[?:?]
	at javax.swing.text.AbstractDocument.insertString(AbstractDocument.java:740) ~[?:?]
	at javax.swing.text.PlainDocument.insertString(PlainDocument.java:131) ~[?:?]
	at javax.swing.text.AbstractDocument.replace(AbstractDocument.java:699) ~[?:?]
	at javax.swing.text.JTextComponent.setText(JTextComponent.java:1725) ~[?:?]
	at com.st.microxplorer.plugins.projectmanager.gui.ProjectChoiceTab.createHeapStackFields(ProjectChoiceTab.java:979) ~[filemanager.jar:?]
	at com.st.microxplorer.plugins.projectmanager.gui.ProjectChoiceTab.buildLinkSettingsPanel(ProjectChoiceTab.java:3766) ~[filemanager.jar:?]
	at com.st.microxplorer.plugins.projectmanager.gui.ProjectChoiceTab.defineWindowsFields(ProjectChoiceTab.java:1962) ~[filemanager.jar:?]
	at com.st.microxplorer.plugins.projectmanager.gui.ProjectChoiceTab.updateSettings(ProjectChoiceTab.java:555) ~[filemanager.jar:?]
	at com.st.microxplorer.plugins.projectmanager.gui.ProjectSettingsPanel.UpdateDialog(ProjectSettingsPanel.java:245) ~[filemanager.jar:?]
	at com.st.microxplorer.plugins.projectmanager.ProjectManagerView.propertyChange(ProjectManagerView.java:392) ~[filemanager.jar:?]
	at java.beans.PropertyChangeSupport.fire(PropertyChangeSupport.java:343) ~[?:?]
	at java.beans.PropertyChangeSupport.firePropertyChange(PropertyChangeSupport.java:335) ~[?:?]
	at java.beans.PropertyChangeSupport.firePropertyChange(PropertyChangeSupport.java:268) ~[?:?]
	at com.st.microxplorer.util.MXPropertyChangeSupport.firePropertyChange(MXPropertyChangeSupport.java:54) ~[STM32CubeMX.jar:?]
	at com.st.microxplorer.mxsystem.MxSystem.closeConfig(MxSystem.java:899) ~[STM32CubeMX.jar:?]
	at com.st.microxplorer.maingui.MainPanel.closeConfig(MainPanel.java:789) ~[STM32CubeMX.jar:?]
	at com.st.microxplorer.plugins.filemanager.engine.OpenFileManager.loadConfigurationFile(OpenFileManager.java:287) ~[filemanager.jar:?]
	at com.st.microxplorer.plugins.filemanager.engine.MainFileManager.userLoadConfig(MainFileManager.java:341) ~[filemanager.jar:?]
	at com.st.microxplorer.plugins.filemanager.engine.MainFileManager.userLoadConfig(MainFileManager.java:319) ~[filemanager.jar:?]
	at com.st.microxplorer.plugins.filemanager.FileManagerView.getSpecificTask(FileManagerView.java:246) ~[filemanager.jar:?]
	at com.st.stm32cube.common.mx.editor.CubeMxEditor.getMxTabbedPaneInstance(CubeMxEditor.java:1198) ~[com.st.stm32cube.common.mx_6.14.1.202504091515/:?]
	at com.st.stm32cube.common.mx.editor.CubeMxEditor$12$1.createSwingComponent(CubeMxEditor.java:1068) ~[com.st.stm32cube.common.mx_6.14.1.202504091515/:?]
	at com.st.stm32cube.common.mx.oss.core.awtswtbridge.EmbeddedSwingComposite.doComponentCreation(EmbeddedSwingComposite.java:492) ~[com.st.stm32cube.common.mx.oss_6.14.1.202504091515/:?]
	at com.st.stm32cube.common.mx.oss.core.awtswtbridge.EmbeddedSwingComposite$4.run(EmbeddedSwingComposite.java:291) ~[com.st.stm32cube.common.mx.oss_6.14.1.202504091515/:?]
	at com.st.stm32cube.common.mx.oss.core.awtswtbridge.AwtEnvironment$2.run(AwtEnvironment.java:166) ~[com.st.stm32cube.common.mx.oss_6.14.1.202504091515/:?]
	at java.awt.event.InvocationEvent.dispatch(InvocationEvent.java:318) ~[?:?]
	at java.awt.EventQueue.dispatchEventImpl(EventQueue.java:773) ~[?:?]
	at java.awt.EventQueue$4.run(EventQueue.java:720) ~[?:?]
	at java.awt.EventQueue$4.run(EventQueue.java:714) ~[?:?]
	at java.security.AccessController.doPrivileged(AccessController.java:400) ~[?:?]
	at java.security.ProtectionDomain$JavaSecurityAccessImpl.doIntersectionPrivilege(ProtectionDomain.java:87) ~[?:?]
	at java.awt.EventQueue.dispatchEvent(EventQueue.java:742) ~[?:?]
	at java.awt.EventDispatchThread.pumpOneEventForFilters(EventDispatchThread.java:203) ~[?:?]
	at java.awt.EventDispatchThread.pumpEventsForFilter(EventDispatchThread.java:124) ~[?:?]
	at java.awt.EventDispatchThread.pumpEventsForHierarchy(EventDispatchThread.java:113) ~[?:?]
	at java.awt.EventDispatchThread.pumpEvents(EventDispatchThread.java:109) ~[?:?]
	at java.awt.EventDispatchThread.pumpEvents(EventDispatchThread.java:101) ~[?:?]
	at java.awt.EventDispatchThread.run(EventDispatchThread.java:90) ~[?:?]
2026-05-11 19:56:24,484 [WARN] ThirdParty:871 - waiting for thirdparty lock release [close project]
2026-05-11 19:56:24,484 [INFO] ThirdParty:873 - entering critical section [close project]
2026-05-11 19:56:24,484 [INFO] ThirdParty:883 - exiting critical section [close project]
2026-05-11 19:56:24,486 [INFO] PinOutPanel:1589 - setPackage(No Configuration,No Configuration)
2026-05-11 19:56:24,494 [WARN] IpParametersView:155 - Warning: This peripheral hasn't parameters
2026-05-11 19:56:24,503 [WARN] MainPanel:289 - <html><b><center>Warning: This peripheral has no parameters to be configured<br></b></html>
2026-05-11 19:56:24,514 [INFO] UtilMem:75 - Begin LoadConfig() Used Memory: 1007011272 Bytes (1073741824)
2026-05-11 19:56:24,514 [INFO] MicroXplorer:468 - Change Database Path : 
2026-05-11 19:56:24,514 [INFO] MicroXplorer:498 - Change Database Version : DB.6.0.141
2026-05-11 19:56:24,514 [INFO] OpenFileManager:354 - Change cursor
2026-05-11 19:56:24,534 [INFO] Mcu:2011 - Initializing MCU STM32F411C(C-E)Ux STM32F411CEUx STM32F411CEU6
2026-05-11 19:56:25,462 [INFO] Context:756 - Trying to add GPIOservice into a context  which must be forbidden
2026-05-11 19:56:25,746 [INFO] ImportTextPane:218 - (OptionalMessage_ERROR) Pin23 (VP_RIF_VS_RIF1) cannot be retrieved for this MCU
2026-05-11 19:56:25,914 [INFO] RtosManager:558 - Registered RTOS mode: class=CMSIS, group=RTOS, mode=CMSIS_V1, owner=FREERTOS
2026-05-11 19:56:25,914 [INFO] RtosManager:558 - Registered RTOS mode: class=CMSIS, group=RTOS2, mode=CMSIS_V2, owner=FREERTOS
2026-05-11 19:56:25,914 [INFO] RtosManager:558 - Registered RTOS mode: class=RTOS, group=Core, mode=CMSIS_V1, owner=FREERTOS
2026-05-11 19:56:25,914 [INFO] RtosManager:558 - Registered RTOS mode: class=RTOS, group=Core, mode=CMSIS_V2, owner=FREERTOS
2026-05-11 19:56:25,914 [WARN] ModelIntegratedComponent:184 - Missing modes for component STMicroelectronics:FreeRTOS:0.0.1:STMicroelectronics:RTOS:FreeRTOS:Core:::10.2.0:
2026-05-11 19:56:25,923 [WARN] ModelIntegratedComponent:63 - No mode defined for component null
2026-05-11 19:56:25,923 [WARN] ModelIntegratedComponent:63 - No mode defined for component null
2026-05-11 19:56:25,923 [WARN] ModelIntegratedComponent:63 - No mode defined for component null
2026-05-11 19:56:25,923 [WARN] ModelIntegratedComponent:63 - No mode defined for component null
2026-05-11 19:56:25,923 [WARN] ModelIntegratedComponent:63 - No mode defined for component null
2026-05-11 19:56:25,923 [WARN] ModelIntegratedComponent:63 - No mode defined for component null
2026-05-11 19:56:25,923 [WARN] ModelIntegratedComponent:63 - No mode defined for component null
2026-05-11 19:56:25,923 [WARN] ModelIntegratedComponent:63 - No mode defined for component null
2026-05-11 19:56:25,923 [WARN] ModelIntegratedComponent:63 - No mode defined for component null
2026-05-11 19:56:25,923 [WARN] ModelIntegratedComponent:63 - No mode defined for component null
2026-05-11 19:56:25,923 [WARN] ModelIntegratedComponent:63 - No mode defined for component null
2026-05-11 19:56:25,924 [WARN] ModelIntegratedComponent:63 - No mode defined for component null
2026-05-11 19:56:25,924 [WARN] ModelIntegratedComponent:63 - No mode defined for component null
2026-05-11 19:56:25,924 [WARN] ModelIntegratedComponent:63 - No mode defined for component null
2026-05-11 19:56:25,924 [WARN] ModelIntegratedComponent:63 - No mode defined for component null
2026-05-11 19:56:25,924 [WARN] ModelIntegratedComponent:63 - No mode defined for component null
2026-05-11 19:56:25,924 [WARN] ModelIntegratedComponent:63 - No mode defined for component null
2026-05-11 19:56:25,924 [WARN] ModelIntegratedComponent:63 - No mode defined for component null
2026-05-11 19:56:25,924 [WARN] ModelIntegratedComponent:63 - No mode defined for component null
2026-05-11 19:56:25,924 [WARN] ModelIntegratedComponent:63 - No mode defined for component null
2026-05-11 19:56:25,924 [WARN] ModelIntegratedComponent:63 - No mode defined for component null
2026-05-11 19:56:25,924 [WARN] ModelIntegratedComponent:63 - No mode defined for component null
2026-05-11 19:56:25,924 [WARN] ModelIntegratedComponent:63 - No mode defined for component null
2026-05-11 19:56:25,924 [WARN] ModelIntegratedComponent:63 - No mode defined for component null
2026-05-11 19:56:25,924 [WARN] ModelIntegratedComponent:63 - No mode defined for component null
2026-05-11 19:56:25,924 [WARN] ModelIntegratedComponent:63 - No mode defined for component null
2026-05-11 19:56:25,924 [WARN] ModelIntegratedComponent:63 - No mode defined for component null
2026-05-11 19:56:25,924 [WARN] ModelIntegratedComponent:63 - No mode defined for component null
2026-05-11 19:56:25,924 [WARN] ModelIntegratedComponent:63 - No mode defined for component null
2026-05-11 19:56:25,924 [WARN] ModelIntegratedComponent:63 - No mode defined for component null
2026-05-11 19:56:25,924 [WARN] ModelIntegratedComponent:63 - No mode defined for component null
2026-05-11 19:56:25,924 [WARN] ModelIntegratedComponent:63 - No mode defined for component null
2026-05-11 19:56:25,924 [WARN] ModelIntegratedComponent:63 - No mode defined for component null
2026-05-11 19:56:25,924 [WARN] ModelIntegratedComponent:63 - No mode defined for component null
2026-05-11 19:56:25,924 [WARN] ModelIntegratedComponent:63 - No mode defined for component null
2026-05-11 19:56:25,924 [WARN] ModelPack:524 - Component already loaded: STMicroelectronics:HAL Drivers:0.0.0:STMicroelectronics:Device:STMicro_Driver:XSPI:HAL::0.0.1:HAL_XSPI
2026-05-11 19:56:26,018 [WARN] ModelIntegratedComponent:182 - Modes not found for component STMicroelectronics:USB_DEVICE:1.0.0:STMicroelectronics:USB::USB Device:Audio HS::1.0:USB_DEVICE_1_0_RESTRICTED_HS
2026-05-11 19:56:26,018 [WARN] ModelIntegratedComponent:188 - Modes not found for component STMicroelectronics:USB_DEVICE:1.0.0:STMicroelectronics:USB::USB Device:Audio HS::1.0:USB_DEVICE_1_0_RESTRICTED_HS
2026-05-11 19:56:26,018 [WARN] ModelIntegratedComponent:182 - Modes not found for component STMicroelectronics:USB_DEVICE:1.0.0:STMicroelectronics:USB::USB Device:CDC HS::1.0:USB_DEVICE_1_0_RESTRICTED_HS
2026-05-11 19:56:26,018 [WARN] ModelIntegratedComponent:188 - Modes not found for component STMicroelectronics:USB_DEVICE:1.0.0:STMicroelectronics:USB::USB Device:CDC HS::1.0:USB_DEVICE_1_0_RESTRICTED_HS
2026-05-11 19:56:26,018 [WARN] ModelIntegratedComponent:182 - Modes not found for component STMicroelectronics:USB_DEVICE:1.0.0:STMicroelectronics:USB::USB Device:DFU HS::1.0:USB_DEVICE_1_0_RESTRICTED_HS
2026-05-11 19:56:26,018 [WARN] ModelIntegratedComponent:188 - Modes not found for component STMicroelectronics:USB_DEVICE:1.0.0:STMicroelectronics:USB::USB Device:DFU HS::1.0:USB_DEVICE_1_0_RESTRICTED_HS
2026-05-11 19:56:26,018 [WARN] ModelIntegratedComponent:182 - Modes not found for component STMicroelectronics:USB_DEVICE:1.0.0:STMicroelectronics:USB::USB Device:HID HS::1.0:USB_DEVICE_1_0_RESTRICTED_HS
2026-05-11 19:56:26,018 [WARN] ModelIntegratedComponent:188 - Modes not found for component STMicroelectronics:USB_DEVICE:1.0.0:STMicroelectronics:USB::USB Device:HID HS::1.0:USB_DEVICE_1_0_RESTRICTED_HS
2026-05-11 19:56:26,018 [WARN] ModelIntegratedComponent:182 - Modes not found for component STMicroelectronics:USB_DEVICE:1.0.0:STMicroelectronics:USB::USB Device:Custom HID HS::1.0:USB_DEVICE_1_0_RESTRICTED_HS
2026-05-11 19:56:26,018 [WARN] ModelIntegratedComponent:188 - Modes not found for component STMicroelectronics:USB_DEVICE:1.0.0:STMicroelectronics:USB::USB Device:Custom HID HS::1.0:USB_DEVICE_1_0_RESTRICTED_HS
2026-05-11 19:56:26,018 [WARN] ModelIntegratedComponent:182 - Modes not found for component STMicroelectronics:USB_DEVICE:1.0.0:STMicroelectronics:USB::USB Device:MSC HS::1.0:USB_DEVICE_1_0_RESTRICTED_HS
2026-05-11 19:56:26,018 [WARN] ModelIntegratedComponent:188 - Modes not found for component STMicroelectronics:USB_DEVICE:1.0.0:STMicroelectronics:USB::USB Device:MSC HS::1.0:USB_DEVICE_1_0_RESTRICTED_HS
2026-05-11 19:56:26,125 [WARN] ModelIntegratedComponent:182 - Modes not found for component STMicroelectronics:USB_HOST:1.0.0:STMicroelectronics:USB::USB Host:Audio HS::1.0:USB_HOST_1_0_RESTRICTED_HS
2026-05-11 19:56:26,125 [WARN] ModelIntegratedComponent:188 - Modes not found for component STMicroelectronics:USB_HOST:1.0.0:STMicroelectronics:USB::USB Host:Audio HS::1.0:USB_HOST_1_0_RESTRICTED_HS
2026-05-11 19:56:26,125 [WARN] ModelIntegratedComponent:182 - Modes not found for component STMicroelectronics:USB_HOST:1.0.0:STMicroelectronics:USB::USB Host:CDC HS::1.0:USB_HOST_1_0_RESTRICTED_HS
2026-05-11 19:56:26,125 [WARN] ModelIntegratedComponent:188 - Modes not found for component STMicroelectronics:USB_HOST:1.0.0:STMicroelectronics:USB::USB Host:CDC HS::1.0:USB_HOST_1_0_RESTRICTED_HS
2026-05-11 19:56:26,125 [WARN] ModelIntegratedComponent:182 - Modes not found for component STMicroelectronics:USB_HOST:1.0.0:STMicroelectronics:USB::USB Host:MSC HS::1.0:USB_HOST_1_0_RESTRICTED_HS
2026-05-11 19:56:26,125 [WARN] ModelIntegratedComponent:188 - Modes not found for component STMicroelectronics:USB_HOST:1.0.0:STMicroelectronics:USB::USB Host:MSC HS::1.0:USB_HOST_1_0_RESTRICTED_HS
2026-05-11 19:56:26,125 [WARN] ModelIntegratedComponent:182 - Modes not found for component STMicroelectronics:USB_HOST:1.0.0:STMicroelectronics:USB::USB Host:HID HS::1.0:USB_HOST_1_0_RESTRICTED_HS
2026-05-11 19:56:26,125 [WARN] ModelIntegratedComponent:188 - Modes not found for component STMicroelectronics:USB_HOST:1.0.0:STMicroelectronics:USB::USB Host:HID HS::1.0:USB_HOST_1_0_RESTRICTED_HS
2026-05-11 19:56:26,125 [WARN] ModelIntegratedComponent:182 - Modes not found for component STMicroelectronics:USB_HOST:1.0.0:STMicroelectronics:USB::USB Host:MTP HS::1.0:USB_HOST_1_0_RESTRICTED_HS
2026-05-11 19:56:26,126 [WARN] ModelIntegratedComponent:188 - Modes not found for component STMicroelectronics:USB_HOST:1.0.0:STMicroelectronics:USB::USB Host:MTP HS::1.0:USB_HOST_1_0_RESTRICTED_HS
2026-05-11 19:56:26,369 [INFO] ThirdPartyModel:298 - Start build external matchings
2026-05-11 19:56:31,078 [INFO] ThirdPartyModel:316 - End build external matchings
2026-05-11 19:56:31,184 [INFO] ImportTextPane:218 - (OptionalMessage_ERROR) IP (DMA) : Parameter (Instance) has Id (SPI2_TX) currently not set
2026-05-11 19:56:31,184 [INFO] ImportTextPane:218 - (OptionalMessage_ERROR) IP (DMA) : Parameter (Channel) has Id (SPI2_TX) currently not set
2026-05-11 19:56:31,184 [INFO] ImportTextPane:218 - (OptionalMessage_ERROR) IP (DMA) : Parameter (Direction) has Id (SPI2_TX) currently not set
2026-05-11 19:56:31,184 [INFO] ImportTextPane:218 - (OptionalMessage_ERROR) IP (DMA) : Parameter (PeriphInc) has Id (SPI2_TX) currently not set
2026-05-11 19:56:31,185 [INFO] ImportTextPane:218 - (OptionalMessage_ERROR) IP (DMA) : Parameter (MemInc) has Id (SPI2_TX) currently not set
2026-05-11 19:56:31,185 [INFO] ImportTextPane:218 - (OptionalMessage_ERROR) IP (DMA) : Parameter (PeriphDataAlignment) has Id (SPI2_TX) currently not set
2026-05-11 19:56:31,185 [INFO] ImportTextPane:218 - (OptionalMessage_ERROR) IP (DMA) : Parameter (MemDataAlignment) has Id (SPI2_TX) currently not set
2026-05-11 19:56:31,185 [INFO] ImportTextPane:218 - (OptionalMessage_ERROR) IP (DMA) : Parameter (Mode) has Id (SPI2_TX) currently not set
2026-05-11 19:56:31,185 [INFO] ImportTextPane:218 - (OptionalMessage_ERROR) IP (DMA) : Parameter (Priority) has Id (SPI2_TX) currently not set
2026-05-11 19:56:31,185 [INFO] ImportTextPane:218 - (OptionalMessage_ERROR) IP (DMA) : Parameter (FIFOMode) has Id (SPI2_TX) currently not set
2026-05-11 19:56:31,185 [INFO] ImportTextPane:218 - (OptionalMessage_ERROR) IP (DMA) : Parameter (Instance) has Id (ADC1) currently not set
2026-05-11 19:56:31,185 [INFO] ImportTextPane:218 - (OptionalMessage_ERROR) IP (DMA) : Parameter (Channel) has Id (ADC1) currently not set
2026-05-11 19:56:31,185 [INFO] ImportTextPane:218 - (OptionalMessage_ERROR) IP (DMA) : Parameter (Direction) has Id (ADC1) currently not set
2026-05-11 19:56:31,185 [INFO] ImportTextPane:218 - (OptionalMessage_ERROR) IP (DMA) : Parameter (PeriphInc) has Id (ADC1) currently not set
2026-05-11 19:56:31,185 [INFO] ImportTextPane:218 - (OptionalMessage_ERROR) IP (DMA) : Parameter (MemInc) has Id (ADC1) currently not set
2026-05-11 19:56:31,185 [INFO] ImportTextPane:218 - (OptionalMessage_ERROR) IP (DMA) : Parameter (PeriphDataAlignment) has Id (ADC1) currently not set
2026-05-11 19:56:31,185 [INFO] ImportTextPane:218 - (OptionalMessage_ERROR) IP (DMA) : Parameter (MemDataAlignment) has Id (ADC1) currently not set
2026-05-11 19:56:31,185 [INFO] ImportTextPane:218 - (OptionalMessage_ERROR) IP (DMA) : Parameter (Mode) has Id (ADC1) currently not set
2026-05-11 19:56:31,185 [INFO] ImportTextPane:218 - (OptionalMessage_ERROR) IP (DMA) : Parameter (Priority) has Id (ADC1) currently not set
2026-05-11 19:56:31,185 [INFO] ImportTextPane:218 - (OptionalMessage_ERROR) IP (DMA) : Parameter (FIFOMode) has Id (ADC1) currently not set
2026-05-11 19:56:31,186 [INFO] ImportTextPane:218 - (OptionalMessage_ERROR) IP (RCC) : Parameter (RTCHSEDivFreq_Value) has invalid value (12500000)
2026-05-11 19:56:31,411 [INFO] UtilMem:75 - End LoadConfig() Used Memory: 927742712 Bytes (1073741824)
2026-05-11 19:56:31,457 [WARN] ThirdParty:833 - waiting for thirdparty lock release [change project]
2026-05-11 19:56:31,458 [INFO] ThirdParty:835 - entering critical section [change project]
2026-05-11 19:56:31,458 [INFO] ThirdParty:1030 - CMSIS Pack Vendor :STMicroelectronics X-CUBE-AZRTOS-H7 3.5.0
2026-05-11 19:56:31,458 [INFO] ThirdParty:1030 - CMSIS Pack Vendor :STMicroelectronics X-CUBE-PM33A1 1.0.0
2026-05-11 19:56:31,458 [INFO] ThirdParty:1030 - CMSIS Pack Vendor :STMicroelectronics USBPD 4.1
2026-05-11 19:56:31,458 [INFO] ThirdParty:1030 - CMSIS Pack Vendor :STMicroelectronics X-CUBE-GNSS1 6.0.0
2026-05-11 19:56:31,458 [INFO] ThirdParty:1030 - CMSIS Pack Vendor :STMicroelectronics USB_HOST 2.0.0
2026-05-11 19:56:31,458 [INFO] ThirdParty:1030 - CMSIS Pack Vendor :STMicroelectronics FP-SNS-MOTENVWB1 1.4.0
2026-05-11 19:56:31,458 [INFO] ThirdParty:1030 - CMSIS Pack Vendor :STMicroelectronics X-CUBE-AZRTOS-F4 1.1.0
2026-05-11 19:56:31,458 [INFO] ThirdParty:1030 - CMSIS Pack Vendor :STMicroelectronics LIBJPEG 8.0.0
2026-05-11 19:56:31,458 [INFO] ThirdParty:1030 - CMSIS Pack Vendor :STMicroelectronics FP-ATR-ASTRA1 2.0.2
2026-05-11 19:56:31,458 [INFO] ThirdParty:1030 - CMSIS Pack Vendor :STMicroelectronics FP-ATR-ASTRA1 2.0.1
2026-05-11 19:56:31,458 [INFO] ThirdParty:1030 - CMSIS Pack Vendor :Avnet-IotConnect X-CUBE-IoTC-DA16k-PMOD 1.0.0
2026-05-11 19:56:31,458 [INFO] ThirdParty:1030 - CMSIS Pack Vendor :STMicroelectronics X-CUBE-SMBUS 2.1.0
2026-05-11 19:56:31,458 [INFO] ThirdParty:1030 - CMSIS Pack Vendor :STMicroelectronics X-CUBE-WB05N 1.1.0
2026-05-11 19:56:31,458 [INFO] ThirdParty:1030 - CMSIS Pack Vendor :STMicroelectronics X-CUBE-ISPU 2.1.0
2026-05-11 19:56:31,458 [INFO] ThirdParty:1030 - CMSIS Pack Vendor :STMicroelectronics eDS-WB_DPC_TT-BIDIR 2.1.1
2026-05-11 19:56:31,458 [INFO] ThirdParty:1030 - CMSIS Pack Vendor :STMicroelectronics X-CUBE-FREERTOS 1.2.0
2026-05-11 19:56:31,458 [INFO] ThirdParty:1030 - CMSIS Pack Vendor :STMicroelectronics X-CUBE-ST60 1.0.0
2026-05-11 19:56:31,458 [INFO] ThirdParty:1030 - CMSIS Pack Vendor :STMicroelectronics X-CUBE-NFC12 1.0.0
2026-05-11 19:56:31,458 [INFO] ThirdParty:1030 - CMSIS Pack Vendor :STMicroelectronics X-CUBE-BLEMGR 1.2.0
2026-05-11 19:56:31,458 [INFO] ThirdParty:1030 - CMSIS Pack Vendor :STMicroelectronics X-CUBE-TOUCHGFX 4.23.2
2026-05-11 19:56:31,458 [INFO] ThirdParty:1030 - CMSIS Pack Vendor :STMicroelectronics X-CUBE-AZRTOS-F7 1.1.0
2026-05-11 19:56:31,458 [INFO] ThirdParty:1030 - CMSIS Pack Vendor :STMicroelectronics X-CUBE-AZRTOS-L5 2.0.0
2026-05-11 19:56:31,458 [INFO] ThirdParty:1030 - CMSIS Pack Vendor :STMicroelectronics USB_DEVICE 2.0.0
2026-05-11 19:56:31,458 [INFO] ThirdParty:1030 - CMSIS Pack Vendor :STMicroelectronics X-CUBE-NFC6 3.1.0
2026-05-11 19:56:31,458 [INFO] ThirdParty:1030 - CMSIS Pack Vendor :STMicroelectronics X-CUBE-BLE1 6.2.3
2026-05-11 19:56:31,458 [INFO] ThirdParty:1030 - CMSIS Pack Vendor :STMicroelectronics X-CUBE-MEMS1 11.0.0
2026-05-11 19:56:31,458 [INFO] ThirdParty:1030 - CMSIS Pack Vendor :STMicroelectronics X-CUBE-BLE1 6.2.4
2026-05-11 19:56:31,458 [INFO] ThirdParty:1030 - CMSIS Pack Vendor :STMicroelectronics FreeRTOS 0.0.1
2026-05-11 19:56:31,458 [INFO] ThirdParty:1030 - CMSIS Pack Vendor :STMicroelectronics X-CUBE-BLEMGR 2.0.0
2026-05-11 19:56:31,458 [INFO] ThirdParty:1030 - CMSIS Pack Vendor :STMicroelectronics X-CUBE-DPower 1.2.0
2026-05-11 19:56:31,458 [INFO] ThirdParty:1030 - CMSIS Pack Vendor :STMicroelectronics eDS-WB_DPC_VIENNA 1.2.0
2026-05-11 19:56:31,458 [INFO] ThirdParty:1030 - CMSIS Pack Vendor :STMicroelectronics FP-SNS-FLIGHT1 5.0.2
2026-05-11 19:56:31,458 [INFO] ThirdParty:1030 - CMSIS Pack Vendor :STMicroelectronics eDS-WB_DPC_3PH2L-BIDIR 1.1.1
2026-05-11 19:56:31,458 [INFO] ThirdParty:1030 - CMSIS Pack Vendor :STMicroelectronics X-CUBE-NFC4 2.0.4
2026-05-11 19:56:31,458 [INFO] ThirdParty:1030 - CMSIS Pack Vendor :STMicroelectronics X-CUBE-AI 9.0.0
2026-05-11 19:56:31,458 [INFO] ThirdParty:1030 - CMSIS Pack Vendor :STMicroelectronics X-CUBE-AZRTOS-H7 3.1.0
2026-05-11 19:56:31,458 [INFO] ThirdParty:1030 - CMSIS Pack Vendor :STMicroelectronics PDM2PCM 3.3.0
2026-05-11 19:56:31,458 [INFO] ThirdParty:1030 - CMSIS Pack Vendor :STMicroelectronics X-CUBE-TOF1 3.1.0
2026-05-11 19:56:31,458 [INFO] ThirdParty:1030 - CMSIS Pack Vendor :STMicroelectronics X-CUBE-AZRTOS-H7 3.4.0
2026-05-11 19:56:31,458 [INFO] ThirdParty:1030 - CMSIS Pack Vendor :STMicroelectronics X-CUBE-DISPLAY 3.0.0
2026-05-11 19:56:31,458 [INFO] ThirdParty:1030 - CMSIS Pack Vendor :STMicroelectronics X-CUBE-GNSS1 7.1.1
2026-05-11 19:56:31,458 [INFO] ThirdParty:1030 - CMSIS Pack Vendor :STMicroelectronics X-CUBE-BLE1 7.0.0
2026-05-11 19:56:31,458 [INFO] ThirdParty:1030 - CMSIS Pack Vendor :STMicroelectronics X-CUBE-NFC10 1.0.0
2026-05-11 19:56:31,459 [INFO] ThirdParty:1030 - CMSIS Pack Vendor :wolfSSL I-CUBE-wolfSSL 5.5.1
2026-05-11 19:56:31,459 [INFO] ThirdParty:1030 - CMSIS Pack Vendor :STMicroelectronics X-CUBE-BLEMGR 4.0.0
2026-05-11 19:56:31,459 [INFO] ThirdParty:1030 - CMSIS Pack Vendor :STMicroelectronics X-CUBE-FREERTOS 1.3.1
2026-05-11 19:56:31,459 [INFO] ThirdParty:1030 - CMSIS Pack Vendor :STMicroelectronics HAL Drivers 0.0.0
2026-05-11 19:56:31,459 [INFO] ThirdParty:1030 - CMSIS Pack Vendor :STMicroelectronics X-CUBE-ST60 1.1.0
2026-05-11 19:56:31,459 [INFO] ThirdParty:1030 - CMSIS Pack Vendor :STMicroelectronics X-CUBE-FREERTOS 1.3.0
2026-05-11 19:56:31,459 [INFO] ThirdParty:1030 - CMSIS Pack Vendor :STMicroelectronics X-CUBE-NFC7 1.0.1
2026-05-11 19:56:31,459 [INFO] ThirdParty:1030 - CMSIS Pack Vendor :STMicroelectronics MBEDTLS 2.14.1
2026-05-11 19:56:31,459 [INFO] ThirdParty:1030 - CMSIS Pack Vendor :STMicroelectronics X-CUBE-GNSS1 7.1.0
2026-05-11 19:56:31,459 [INFO] ThirdParty:1030 - CMSIS Pack Vendor :STMicroelectronics X-CUBE-NFC7 1.0.0
2026-05-11 19:56:31,459 [INFO] ThirdParty:1030 - CMSIS Pack Vendor :STMicroelectronics X-CUBE-TOUCHGFX 4.26.0
2026-05-11 19:56:31,459 [INFO] ThirdParty:1030 - CMSIS Pack Vendor :STMicroelectronics X-CUBE-MEMS1 9.3.0
2026-05-11 19:56:31,459 [INFO] ThirdParty:1030 - CMSIS Pack Vendor :STMicroelectronics X-CUBE-TOUCHGFX 4.26.1
2026-05-11 19:56:31,459 [INFO] ThirdParty:1030 - CMSIS Pack Vendor :STMicroelectronics X-CUBE-EEPRMA1 4.1.0
2026-05-11 19:56:31,459 [INFO] ThirdParty:1030 - CMSIS Pack Vendor :STMicroelectronics X-CUBE-AI 7.2.0
2026-05-11 19:56:31,459 [INFO] ThirdParty:1030 - CMSIS Pack Vendor :STMicroelectronics X-CUBE-BLEMGR 3.1.0
2026-05-11 19:56:31,459 [INFO] ThirdParty:1030 - CMSIS Pack Vendor :STMicroelectronics X-CUBE-AI 10.0.0
2026-05-11 19:56:31,459 [INFO] ThirdParty:1030 - CMSIS Pack Vendor :STMicroelectronics FP-SNS-STAIOTCFT 1.0.0
2026-05-11 19:56:31,459 [INFO] ThirdParty:1030 - CMSIS Pack Vendor :STMicroelectronics FP-SNS-SMARTAG2 1.2.0
2026-05-11 19:56:31,459 [INFO] ThirdParty:1030 - CMSIS Pack Vendor :STMicroelectronics FP-SNS-FLIGHT1 5.1.0
2026-05-11 19:56:31,459 [INFO] ThirdParty:1030 - CMSIS Pack Vendor :STMicroelectronics X-CUBE-MEMS1 11.1.0
2026-05-11 19:56:31,459 [INFO] ThirdParty:1030 - CMSIS Pack Vendor :STMicroelectronics X-CUBE-AZRTOS-WL 2.0.0
2026-05-11 19:56:31,459 [INFO] ThirdParty:1030 - CMSIS Pack Vendor :STMicroelectronics X-CUBE-DPower 1.3.0
2026-05-11 19:56:31,459 [INFO] ThirdParty:1030 - CMSIS Pack Vendor :STMicroelectronics FP-SNS-MOTENV1 5.0.0
2026-05-11 19:56:31,459 [INFO] ThirdParty:1030 - CMSIS Pack Vendor :STMicroelectronics USB_DEVICE 1.0.0
2026-05-11 19:56:31,459 [INFO] ThirdParty:1030 - CMSIS Pack Vendor :STMicroelectronics X-CUBE-AZRTOS-H7RS 1.2.0
2026-05-11 19:56:31,459 [INFO] ThirdParty:1030 - CMSIS Pack Vendor :wolfSSL I-CUBE-wolfMQTT 1.19.0
2026-05-11 19:56:31,459 [INFO] ThirdParty:1030 - CMSIS Pack Vendor :STMicroelectronics X-CUBE-AZRTOS-L4 2.0.0
2026-05-11 19:56:31,459 [INFO] ThirdParty:1030 - CMSIS Pack Vendor :STMicroelectronics ThreadX 0.0.2
2026-05-11 19:56:31,459 [INFO] ThirdParty:1030 - CMSIS Pack Vendor :WES I-CUBE-Cesium 1.3.0
2026-05-11 19:56:31,459 [INFO] ThirdParty:1030 - CMSIS Pack Vendor :STMicroelectronics lwIP 2.1.2
2026-05-11 19:56:31,460 [INFO] ThirdParty:1030 - CMSIS Pack Vendor :STMicroelectronics X-CUBE-SFXS2LP1 4.0.0
2026-05-11 19:56:31,460 [INFO] ThirdParty:1030 - CMSIS Pack Vendor :STMicroelectronics X-CUBE-BLE2 3.3.0
2026-05-11 19:56:31,460 [INFO] ThirdParty:1030 - CMSIS Pack Vendor :Avnet-IOTCONNECT X-CUBE-iotc-st67-sdk 1.0.0
2026-05-11 19:56:31,460 [INFO] ThirdParty:1030 - CMSIS Pack Vendor :STMicroelectronics X-CUBE-DISPLAY 2.2.0
2026-05-11 19:56:31,460 [INFO] ThirdParty:1030 - CMSIS Pack Vendor :STMicroelectronics X-CUBE-TOF1 3.2.0
2026-05-11 19:56:31,460 [INFO] ThirdParty:1030 - CMSIS Pack Vendor :STMicroelectronics PDM2PCM 3.2.0
2026-05-11 19:56:31,460 [INFO] ThirdParty:1030 - CMSIS Pack Vendor :STMicroelectronics X-CUBE-ISPU 1.0.0
2026-05-11 19:56:31,460 [INFO] ThirdParty:1030 - CMSIS Pack Vendor :STMicroelectronics X-CUBE-WB05N 2.1.0
2026-05-11 19:56:31,460 [INFO] ThirdParty:1030 - CMSIS Pack Vendor :STMicroelectronics X-CUBE-ISPU 1.1.0
2026-05-11 19:56:31,460 [INFO] ThirdParty:1030 - CMSIS Pack Vendor :STMicroelectronics X-CUBE-AZRTOS-H7 3.3.0
2026-05-11 19:56:31,460 [INFO] ThirdParty:1030 - CMSIS Pack Vendor :RoweBots I-CUBE-UNISONRTOS 5.5.0-4
2026-05-11 19:56:31,460 [INFO] ThirdParty:1030 - CMSIS Pack Vendor :STMicroelectronics X-CUBE-NFC9 1.0.0
2026-05-11 19:56:31,460 [INFO] ThirdParty:1030 - CMSIS Pack Vendor :STMicroelectronics X-CUBE-AZRTOS-H7 2.1.0
2026-05-11 19:56:31,460 [INFO] ThirdParty:1030 - CMSIS Pack Vendor :STMicroelectronics X-CUBE-BLE1 7.1.0
2026-05-11 19:56:31,460 [INFO] ThirdParty:1030 - CMSIS Pack Vendor :STMicroelectronics USB_DEVICE 3.0.0
2026-05-11 19:56:31,460 [INFO] ThirdParty:1030 - CMSIS Pack Vendor :STMicroelectronics X-CUBE-TCPP 4.1.0
2026-05-11 19:56:31,460 [INFO] ThirdParty:1030 - CMSIS Pack Vendor :STMicroelectronics X-CUBE-EEPRMA1 5.2.0
2026-05-11 19:56:31,460 [INFO] ThirdParty:1030 - CMSIS Pack Vendor :STMicroelectronics X-CUBE-BLEMGR 4.1.0
2026-05-11 19:56:31,460 [INFO] ThirdParty:1030 - CMSIS Pack Vendor :STMicroelectronics X-CUBE-AI 8.0.0
2026-05-11 19:56:31,460 [INFO] ThirdParty:1030 - CMSIS Pack Vendor :STMicroelectronics X-CUBE-IPS 3.0.0
2026-05-11 19:56:31,460 [INFO] ThirdParty:1030 - CMSIS Pack Vendor :STMicroelectronics X-CUBE-AZRTOS-WB 2.0.0
2026-05-11 19:56:31,460 [INFO] ThirdParty:1030 - CMSIS Pack Vendor :STMicroelectronics X-CUBE-FREERTOS 1.0.1
2026-05-11 19:56:31,460 [INFO] ThirdParty:1030 - CMSIS Pack Vendor :STMicroelectronics X-CUBE-GNSS1 7.0.0
2026-05-11 19:56:31,460 [INFO] ThirdParty:1030 - CMSIS Pack Vendor :STMicroelectronics X-CUBE-GNSS1 7.0.1
2026-05-11 19:56:31,460 [INFO] ThirdParty:1030 - CMSIS Pack Vendor :STMicroelectronics X-CUBE-TOUCHGFX 4.21.3
2026-05-11 19:56:31,460 [INFO] ThirdParty:1030 - CMSIS Pack Vendor :STMicroelectronics X-CUBE-TOUCHGFX 4.25.0
2026-05-11 19:56:31,460 [INFO] ThirdParty:1030 - CMSIS Pack Vendor :STMicroelectronics X-CUBE-AI 7.3.0
2026-05-11 19:56:31,460 [INFO] ThirdParty:1030 - CMSIS Pack Vendor :STMicroelectronics X-CUBE-AI 10.1.0
2026-05-11 19:56:31,460 [INFO] ThirdParty:1030 - CMSIS Pack Vendor :STMicroelectronics FP-SNS-STBOX1 2.0.0
2026-05-11 19:56:31,460 [INFO] ThirdParty:1030 - CMSIS Pack Vendor :STMicroelectronics X-CUBE-MEMS1 12.0.0
2026-05-11 19:56:31,461 [INFO] ThirdParty:1030 - CMSIS Pack Vendor :STMicroelectronics X-CUBE-ALGOBUILD 1.3.0
2026-05-11 19:56:31,461 [INFO] ThirdParty:1030 - CMSIS Pack Vendor :STMicroelectronics X-CUBE-STSE01 2.0.0
2026-05-11 19:56:31,461 [INFO] ThirdParty:1030 - CMSIS Pack Vendor :STMicroelectronics X-CUBE-AZRTOS-L5 1.1.0
2026-05-11 19:56:31,461 [INFO] ThirdParty:1030 - CMSIS Pack Vendor :STMicroelectronics X-CUBE-MEMS1 11.2.0
2026-05-11 19:56:31,461 [INFO] ThirdParty:1030 - CMSIS Pack Vendor :STMicroelectronics X-CUBE-AZRTOS-G0 1.1.0
2026-05-11 19:56:31,461 [INFO] ThirdParty:1030 - CMSIS Pack Vendor :STMicroelectronics X-CUBE-SAFEA1 1.2.2
2026-05-11 19:56:31,461 [INFO] ThirdParty:1030 - CMSIS Pack Vendor :STMicroelectronics X-CUBE-NFC4 3.0.0
2026-05-11 19:56:31,461 [INFO] ThirdParty:1030 - CMSIS Pack Vendor :STMicroelectronics X-CUBE-SUBG2 5.0.0
2026-05-11 19:56:31,461 [INFO] ThirdParty:1030 - CMSIS Pack Vendor :STMicroelectronics X-CUBE-AZRTOS-H7RS 1.1.0
2026-05-11 19:56:31,461 [INFO] ThirdParty:1030 - CMSIS Pack Vendor :STMicroelectronics STM32_WPAN 1.0.0
2026-05-11 19:56:31,461 [INFO] ThirdParty:1030 - CMSIS Pack Vendor :SEGGER I-CUBE-embOS 1.2.1
2026-05-11 19:56:31,461 [INFO] ThirdParty:1030 - CMSIS Pack Vendor :wolfSSL I-CUBE-wolfMQTT 1.18.0
2026-05-11 19:56:31,461 [INFO] ThirdParty:1030 - CMSIS Pack Vendor :EmbeddedOffice I-CUBE-FS-RTOS 1.0.1
2026-05-11 19:56:31,461 [INFO] ThirdParty:1030 - CMSIS Pack Vendor :STMicroelectronics lwIP 2.0.3
2026-05-11 19:56:31,461 [INFO] ThirdParty:1030 - CMSIS Pack Vendor :Cesanta I-CUBE-Mongoose 7.13.0
2026-05-11 19:56:31,461 [INFO] ThirdParty:1030 - CMSIS Pack Vendor :STMicroelectronics USB_HOST 1.0.0
2026-05-11 19:56:31,461 [INFO] ThirdParty:1030 - CMSIS Pack Vendor :STMicroelectronics X-CUBE-AZRTOS-G4 2.0.0
2026-05-11 19:56:31,461 [INFO] ThirdParty:1030 - CMSIS Pack Vendor :STMicroelectronics X-CUBE-WB05N 2.0.0
2026-05-11 19:56:31,461 [INFO] ThirdParty:1030 - CMSIS Pack Vendor :STMicroelectronics PDM2PCM 3.1.0
2026-05-11 19:56:31,461 [INFO] ThirdParty:1030 - CMSIS Pack Vendor :STMicroelectronics X-CUBE-TOF1 3.3.0
2026-05-11 19:56:31,461 [INFO] ThirdParty:1030 - CMSIS Pack Vendor :STMicroelectronics FP-ATR-ASTRA1 1.1.1
2026-05-11 19:56:31,461 [INFO] ThirdParty:1030 - CMSIS Pack Vendor :STMicroelectronics X-CUBE-NFC7 2.0.0
2026-05-11 19:56:31,461 [INFO] ThirdParty:1030 - CMSIS Pack Vendor :STMicroelectronics X-CUBE-TCPP 4.2.0
2026-05-11 19:56:31,461 [INFO] ThirdParty:1030 - CMSIS Pack Vendor :RealThread X-CUBE-RT-Thread_Nano 4.1.1
2026-05-11 19:56:31,461 [INFO] ThirdParty:1030 - CMSIS Pack Vendor :STMicroelectronics FP-ATR-SIGFOX1 3.2.0
2026-05-11 19:56:31,461 [INFO] ThirdParty:1030 - CMSIS Pack Vendor :STMicroelectronics X-CUBE-AZRTOS-G4 1.0.0
2026-05-11 19:56:31,461 [INFO] ThirdParty:1030 - CMSIS Pack Vendor :STMicroelectronics X-CUBE-AZRTOS-L4 1.0.0
2026-05-11 19:56:31,461 [INFO] ThirdParty:1030 - CMSIS Pack Vendor :quantropi X-CUBE-qispace-sdk-base 1.9.3
2026-05-11 19:56:31,461 [INFO] ThirdParty:1030 - CMSIS Pack Vendor :STMicroelectronics X-CUBE-ISPU 2.0.0
2026-05-11 19:56:31,461 [INFO] ThirdParty:1030 - CMSIS Pack Vendor :STMicroelectronics X-CUBE-EEPRMA1 5.1.0
2026-05-11 19:56:31,461 [INFO] ThirdParty:1030 - CMSIS Pack Vendor :STMicroelectronics MBEDTLS 2.16.2
2026-05-11 19:56:31,461 [INFO] ThirdParty:1030 - CMSIS Pack Vendor :STMicroelectronics X-CUBE-IPS 3.1.0
2026-05-11 19:56:31,461 [INFO] ThirdParty:1030 - CMSIS Pack Vendor :STMicroelectronics X-CUBE-ALS 1.0.2
2026-05-11 19:56:31,461 [INFO] ThirdParty:1030 - CMSIS Pack Vendor :emotas I-CUBE-CANOPEN 1.1.2
2026-05-11 19:56:31,461 [INFO] ThirdParty:1030 - CMSIS Pack Vendor :STMicroelectronics X-CUBE-TOUCHGFX 4.20.0
2026-05-11 19:56:31,461 [INFO] ThirdParty:1030 - CMSIS Pack Vendor :STMicroelectronics X-CUBE-MEMS1 10.0.0
2026-05-11 19:56:31,461 [INFO] ThirdParty:1030 - CMSIS Pack Vendor :ITTIA_DB I-CUBE-ITTIADB 8.9.0
2026-05-11 19:56:31,461 [INFO] ThirdParty:1030 - CMSIS Pack Vendor :STMicroelectronics X-CUBE-TOUCHGFX 4.24.2
2026-05-11 19:56:31,461 [INFO] ThirdParty:1030 - CMSIS Pack Vendor :STMicroelectronics X-CUBE-AZRTOS-WL 1.0.0
2026-05-11 19:56:31,461 [INFO] ThirdParty:1030 - CMSIS Pack Vendor :STMicroelectronics X-CUBE-TOUCHGFX 4.24.1
2026-05-11 19:56:31,461 [INFO] ThirdParty:1030 - CMSIS Pack Vendor :STMicroelectronics X-CUBE-STSE01 1.0.0
2026-05-11 19:56:31,461 [INFO] ThirdParty:1030 - CMSIS Pack Vendor :wolfSSL I-CUBE-wolfTPM 3.4.0
2026-05-11 19:56:31,461 [INFO] ThirdParty:1030 - CMSIS Pack Vendor :portGmbH I-Cube-SoM-uGOAL 1.1.0
2026-05-11 19:56:31,461 [INFO] ThirdParty:1030 - CMSIS Pack Vendor :STMicroelectronics X-CUBE-ALS 1.0.1
2026-05-11 19:56:31,461 [INFO] ThirdParty:1030 - CMSIS Pack Vendor :STMicroelectronics X-CUBE-NFC6 3.2.0
2026-05-11 19:56:31,461 [INFO] ThirdParty:1030 - CMSIS Pack Vendor :STMicroelectronics X-CUBE-MEMS1 9.5.0
2026-05-11 19:56:31,461 [INFO] ThirdParty:1030 - CMSIS Pack Vendor :STMicroelectronics X-CUBE-ST67W61 1.0.0
2026-05-11 19:56:31,461 [INFO] ThirdParty:1030 - CMSIS Pack Vendor :STMicroelectronics X-CUBE-AI 10.2.0
2026-05-11 19:56:31,461 [INFO] ThirdParty:1030 - CMSIS Pack Vendor :STMicroelectronics ThreadX 1.0.0
2026-05-11 19:56:31,461 [INFO] ThirdParty:1030 - CMSIS Pack Vendor :STMicroelectronics X-CUBE-MEMS1 12.1.0
2026-05-11 19:56:31,461 [INFO] ThirdParty:1030 - CMSIS Pack Vendor :STMicroelectronics X-CUBE-AZRTOS-WB 1.1.0
2026-05-11 19:56:31,461 [INFO] ThirdParty:1030 - CMSIS Pack Vendor :SEGGER I-CUBE-embOS 1.3.1
2026-05-11 19:56:31,461 [INFO] ThirdParty:1030 - CMSIS Pack Vendor :STMicroelectronics X-CUBE-ALGOBUILD 1.4.0
2026-05-11 19:56:31,461 [INFO] ThirdParty:1030 - CMSIS Pack Vendor :STMicroelectronics X-CUBE-MEMS1 11.3.0
2026-05-11 19:56:31,461 [INFO] ThirdParty:1030 - CMSIS Pack Vendor :STMicroelectronics X-CUBE-AZRTOS-L5 1.0.0
2026-05-11 19:56:31,461 [INFO] ThirdParty:1030 - CMSIS Pack Vendor :STMicroelectronics X-CUBE-EEPRMA1 3.1.1
2026-05-11 19:56:31,461 [INFO] ThirdParty:1030 - CMSIS Pack Vendor :STMicroelectronics X-CUBE-AZRTOS-H7RS 1.0.0
2026-05-11 19:56:31,461 [INFO] ThirdParty:1030 - CMSIS Pack Vendor :STMicroelectronics FP-ATR-ASTRA1 2.0.0
2026-05-11 19:56:31,461 [INFO] ThirdParty:1030 - CMSIS Pack Vendor :STMicroelectronics X-CUBE-TOF1 3.4.2
2026-05-11 19:56:31,461 [INFO] ThirdParty:1030 - CMSIS Pack Vendor :STMicroelectronics X-CUBE-TOF1 3.4.3
2026-05-11 19:56:31,461 [INFO] ThirdParty:1030 - CMSIS Pack Vendor :STMicroelectronics X-CUBE-AI 9.1.0
2026-05-11 19:56:31,463 [INFO] ThirdParty:1030 - CMSIS Pack Vendor :STMicroelectronics X-CUBE-TOF1 3.4.1
2026-05-11 19:56:31,463 [INFO] ThirdParty:1030 - CMSIS Pack Vendor :STMicroelectronics X-CUBE-AZRTOS-H7 3.2.0
2026-05-11 19:56:31,463 [INFO] ThirdParty:1030 - CMSIS Pack Vendor :Infineon AIROC-Wi-Fi-Bluetooth-STM32 1.6.0
2026-05-11 19:56:31,463 [INFO] ThirdParty:1030 - CMSIS Pack Vendor :wolfSSL I-CUBE-wolfSSH 1.4.17
2026-05-11 19:56:31,463 [INFO] ThirdParty:841 - exiting critical section [change project]
2026-05-11 19:56:31,658 [INFO] PinOutPanel:1589 - setPackage(No Configuration,No Configuration)
2026-05-11 19:56:31,660 [INFO] PinOutPanel:1589 - setPackage(STM32F411CEUx,UFQFPN48)
2026-05-11 19:56:31,934 [INFO] UtilMem:75 - Before build in PCC Used Memory: 939134208 Bytes (1073741824)
2026-05-11 19:56:32,324 [INFO] UtilMem:75 - After build in PCC Used Memory: 981077264 Bytes (1073741824)
2026-05-11 19:56:32,346 [INFO] IPUIPlugin:80 - create IPUIPlugin
2026-05-11 19:56:32,346 [INFO] IPUIPlugin:80 - create IPUIPlugin
2026-05-11 19:56:32,346 [INFO] IPUIPlugin:80 - create IPUIPlugin
2026-05-11 19:56:32,346 [INFO] IPUIPlugin:80 - create IPUIPlugin
2026-05-11 19:56:32,346 [INFO] IPUIPlugin:80 - create IPUIPlugin
2026-05-11 19:56:32,346 [INFO] IPUIPlugin:80 - create IPUIPlugin
2026-05-11 19:56:32,346 [INFO] IPUIPlugin:80 - create IPUIPlugin
2026-05-11 19:56:32,346 [INFO] IPUIPlugin:80 - create IPUIPlugin
2026-05-11 19:56:32,347 [INFO] IPUIPlugin:80 - create IPUIPlugin
2026-05-11 19:56:32,347 [INFO] IPUIPlugin:80 - create IPUIPlugin
2026-05-11 19:56:32,347 [INFO] IPUIPlugin:80 - create IPUIPlugin
2026-05-11 19:56:32,347 [INFO] IPUIPlugin:80 - create IPUIPlugin
2026-05-11 19:56:32,347 [INFO] IPUIPlugin:80 - create IPUIPlugin
2026-05-11 19:56:32,347 [INFO] IPUIPlugin:80 - create IPUIPlugin
2026-05-11 19:56:32,347 [INFO] IPUIPlugin:80 - create IPUIPlugin
2026-05-11 19:56:32,347 [INFO] IPUIPlugin:80 - create IPUIPlugin
2026-05-11 19:56:32,347 [INFO] IPUIPlugin:80 - create IPUIPlugin
2026-05-11 19:56:32,347 [INFO] IPUIPlugin:80 - create IPUIPlugin
2026-05-11 19:56:32,347 [INFO] IPUIPlugin:80 - create IPUIPlugin
2026-05-11 19:56:32,349 [INFO] IPUIPlugin:80 - create IPUIPlugin
2026-05-11 19:56:32,349 [INFO] IPUIPlugin:80 - create IPUIPlugin
2026-05-11 19:56:32,349 [INFO] IPUIPlugin:80 - create IPUIPlugin
2026-05-11 19:56:32,349 [INFO] IPUIPlugin:80 - create IPUIPlugin
2026-05-11 19:56:32,349 [INFO] IPUIPlugin:80 - create IPUIPlugin
2026-05-11 19:56:32,349 [INFO] IPUIPlugin:80 - create IPUIPlugin
2026-05-11 19:56:32,349 [INFO] IPUIPlugin:80 - create IPUIPlugin
2026-05-11 19:56:32,349 [INFO] IPUIPlugin:80 - create IPUIPlugin
2026-05-11 19:56:32,349 [INFO] IPUIPlugin:80 - create IPUIPlugin
2026-05-11 19:56:32,350 [INFO] IPUIPlugin:80 - create IPUIPlugin
2026-05-11 19:56:32,350 [INFO] IPUIPlugin:80 - create IPUIPlugin
2026-05-11 19:56:32,350 [INFO] IPUIPlugin:80 - create IPUIPlugin
2026-05-11 19:56:32,350 [INFO] IPUIPlugin:80 - create IPUIPlugin
2026-05-11 19:56:32,350 [INFO] IPUIPlugin:80 - create IPUIPlugin
2026-05-11 19:56:32,350 [INFO] IPUIPlugin:80 - create IPUIPlugin
2026-05-11 19:56:32,351 [INFO] IPUIPlugin:80 - create IPUIPlugin
2026-05-11 19:56:32,351 [INFO] IPUIPlugin:80 - create IPUIPlugin
2026-05-11 19:56:32,352 [INFO] IPUIPlugin:80 - create IPUIPlugin
2026-05-11 19:56:32,352 [INFO] IPUIPlugin:80 - create IPUIPlugin
2026-05-11 19:56:32,352 [INFO] IPUIPlugin:80 - create IPUIPlugin
2026-05-11 19:56:32,352 [INFO] IPUIPlugin:80 - create IPUIPlugin
2026-05-11 19:56:32,353 [INFO] IPUIPlugin:80 - create IPUIPlugin
2026-05-11 19:56:32,353 [INFO] IPUIPlugin:80 - create IPUIPlugin
2026-05-11 19:56:32,353 [INFO] IPUIPlugin:80 - create IPUIPlugin
2026-05-11 19:56:32,356 [INFO] ApiDbMcu:508 - Load IP Config File for PDM2PCM
2026-05-11 19:56:32,358 [INFO] I2sManager:658 - 1.1875E8
2026-05-11 19:56:32,358 [INFO] I2sManager:195 - I2S Clock Value : 1.1875E8
2026-05-11 19:56:32,358 [INFO] I2sManager:553 - AudioClock : 31990Divider : 58Odd : 0
2026-05-11 19:56:32,448 [INFO] CADModel:165 - CPN selected for project levelSTM32F411CEU6
2026-05-11 19:56:32,448 [INFO] CADModel:114 - Register for checkConnection events
2026-05-11 19:56:32,508 [INFO] OpenFileManager:385 - Restore cursor
2026-05-11 19:56:39,425 [INFO] I2sManager:658 - 1.1875E8
2026-05-11 19:56:39,426 [INFO] I2sManager:195 - I2S Clock Value : 1.1875E8
2026-05-11 19:56:39,426 [INFO] I2sManager:553 - AudioClock : 31990Divider : 58Odd : 0
2026-05-11 19:56:42,230 [INFO] NvicIntPanel:101 - NVIC parent = com.st.microxplorer.plugins.ip.nvic.MultiNvicIntPanel[,0,0,0x0,invalid,layout=javax.swing.BoxLayout,alignmentX=0.0,alignmentY=0.0,border=,flags=9,maximumSize=,minimumSize=,preferredSize=]
2026-05-11 19:56:42,282 [INFO] I2sManager:658 - 1.1875E8
2026-05-11 19:56:42,282 [INFO] I2sManager:195 - I2S Clock Value : 1.1875E8
2026-05-11 19:56:42,283 [INFO] I2sManager:553 - AudioClock : 15995Divider : 116Odd : 0
2026-05-11 19:56:42,335 [INFO] NvicIntPanel:101 - NVIC parent = com.st.microxplorer.plugins.ip.nvic.MultiNvicIntPanel[,0,0,0x0,invalid,layout=javax.swing.BoxLayout,alignmentX=0.0,alignmentY=0.0,border=,flags=9,maximumSize=,minimumSize=,preferredSize=]
2026-05-11 19:56:47,069 [INFO] UtilMem:75 - End SaveConfig() Used Memory: 1007401192 Bytes (1073741824)
2026-05-11 19:56:48,074 [INFO] UtilMem:75 - End SaveConfig() Used Memory: 798294888 Bytes (1073741824)
2026-05-11 19:56:51,521 [INFO] UtilMem:75 - End SaveConfig() Used Memory: 914164584 Bytes (1073741824)
2026-05-11 19:56:52,066 [INFO] BlockDiagram:2775 - set Specific Code input for plugin: NVIC
2026-05-11 19:56:52,066 [INFO] BlockDiagram:2775 - set Specific Code input for plugin: DMA
2026-05-11 19:56:52,066 [INFO] BlockDiagram:2775 - set Specific Code input for plugin: TIM1_8
2026-05-11 19:56:52,066 [INFO] BlockDiagram:2775 - set Specific Code input for plugin: TIM1_8
2026-05-11 19:56:52,066 [INFO] BlockDiagram:2775 - set Specific Code input for plugin: TIM1_8
2026-05-11 19:56:52,066 [INFO] BlockDiagram:2775 - set Specific Code input for plugin: I2S
2026-05-11 19:56:52,066 [INFO] BlockDiagram:2775 - set Specific Code input for plugin: SYS
2026-05-11 19:56:52,067 [INFO] BlockDiagram:2775 - set Specific Code input for plugin: GPIO
2026-05-11 19:56:52,067 [INFO] BlockDiagram:2775 - set Specific Code input for plugin: ADC
2026-05-11 19:56:52,067 [INFO] BlockDiagram:2775 - set Specific Code input for plugin: RCC
2026-05-11 19:56:52,069 [INFO] CodeGenerator:882 - code generatio: config db path: C:\ST\STM32CubeIDE_1.10.1\STM32CubeIDE\plugins\com.st.stm32cube.common.mx_6.14.1.202504091515\\db\
2026-05-11 19:56:52,272 [INFO] CodeEngine:263 - oldGeneratedFile, D:\Projects\Ventures\Mruda\01_Technical\MCU_Software\MCU_3.1.0\Mruda_3.0.0\MXTmpFiles\license.tmp_save
2026-05-11 19:56:52,653 [INFO] CodeEngine:287 - Generated code: D:\Projects\Ventures\Mruda\01_Technical\MCU_Software\MCU_3.1.0\Mruda_3.0.0\MXTmpFiles\license.tmp
2026-05-11 19:56:52,791 [INFO] CodeEngine:263 - oldGeneratedFile, D:\Projects\Ventures\Mruda\01_Technical\MCU_Software\MCU_3.1.0\Mruda_3.0.0\MXTmpFiles\gpio.tmp_save
2026-05-11 19:56:52,954 [INFO] CodeEngine:287 - Generated code: D:\Projects\Ventures\Mruda\01_Technical\MCU_Software\MCU_3.1.0\Mruda_3.0.0\MXTmpFiles\gpio.tmp
2026-05-11 19:56:53,354 [INFO] CodeEngine:263 - oldGeneratedFile, D:\Projects\Ventures\Mruda\01_Technical\MCU_Software\MCU_3.1.0\Mruda_3.0.0\MXTmpFiles\dma.tmp_save
2026-05-11 19:56:53,457 [INFO] CodeEngine:287 - Generated code: D:\Projects\Ventures\Mruda\01_Technical\MCU_Software\MCU_3.1.0\Mruda_3.0.0\MXTmpFiles\dma.tmp
2026-05-11 19:56:53,473 [INFO] CodeEngine:263 - oldGeneratedFile, D:\Projects\Ventures\Mruda\01_Technical\MCU_Software\MCU_3.1.0\Mruda_3.0.0\MXTmpFiles\dma_GV.tmp_save
2026-05-11 19:56:53,544 [INFO] CodeEngine:287 - Generated code: D:\Projects\Ventures\Mruda\01_Technical\MCU_Software\MCU_3.1.0\Mruda_3.0.0\MXTmpFiles\dma_GV.tmp
2026-05-11 19:56:53,598 [INFO] CodeEngine:263 - oldGeneratedFile, D:\Projects\Ventures\Mruda\01_Technical\MCU_Software\MCU_3.1.0\Mruda_3.0.0\Core\Src\stm32f4xx_it.c_save
2026-05-11 19:56:53,742 [INFO] CodeEngine:287 - Generated code: D:\Projects\Ventures\Mruda\01_Technical\MCU_Software\MCU_3.1.0\Mruda_3.0.0\Core\Src\stm32f4xx_it.c
2026-05-11 19:56:53,770 [INFO] CodeEngine:263 - oldGeneratedFile, D:\Projects\Ventures\Mruda\01_Technical\MCU_Software\MCU_3.1.0\Mruda_3.0.0\Core\Inc\stm32f4xx_it.h_save
2026-05-11 19:56:53,872 [INFO] CodeEngine:287 - Generated code: D:\Projects\Ventures\Mruda\01_Technical\MCU_Software\MCU_3.1.0\Mruda_3.0.0\Core\Inc\stm32f4xx_it.h
2026-05-11 19:56:53,912 [INFO] CodeEngine:263 - oldGeneratedFile, D:\Projects\Ventures\Mruda\01_Technical\MCU_Software\MCU_3.1.0\Mruda_3.0.0\Core\Src\stm32f4xx_hal_msp.c_save
2026-05-11 19:56:54,089 [INFO] CodeEngine:287 - Generated code: D:\Projects\Ventures\Mruda\01_Technical\MCU_Software\MCU_3.1.0\Mruda_3.0.0\Core\Src\stm32f4xx_hal_msp.c
2026-05-11 19:56:54,104 [INFO] CodeEngine:263 - oldGeneratedFile, D:\Projects\Ventures\Mruda\01_Technical\MCU_Software\MCU_3.1.0\Mruda_3.0.0\MXTmpFiles\system.tmp_save
2026-05-11 19:56:54,177 [INFO] CodeEngine:287 - Generated code: D:\Projects\Ventures\Mruda\01_Technical\MCU_Software\MCU_3.1.0\Mruda_3.0.0\MXTmpFiles\system.tmp
2026-05-11 19:56:54,213 [INFO] CodeEngine:319 - oldGeneratedFile, D:\Projects\Ventures\Mruda\01_Technical\MCU_Software\MCU_3.1.0\Mruda_3.0.0\Core\Inc\stm32f4xx_hal_conf.h_save
2026-05-11 19:56:54,326 [INFO] CodeEngine:343 - Generated code: D:\Projects\Ventures\Mruda\01_Technical\MCU_Software\MCU_3.1.0\Mruda_3.0.0\Core\Inc\stm32f4xx_hal_conf.h
2026-05-11 19:56:54,372 [INFO] ApiDbMcu:508 - Load IP Config File for ADC1
2026-05-11 19:56:54,375 [INFO] ApiDbMcu:508 - Load IP Config File for I2S2
2026-05-11 19:56:54,403 [INFO] ApiDbMcu:508 - Load IP Config File for TIM2
2026-05-11 19:56:54,413 [INFO] ApiDbMcu:508 - Load IP Config File for TIM3
2026-05-11 19:56:54,422 [INFO] ApiDbMcu:508 - Load IP Config File for TIM4
2026-05-11 19:56:54,425 [INFO] ApiDbMcu:508 - Load IP Config File for RCC
2026-05-11 19:56:54,427 [WARN] IPConfigManager:3790 - IP not found : TIM
2026-05-11 19:56:54,439 [WARN] CodeGenerator:4198 - IP not found : null
2026-05-11 19:56:54,470 [INFO] CodeEngine:263 - oldGeneratedFile, D:\Projects\Ventures\Mruda\01_Technical\MCU_Software\MCU_3.1.0\Mruda_3.0.0\Core\Inc\main.h_save
2026-05-11 19:56:54,590 [INFO] CodeEngine:287 - Generated code: D:\Projects\Ventures\Mruda\01_Technical\MCU_Software\MCU_3.1.0\Mruda_3.0.0\Core\Inc\main.h
2026-05-11 19:56:54,617 [INFO] CodeEngine:263 - oldGeneratedFile, D:\Projects\Ventures\Mruda\01_Technical\MCU_Software\MCU_3.1.0\Mruda_3.0.0\Core\Src\main.c_save
2026-05-11 19:56:54,822 [INFO] CodeEngine:287 - Generated code: D:\Projects\Ventures\Mruda\01_Technical\MCU_Software\MCU_3.1.0\Mruda_3.0.0\Core\Src\main.c
2026-05-11 19:56:55,407 [INFO] ProjectBuilder:3324 - Time for Copy HAL[1] : 317mS.
2026-05-11 19:56:55,414 [INFO] ProjectBuilder:4912 - Project Generator version: 4.6.0.1-B1
2026-05-11 19:56:55,536 [INFO] ConfigFileManager:1590 - The Die is : DIE431
2026-05-11 19:56:55,554 [INFO] ApiDbMcu:508 - Load IP Config File for FATFS
2026-05-11 19:56:55,570 [INFO] ApiDbMcu:508 - Load IP Config File for FREERTOS
2026-05-11 19:56:55,583 [INFO] ApiDbMcu:508 - Load IP Config File for LIBJPEG
2026-05-11 19:56:55,604 [INFO] ApiDbMcu:508 - Load IP Config File for MBEDTLS
2026-05-11 19:56:55,625 [INFO] ApiDbMcu:508 - Load IP Config File for USB_DEVICE
2026-05-11 19:56:55,639 [INFO] ApiDbMcu:508 - Load IP Config File for USB_HOST
2026-05-11 19:56:56,463 [INFO] LogOutputStream:77 - [STDOUT_REDIRECT] 
2026-05-11 19:56:58,688 [INFO] ProjectBuilder:5191 - Time for Generating toolchain IDE Files: 3273mS.
2026-05-11 19:56:58,690 [INFO] ProjectBuilder:3181 - Time for Copy CMSIS : 1mS.
2026-05-11 19:56:58,692 [INFO] ProjectBuilder:3181 - Time for Copy CMSIS : 0mS.
2026-05-11 19:58:55,004 [INFO] NvicIntPanel:101 - NVIC parent = com.st.microxplorer.plugins.ip.nvic.MultiNvicIntPanel[,0,0,0x0,invalid,layout=javax.swing.BoxLayout,alignmentX=0.0,alignmentY=0.0,border=,flags=9,maximumSize=,minimumSize=,preferredSize=]
2026-05-11 19:58:55,046 [INFO] I2sManager:658 - 1.1875E8
2026-05-11 19:58:55,047 [INFO] I2sManager:195 - I2S Clock Value : 1.1875E8
2026-05-11 19:58:55,047 [INFO] I2sManager:553 - AudioClock : 31990Divider : 58Odd : 0
2026-05-11 19:58:55,097 [INFO] NvicIntPanel:101 - NVIC parent = com.st.microxplorer.plugins.ip.nvic.MultiNvicIntPanel[,0,0,0x0,invalid,layout=javax.swing.BoxLayout,alignmentX=0.0,alignmentY=0.0,border=,flags=9,maximumSize=,minimumSize=,preferredSize=]
2026-05-11 19:58:57,279 [INFO] UtilMem:75 - End SaveConfig() Used Memory: 904662000 Bytes (1073741824)
2026-05-11 19:58:58,280 [INFO] UtilMem:75 - End SaveConfig() Used Memory: 924058608 Bytes (1073741824)
2026-05-11 19:59:00,019 [INFO] UtilMem:75 - End SaveConfig() Used Memory: 969673712 Bytes (1073741824)
2026-05-11 19:59:00,308 [INFO] BlockDiagram:2775 - set Specific Code input for plugin: NVIC
2026-05-11 19:59:00,308 [INFO] BlockDiagram:2775 - set Specific Code input for plugin: DMA
2026-05-11 19:59:00,308 [INFO] BlockDiagram:2775 - set Specific Code input for plugin: TIM1_8
2026-05-11 19:59:00,308 [INFO] BlockDiagram:2775 - set Specific Code input for plugin: TIM1_8
2026-05-11 19:59:00,308 [INFO] BlockDiagram:2775 - set Specific Code input for plugin: TIM1_8
2026-05-11 19:59:00,308 [INFO] BlockDiagram:2775 - set Specific Code input for plugin: I2S
2026-05-11 19:59:00,308 [INFO] BlockDiagram:2775 - set Specific Code input for plugin: SYS
2026-05-11 19:59:00,308 [INFO] BlockDiagram:2775 - set Specific Code input for plugin: GPIO
2026-05-11 19:59:00,308 [INFO] BlockDiagram:2775 - set Specific Code input for plugin: ADC
2026-05-11 19:59:00,308 [INFO] BlockDiagram:2775 - set Specific Code input for plugin: RCC
2026-05-11 19:59:00,310 [INFO] CodeGenerator:882 - code generatio: config db path: C:\ST\STM32CubeIDE_1.10.1\STM32CubeIDE\plugins\com.st.stm32cube.common.mx_6.14.1.202504091515\\db\
2026-05-11 19:59:00,317 [INFO] Argument:325 - Argument : hdmavalue: null
2026-05-11 19:59:00,317 [INFO] Argument:327 - 	 sub Args: 
2026-05-11 19:59:00,317 [INFO] Argument:325 - Argument : Instancevalue: DMA2_Stream0
2026-05-11 19:59:00,317 [INFO] Argument:335 - Argument : Instancevalue: DMA2_Stream0
2026-05-11 19:59:00,317 [INFO] Argument:325 - Argument : Initvalue: null
2026-05-11 19:59:00,317 [INFO] Argument:327 - 	 sub Args: 
2026-05-11 19:59:00,317 [INFO] Argument:325 - Argument : Channelvalue: DMA_CHANNEL_0
2026-05-11 19:59:00,317 [INFO] Argument:335 - Argument : Channelvalue: DMA_CHANNEL_0
2026-05-11 19:59:00,317 [INFO] Argument:325 - Argument : Directionvalue: DMA_PERIPH_TO_MEMORY
2026-05-11 19:59:00,317 [INFO] Argument:335 - Argument : Directionvalue: DMA_PERIPH_TO_MEMORY
2026-05-11 19:59:00,317 [INFO] Argument:325 - Argument : PeriphIncvalue: DMA_PINC_DISABLE
2026-05-11 19:59:00,317 [INFO] Argument:335 - Argument : PeriphIncvalue: DMA_PINC_DISABLE
2026-05-11 19:59:00,317 [INFO] Argument:325 - Argument : MemIncvalue: DMA_MINC_ENABLE
2026-05-11 19:59:00,317 [INFO] Argument:335 - Argument : MemIncvalue: DMA_MINC_ENABLE
2026-05-11 19:59:00,317 [INFO] Argument:325 - Argument : PeriphDataAlignmentvalue: DMA_PDATAALIGN_HALFWORD
2026-05-11 19:59:00,317 [INFO] Argument:335 - Argument : PeriphDataAlignmentvalue: DMA_PDATAALIGN_HALFWORD
2026-05-11 19:59:00,317 [INFO] Argument:325 - Argument : MemDataAlignmentvalue: DMA_MDATAALIGN_HALFWORD
2026-05-11 19:59:00,317 [INFO] Argument:335 - Argument : MemDataAlignmentvalue: DMA_MDATAALIGN_HALFWORD
2026-05-11 19:59:00,317 [INFO] Argument:325 - Argument : Modevalue: DMA_CIRCULAR
2026-05-11 19:59:00,317 [INFO] Argument:335 - Argument : Modevalue: DMA_CIRCULAR
2026-05-11 19:59:00,317 [INFO] Argument:325 - Argument : Priorityvalue: DMA_PRIORITY_LOW
2026-05-11 19:59:00,317 [INFO] Argument:335 - Argument : Priorityvalue: DMA_PRIORITY_LOW
2026-05-11 19:59:00,317 [INFO] Argument:325 - Argument : FIFOModevalue: DMA_FIFOMODE_DISABLE
2026-05-11 19:59:00,317 [INFO] Argument:335 - Argument : FIFOModevalue: DMA_FIFOMODE_DISABLE
2026-05-11 19:59:00,317 [INFO] Argument:325 - Argument : FIFOThresholdvalue: null
2026-05-11 19:59:00,317 [INFO] Argument:335 - Argument : FIFOThresholdvalue: null
2026-05-11 19:59:00,317 [INFO] Argument:325 - Argument : MemBurstvalue: null
2026-05-11 19:59:00,317 [INFO] Argument:335 - Argument : MemBurstvalue: null
2026-05-11 19:59:00,317 [INFO] Argument:325 - Argument : PeriphBurstvalue: null
2026-05-11 19:59:00,317 [INFO] Argument:335 - Argument : PeriphBurstvalue: null
2026-05-11 19:59:00,317 [INFO] Argument:325 - Argument : Lockvalue: null
2026-05-11 19:59:00,317 [INFO] Argument:335 - Argument : Lockvalue: null
2026-05-11 19:59:00,317 [INFO] Argument:325 - Argument : Statevalue: null
2026-05-11 19:59:00,317 [INFO] Argument:335 - Argument : Statevalue: null
2026-05-11 19:59:00,317 [INFO] Argument:325 - Argument : Parentvalue: null
2026-05-11 19:59:00,317 [INFO] Argument:335 - Argument : Parentvalue: null
2026-05-11 19:59:00,317 [INFO] Argument:325 - Argument : XferCpltCallbackvalue: null
2026-05-11 19:59:00,317 [INFO] Argument:335 - Argument : XferCpltCallbackvalue: null
2026-05-11 19:59:00,317 [INFO] Argument:325 - Argument : XferHalfCpltCallbackvalue: null
2026-05-11 19:59:00,317 [INFO] Argument:335 - Argument : XferHalfCpltCallbackvalue: null
2026-05-11 19:59:00,319 [INFO] Argument:325 - Argument : XferM1CpltCallbackvalue: null
2026-05-11 19:59:00,319 [INFO] Argument:335 - Argument : XferM1CpltCallbackvalue: null
2026-05-11 19:59:00,319 [INFO] Argument:325 - Argument : XferErrorCallbackvalue: null
2026-05-11 19:59:00,319 [INFO] Argument:335 - Argument : XferErrorCallbackvalue: null
2026-05-11 19:59:00,319 [INFO] Argument:325 - Argument : ErrorCodevalue: null
2026-05-11 19:59:00,319 [INFO] Argument:335 - Argument : ErrorCodevalue: null
2026-05-11 19:59:00,320 [INFO] Argument:325 - Argument : hdmavalue: null
2026-05-11 19:59:00,320 [INFO] Argument:327 - 	 sub Args: 
2026-05-11 19:59:00,320 [INFO] Argument:325 - Argument : Instancevalue: DMA1_Stream4
2026-05-11 19:59:00,320 [INFO] Argument:335 - Argument : Instancevalue: DMA1_Stream4
2026-05-11 19:59:00,320 [INFO] Argument:325 - Argument : Initvalue: null
2026-05-11 19:59:00,320 [INFO] Argument:327 - 	 sub Args: 
2026-05-11 19:59:00,320 [INFO] Argument:325 - Argument : Channelvalue: DMA_CHANNEL_0
2026-05-11 19:59:00,320 [INFO] Argument:335 - Argument : Channelvalue: DMA_CHANNEL_0
2026-05-11 19:59:00,320 [INFO] Argument:325 - Argument : Directionvalue: DMA_MEMORY_TO_PERIPH
2026-05-11 19:59:00,320 [INFO] Argument:335 - Argument : Directionvalue: DMA_MEMORY_TO_PERIPH
2026-05-11 19:59:00,320 [INFO] Argument:325 - Argument : PeriphIncvalue: DMA_PINC_DISABLE
2026-05-11 19:59:00,320 [INFO] Argument:335 - Argument : PeriphIncvalue: DMA_PINC_DISABLE
2026-05-11 19:59:00,320 [INFO] Argument:325 - Argument : MemIncvalue: DMA_MINC_ENABLE
2026-05-11 19:59:00,321 [INFO] Argument:335 - Argument : MemIncvalue: DMA_MINC_ENABLE
2026-05-11 19:59:00,321 [INFO] Argument:325 - Argument : PeriphDataAlignmentvalue: DMA_PDATAALIGN_HALFWORD
2026-05-11 19:59:00,321 [INFO] Argument:335 - Argument : PeriphDataAlignmentvalue: DMA_PDATAALIGN_HALFWORD
2026-05-11 19:59:00,321 [INFO] Argument:325 - Argument : MemDataAlignmentvalue: DMA_MDATAALIGN_HALFWORD
2026-05-11 19:59:00,321 [INFO] Argument:335 - Argument : MemDataAlignmentvalue: DMA_MDATAALIGN_HALFWORD
2026-05-11 19:59:00,321 [INFO] Argument:325 - Argument : Modevalue: DMA_CIRCULAR
2026-05-11 19:59:00,321 [INFO] Argument:335 - Argument : Modevalue: DMA_CIRCULAR
2026-05-11 19:59:00,321 [INFO] Argument:325 - Argument : Priorityvalue: DMA_PRIORITY_VERY_HIGH
2026-05-11 19:59:00,321 [INFO] Argument:335 - Argument : Priorityvalue: DMA_PRIORITY_VERY_HIGH
2026-05-11 19:59:00,321 [INFO] Argument:325 - Argument : FIFOModevalue: DMA_FIFOMODE_DISABLE
2026-05-11 19:59:00,321 [INFO] Argument:335 - Argument : FIFOModevalue: DMA_FIFOMODE_DISABLE
2026-05-11 19:59:00,321 [INFO] Argument:325 - Argument : FIFOThresholdvalue: null
2026-05-11 19:59:00,321 [INFO] Argument:335 - Argument : FIFOThresholdvalue: null
2026-05-11 19:59:00,321 [INFO] Argument:325 - Argument : MemBurstvalue: null
2026-05-11 19:59:00,321 [INFO] Argument:335 - Argument : MemBurstvalue: null
2026-05-11 19:59:00,321 [INFO] Argument:325 - Argument : PeriphBurstvalue: null
2026-05-11 19:59:00,321 [INFO] Argument:335 - Argument : PeriphBurstvalue: null
2026-05-11 19:59:00,321 [INFO] Argument:325 - Argument : Lockvalue: null
2026-05-11 19:59:00,321 [INFO] Argument:335 - Argument : Lockvalue: null
2026-05-11 19:59:00,321 [INFO] Argument:325 - Argument : Statevalue: null
2026-05-11 19:59:00,321 [INFO] Argument:335 - Argument : Statevalue: null
2026-05-11 19:59:00,321 [INFO] Argument:325 - Argument : Parentvalue: null
2026-05-11 19:59:00,321 [INFO] Argument:335 - Argument : Parentvalue: null
2026-05-11 19:59:00,321 [INFO] Argument:325 - Argument : XferCpltCallbackvalue: null
2026-05-11 19:59:00,321 [INFO] Argument:335 - Argument : XferCpltCallbackvalue: null
2026-05-11 19:59:00,321 [INFO] Argument:325 - Argument : XferHalfCpltCallbackvalue: null
2026-05-11 19:59:00,321 [INFO] Argument:335 - Argument : XferHalfCpltCallbackvalue: null
2026-05-11 19:59:00,321 [INFO] Argument:325 - Argument : XferM1CpltCallbackvalue: null
2026-05-11 19:59:00,321 [INFO] Argument:335 - Argument : XferM1CpltCallbackvalue: null
2026-05-11 19:59:00,321 [INFO] Argument:325 - Argument : XferErrorCallbackvalue: null
2026-05-11 19:59:00,321 [INFO] Argument:335 - Argument : XferErrorCallbackvalue: null
2026-05-11 19:59:00,321 [INFO] Argument:325 - Argument : ErrorCodevalue: null
2026-05-11 19:59:00,321 [INFO] Argument:335 - Argument : ErrorCodevalue: null
2026-05-11 19:59:00,402 [INFO] CodeEngine:263 - oldGeneratedFile, D:\Projects\Ventures\Mruda\01_Technical\MCU_Software\MCU_3.1.0\Mruda_3.0.0\MXTmpFiles\license.tmp_save
2026-05-11 19:59:00,487 [INFO] CodeEngine:287 - Generated code: D:\Projects\Ventures\Mruda\01_Technical\MCU_Software\MCU_3.1.0\Mruda_3.0.0\MXTmpFiles\license.tmp
2026-05-11 19:59:00,517 [INFO] CodeEngine:263 - oldGeneratedFile, D:\Projects\Ventures\Mruda\01_Technical\MCU_Software\MCU_3.1.0\Mruda_3.0.0\MXTmpFiles\gpio.tmp_save
2026-05-11 19:59:00,614 [INFO] CodeEngine:287 - Generated code: D:\Projects\Ventures\Mruda\01_Technical\MCU_Software\MCU_3.1.0\Mruda_3.0.0\MXTmpFiles\gpio.tmp
2026-05-11 19:59:00,844 [INFO] CodeEngine:263 - oldGeneratedFile, D:\Projects\Ventures\Mruda\01_Technical\MCU_Software\MCU_3.1.0\Mruda_3.0.0\MXTmpFiles\dma.tmp_save
2026-05-11 19:59:00,925 [INFO] CodeEngine:287 - Generated code: D:\Projects\Ventures\Mruda\01_Technical\MCU_Software\MCU_3.1.0\Mruda_3.0.0\MXTmpFiles\dma.tmp
2026-05-11 19:59:00,930 [INFO] CodeEngine:263 - oldGeneratedFile, D:\Projects\Ventures\Mruda\01_Technical\MCU_Software\MCU_3.1.0\Mruda_3.0.0\MXTmpFiles\dma_GV.tmp_save
2026-05-11 19:59:00,994 [INFO] CodeEngine:287 - Generated code: D:\Projects\Ventures\Mruda\01_Technical\MCU_Software\MCU_3.1.0\Mruda_3.0.0\MXTmpFiles\dma_GV.tmp
2026-05-11 19:59:01,021 [INFO] CodeEngine:263 - oldGeneratedFile, D:\Projects\Ventures\Mruda\01_Technical\MCU_Software\MCU_3.1.0\Mruda_3.0.0\Core\Src\stm32f4xx_it.c_save
2026-05-11 19:59:01,101 [INFO] CodeEngine:287 - Generated code: D:\Projects\Ventures\Mruda\01_Technical\MCU_Software\MCU_3.1.0\Mruda_3.0.0\Core\Src\stm32f4xx_it.c
2026-05-11 19:59:01,109 [INFO] CodeEngine:263 - oldGeneratedFile, D:\Projects\Ventures\Mruda\01_Technical\MCU_Software\MCU_3.1.0\Mruda_3.0.0\Core\Inc\stm32f4xx_it.h_save
2026-05-11 19:59:01,173 [INFO] CodeEngine:287 - Generated code: D:\Projects\Ventures\Mruda\01_Technical\MCU_Software\MCU_3.1.0\Mruda_3.0.0\Core\Inc\stm32f4xx_it.h
2026-05-11 19:59:01,195 [INFO] CodeEngine:263 - oldGeneratedFile, D:\Projects\Ventures\Mruda\01_Technical\MCU_Software\MCU_3.1.0\Mruda_3.0.0\Core\Src\stm32f4xx_hal_msp.c_save
2026-05-11 19:59:01,318 [INFO] CodeEngine:287 - Generated code: D:\Projects\Ventures\Mruda\01_Technical\MCU_Software\MCU_3.1.0\Mruda_3.0.0\Core\Src\stm32f4xx_hal_msp.c
2026-05-11 19:59:01,324 [INFO] CodeEngine:263 - oldGeneratedFile, D:\Projects\Ventures\Mruda\01_Technical\MCU_Software\MCU_3.1.0\Mruda_3.0.0\MXTmpFiles\system.tmp_save
2026-05-11 19:59:01,381 [INFO] CodeEngine:287 - Generated code: D:\Projects\Ventures\Mruda\01_Technical\MCU_Software\MCU_3.1.0\Mruda_3.0.0\MXTmpFiles\system.tmp
2026-05-11 19:59:01,405 [INFO] CodeEngine:319 - oldGeneratedFile, D:\Projects\Ventures\Mruda\01_Technical\MCU_Software\MCU_3.1.0\Mruda_3.0.0\Core\Inc\stm32f4xx_hal_conf.h_save
2026-05-11 19:59:01,496 [INFO] CodeEngine:343 - Generated code: D:\Projects\Ventures\Mruda\01_Technical\MCU_Software\MCU_3.1.0\Mruda_3.0.0\Core\Inc\stm32f4xx_hal_conf.h
2026-05-11 19:59:01,522 [WARN] IPConfigManager:3790 - IP not found : TIM
2026-05-11 19:59:01,523 [WARN] CodeGenerator:4198 - IP not found : null
2026-05-11 19:59:01,548 [INFO] CodeEngine:263 - oldGeneratedFile, D:\Projects\Ventures\Mruda\01_Technical\MCU_Software\MCU_3.1.0\Mruda_3.0.0\Core\Inc\main.h_save
2026-05-11 19:59:01,629 [INFO] CodeEngine:287 - Generated code: D:\Projects\Ventures\Mruda\01_Technical\MCU_Software\MCU_3.1.0\Mruda_3.0.0\Core\Inc\main.h
2026-05-11 19:59:01,647 [INFO] CodeEngine:263 - oldGeneratedFile, D:\Projects\Ventures\Mruda\01_Technical\MCU_Software\MCU_3.1.0\Mruda_3.0.0\Core\Src\main.c_save
2026-05-11 19:59:01,797 [INFO] CodeEngine:287 - Generated code: D:\Projects\Ventures\Mruda\01_Technical\MCU_Software\MCU_3.1.0\Mruda_3.0.0\Core\Src\main.c
2026-05-11 19:59:02,278 [INFO] ProjectBuilder:3324 - Time for Copy HAL[1] : 254mS.
2026-05-11 19:59:02,282 [INFO] ProjectBuilder:4912 - Project Generator version: 4.6.0.1-B1
2026-05-11 19:59:02,367 [INFO] ConfigFileManager:1590 - The Die is : DIE431
2026-05-11 19:59:03,421 [INFO] ProjectBuilder:5191 - Time for Generating toolchain IDE Files: 1138mS.
2026-05-11 19:59:03,422 [INFO] ProjectBuilder:3181 - Time for Copy CMSIS : 0mS.
2026-05-11 19:59:03,425 [INFO] ProjectBuilder:3181 - Time for Copy CMSIS : 1mS.
2026-05-11 20:10:32,527 [INFO] NvicIntPanel:101 - NVIC parent = com.st.microxplorer.plugins.ip.nvic.MultiNvicIntPanel[,0,0,0x0,invalid,layout=javax.swing.BoxLayout,alignmentX=0.0,alignmentY=0.0,border=,flags=9,maximumSize=,minimumSize=,preferredSize=]
2026-05-11 20:10:32,600 [INFO] I2sManager:658 - 1.1875E8
2026-05-11 20:10:32,601 [INFO] I2sManager:195 - I2S Clock Value : 1.1875E8
2026-05-11 20:10:32,602 [INFO] I2sManager:553 - AudioClock : 15995Divider : 116Odd : 0
2026-05-11 20:10:32,688 [INFO] NvicIntPanel:101 - NVIC parent = com.st.microxplorer.plugins.ip.nvic.MultiNvicIntPanel[,0,0,0x0,invalid,layout=javax.swing.BoxLayout,alignmentX=0.0,alignmentY=0.0,border=,flags=9,maximumSize=,minimumSize=,preferredSize=]
2026-05-11 20:10:34,663 [INFO] UtilMem:75 - End SaveConfig() Used Memory: 791025392 Bytes (1073741824)
2026-05-11 20:10:35,866 [INFO] UtilMem:75 - End SaveConfig() Used Memory: 761470952 Bytes (1073741824)
2026-05-11 20:10:39,216 [INFO] UtilMem:75 - End SaveConfig() Used Memory: 842733544 Bytes (1073741824)
2026-05-11 20:10:39,561 [INFO] BlockDiagram:2775 - set Specific Code input for plugin: NVIC
2026-05-11 20:10:39,561 [INFO] BlockDiagram:2775 - set Specific Code input for plugin: DMA
2026-05-11 20:10:39,561 [INFO] BlockDiagram:2775 - set Specific Code input for plugin: TIM1_8
2026-05-11 20:10:39,561 [INFO] BlockDiagram:2775 - set Specific Code input for plugin: TIM1_8
2026-05-11 20:10:39,561 [INFO] BlockDiagram:2775 - set Specific Code input for plugin: TIM1_8
2026-05-11 20:10:39,562 [INFO] BlockDiagram:2775 - set Specific Code input for plugin: I2S
2026-05-11 20:10:39,562 [INFO] BlockDiagram:2775 - set Specific Code input for plugin: SYS
2026-05-11 20:10:39,562 [INFO] BlockDiagram:2775 - set Specific Code input for plugin: GPIO
2026-05-11 20:10:39,562 [INFO] BlockDiagram:2775 - set Specific Code input for plugin: ADC
2026-05-11 20:10:39,562 [INFO] BlockDiagram:2775 - set Specific Code input for plugin: RCC
2026-05-11 20:10:39,564 [INFO] CodeGenerator:882 - code generatio: config db path: C:\ST\STM32CubeIDE_1.10.1\STM32CubeIDE\plugins\com.st.stm32cube.common.mx_6.14.1.202504091515\\db\
2026-05-11 20:10:39,574 [INFO] Argument:325 - Argument : hdmavalue: null
2026-05-11 20:10:39,574 [INFO] Argument:327 - 	 sub Args: 
2026-05-11 20:10:39,574 [INFO] Argument:325 - Argument : Instancevalue: DMA2_Stream0
2026-05-11 20:10:39,574 [INFO] Argument:335 - Argument : Instancevalue: DMA2_Stream0
2026-05-11 20:10:39,574 [INFO] Argument:325 - Argument : Initvalue: null
2026-05-11 20:10:39,574 [INFO] Argument:327 - 	 sub Args: 
2026-05-11 20:10:39,574 [INFO] Argument:325 - Argument : Channelvalue: DMA_CHANNEL_0
2026-05-11 20:10:39,574 [INFO] Argument:335 - Argument : Channelvalue: DMA_CHANNEL_0
2026-05-11 20:10:39,574 [INFO] Argument:325 - Argument : Directionvalue: DMA_PERIPH_TO_MEMORY
2026-05-11 20:10:39,574 [INFO] Argument:335 - Argument : Directionvalue: DMA_PERIPH_TO_MEMORY
2026-05-11 20:10:39,574 [INFO] Argument:325 - Argument : PeriphIncvalue: DMA_PINC_DISABLE
2026-05-11 20:10:39,574 [INFO] Argument:335 - Argument : PeriphIncvalue: DMA_PINC_DISABLE
2026-05-11 20:10:39,574 [INFO] Argument:325 - Argument : MemIncvalue: DMA_MINC_ENABLE
2026-05-11 20:10:39,574 [INFO] Argument:335 - Argument : MemIncvalue: DMA_MINC_ENABLE
2026-05-11 20:10:39,574 [INFO] Argument:325 - Argument : PeriphDataAlignmentvalue: DMA_PDATAALIGN_HALFWORD
2026-05-11 20:10:39,574 [INFO] Argument:335 - Argument : PeriphDataAlignmentvalue: DMA_PDATAALIGN_HALFWORD
2026-05-11 20:10:39,574 [INFO] Argument:325 - Argument : MemDataAlignmentvalue: DMA_MDATAALIGN_HALFWORD
2026-05-11 20:10:39,574 [INFO] Argument:335 - Argument : MemDataAlignmentvalue: DMA_MDATAALIGN_HALFWORD
2026-05-11 20:10:39,575 [INFO] Argument:325 - Argument : Modevalue: DMA_CIRCULAR
2026-05-11 20:10:39,575 [INFO] Argument:335 - Argument : Modevalue: DMA_CIRCULAR
2026-05-11 20:10:39,575 [INFO] Argument:325 - Argument : Priorityvalue: DMA_PRIORITY_LOW
2026-05-11 20:10:39,575 [INFO] Argument:335 - Argument : Priorityvalue: DMA_PRIORITY_LOW
2026-05-11 20:10:39,575 [INFO] Argument:325 - Argument : FIFOModevalue: DMA_FIFOMODE_DISABLE
2026-05-11 20:10:39,575 [INFO] Argument:335 - Argument : FIFOModevalue: DMA_FIFOMODE_DISABLE
2026-05-11 20:10:39,575 [INFO] Argument:325 - Argument : FIFOThresholdvalue: null
2026-05-11 20:10:39,575 [INFO] Argument:335 - Argument : FIFOThresholdvalue: null
2026-05-11 20:10:39,576 [INFO] Argument:325 - Argument : MemBurstvalue: null
2026-05-11 20:10:39,576 [INFO] Argument:335 - Argument : MemBurstvalue: null
2026-05-11 20:10:39,576 [INFO] Argument:325 - Argument : PeriphBurstvalue: null
2026-05-11 20:10:39,576 [INFO] Argument:335 - Argument : PeriphBurstvalue: null
2026-05-11 20:10:39,576 [INFO] Argument:325 - Argument : Lockvalue: null
2026-05-11 20:10:39,576 [INFO] Argument:335 - Argument : Lockvalue: null
2026-05-11 20:10:39,576 [INFO] Argument:325 - Argument : Statevalue: null
2026-05-11 20:10:39,576 [INFO] Argument:335 - Argument : Statevalue: null
2026-05-11 20:10:39,576 [INFO] Argument:325 - Argument : Parentvalue: null
2026-05-11 20:10:39,576 [INFO] Argument:335 - Argument : Parentvalue: null
2026-05-11 20:10:39,576 [INFO] Argument:325 - Argument : XferCpltCallbackvalue: null
2026-05-11 20:10:39,576 [INFO] Argument:335 - Argument : XferCpltCallbackvalue: null
2026-05-11 20:10:39,576 [INFO] Argument:325 - Argument : XferHalfCpltCallbackvalue: null
2026-05-11 20:10:39,576 [INFO] Argument:335 - Argument : XferHalfCpltCallbackvalue: null
2026-05-11 20:10:39,576 [INFO] Argument:325 - Argument : XferM1CpltCallbackvalue: null
2026-05-11 20:10:39,576 [INFO] Argument:335 - Argument : XferM1CpltCallbackvalue: null
2026-05-11 20:10:39,576 [INFO] Argument:325 - Argument : XferErrorCallbackvalue: null
2026-05-11 20:10:39,577 [INFO] Argument:335 - Argument : XferErrorCallbackvalue: null
2026-05-11 20:10:39,577 [INFO] Argument:325 - Argument : ErrorCodevalue: null
2026-05-11 20:10:39,577 [INFO] Argument:335 - Argument : ErrorCodevalue: null
2026-05-11 20:10:39,579 [INFO] Argument:325 - Argument : hdmavalue: null
2026-05-11 20:10:39,579 [INFO] Argument:327 - 	 sub Args: 
2026-05-11 20:10:39,579 [INFO] Argument:325 - Argument : Instancevalue: DMA1_Stream4
2026-05-11 20:10:39,579 [INFO] Argument:335 - Argument : Instancevalue: DMA1_Stream4
2026-05-11 20:10:39,579 [INFO] Argument:325 - Argument : Initvalue: null
2026-05-11 20:10:39,579 [INFO] Argument:327 - 	 sub Args: 
2026-05-11 20:10:39,579 [INFO] Argument:325 - Argument : Channelvalue: DMA_CHANNEL_0
2026-05-11 20:10:39,579 [INFO] Argument:335 - Argument : Channelvalue: DMA_CHANNEL_0
2026-05-11 20:10:39,579 [INFO] Argument:325 - Argument : Directionvalue: DMA_MEMORY_TO_PERIPH
2026-05-11 20:10:39,579 [INFO] Argument:335 - Argument : Directionvalue: DMA_MEMORY_TO_PERIPH
2026-05-11 20:10:39,579 [INFO] Argument:325 - Argument : PeriphIncvalue: DMA_PINC_DISABLE
2026-05-11 20:10:39,579 [INFO] Argument:335 - Argument : PeriphIncvalue: DMA_PINC_DISABLE
2026-05-11 20:10:39,579 [INFO] Argument:325 - Argument : MemIncvalue: DMA_MINC_ENABLE
2026-05-11 20:10:39,579 [INFO] Argument:335 - Argument : MemIncvalue: DMA_MINC_ENABLE
2026-05-11 20:10:39,579 [INFO] Argument:325 - Argument : PeriphDataAlignmentvalue: DMA_PDATAALIGN_HALFWORD
2026-05-11 20:10:39,579 [INFO] Argument:335 - Argument : PeriphDataAlignmentvalue: DMA_PDATAALIGN_HALFWORD
2026-05-11 20:10:39,581 [INFO] Argument:325 - Argument : MemDataAlignmentvalue: DMA_MDATAALIGN_HALFWORD
2026-05-11 20:10:39,581 [INFO] Argument:335 - Argument : MemDataAlignmentvalue: DMA_MDATAALIGN_HALFWORD
2026-05-11 20:10:39,581 [INFO] Argument:325 - Argument : Modevalue: DMA_CIRCULAR
2026-05-11 20:10:39,581 [INFO] Argument:335 - Argument : Modevalue: DMA_CIRCULAR
2026-05-11 20:10:39,581 [INFO] Argument:325 - Argument : Priorityvalue: DMA_PRIORITY_VERY_HIGH
2026-05-11 20:10:39,581 [INFO] Argument:335 - Argument : Priorityvalue: DMA_PRIORITY_VERY_HIGH
2026-05-11 20:10:39,581 [INFO] Argument:325 - Argument : FIFOModevalue: DMA_FIFOMODE_DISABLE
2026-05-11 20:10:39,581 [INFO] Argument:335 - Argument : FIFOModevalue: DMA_FIFOMODE_DISABLE
2026-05-11 20:10:39,581 [INFO] Argument:325 - Argument : FIFOThresholdvalue: null
2026-05-11 20:10:39,581 [INFO] Argument:335 - Argument : FIFOThresholdvalue: null
2026-05-11 20:10:39,581 [INFO] Argument:325 - Argument : MemBurstvalue: null
2026-05-11 20:10:39,581 [INFO] Argument:335 - Argument : MemBurstvalue: null
2026-05-11 20:10:39,581 [INFO] Argument:325 - Argument : PeriphBurstvalue: null
2026-05-11 20:10:39,581 [INFO] Argument:335 - Argument : PeriphBurstvalue: null
2026-05-11 20:10:39,581 [INFO] Argument:325 - Argument : Lockvalue: null
2026-05-11 20:10:39,581 [INFO] Argument:335 - Argument : Lockvalue: null
2026-05-11 20:10:39,581 [INFO] Argument:325 - Argument : Statevalue: null
2026-05-11 20:10:39,581 [INFO] Argument:335 - Argument : Statevalue: null
2026-05-11 20:10:39,581 [INFO] Argument:325 - Argument : Parentvalue: null
2026-05-11 20:10:39,582 [INFO] Argument:335 - Argument : Parentvalue: null
2026-05-11 20:10:39,582 [INFO] Argument:325 - Argument : XferCpltCallbackvalue: null
2026-05-11 20:10:39,582 [INFO] Argument:335 - Argument : XferCpltCallbackvalue: null
2026-05-11 20:10:39,582 [INFO] Argument:325 - Argument : XferHalfCpltCallbackvalue: null
2026-05-11 20:10:39,582 [INFO] Argument:335 - Argument : XferHalfCpltCallbackvalue: null
2026-05-11 20:10:39,582 [INFO] Argument:325 - Argument : XferM1CpltCallbackvalue: null
2026-05-11 20:10:39,582 [INFO] Argument:335 - Argument : XferM1CpltCallbackvalue: null
2026-05-11 20:10:39,582 [INFO] Argument:325 - Argument : XferErrorCallbackvalue: null
2026-05-11 20:10:39,582 [INFO] Argument:335 - Argument : XferErrorCallbackvalue: null
2026-05-11 20:10:39,582 [INFO] Argument:325 - Argument : ErrorCodevalue: null
2026-05-11 20:10:39,582 [INFO] Argument:335 - Argument : ErrorCodevalue: null
2026-05-11 20:10:39,661 [INFO] CodeEngine:263 - oldGeneratedFile, D:\Projects\Ventures\Mruda\01_Technical\MCU_Software\MCU_3.1.0\Mruda_3.0.0\MXTmpFiles\license.tmp_save
2026-05-11 20:10:39,866 [INFO] CodeEngine:287 - Generated code: D:\Projects\Ventures\Mruda\01_Technical\MCU_Software\MCU_3.1.0\Mruda_3.0.0\MXTmpFiles\license.tmp
2026-05-11 20:10:39,909 [INFO] CodeEngine:263 - oldGeneratedFile, D:\Projects\Ventures\Mruda\01_Technical\MCU_Software\MCU_3.1.0\Mruda_3.0.0\MXTmpFiles\gpio.tmp_save
2026-05-11 20:10:40,068 [INFO] CodeEngine:287 - Generated code: D:\Projects\Ventures\Mruda\01_Technical\MCU_Software\MCU_3.1.0\Mruda_3.0.0\MXTmpFiles\gpio.tmp
2026-05-11 20:10:40,433 [INFO] CodeEngine:263 - oldGeneratedFile, D:\Projects\Ventures\Mruda\01_Technical\MCU_Software\MCU_3.1.0\Mruda_3.0.0\MXTmpFiles\dma.tmp_save
2026-05-11 20:10:40,541 [INFO] CodeEngine:287 - Generated code: D:\Projects\Ventures\Mruda\01_Technical\MCU_Software\MCU_3.1.0\Mruda_3.0.0\MXTmpFiles\dma.tmp
2026-05-11 20:10:40,547 [INFO] CodeEngine:263 - oldGeneratedFile, D:\Projects\Ventures\Mruda\01_Technical\MCU_Software\MCU_3.1.0\Mruda_3.0.0\MXTmpFiles\dma_GV.tmp_save
2026-05-11 20:10:40,641 [INFO] CodeEngine:287 - Generated code: D:\Projects\Ventures\Mruda\01_Technical\MCU_Software\MCU_3.1.0\Mruda_3.0.0\MXTmpFiles\dma_GV.tmp
2026-05-11 20:10:40,672 [INFO] CodeEngine:263 - oldGeneratedFile, D:\Projects\Ventures\Mruda\01_Technical\MCU_Software\MCU_3.1.0\Mruda_3.0.0\Core\Src\stm32f4xx_it.c_save
2026-05-11 20:10:40,930 [INFO] CodeEngine:287 - Generated code: D:\Projects\Ventures\Mruda\01_Technical\MCU_Software\MCU_3.1.0\Mruda_3.0.0\Core\Src\stm32f4xx_it.c
2026-05-11 20:10:40,937 [INFO] CodeEngine:263 - oldGeneratedFile, D:\Projects\Ventures\Mruda\01_Technical\MCU_Software\MCU_3.1.0\Mruda_3.0.0\Core\Inc\stm32f4xx_it.h_save
2026-05-11 20:10:41,028 [INFO] CodeEngine:287 - Generated code: D:\Projects\Ventures\Mruda\01_Technical\MCU_Software\MCU_3.1.0\Mruda_3.0.0\Core\Inc\stm32f4xx_it.h
2026-05-11 20:10:41,057 [INFO] CodeEngine:263 - oldGeneratedFile, D:\Projects\Ventures\Mruda\01_Technical\MCU_Software\MCU_3.1.0\Mruda_3.0.0\Core\Src\stm32f4xx_hal_msp.c_save
2026-05-11 20:10:41,231 [INFO] CodeEngine:287 - Generated code: D:\Projects\Ventures\Mruda\01_Technical\MCU_Software\MCU_3.1.0\Mruda_3.0.0\Core\Src\stm32f4xx_hal_msp.c
2026-05-11 20:10:41,237 [INFO] CodeEngine:263 - oldGeneratedFile, D:\Projects\Ventures\Mruda\01_Technical\MCU_Software\MCU_3.1.0\Mruda_3.0.0\MXTmpFiles\system.tmp_save
2026-05-11 20:10:41,306 [INFO] CodeEngine:287 - Generated code: D:\Projects\Ventures\Mruda\01_Technical\MCU_Software\MCU_3.1.0\Mruda_3.0.0\MXTmpFiles\system.tmp
2026-05-11 20:10:41,334 [INFO] CodeEngine:319 - oldGeneratedFile, D:\Projects\Ventures\Mruda\01_Technical\MCU_Software\MCU_3.1.0\Mruda_3.0.0\Core\Inc\stm32f4xx_hal_conf.h_save
2026-05-11 20:10:41,439 [INFO] CodeEngine:343 - Generated code: D:\Projects\Ventures\Mruda\01_Technical\MCU_Software\MCU_3.1.0\Mruda_3.0.0\Core\Inc\stm32f4xx_hal_conf.h
2026-05-11 20:10:41,467 [WARN] IPConfigManager:3790 - IP not found : TIM
2026-05-11 20:10:41,468 [WARN] CodeGenerator:4198 - IP not found : null
2026-05-11 20:10:41,490 [INFO] CodeEngine:263 - oldGeneratedFile, D:\Projects\Ventures\Mruda\01_Technical\MCU_Software\MCU_3.1.0\Mruda_3.0.0\Core\Inc\main.h_save
2026-05-11 20:10:41,603 [INFO] CodeEngine:287 - Generated code: D:\Projects\Ventures\Mruda\01_Technical\MCU_Software\MCU_3.1.0\Mruda_3.0.0\Core\Inc\main.h
2026-05-11 20:10:41,624 [INFO] CodeEngine:263 - oldGeneratedFile, D:\Projects\Ventures\Mruda\01_Technical\MCU_Software\MCU_3.1.0\Mruda_3.0.0\Core\Src\main.c_save
2026-05-11 20:10:41,787 [INFO] CodeEngine:287 - Generated code: D:\Projects\Ventures\Mruda\01_Technical\MCU_Software\MCU_3.1.0\Mruda_3.0.0\Core\Src\main.c
2026-05-11 20:10:42,317 [INFO] ProjectBuilder:3324 - Time for Copy HAL[1] : 304mS.
2026-05-11 20:10:42,324 [INFO] ProjectBuilder:4912 - Project Generator version: 4.6.0.1-B1
2026-05-11 20:10:42,438 [INFO] ConfigFileManager:1590 - The Die is : DIE431
2026-05-11 20:10:43,471 [INFO] ProjectBuilder:5191 - Time for Generating toolchain IDE Files: 1147mS.
2026-05-11 20:10:43,474 [INFO] ProjectBuilder:3181 - Time for Copy CMSIS : 1mS.
2026-05-11 20:10:43,479 [INFO] ProjectBuilder:3181 - Time for Copy CMSIS : 0mS.
2026-05-11 21:08:31,165 [ERROR] LogOutputStream:75 - [STDERR_REDIRECT] 
