2026-08-14 10:52:10,009 [INFO] Activator:176 - 


2026-08-14 10:52:10,015 [INFO] Activator:177 - !SESSION log4j initialized
2026-08-14 10:52:22,090 [INFO] LogOutputStream:77 - [STDOUT_REDIRECT] 
2026-08-14 10:52:23,299 [INFO] ApplicationProperties:184 - Using Application install path: C:\ST\STM32CubeIDE_1.10.1\STM32CubeIDE\plugins\com.st.stm32cube.common.mx_6.14.1.202504091515
2026-08-14 10:52:23,322 [INFO] DbMcusXml:78 - Set database path to: C:\ST\STM32CubeIDE_1.10.1\STM32CubeIDE\plugins\com.st.stm32cube.common.mx_6.14.1.202504091515\\db\/mcu/
2026-08-14 10:52:23,323 [INFO] ApiDb:274 - Set plugin database path to: C:\ST\STM32CubeIDE_1.10.1\STM32CubeIDE\plugins\com.st.stm32cube.common.mx_6.14.1.202504091515\\db\/plugins/boardmanager/
2026-08-14 10:52:23,323 [WARN] ApiDb:259 - Overriding images path with different value:  => C:\ST\STM32CubeIDE_1.10.1\STM32CubeIDE\plugins\com.st.stm32cube.common.mx_6.14.1.202504091515\\db\/plugins/mcufinder/images/
2026-08-14 10:52:23,347 [INFO] ApiDb:250 - Set database path to: C:\Users\abhil\.stmcufinder\plugins\mcufinder//mcu/
2026-08-14 10:52:23,348 [INFO] DbMcusAds:125 - Set database path to: C:\Users\abhil\.stmcufinder\plugins\mcufinder//mcu/
2026-08-14 10:52:23,351 [INFO] CrossReferenceDbSqlite:203 - Set database path to: C:\Users\abhil\.stmcufinder\plugins\mcufinder//mcu/cs/
2026-08-14 10:52:23,519 [INFO] RulesReader:64 - Compatibility file has been processed (302 Rules)
2026-08-14 10:52:23,637 [INFO] DbMcusXml:78 - Set database path to: C:\ST\STM32CubeIDE_1.10.1\STM32CubeIDE\plugins\com.st.stm32cube.common.mx_6.14.1.202504091515\\db\/mcu/
2026-08-14 10:52:23,637 [INFO] ApiDb:274 - Set plugin database path to: C:\ST\STM32CubeIDE_1.10.1\STM32CubeIDE\plugins\com.st.stm32cube.common.mx_6.14.1.202504091515\\db\/plugins/boardmanager/
2026-08-14 10:52:23,637 [INFO] ApiDb:261 - Set plugin images path to: C:\ST\STM32CubeIDE_1.10.1\STM32CubeIDE\plugins\com.st.stm32cube.common.mx_6.14.1.202504091515\\db\/plugins/mcufinder/images/
2026-08-14 10:52:23,637 [WARN] DbFile:41 - Overriding database path with different value: C:\Users\abhil\.stmcufinder\plugins\mcufinder/ => C:\Users\abhil\.stmcufinder\plugins\mcufinder
2026-08-14 10:52:23,637 [INFO] ApiDb:250 - Set database path to: C:\Users\abhil\.stmcufinder\plugins\mcufinder//mcu/
2026-08-14 10:52:23,637 [WARN] DbFile:41 - Overriding database path with different value: C:\Users\abhil\.stmcufinder\plugins\mcufinder/ => C:\Users\abhil\.stmcufinder\plugins\mcufinder
2026-08-14 10:52:23,637 [INFO] DbMcusAds:125 - Set database path to: C:\Users\abhil\.stmcufinder\plugins\mcufinder//mcu/
2026-08-14 10:52:23,638 [WARN] DbFile:41 - Overriding database path with different value: C:\Users\abhil\.stmcufinder\plugins\mcufinder/ => C:\Users\abhil\.stmcufinder\plugins\mcufinder
2026-08-14 10:52:23,638 [WARN] DbFile:41 - Overriding database path with different value: C:\Users\abhil\.stmcufinder\plugins\mcufinder/ => C:\Users\abhil\.stmcufinder\plugins\mcufinder
2026-08-14 10:52:23,638 [INFO] CrossReferenceDbSqlite:203 - Set database path to: C:\Users\abhil\.stmcufinder\plugins\mcufinder//mcu/cs/
2026-08-14 10:52:23,742 [INFO] MainPanel:272 - HeapMemory: 269484032
2026-08-14 10:52:23,883 [INFO] DbMcusXml:78 - Set database path to: C:\ST\STM32CubeIDE_1.10.1\STM32CubeIDE\plugins\com.st.stm32cube.common.mx_6.14.1.202504091515\\db\/mcu/
2026-08-14 10:52:23,883 [INFO] ApiDb:274 - Set plugin database path to: C:\ST\STM32CubeIDE_1.10.1\STM32CubeIDE\plugins\com.st.stm32cube.common.mx_6.14.1.202504091515\\db\/plugins/boardmanager/
2026-08-14 10:52:23,884 [INFO] ApiDb:261 - Set plugin images path to: C:\ST\STM32CubeIDE_1.10.1\STM32CubeIDE\plugins\com.st.stm32cube.common.mx_6.14.1.202504091515\\db\/plugins/mcufinder/images/
2026-08-14 10:52:23,884 [WARN] DbFile:41 - Overriding database path with different value: C:\Users\abhil\.stmcufinder\plugins\mcufinder/ => C:\Users\abhil\.stmcufinder\plugins\mcufinder
2026-08-14 10:52:23,884 [INFO] ApiDb:250 - Set database path to: C:\Users\abhil\.stmcufinder\plugins\mcufinder//mcu/
2026-08-14 10:52:23,884 [WARN] DbFile:41 - Overriding database path with different value: C:\Users\abhil\.stmcufinder\plugins\mcufinder/ => C:\Users\abhil\.stmcufinder\plugins\mcufinder
2026-08-14 10:52:23,885 [INFO] DbMcusAds:125 - Set database path to: C:\Users\abhil\.stmcufinder\plugins\mcufinder//mcu/
2026-08-14 10:52:23,885 [WARN] DbFile:41 - Overriding database path with different value: C:\Users\abhil\.stmcufinder\plugins\mcufinder/ => C:\Users\abhil\.stmcufinder\plugins\mcufinder
2026-08-14 10:52:23,885 [WARN] DbFile:41 - Overriding database path with different value: C:\Users\abhil\.stmcufinder\plugins\mcufinder/ => C:\Users\abhil\.stmcufinder\plugins\mcufinder
2026-08-14 10:52:23,885 [INFO] CrossReferenceDbSqlite:203 - Set database path to: C:\Users\abhil\.stmcufinder\plugins\mcufinder//mcu/cs/
2026-08-14 10:52:23,911 [INFO] ApplicationProperties:184 - Using Application install path: C:\ST\STM32CubeIDE_1.10.1\STM32CubeIDE\plugins\com.st.stm32cube.common.mx_6.14.1.202504091515
2026-08-14 10:52:23,912 [INFO] PluginManage:196 - Search for loadable plugins [exclusion list=, ]
2026-08-14 10:52:23,914 [INFO] PluginManage:310 - Check plugin analytics
2026-08-14 10:52:24,157 [INFO] AnalyticsPlugin:253 - Accepted Software Licenses: 
2026-08-14 10:52:24,157 [INFO] AnalyticsPlugin:255 - Accepted CMSIS Pack Licenses: 
2026-08-14 10:52:24,157 [INFO] AnalyticsPlugin:257 - Accepted Firmware Licenses: FW.F4.1.27.0,FW.H7.1.10.0,FW.H7.1.12.0,FW.F4.1.28.0
2026-08-14 10:52:24,161 [INFO] PluginManage:359 - Loaded plugin analytics (category:tool,tabindex:-1)
2026-08-14 10:52:24,161 [INFO] PluginManage:310 - Check plugin cadmodel
2026-08-14 10:52:24,182 [INFO] CADModel:105 - Init CAD model plugin
2026-08-14 10:52:24,182 [INFO] PluginManage:359 - Loaded plugin cadmodel (category:power,tabindex:5)
2026-08-14 10:52:24,182 [INFO] PluginManage:310 - Check plugin clock
2026-08-14 10:52:24,207 [INFO] PluginManage:359 - Loaded plugin clock (category:base,tabindex:2)
2026-08-14 10:52:24,207 [INFO] PluginManage:310 - Check plugin ddr
2026-08-14 10:52:24,212 [INFO] PluginManage:359 - Loaded plugin ddr (category:tool,tabindex:6)
2026-08-14 10:52:24,212 [INFO] PluginManage:310 - Check plugin filemanager
2026-08-14 10:52:24,394 [INFO] PluginManage:359 - Loaded plugin filemanager (category:base,tabindex:10)
2026-08-14 10:52:24,394 [INFO] PluginManage:310 - Check plugin ipmanager
2026-08-14 10:52:24,405 [INFO] PluginManage:359 - Loaded plugin ipmanager (category:base,tabindex:5)
2026-08-14 10:52:24,405 [INFO] PluginManage:310 - Check plugin lpbam
2026-08-14 10:52:24,433 [INFO] PluginManage:359 - Loaded plugin lpbam (category:base,tabindex:0)
2026-08-14 10:52:24,434 [INFO] PluginManage:310 - Check plugin memorymap
2026-08-14 10:52:24,473 [INFO] PluginManage:359 - Loaded plugin memorymap (category:base,tabindex:4)
2026-08-14 10:52:24,473 [INFO] PluginManage:310 - Check plugin pinoutandconfiguration
2026-08-14 10:52:24,499 [INFO] PluginManage:359 - Loaded plugin pinoutandconfiguration (category:base,tabindex:1)
2026-08-14 10:52:24,499 [INFO] PluginManage:310 - Check plugin pinoutconfig
2026-08-14 10:52:24,633 [WARN] SupportedApi:132 - Cannot load RTOS API schema: s4s-elt-must-match.1: The content of 'definitions' must match (annotation?, (simpleType | complexType)?, (unique | key | keyref)*)). A problem was found starting at: attribute.
2026-08-14 10:52:24,857 [INFO] PluginManage:359 - Loaded plugin pinoutconfig (category:base,tabindex:0)
2026-08-14 10:52:24,857 [INFO] PluginManage:310 - Check plugin power
2026-08-14 10:52:24,881 [INFO] PluginManage:359 - Loaded plugin power (category:power,tabindex:4)
2026-08-14 10:52:24,882 [INFO] PluginManage:310 - Check plugin projectmanager
2026-08-14 10:52:24,901 [INFO] PluginManage:359 - Loaded plugin projectmanager (category:projectmanager,tabindex:4)
2026-08-14 10:52:24,902 [INFO] PluginManage:310 - Check plugin rif
2026-08-14 10:52:24,924 [INFO] PluginManage:359 - Loaded plugin rif (category:base,tabindex:3)
2026-08-14 10:52:24,924 [INFO] PluginManage:310 - Check plugin thirdparty
2026-08-14 10:52:25,331 [INFO] PluginManage:359 - Loaded plugin thirdparty (category:base,tabindex:-1)
2026-08-14 10:52:25,330 [WARN] IntegrityCheckThread:84 - waiting for thirdparty lock release [integrity check]
2026-08-14 10:52:25,331 [INFO] IntegrityCheckThread:86 - entering critical section [integrity check]
2026-08-14 10:52:25,331 [INFO] PluginManage:310 - Check plugin tools
2026-08-14 10:52:25,332 [INFO] ThirdPartyUpdaterWithRetryManager:70 - Updater plugin not ready yet. [1/15]
2026-08-14 10:52:25,379 [INFO] PluginManage:359 - Loaded plugin tools (category:base,tabindex:7)
2026-08-14 10:52:25,379 [INFO] PluginManage:310 - Check plugin tutovideos
2026-08-14 10:52:25,624 [INFO] PluginManage:359 - Loaded plugin tutovideos (category:base,tabindex:-1)
2026-08-14 10:52:25,624 [INFO] PluginManage:310 - Check plugin updater
2026-08-14 10:52:25,647 [INFO] PluginManage:359 - Loaded plugin updater (category:base,tabindex:12)
2026-08-14 10:52:25,647 [INFO] PluginManage:310 - Check plugin userauth
2026-08-14 10:52:25,652 [INFO] UserAuth:118 - Init User Auth plugin
2026-08-14 10:52:25,653 [INFO] PluginManage:359 - Loaded plugin userauth (category:base,tabindex:14)
2026-08-14 10:52:25,653 [INFO] PluginManage:283 - PluginManage : Loaded plugins [18]
2026-08-14 10:52:25,948 [INFO] PinOutPanel:1589 - setPackage(No Configuration,No Configuration)
2026-08-14 10:52:26,057 [INFO] CADModel:165 - CPN selected for project level
2026-08-14 10:52:26,057 [INFO] CADModel:114 - Register for checkConnection events
2026-08-14 10:52:26,089 [INFO] IPUIPlugin:80 - create IPUIPlugin
2026-08-14 10:52:26,091 [INFO] PluginManager:220 - loadIPPluginJar : add adc
2026-08-14 10:52:26,141 [INFO] IPUIPlugin:80 - create IPUIPlugin
2026-08-14 10:52:26,141 [INFO] PluginManager:220 - loadIPPluginJar : add aes
2026-08-14 10:52:26,200 [INFO] IPUIPlugin:80 - create IPUIPlugin
2026-08-14 10:52:26,200 [INFO] PluginManager:220 - loadIPPluginJar : add can
2026-08-14 10:52:26,236 [INFO] IPUIPlugin:80 - create IPUIPlugin
2026-08-14 10:52:26,237 [INFO] PluginManager:220 - loadIPPluginJar : add comp
2026-08-14 10:52:26,281 [INFO] IPUIPlugin:80 - create IPUIPlugin
2026-08-14 10:52:26,281 [INFO] PluginManager:220 - loadIPPluginJar : add cryp
2026-08-14 10:52:26,296 [INFO] IPUIPlugin:80 - create IPUIPlugin
2026-08-14 10:52:26,296 [INFO] PluginManager:220 - loadIPPluginJar : add ddr_ctrl_phy
2026-08-14 10:52:26,339 [INFO] IPUIPlugin:80 - create IPUIPlugin
2026-08-14 10:52:26,339 [INFO] PluginManager:220 - loadIPPluginJar : add dfsdm
2026-08-14 10:52:26,356 [INFO] IPUIPlugin:80 - create IPUIPlugin
2026-08-14 10:52:26,357 [INFO] PluginManager:220 - loadIPPluginJar : add dma
2026-08-14 10:52:26,411 [INFO] IPUIPlugin:80 - create IPUIPlugin
2026-08-14 10:52:26,411 [INFO] PluginManager:220 - loadIPPluginJar : add dma3
2026-08-14 10:52:26,474 [INFO] IPUIPlugin:80 - create IPUIPlugin
2026-08-14 10:52:26,474 [INFO] PluginManager:220 - loadIPPluginJar : add extmemmanager
2026-08-14 10:52:26,503 [INFO] IPUIPlugin:80 - create IPUIPlugin
2026-08-14 10:52:26,504 [INFO] PluginManager:220 - loadIPPluginJar : add fatfs
2026-08-14 10:52:26,566 [INFO] IPUIPlugin:80 - create IPUIPlugin
2026-08-14 10:52:26,567 [INFO] PluginManager:220 - loadIPPluginJar : add fmc
2026-08-14 10:52:26,584 [INFO] IPUIPlugin:80 - create IPUIPlugin
2026-08-14 10:52:26,585 [INFO] PluginManager:220 - loadIPPluginJar : add freertos
2026-08-14 10:52:26,612 [INFO] IPUIPlugin:80 - create IPUIPlugin
2026-08-14 10:52:26,612 [INFO] PluginManager:220 - loadIPPluginJar : add genericplugin
2026-08-14 10:52:26,751 [INFO] IPUIPlugin:80 - create IPUIPlugin
2026-08-14 10:52:26,753 [INFO] PluginManager:220 - loadIPPluginJar : add gfxmmu
2026-08-14 10:52:26,921 [INFO] IPUIPlugin:80 - create IPUIPlugin
2026-08-14 10:52:26,921 [INFO] PluginManager:220 - loadIPPluginJar : add gic
2026-08-14 10:52:26,935 [INFO] IPUIPlugin:80 - create IPUIPlugin
2026-08-14 10:52:26,935 [INFO] PluginManager:220 - loadIPPluginJar : add gpio
2026-08-14 10:52:27,058 [INFO] IPUIPlugin:80 - create IPUIPlugin
2026-08-14 10:52:27,058 [INFO] PluginManager:220 - loadIPPluginJar : add gtzc
2026-08-14 10:52:27,102 [INFO] IPUIPlugin:80 - create IPUIPlugin
2026-08-14 10:52:27,102 [INFO] PluginManager:220 - loadIPPluginJar : add hash
2026-08-14 10:52:27,174 [INFO] IPUIPlugin:80 - create IPUIPlugin
2026-08-14 10:52:27,174 [INFO] PluginManager:220 - loadIPPluginJar : add i2c
2026-08-14 10:52:27,226 [INFO] IPUIPlugin:80 - create IPUIPlugin
2026-08-14 10:52:27,226 [INFO] PluginManager:220 - loadIPPluginJar : add i2s
2026-08-14 10:52:27,280 [INFO] IPUIPlugin:80 - create IPUIPlugin
2026-08-14 10:52:27,281 [INFO] PluginManager:220 - loadIPPluginJar : add i3c
2026-08-14 10:52:27,414 [INFO] IPUIPlugin:80 - create IPUIPlugin
2026-08-14 10:52:27,414 [INFO] PluginManager:220 - loadIPPluginJar : add ipddr
2026-08-14 10:52:27,528 [INFO] IPUIPlugin:80 - create IPUIPlugin
2026-08-14 10:52:27,529 [INFO] PluginManager:220 - loadIPPluginJar : add linkedlist
2026-08-14 10:52:27,571 [INFO] IPUIPlugin:80 - create IPUIPlugin
2026-08-14 10:52:27,571 [INFO] PluginManager:220 - loadIPPluginJar : add lorawan
2026-08-14 10:52:27,616 [INFO] IPUIPlugin:80 - create IPUIPlugin
2026-08-14 10:52:27,616 [INFO] PluginManager:220 - loadIPPluginJar : add ltdc
2026-08-14 10:52:27,632 [INFO] IPUIPlugin:80 - create IPUIPlugin
2026-08-14 10:52:27,632 [INFO] PluginManager:220 - loadIPPluginJar : add mdma
2026-08-14 10:52:27,645 [INFO] IPUIPlugin:80 - create IPUIPlugin
2026-08-14 10:52:27,645 [INFO] PluginManager:220 - loadIPPluginJar : add nvic
2026-08-14 10:52:27,689 [INFO] IPUIPlugin:80 - create IPUIPlugin
2026-08-14 10:52:27,689 [INFO] PluginManager:220 - loadIPPluginJar : add opamp
2026-08-14 10:52:27,764 [INFO] IPUIPlugin:80 - create IPUIPlugin
2026-08-14 10:52:27,764 [INFO] PluginManager:220 - loadIPPluginJar : add openamp
2026-08-14 10:52:27,817 [INFO] IPUIPlugin:80 - create IPUIPlugin
2026-08-14 10:52:27,817 [INFO] PluginManager:220 - loadIPPluginJar : add pdm2pcm
2026-08-14 10:52:27,833 [INFO] IPUIPlugin:80 - create IPUIPlugin
2026-08-14 10:52:27,835 [INFO] PluginManager:220 - loadIPPluginJar : add plateformsettings
2026-08-14 10:52:27,861 [INFO] IPUIPlugin:80 - create IPUIPlugin
2026-08-14 10:52:27,861 [INFO] PluginManager:220 - loadIPPluginJar : add quadspi
2026-08-14 10:52:27,893 [INFO] IPUIPlugin:80 - create IPUIPlugin
2026-08-14 10:52:27,893 [INFO] PluginManager:220 - loadIPPluginJar : add radio
2026-08-14 10:52:27,908 [INFO] IPUIPlugin:80 - create IPUIPlugin
2026-08-14 10:52:27,909 [INFO] PluginManager:220 - loadIPPluginJar : add resmgrutility
2026-08-14 10:52:27,972 [INFO] IPUIPlugin:80 - create IPUIPlugin
2026-08-14 10:52:27,972 [INFO] PluginManager:220 - loadIPPluginJar : add sai
2026-08-14 10:52:28,018 [INFO] IPUIPlugin:80 - create IPUIPlugin
2026-08-14 10:52:28,018 [INFO] PluginManager:220 - loadIPPluginJar : add spi
2026-08-14 10:52:28,120 [INFO] IPUIPlugin:80 - create IPUIPlugin
2026-08-14 10:52:28,120 [INFO] PluginManager:220 - loadIPPluginJar : add stm32_wpan
2026-08-14 10:52:28,149 [INFO] IPUIPlugin:80 - create IPUIPlugin
2026-08-14 10:52:28,149 [INFO] PluginManager:220 - loadIPPluginJar : add tim
2026-08-14 10:52:28,228 [INFO] IPUIPlugin:80 - create IPUIPlugin
2026-08-14 10:52:28,229 [INFO] PluginManager:220 - loadIPPluginJar : add touchsensing
2026-08-14 10:52:28,256 [INFO] IPUIPlugin:80 - create IPUIPlugin
2026-08-14 10:52:28,256 [INFO] PluginManager:220 - loadIPPluginJar : add tracer_emb
2026-08-14 10:52:28,285 [INFO] IPUIPlugin:80 - create IPUIPlugin
2026-08-14 10:52:28,285 [INFO] PluginManager:220 - loadIPPluginJar : add ts
2026-08-14 10:52:28,312 [INFO] IPUIPlugin:80 - create IPUIPlugin
2026-08-14 10:52:28,312 [INFO] PluginManager:220 - loadIPPluginJar : add tsc
2026-08-14 10:52:28,333 [INFO] ThirdPartyUpdaterWithRetryManager:70 - Updater plugin not ready yet. [2/15]
2026-08-14 10:52:28,338 [INFO] IPUIPlugin:80 - create IPUIPlugin
2026-08-14 10:52:28,338 [INFO] PluginManager:220 - loadIPPluginJar : add ucpd
2026-08-14 10:52:28,394 [INFO] IPUIPlugin:80 - create IPUIPlugin
2026-08-14 10:52:28,394 [INFO] PluginManager:220 - loadIPPluginJar : add usart
2026-08-14 10:52:28,450 [INFO] IPUIPlugin:80 - create IPUIPlugin
2026-08-14 10:52:28,450 [INFO] PluginManager:220 - loadIPPluginJar : add usbx
2026-08-14 10:52:28,581 [FATAL] Updater:351 - Updater called before beeing initialized
2026-08-14 10:52:28,608 [INFO] RulesReader:64 - Compatibility file has been processed (302 Rules)
2026-08-14 10:52:28,619 [INFO] RulesReader:64 - Compatibility file has been processed (302 Rules)
2026-08-14 10:52:28,627 [INFO] CADModel:165 - CPN selected for project level
2026-08-14 10:52:28,627 [INFO] CADModel:114 - Register for checkConnection events
2026-08-14 10:52:28,627 [FATAL] Updater:351 - Updater called before beeing initialized
2026-08-14 10:52:28,627 [ERROR] CADModel:125 - Updater not yet initialized, retry later 
2026-08-14 10:52:28,771 [FATAL] Updater:351 - Updater called before beeing initialized
2026-08-14 10:52:28,772 [INFO] CADModel:165 - CPN selected for project level
2026-08-14 10:52:28,773 [INFO] CADModel:114 - Register for checkConnection events
2026-08-14 10:52:28,773 [FATAL] Updater:351 - Updater called before beeing initialized
2026-08-14 10:52:28,773 [ERROR] CADModel:125 - Updater not yet initialized, retry later 
2026-08-14 10:52:28,776 [FATAL] Updater:351 - Updater called before beeing initialized
2026-08-14 10:52:28,879 [FATAL] Updater:351 - Updater called before beeing initialized
2026-08-14 10:52:28,891 [INFO] DbMcusAds:53 - JSON generation date=Thu May 28 21:38:17 IST 2026 (1779984497073)
2026-08-14 10:52:28,892 [FATAL] Updater:351 - Updater called before beeing initialized
2026-08-14 10:52:28,927 [WARN] DetailPanel:346 - Failed to get advertising image, set to default
2026-08-14 10:52:29,158 [FATAL] Updater:351 - Updater called before beeing initialized
2026-08-14 10:52:29,161 [FATAL] Updater:351 - Updater called before beeing initialized
2026-08-14 10:52:29,161 [FATAL] Updater:351 - Updater called before beeing initialized
2026-08-14 10:52:29,161 [WARN] DetailPanel:346 - Failed to get advertising image, set to default
2026-08-14 10:52:29,162 [FATAL] Updater:351 - Updater called before beeing initialized
2026-08-14 10:52:29,224 [ERROR] Updater:1198 - MainUpdater not yet initialized. External WinMGr cannot be set.
2026-08-14 10:52:29,238 [INFO] Updater:1134 - Updater Version found : 6.14.1
2026-08-14 10:52:29,256 [INFO] ApplicationProperties:184 - Using Application install path: C:\ST\STM32CubeIDE_1.10.1\STM32CubeIDE\plugins\com.st.stm32cube.common.mx_6.14.1.202504091515
2026-08-14 10:52:31,334 [INFO] ThirdPartyUpdaterWithRetryManager:70 - Updater plugin not ready yet. [3/15]
2026-08-14 10:52:34,336 [FATAL] Updater:351 - Updater called before beeing initialized
2026-08-14 10:52:34,337 [ERROR] IntegrityCheckThread:130 - Cannot retrieve database content from updater: error 21
2026-08-14 10:52:34,337 [INFO] ThirdParty:978 - Integrity check success = false
2026-08-14 10:52:34,337 [INFO] IntegrityCheckThread:100 - exiting critical section [integrity check]
2026-08-14 10:52:34,337 [INFO] IntegrityCheckThread:103 - End integrity checks thread
2026-08-14 10:52:40,694 [INFO] MainUpdater:2872 - connection check result : 22
2026-08-14 10:52:40,694 [INFO] MainUpdater:289 - Updater Check For Update Now.
2026-08-14 10:52:40,695 [INFO] MicroXplorer:498 - Change Database Version : DB.6.0.141
2026-08-14 10:52:40,713 [INFO] McuFinderGlobals:63 - Set McuFinder mode to 2 (CubeIDE integrated)
2026-08-14 10:52:40,721 [INFO] UserAuth:484 - Internet connection configuration mode: 2
2026-08-14 10:52:40,728 [INFO] UserAuth:484 - Internet connection configuration mode: 2
2026-08-14 10:52:40,920 [INFO] CheckServerUpdateThread:120 - End of CheckServer Thread
2026-08-14 12:42:34,170 [INFO] McuFinderGlobals:63 - Set McuFinder mode to 2 (CubeIDE integrated)
2026-08-14 12:42:34,504 [INFO] MainUpdater:2872 - connection check result : 10
2026-08-14 12:42:34,514 [INFO] MainUpdater:2872 - connection check result : 10
2026-08-14 12:42:34,714 [INFO] MicroXplorer:468 - Change Database Path : 
2026-08-14 12:42:34,715 [INFO] MicroXplorer:498 - Change Database Version : DB.6.0.141
2026-08-14 12:42:34,725 [WARN] ThirdParty:871 - waiting for thirdparty lock release [close project]
2026-08-14 12:42:34,725 [INFO] ThirdParty:873 - entering critical section [close project]
2026-08-14 12:42:34,726 [INFO] ThirdParty:883 - exiting critical section [close project]
2026-08-14 12:42:34,727 [INFO] PinOutPanel:1589 - setPackage(No Configuration,No Configuration)
2026-08-14 12:42:34,731 [INFO] UtilMem:75 - Begin LoadConfig() Used Memory: 184636856 Bytes (320864256)
2026-08-14 12:42:34,733 [INFO] MicroXplorer:468 - Change Database Path : 
2026-08-14 12:42:34,733 [INFO] MicroXplorer:498 - Change Database Version : DB.6.0.141
2026-08-14 12:42:34,733 [INFO] OpenFileManager:354 - Change cursor
2026-08-14 12:42:34,748 [WARN] IntegrityCheckThread:84 - waiting for thirdparty lock release [integrity check]
2026-08-14 12:42:34,748 [INFO] IntegrityCheckThread:86 - entering critical section [integrity check]
2026-08-14 12:42:35,250 [WARN] PackLoader:240 - Cannot read IP mode file for STMicroelectronics.X-CUBE-AZRTOS-H7.3.5.0
2026-08-14 12:42:35,270 [WARN] PackLoader:240 - Cannot read IP mode file for STMicroelectronics.FP-SNS-MOTENVWB1.1.4.0
2026-08-14 12:42:35,287 [WARN] PackLoader:240 - Cannot read IP mode file for STMicroelectronics.FP-ATR-ASTRA1.2.0.3
2026-08-14 12:42:35,300 [WARN] PackLoader:240 - Cannot read IP mode file for STMicroelectronics.FP-ATR-ASTRA1.2.0.2
2026-08-14 12:42:35,314 [WARN] PackLoader:240 - Cannot read IP mode file for STMicroelectronics.FP-ATR-ASTRA1.2.0.1
2026-08-14 12:42:35,329 [ERROR] Engine:466 - C:\Users\abhil\.stm32cubemx\thirdparties\pdsc\STMicroelectronics.X-CUBE-SMBUS.2.1.1.pdsc: PDSC version is not supported
2026-08-14 12:42:35,344 [WARN] PackLoader:240 - Cannot read IP mode file for STMicroelectronics.X-CUBE-SMBUS.2.1.0
2026-08-14 12:42:35,361 [WARN] PackLoader:240 - Cannot read IP mode file for STMicroelectronics.X-CUBE-WB05N.1.1.0
2026-08-14 12:42:35,378 [WARN] PackLoader:240 - Cannot read IP mode file for STMicroelectronics.X-CUBE-ST60.1.0.0
2026-08-14 12:42:35,394 [WARN] PackLoader:240 - Cannot read IP mode file for STMicroelectronics.X-CUBE-TOUCHGFX.4.23.2
2026-08-14 12:42:35,421 [WARN] PackLoader:240 - Cannot read IP mode file for STMicroelectronics.X-CUBE-AZRTOS-F7.1.1.0
2026-08-14 12:42:35,439 [ERROR] Engine:466 - C:\Users\abhil\.stm32cubemx\thirdparties\pdsc\STMicroelectronics.X-CUBE-FREERTOS.1.6.0.pdsc: PDSC version is not supported
2026-08-14 12:42:35,455 [WARN] PackLoader:240 - Cannot read IP mode file for STMicroelectronics.X-CUBE-BLE1.6.2.3
2026-08-14 12:42:35,500 [WARN] PackLoader:240 - Cannot read IP mode file for STMicroelectronics.X-CUBE-MEMS1.11.0.0
2026-08-14 12:42:35,631 [WARN] PackLoader:240 - Cannot read IP mode file for STMicroelectronics.X-CUBE-BLE1.6.2.4
2026-08-14 12:42:35,652 [ERROR] Engine:466 - C:\Users\abhil\.stm32cubemx\thirdparties\pdsc\STMicroelectronics.FP-SNS-MOTENV1.5.1.0.pdsc: PDSC version is not supported
2026-08-14 12:42:35,690 [WARN] PackLoader:240 - Cannot read IP mode file for STMicroelectronics.X-CUBE-AZRTOS-H7RS.1.3.0
2026-08-14 12:42:35,706 [WARN] PackLoader:240 - Cannot read IP mode file for STMicroelectronics.FP-SNS-FLIGHT1.5.0.2
2026-08-14 12:42:35,725 [WARN] PackLoader:240 - Cannot read IP mode file for STMicroelectronics.X-CUBE-TOF1.3.1.0
2026-08-14 12:42:35,760 [WARN] PackLoader:240 - Cannot read IP mode file for STMicroelectronics.X-CUBE-AZRTOS-H7.3.4.0
2026-08-14 12:42:35,779 [WARN] PackLoader:240 - Cannot read IP mode file for STMicroelectronics.X-CUBE-DISPLAY.3.0.0
2026-08-14 12:42:35,796 [WARN] PackLoader:240 - Cannot read IP mode file for STMicroelectronics.X-CUBE-GNSS1.7.1.1
2026-08-14 12:42:35,809 [ERROR] Engine:466 - C:\Users\abhil\.stm32cubemx\thirdparties\pdsc\STMicroelectronics.FP-SNS-MOTENVWB1.1.5.0.pdsc: PDSC version is not supported
2026-08-14 12:42:35,825 [WARN] PackLoader:240 - Cannot read IP mode file for STMicroelectronics.X-CUBE-BLE1.7.0.0
2026-08-14 12:42:35,841 [WARN] PackLoader:240 - Cannot read IP mode file for STMicroelectronics.X-CUBE-NFC10.1.0.0
2026-08-14 12:42:35,859 [WARN] PackLoader:240 - Cannot read IP mode file for STMicroelectronics.X-CUBE-BLEMGR.4.0.0
2026-08-14 12:42:35,875 [WARN] PackLoader:240 - Cannot read IP mode file for STMicroelectronics.X-CUBE-ST60.1.1.0
2026-08-14 12:42:35,889 [ERROR] Engine:466 - C:\Users\abhil\.stm32cubemx\thirdparties\pdsc\STMicroelectronics.X-CUBE-WBA.1.1.0.pdsc: PDSC version is not supported
2026-08-14 12:42:35,905 [WARN] PackLoader:240 - Cannot read IP mode file for STMicroelectronics.X-CUBE-GNSS1.7.1.0
2026-08-14 12:42:35,942 [WARN] PackLoader:240 - Cannot read IP mode file for STMicroelectronics.X-CUBE-MEMS1.9.3.0
2026-08-14 12:42:36,016 [WARN] PackLoader:240 - Cannot read IP mode file for STMicroelectronics.X-CUBE-AI.7.2.0
2026-08-14 12:42:36,032 [WARN] PackLoader:240 - Cannot read IP mode file for STMicroelectronics.X-CUBE-BLEMGR.3.1.0
2026-08-14 12:42:36,048 [WARN] PackLoader:240 - Cannot read IP mode file for STMicroelectronics.X-CUBE-AI.10.0.0
2026-08-14 12:42:36,062 [ERROR] Engine:466 - C:\Users\abhil\.stm32cubemx\thirdparties\pdsc\STMicroelectronics.FP-SNS-STBOX1.2.1.0.pdsc: PDSC version is not supported
2026-08-14 12:42:36,079 [WARN] PackLoader:240 - Cannot read IP mode file for STMicroelectronics.FP-SNS-SMARTAG2.1.2.0
2026-08-14 12:42:36,092 [WARN] PackLoader:240 - Cannot read IP mode file for STMicroelectronics.FP-SNS-FLIGHT1.5.1.0
2026-08-14 12:42:36,133 [WARN] PackLoader:240 - Cannot read IP mode file for STMicroelectronics.X-CUBE-MEMS1.11.1.0
2026-08-14 12:42:36,222 [INFO] LogOutputStream:77 - [STDOUT_REDIRECT] 1 : Invalid condition id : UX_CORESTACK_Condition cause : null
2026-08-14 12:42:36,222 [INFO] LogOutputStream:77 - [STDOUT_REDIRECT] 1 : Invalid condition id : UX_CORESTACK_Condition cause : null
2026-08-14 12:42:36,222 [INFO] LogOutputStream:77 - [STDOUT_REDIRECT] 1 : Invalid condition id : UX_CORESTACK_Condition cause : null
2026-08-14 12:42:36,226 [INFO] LogOutputStream:77 - [STDOUT_REDIRECT] 1 : Invalid condition id : UX_CORESTACK_Condition cause : null
2026-08-14 12:42:36,226 [INFO] LogOutputStream:77 - [STDOUT_REDIRECT] 1 : Invalid condition id : UX_CORESTACK_Condition cause : null
2026-08-14 12:42:36,226 [WARN] PackLoader:240 - Cannot read IP mode file for STMicroelectronics.X-CUBE-AZRTOS-WL.2.0.0
2026-08-14 12:42:36,242 [WARN] PackLoader:240 - Cannot read IP mode file for STMicroelectronics.FP-SNS-MOTENV1.5.0.0
2026-08-14 12:42:36,257 [WARN] PackLoader:240 - Cannot read IP mode file for STMicroelectronics.X-CUBE-AZRTOS-H7RS.1.2.0
2026-08-14 12:42:36,273 [WARN] PackLoader:240 - Cannot read IP mode file for wolfSSL.I-CUBE-wolfMQTT.1.19.0
2026-08-14 12:42:36,305 [WARN] PackLoader:240 - Cannot read IP mode file for WES.I-CUBE-Cesium.1.3.0
2026-08-14 12:42:36,316 [WARN] PackLoader:240 - Cannot read IP mode file for STMicroelectronics.X-CUBE-BLE2.3.3.0
2026-08-14 12:42:36,373 [WARN] PackLoader:240 - Cannot read IP mode file for STMicroelectronics.X-CUBE-DISPLAY.2.2.0
2026-08-14 12:42:36,385 [WARN] PackLoader:240 - Cannot read IP mode file for STMicroelectronics.X-CUBE-TOF1.3.2.0
2026-08-14 12:42:36,405 [WARN] PackLoader:240 - Cannot read IP mode file for STMicroelectronics.X-CUBE-ISPU.1.0.0
2026-08-14 12:42:36,421 [WARN] PackLoader:240 - Cannot read IP mode file for STMicroelectronics.X-CUBE-NFC9.1.0.0
2026-08-14 12:42:36,450 [WARN] PackLoader:240 - Cannot read IP mode file for STMicroelectronics.X-CUBE-AZRTOS-H7.2.1.0
2026-08-14 12:42:36,461 [WARN] PackLoader:240 - Cannot read IP mode file for STMicroelectronics.X-CUBE-BLE1.7.1.0
2026-08-14 12:42:36,479 [WARN] PackLoader:240 - Cannot read IP mode file for STMicroelectronics.X-CUBE-TCPP.4.1.0
2026-08-14 12:42:36,491 [ERROR] Engine:466 - C:\Users\abhil\.stm32cubemx\thirdparties\pdsc\STMicroelectronics.X-CUBE-FREERTOS.1.4.0.pdsc: PDSC version is not supported
2026-08-14 12:42:36,502 [WARN] PackLoader:240 - Cannot read IP mode file for STMicroelectronics.X-CUBE-EEPRMA1.5.2.0
2026-08-14 12:42:36,518 [WARN] PackLoader:240 - Cannot read IP mode file for STMicroelectronics.X-CUBE-TOUCHGFX.4.21.3
2026-08-14 12:42:36,530 [WARN] PackLoader:240 - Cannot read IP mode file for STMicroelectronics.X-CUBE-AI.7.3.0
2026-08-14 12:42:36,544 [ERROR] Engine:466 - C:\Users\abhil\.stm32cubemx\thirdparties\pdsc\STMicroelectronics.X-CUBE-ST67W61.1.1.0.pdsc: PDSC version is not supported
2026-08-14 12:42:36,558 [WARN] PackLoader:240 - Cannot read IP mode file for STMicroelectronics.X-CUBE-AI.10.1.0
2026-08-14 12:42:36,558 [ERROR] Engine:466 - C:\Users\abhil\.stm32cubemx\thirdparties\pdsc\STMicroelectronics.FP-SNS-STAIOTCFT.1.1.0.pdsc: PDSC version is not supported
2026-08-14 12:42:36,607 [WARN] PackLoader:240 - Cannot read IP mode file for STMicroelectronics.X-CUBE-MEMS1.12.0.0
2026-08-14 12:42:36,652 [WARN] PackLoader:240 - Cannot read IP mode file for STMicroelectronics.X-CUBE-ALGOBUILD.1.3.0
2026-08-14 12:42:36,703 [WARN] PackLoader:240 - Cannot read IP mode file for STMicroelectronics.X-CUBE-MEMS1.11.2.0
2026-08-14 12:42:36,810 [WARN] PackLoader:240 - Cannot read IP mode file for STMicroelectronics.X-CUBE-AZRTOS-G0.1.1.0
2026-08-14 12:42:36,828 [WARN] PackLoader:240 - Cannot read IP mode file for STMicroelectronics.X-CUBE-SAFEA1.1.2.2
2026-08-14 12:42:36,845 [WARN] PackLoader:240 - Cannot read IP mode file for STMicroelectronics.X-CUBE-NFC4.3.0.0
2026-08-14 12:42:36,873 [WARN] PackLoader:240 - Cannot read IP mode file for SEGGER.I-CUBE-embOS.1.2.1
2026-08-14 12:42:36,905 [WARN] PackLoader:240 - Cannot read IP mode file for wolfSSL.I-CUBE-wolfMQTT.1.18.0
2026-08-14 12:42:36,921 [WARN] PackLoader:240 - Cannot read IP mode file for EmbeddedOffice.I-CUBE-FS-RTOS.1.0.1
2026-08-14 12:42:36,939 [WARN] PackLoader:240 - Cannot read IP mode file for STMicroelectronics.X-CUBE-WB05N.2.0.0
2026-08-14 12:42:36,952 [WARN] PackLoader:240 - Cannot read IP mode file for STMicroelectronics.X-CUBE-TCPP.4.2.0
2026-08-14 12:42:36,968 [WARN] PackLoader:240 - Cannot read IP mode file for RealThread.X-CUBE-RT-Thread_Nano.4.1.1
2026-08-14 12:42:36,986 [WARN] PackLoader:240 - Cannot read IP mode file for STMicroelectronics.FP-ATR-SIGFOX1.3.2.0
2026-08-14 12:42:37,001 [WARN] ConditionMgr:438 - getConditionDescription Invalid condition id : Cortex-A Device cause : null
2026-08-14 12:42:37,015 [WARN] ConditionMgr:1044 - genDependencies : Invalid condition id : Cortex-A Device cause : null
2026-08-14 12:42:37,015 [WARN] ConditionMgr:1044 - genDependencies : Invalid condition id : Cortex-A Device cause : null
2026-08-14 12:42:37,015 [WARN] ConditionMgr:1044 - genDependencies : Invalid condition id : Cortex-A Device cause : null
2026-08-14 12:42:37,031 [WARN] PackLoader:240 - Cannot read IP mode file for STMicroelectronics.X-CUBE-EEPRMA1.5.1.0
2026-08-14 12:42:37,048 [ERROR] Engine:466 - C:\Users\abhil\.stm32cubemx\thirdparties\pdsc\STMicroelectronics.X-CUBE-FREERTOS.1.5.0.pdsc: PDSC version is not supported
2026-08-14 12:42:37,063 [WARN] PackLoader:240 - Cannot read IP mode file for emotas.I-CUBE-CANOPEN.1.1.2
2026-08-14 12:42:37,079 [WARN] PackLoader:240 - Cannot read IP mode file for STMicroelectronics.X-CUBE-TOUCHGFX.4.20.0
2026-08-14 12:42:37,094 [WARN] PackLoader:240 - Cannot read IP mode file for ITTIA_DB.I-CUBE-ITTIADB.8.9.0
2026-08-14 12:42:37,110 [WARN] PackLoader:240 - Cannot read IP mode file for STMicroelectronics.X-CUBE-NFC6.3.2.0
2026-08-14 12:42:37,142 [WARN] PackLoader:240 - Cannot read IP mode file for STMicroelectronics.X-CUBE-MEMS1.9.5.0
2026-08-14 12:42:37,213 [WARN] PackLoader:240 - Cannot read IP mode file for STMicroelectronics.X-CUBE-ST67W61.1.0.0
2026-08-14 12:42:37,227 [WARN] PackLoader:240 - Cannot read IP mode file for STMicroelectronics.X-CUBE-AI.10.2.1
2026-08-14 12:42:37,241 [WARN] PackLoader:240 - Cannot read IP mode file for STMicroelectronics.X-CUBE-AI.10.2.0
2026-08-14 12:42:37,276 [WARN] PackLoader:240 - Cannot read IP mode file for STMicroelectronics.X-CUBE-MEMS1.12.1.0
2026-08-14 12:42:37,340 [WARN] PackLoader:240 - Cannot read IP mode file for SEGGER.I-CUBE-embOS.1.3.1
2026-08-14 12:42:37,369 [WARN] PackLoader:240 - Cannot read IP mode file for STMicroelectronics.X-CUBE-ALGOBUILD.1.4.0
2026-08-14 12:42:37,406 [WARN] PackLoader:240 - Cannot read IP mode file for STMicroelectronics.X-CUBE-MEMS1.11.3.0
2026-08-14 12:42:37,469 [WARN] PackLoader:240 - Cannot read IP mode file for STMicroelectronics.X-CUBE-AI.9.1.0
2026-08-14 12:42:37,486 [WARN] PackLoader:240 - Cannot read IP mode file for STMicroelectronics.X-CUBE-NFC13.1.0.0
2026-08-14 12:42:37,500 [WARN] PackLoader:240 - Cannot read IP mode file for STMicroelectronics.X-CUBE-PM33A1.1.0.0
2026-08-14 12:42:37,516 [WARN] PackLoader:240 - Cannot read IP mode file for STMicroelectronics.X-CUBE-GNSS1.6.0.0
2026-08-14 12:42:37,540 [WARN] PackLoader:240 - Cannot read IP mode file for STMicroelectronics.X-CUBE-AZRTOS-F4.1.1.0
2026-08-14 12:42:37,554 [WARN] PackLoader:240 - Cannot read IP mode file for Avnet-IotConnect.X-CUBE-IoTC-DA16k-PMOD.1.0.0
2026-08-14 12:42:37,569 [WARN] PackLoader:240 - Cannot read IP mode file for STMicroelectronics.X-CUBE-ISPU.2.1.0
2026-08-14 12:42:37,583 [ERROR] Engine:466 - C:\Users\abhil\.stm32cubemx\thirdparties\pdsc\STMicroelectronics.X-CUBE-IPS.3.2.0.pdsc: PDSC version is not supported
2026-08-14 12:42:37,599 [WARN] PackLoader:240 - Cannot read IP mode file for STMicroelectronics.eDS-WB_DPC_TT-BIDIR.2.1.1
2026-08-14 12:42:37,612 [WARN] PackLoader:240 - Cannot read IP mode file for STMicroelectronics.X-CUBE-FREERTOS.1.2.0
2026-08-14 12:42:37,626 [WARN] PackLoader:240 - Cannot read IP mode file for STMicroelectronics.X-CUBE-NFC12.1.0.0
2026-08-14 12:42:37,643 [WARN] PackLoader:240 - Cannot read IP mode file for STMicroelectronics.X-CUBE-BLEMGR.1.2.0
2026-08-14 12:42:37,670 [WARN] PackLoader:240 - Cannot read IP mode file for STMicroelectronics.X-CUBE-AZRTOS-L5.2.0.0
2026-08-14 12:42:37,687 [WARN] PackLoader:240 - Cannot read IP mode file for STMicroelectronics.X-CUBE-NFC6.3.1.0
2026-08-14 12:42:37,708 [WARN] PackLoader:240 - Cannot read IP mode file for STMicroelectronics.X-CUBE-ALGOBUILD.1.5.0
2026-08-14 12:42:37,725 [WARN] PackLoader:240 - Cannot read IP mode file for STMicroelectronics.X-CUBE-BLEMGR.2.0.0
2026-08-14 12:42:37,740 [WARN] PackLoader:240 - Cannot read IP mode file for STMicroelectronics.X-CUBE-DPower.1.2.0
2026-08-14 12:42:37,756 [WARN] PackLoader:240 - Cannot read IP mode file for STMicroelectronics.eDS-WB_DPC_VIENNA.1.2.0
2026-08-14 12:42:37,793 [WARN] PackLoader:240 - Cannot read IP mode file for STMicroelectronics.X-CUBE-MEMS1.13.0.0
2026-08-14 12:42:37,839 [WARN] PackLoader:240 - Cannot read IP mode file for STMicroelectronics.eDS-WB_DPC_3PH2L-BIDIR.1.1.1
2026-08-14 12:42:37,852 [WARN] PackLoader:240 - Cannot read IP mode file for STMicroelectronics.X-CUBE-NFC4.2.0.4
2026-08-14 12:42:37,864 [WARN] PackLoader:240 - Cannot read IP mode file for STMicroelectronics.X-CUBE-AI.9.0.0
2026-08-14 12:42:37,889 [WARN] ConditionMgr:438 - getConditionDescription Invalid condition id : UX DEVICE CLASS RTOS Condition cause : null
2026-08-14 12:42:37,889 [WARN] ConditionMgr:438 - getConditionDescription Invalid condition id : UX DEVICE CLASS RTOS Condition cause : null
2026-08-14 12:42:37,891 [WARN] PackLoader:240 - Cannot read IP mode file for STMicroelectronics.X-CUBE-AZRTOS-H7.3.1.0
2026-08-14 12:42:37,891 [WARN] ConditionMgr:1044 - genDependencies : Invalid condition id : UX DEVICE CLASS RTOS Condition cause : null
2026-08-14 12:42:37,891 [WARN] ConditionMgr:1044 - genDependencies : Invalid condition id : UX DEVICE CLASS RTOS Condition cause : null
2026-08-14 12:42:37,892 [WARN] ConditionMgr:1044 - genDependencies : Invalid condition id : UX DEVICE CLASS RTOS Condition cause : null
2026-08-14 12:42:37,892 [WARN] ConditionMgr:1044 - genDependencies : Invalid condition id : UX DEVICE CLASS RTOS Condition cause : null
2026-08-14 12:42:37,892 [WARN] ConditionMgr:1044 - genDependencies : Invalid condition id : UX DEVICE CLASS RTOS Condition cause : null
2026-08-14 12:42:37,906 [ERROR] Engine:466 - C:\Users\abhil\.stm32cubemx\thirdparties\pdsc\STMicroelectronics.X-CUBE-ST67W61.1.3.0.pdsc: PDSC version is not supported
2026-08-14 12:42:37,919 [WARN] PackLoader:240 - Cannot read IP mode file for wolfSSL.I-CUBE-wolfSSL.5.5.1
2026-08-14 12:42:37,932 [WARN] PackLoader:240 - Cannot read IP mode file for STMicroelectronics.X-CUBE-FREERTOS.1.3.1
2026-08-14 12:42:37,943 [WARN] PackLoader:240 - Cannot read IP mode file for STMicroelectronics.X-CUBE-FREERTOS.1.3.0
2026-08-14 12:42:37,958 [WARN] PackLoader:240 - Cannot read IP mode file for STMicroelectronics.X-CUBE-NFC7.1.0.1
2026-08-14 12:42:37,971 [WARN] PackLoader:240 - Cannot read IP mode file for STMicroelectronics.X-CUBE-NFC7.1.0.0
2026-08-14 12:42:37,984 [WARN] PackLoader:240 - Cannot read IP mode file for STMicroelectronics.X-CUBE-TOUCHGFX.4.26.0
2026-08-14 12:42:37,996 [WARN] PackLoader:240 - Cannot read IP mode file for STMicroelectronics.X-CUBE-TOUCHGFX.4.26.1
2026-08-14 12:42:38,009 [WARN] PackLoader:240 - Cannot read IP mode file for STMicroelectronics.X-CUBE-EEPRMA1.4.1.0
2026-08-14 12:42:38,025 [WARN] PackLoader:240 - Cannot read IP mode file for STMicroelectronics.FP-SNS-STAIOTCFT.1.0.0
2026-08-14 12:42:38,037 [WARN] PackLoader:240 - Cannot read IP mode file for STMicroelectronics.X-CUBE-DPower.1.3.0
2026-08-14 12:42:38,060 [WARN] ConditionMgr:438 - getConditionDescription Invalid condition id : LAN8742 Phy interface Condition cause : null
2026-08-14 12:42:38,061 [WARN] PackLoader:240 - Cannot read IP mode file for STMicroelectronics.X-CUBE-AZRTOS-L4.2.0.0
2026-08-14 12:42:38,061 [WARN] ConditionMgr:1044 - genDependencies : Invalid condition id : LAN8742 Phy interface Condition cause : null
2026-08-14 12:42:38,062 [WARN] ConditionMgr:1044 - genDependencies : Invalid condition id : LAN8742 Phy interface Condition cause : null
2026-08-14 12:42:38,062 [WARN] ConditionMgr:1044 - genDependencies : Invalid condition id : LAN8742 Phy interface Condition cause : null
2026-08-14 12:42:38,078 [WARN] PackLoader:240 - Cannot read IP mode file for STMicroelectronics.X-CUBE-SFXS2LP1.4.0.0
2026-08-14 12:42:38,092 [WARN] PackLoader:240 - Cannot read IP mode file for STMicroelectronics.X-CUBE-WB05N.2.1.0
2026-08-14 12:42:38,108 [ERROR] Engine:466 - C:\Users\abhil\.stm32cubemx\thirdparties\pdsc\STMicroelectronics.X-CUBE-ST67W61.1.2.0.pdsc: PDSC version is not supported
2026-08-14 12:42:38,120 [WARN] PackLoader:240 - Cannot read IP mode file for STMicroelectronics.X-CUBE-ISPU.1.1.0
2026-08-14 12:42:38,145 [WARN] PackLoader:240 - Cannot read IP mode file for STMicroelectronics.X-CUBE-AZRTOS-H7.3.3.0
2026-08-14 12:42:38,161 [WARN] PackLoader:240 - Cannot read IP mode file for RoweBots.I-CUBE-UNISONRTOS.5.5.0-4
2026-08-14 12:42:38,179 [WARN] PackLoader:240 - Cannot read IP mode file for STMicroelectronics.X-CUBE-BLEMGR.4.1.0
2026-08-14 12:42:38,195 [WARN] PackLoader:240 - Cannot read IP mode file for STMicroelectronics.X-CUBE-AI.8.0.0
2026-08-14 12:42:38,212 [WARN] PackLoader:240 - Cannot read IP mode file for STMicroelectronics.X-CUBE-IPS.3.0.0
2026-08-14 12:42:38,236 [WARN] ConditionMgr:438 - getConditionDescription Invalid condition id : UX DEVICE CLASS RTOS Condition cause : null
2026-08-14 12:42:38,236 [WARN] ConditionMgr:438 - getConditionDescription Invalid condition id : UX DEVICE CLASS RTOS Condition cause : null
2026-08-14 12:42:38,237 [WARN] PackLoader:240 - Cannot read IP mode file for STMicroelectronics.X-CUBE-AZRTOS-WB.2.0.0
2026-08-14 12:42:38,238 [WARN] ConditionMgr:1044 - genDependencies : Invalid condition id : UX DEVICE CLASS RTOS Condition cause : null
2026-08-14 12:42:38,238 [WARN] ConditionMgr:1044 - genDependencies : Invalid condition id : UX DEVICE CLASS RTOS Condition cause : null
2026-08-14 12:42:38,238 [WARN] ConditionMgr:1044 - genDependencies : Invalid condition id : UX DEVICE CLASS RTOS Condition cause : null
2026-08-14 12:42:38,238 [WARN] ConditionMgr:1044 - genDependencies : Invalid condition id : UX DEVICE CLASS RTOS Condition cause : null
2026-08-14 12:42:38,238 [WARN] ConditionMgr:1044 - genDependencies : Invalid condition id : UX DEVICE CLASS RTOS Condition cause : null
2026-08-14 12:42:38,251 [WARN] PackLoader:240 - Cannot read IP mode file for STMicroelectronics.X-CUBE-FREERTOS.1.0.1
2026-08-14 12:42:38,265 [WARN] PackLoader:240 - Cannot read IP mode file for STMicroelectronics.X-CUBE-GNSS1.7.0.0
2026-08-14 12:42:38,279 [WARN] PackLoader:240 - Cannot read IP mode file for STMicroelectronics.X-CUBE-GNSS1.7.0.1
2026-08-14 12:42:38,294 [WARN] PackLoader:240 - Cannot read IP mode file for STMicroelectronics.X-CUBE-TOUCHGFX.4.25.0
2026-08-14 12:42:38,308 [WARN] PackLoader:240 - Cannot read IP mode file for STMicroelectronics.FP-SNS-STBOX1.2.0.0
2026-08-14 12:42:38,325 [WARN] PackLoader:240 - Cannot read IP mode file for STMicroelectronics.X-CUBE-STSE01.2.0.0
2026-08-14 12:42:38,352 [WARN] PackLoader:240 - Cannot read IP mode file for STMicroelectronics.X-CUBE-AZRTOS-L5.1.1.0
2026-08-14 12:42:38,369 [WARN] PackLoader:240 - Cannot read IP mode file for STMicroelectronics.X-CUBE-SUBG2.5.0.0
2026-08-14 12:42:38,395 [WARN] PackLoader:240 - Cannot read IP mode file for STMicroelectronics.X-CUBE-AZRTOS-H7RS.1.1.0
2026-08-14 12:42:38,411 [WARN] PackLoader:240 - Cannot read IP mode file for Cesanta.I-CUBE-Mongoose.7.13.0
2026-08-14 12:42:38,434 [WARN] PackLoader:240 - Cannot read IP mode file for STMicroelectronics.X-CUBE-AZRTOS-G4.2.0.0
2026-08-14 12:42:38,450 [WARN] PackLoader:240 - Cannot read IP mode file for STMicroelectronics.X-CUBE-TOF1.3.3.0
2026-08-14 12:42:38,466 [WARN] PackLoader:240 - Cannot read IP mode file for STMicroelectronics.FP-ATR-ASTRA1.1.1.1
2026-08-14 12:42:38,478 [WARN] PackLoader:240 - Cannot read IP mode file for STMicroelectronics.X-CUBE-NFC7.2.0.0
2026-08-14 12:42:38,498 [WARN] PackLoader:240 - Cannot read IP mode file for STMicroelectronics.X-CUBE-AZRTOS-G4.1.0.0
2026-08-14 12:42:38,521 [WARN] PackLoader:240 - Cannot read IP mode file for STMicroelectronics.X-CUBE-AZRTOS-L4.1.0.0
2026-08-14 12:42:38,535 [WARN] PackLoader:240 - Cannot read IP mode file for STMicroelectronics.X-CUBE-ISPU.2.0.0
2026-08-14 12:42:38,553 [WARN] PackLoader:240 - Cannot read IP mode file for STMicroelectronics.X-CUBE-IPS.3.1.0
2026-08-14 12:42:38,567 [ERROR] Engine:466 - C:\Users\abhil\.stm32cubemx\thirdparties\pdsc\STMicroelectronics.X-CUBE-BLEMGR.4.2.0.pdsc: PDSC version is not supported
2026-08-14 12:42:38,578 [WARN] PackLoader:240 - Cannot read IP mode file for STMicroelectronics.X-CUBE-ALS.1.0.2
2026-08-14 12:42:38,610 [WARN] PackLoader:240 - Cannot read IP mode file for STMicroelectronics.X-CUBE-MEMS1.10.0.0
2026-08-14 12:42:38,667 [WARN] PackLoader:240 - Cannot read IP mode file for STMicroelectronics.X-CUBE-TOUCHGFX.4.24.2
2026-08-14 12:42:38,687 [WARN] PackLoader:240 - Cannot read IP mode file for STMicroelectronics.X-CUBE-AZRTOS-WL.1.0.0
2026-08-14 12:42:38,699 [WARN] PackLoader:240 - Cannot read IP mode file for STMicroelectronics.X-CUBE-TOUCHGFX.4.24.1
2026-08-14 12:42:38,714 [WARN] PackLoader:240 - Cannot read IP mode file for STMicroelectronics.X-CUBE-STSE01.1.0.0
2026-08-14 12:42:38,727 [WARN] PackLoader:240 - Cannot read IP mode file for wolfSSL.I-CUBE-wolfTPM.3.4.0
2026-08-14 12:42:38,744 [WARN] PackLoader:240 - Cannot read IP mode file for portGmbH.I-Cube-SoM-uGOAL.1.1.0
2026-08-14 12:42:38,755 [WARN] PackLoader:240 - Cannot read IP mode file for STMicroelectronics.X-CUBE-ALS.1.0.1
2026-08-14 12:42:38,774 [WARN] PackLoader:240 - Cannot read IP mode file for STMicroelectronics.X-CUBE-AZRTOS-WB.1.1.0
2026-08-14 12:42:38,798 [WARN] PackLoader:240 - Cannot read IP mode file for STMicroelectronics.X-CUBE-AZRTOS-L5.1.0.0
2026-08-14 12:42:38,817 [WARN] PackLoader:240 - Cannot read IP mode file for STMicroelectronics.X-CUBE-EEPRMA1.3.1.1
2026-08-14 12:42:38,841 [WARN] PackLoader:240 - Cannot read IP mode file for STMicroelectronics.X-CUBE-AZRTOS-H7RS.1.0.0
2026-08-14 12:42:38,855 [WARN] PackLoader:240 - Cannot read IP mode file for STMicroelectronics.FP-ATR-ASTRA1.2.0.0
2026-08-14 12:42:38,874 [WARN] PackLoader:240 - Cannot read IP mode file for STMicroelectronics.X-CUBE-TOF1.3.4.2
2026-08-14 12:42:38,896 [WARN] PackLoader:240 - Cannot read IP mode file for STMicroelectronics.X-CUBE-TOF1.3.4.3
2026-08-14 12:42:38,918 [WARN] PackLoader:240 - Cannot read IP mode file for STMicroelectronics.X-CUBE-TOF1.3.4.1
2026-08-14 12:42:38,949 [WARN] PackLoader:240 - Cannot read IP mode file for STMicroelectronics.X-CUBE-AZRTOS-H7.3.2.0
2026-08-14 12:42:38,972 [WARN] PackLoader:240 - Cannot read IP mode file for Infineon.AIROC-Wi-Fi-Bluetooth-STM32.1.6.0
2026-08-14 12:42:38,987 [WARN] PackLoader:240 - Cannot read IP mode file for wolfSSL.I-CUBE-wolfSSH.1.4.17
2026-08-14 12:42:38,987 [INFO] ThirdParty:978 - Integrity check success = true
2026-08-14 12:42:38,987 [INFO] IntegrityCheckThread:100 - exiting critical section [integrity check]
2026-08-14 12:42:38,987 [INFO] IntegrityCheckThread:103 - End integrity checks thread
2026-08-14 12:42:39,020 [INFO] Mcu:2011 - Initializing MCU STM32F411C(C-E)Ux STM32F411CEUx STM32F411CEU6
2026-08-14 12:42:40,244 [INFO] Context:756 - Trying to add GPIOservice into a context  which must be forbidden
2026-08-14 12:42:40,568 [INFO] ImportTextPane:218 - (OptionalMessage_ERROR) Pin27 (VP_RIF_VS_RIF1) cannot be retrieved for this MCU
2026-08-14 12:42:40,710 [INFO] RtosManager:558 - Registered RTOS mode: class=CMSIS, group=RTOS, mode=CMSIS_V1, owner=FREERTOS
2026-08-14 12:42:40,710 [INFO] RtosManager:558 - Registered RTOS mode: class=CMSIS, group=RTOS2, mode=CMSIS_V2, owner=FREERTOS
2026-08-14 12:42:40,710 [INFO] RtosManager:558 - Registered RTOS mode: class=RTOS, group=Core, mode=CMSIS_V1, owner=FREERTOS
2026-08-14 12:42:40,710 [INFO] RtosManager:558 - Registered RTOS mode: class=RTOS, group=Core, mode=CMSIS_V2, owner=FREERTOS
2026-08-14 12:42:40,710 [WARN] ModelIntegratedComponent:184 - Missing modes for component STMicroelectronics:FreeRTOS:0.0.1:STMicroelectronics:RTOS:FreeRTOS:Core:::10.2.0:
2026-08-14 12:42:40,744 [WARN] ModelIntegratedComponent:63 - No mode defined for component null
2026-08-14 12:42:40,744 [WARN] ModelIntegratedComponent:63 - No mode defined for component null
2026-08-14 12:42:40,744 [WARN] ModelIntegratedComponent:63 - No mode defined for component null
2026-08-14 12:42:40,744 [WARN] ModelIntegratedComponent:63 - No mode defined for component null
2026-08-14 12:42:40,744 [WARN] ModelIntegratedComponent:63 - No mode defined for component null
2026-08-14 12:42:40,744 [WARN] ModelIntegratedComponent:63 - No mode defined for component null
2026-08-14 12:42:40,744 [WARN] ModelIntegratedComponent:63 - No mode defined for component null
2026-08-14 12:42:40,744 [WARN] ModelIntegratedComponent:63 - No mode defined for component null
2026-08-14 12:42:40,744 [WARN] ModelIntegratedComponent:63 - No mode defined for component null
2026-08-14 12:42:40,744 [WARN] ModelIntegratedComponent:63 - No mode defined for component null
2026-08-14 12:42:40,744 [WARN] ModelIntegratedComponent:63 - No mode defined for component null
2026-08-14 12:42:40,744 [WARN] ModelIntegratedComponent:63 - No mode defined for component null
2026-08-14 12:42:40,744 [WARN] ModelIntegratedComponent:63 - No mode defined for component null
2026-08-14 12:42:40,758 [WARN] ModelIntegratedComponent:63 - No mode defined for component null
2026-08-14 12:42:40,758 [WARN] ModelIntegratedComponent:63 - No mode defined for component null
2026-08-14 12:42:40,758 [WARN] ModelIntegratedComponent:63 - No mode defined for component null
2026-08-14 12:42:40,758 [WARN] ModelIntegratedComponent:63 - No mode defined for component null
2026-08-14 12:42:40,758 [WARN] ModelIntegratedComponent:63 - No mode defined for component null
2026-08-14 12:42:40,758 [WARN] ModelIntegratedComponent:63 - No mode defined for component null
2026-08-14 12:42:40,758 [WARN] ModelIntegratedComponent:63 - No mode defined for component null
2026-08-14 12:42:40,758 [WARN] ModelIntegratedComponent:63 - No mode defined for component null
2026-08-14 12:42:40,758 [WARN] ModelIntegratedComponent:63 - No mode defined for component null
2026-08-14 12:42:40,758 [WARN] ModelIntegratedComponent:63 - No mode defined for component null
2026-08-14 12:42:40,758 [WARN] ModelIntegratedComponent:63 - No mode defined for component null
2026-08-14 12:42:40,758 [WARN] ModelIntegratedComponent:63 - No mode defined for component null
2026-08-14 12:42:40,758 [WARN] ModelIntegratedComponent:63 - No mode defined for component null
2026-08-14 12:42:40,758 [WARN] ModelIntegratedComponent:63 - No mode defined for component null
2026-08-14 12:42:40,758 [WARN] ModelIntegratedComponent:63 - No mode defined for component null
2026-08-14 12:42:40,758 [WARN] ModelIntegratedComponent:63 - No mode defined for component null
2026-08-14 12:42:40,758 [WARN] ModelIntegratedComponent:63 - No mode defined for component null
2026-08-14 12:42:40,758 [WARN] ModelIntegratedComponent:63 - No mode defined for component null
2026-08-14 12:42:40,758 [WARN] ModelIntegratedComponent:63 - No mode defined for component null
2026-08-14 12:42:40,758 [WARN] ModelIntegratedComponent:63 - No mode defined for component null
2026-08-14 12:42:40,758 [WARN] ModelIntegratedComponent:63 - No mode defined for component null
2026-08-14 12:42:40,758 [WARN] ModelIntegratedComponent:63 - No mode defined for component null
2026-08-14 12:42:40,758 [WARN] ModelPack:524 - Component already loaded: STMicroelectronics:HAL Drivers:0.0.0:STMicroelectronics:Device:STMicro_Driver:XSPI:HAL::0.0.1:HAL_XSPI
2026-08-14 12:42:40,837 [WARN] ModelIntegratedComponent:182 - Modes not found for component STMicroelectronics:USB_DEVICE:1.0.0:STMicroelectronics:USB::USB Device:Audio HS::1.0:USB_DEVICE_1_0_RESTRICTED_HS
2026-08-14 12:42:40,837 [WARN] ModelIntegratedComponent:188 - Modes not found for component STMicroelectronics:USB_DEVICE:1.0.0:STMicroelectronics:USB::USB Device:Audio HS::1.0:USB_DEVICE_1_0_RESTRICTED_HS
2026-08-14 12:42:40,837 [WARN] ModelIntegratedComponent:182 - Modes not found for component STMicroelectronics:USB_DEVICE:1.0.0:STMicroelectronics:USB::USB Device:CDC HS::1.0:USB_DEVICE_1_0_RESTRICTED_HS
2026-08-14 12:42:40,837 [WARN] ModelIntegratedComponent:188 - Modes not found for component STMicroelectronics:USB_DEVICE:1.0.0:STMicroelectronics:USB::USB Device:CDC HS::1.0:USB_DEVICE_1_0_RESTRICTED_HS
2026-08-14 12:42:40,837 [WARN] ModelIntegratedComponent:182 - Modes not found for component STMicroelectronics:USB_DEVICE:1.0.0:STMicroelectronics:USB::USB Device:DFU HS::1.0:USB_DEVICE_1_0_RESTRICTED_HS
2026-08-14 12:42:40,837 [WARN] ModelIntegratedComponent:188 - Modes not found for component STMicroelectronics:USB_DEVICE:1.0.0:STMicroelectronics:USB::USB Device:DFU HS::1.0:USB_DEVICE_1_0_RESTRICTED_HS
2026-08-14 12:42:40,837 [WARN] ModelIntegratedComponent:182 - Modes not found for component STMicroelectronics:USB_DEVICE:1.0.0:STMicroelectronics:USB::USB Device:HID HS::1.0:USB_DEVICE_1_0_RESTRICTED_HS
2026-08-14 12:42:40,837 [WARN] ModelIntegratedComponent:188 - Modes not found for component STMicroelectronics:USB_DEVICE:1.0.0:STMicroelectronics:USB::USB Device:HID HS::1.0:USB_DEVICE_1_0_RESTRICTED_HS
2026-08-14 12:42:40,837 [WARN] ModelIntegratedComponent:182 - Modes not found for component STMicroelectronics:USB_DEVICE:1.0.0:STMicroelectronics:USB::USB Device:Custom HID HS::1.0:USB_DEVICE_1_0_RESTRICTED_HS
2026-08-14 12:42:40,837 [WARN] ModelIntegratedComponent:188 - Modes not found for component STMicroelectronics:USB_DEVICE:1.0.0:STMicroelectronics:USB::USB Device:Custom HID HS::1.0:USB_DEVICE_1_0_RESTRICTED_HS
2026-08-14 12:42:40,837 [WARN] ModelIntegratedComponent:182 - Modes not found for component STMicroelectronics:USB_DEVICE:1.0.0:STMicroelectronics:USB::USB Device:MSC HS::1.0:USB_DEVICE_1_0_RESTRICTED_HS
2026-08-14 12:42:40,837 [WARN] ModelIntegratedComponent:188 - Modes not found for component STMicroelectronics:USB_DEVICE:1.0.0:STMicroelectronics:USB::USB Device:MSC HS::1.0:USB_DEVICE_1_0_RESTRICTED_HS
2026-08-14 12:42:40,933 [WARN] ModelIntegratedComponent:182 - Modes not found for component STMicroelectronics:USB_HOST:1.0.0:STMicroelectronics:USB::USB Host:Audio HS::1.0:USB_HOST_1_0_RESTRICTED_HS
2026-08-14 12:42:40,933 [WARN] ModelIntegratedComponent:188 - Modes not found for component STMicroelectronics:USB_HOST:1.0.0:STMicroelectronics:USB::USB Host:Audio HS::1.0:USB_HOST_1_0_RESTRICTED_HS
2026-08-14 12:42:40,933 [WARN] ModelIntegratedComponent:182 - Modes not found for component STMicroelectronics:USB_HOST:1.0.0:STMicroelectronics:USB::USB Host:CDC HS::1.0:USB_HOST_1_0_RESTRICTED_HS
2026-08-14 12:42:40,933 [WARN] ModelIntegratedComponent:188 - Modes not found for component STMicroelectronics:USB_HOST:1.0.0:STMicroelectronics:USB::USB Host:CDC HS::1.0:USB_HOST_1_0_RESTRICTED_HS
2026-08-14 12:42:40,933 [WARN] ModelIntegratedComponent:182 - Modes not found for component STMicroelectronics:USB_HOST:1.0.0:STMicroelectronics:USB::USB Host:MSC HS::1.0:USB_HOST_1_0_RESTRICTED_HS
2026-08-14 12:42:40,933 [WARN] ModelIntegratedComponent:188 - Modes not found for component STMicroelectronics:USB_HOST:1.0.0:STMicroelectronics:USB::USB Host:MSC HS::1.0:USB_HOST_1_0_RESTRICTED_HS
2026-08-14 12:42:40,933 [WARN] ModelIntegratedComponent:182 - Modes not found for component STMicroelectronics:USB_HOST:1.0.0:STMicroelectronics:USB::USB Host:HID HS::1.0:USB_HOST_1_0_RESTRICTED_HS
2026-08-14 12:42:40,933 [WARN] ModelIntegratedComponent:188 - Modes not found for component STMicroelectronics:USB_HOST:1.0.0:STMicroelectronics:USB::USB Host:HID HS::1.0:USB_HOST_1_0_RESTRICTED_HS
2026-08-14 12:42:40,933 [WARN] ModelIntegratedComponent:182 - Modes not found for component STMicroelectronics:USB_HOST:1.0.0:STMicroelectronics:USB::USB Host:MTP HS::1.0:USB_HOST_1_0_RESTRICTED_HS
2026-08-14 12:42:40,933 [WARN] ModelIntegratedComponent:188 - Modes not found for component STMicroelectronics:USB_HOST:1.0.0:STMicroelectronics:USB::USB Host:MTP HS::1.0:USB_HOST_1_0_RESTRICTED_HS
2026-08-14 12:42:41,186 [INFO] ThirdPartyModel:298 - Start build external matchings
2026-08-14 12:42:45,694 [INFO] ThirdPartyModel:316 - End build external matchings
2026-08-14 12:42:45,834 [INFO] ImportTextPane:218 - (OptionalMessage_ERROR) IP (DMA) : Parameter (Instance) has Id (SPI2_TX) currently not set
2026-08-14 12:42:45,834 [INFO] ImportTextPane:218 - (OptionalMessage_ERROR) IP (DMA) : Parameter (Channel) has Id (SPI2_TX) currently not set
2026-08-14 12:42:45,834 [INFO] ImportTextPane:218 - (OptionalMessage_ERROR) IP (DMA) : Parameter (Direction) has Id (SPI2_TX) currently not set
2026-08-14 12:42:45,834 [INFO] ImportTextPane:218 - (OptionalMessage_ERROR) IP (DMA) : Parameter (PeriphInc) has Id (SPI2_TX) currently not set
2026-08-14 12:42:45,834 [INFO] ImportTextPane:218 - (OptionalMessage_ERROR) IP (DMA) : Parameter (MemInc) has Id (SPI2_TX) currently not set
2026-08-14 12:42:45,835 [INFO] ImportTextPane:218 - (OptionalMessage_ERROR) IP (DMA) : Parameter (PeriphDataAlignment) has Id (SPI2_TX) currently not set
2026-08-14 12:42:45,835 [INFO] ImportTextPane:218 - (OptionalMessage_ERROR) IP (DMA) : Parameter (MemDataAlignment) has Id (SPI2_TX) currently not set
2026-08-14 12:42:45,835 [INFO] ImportTextPane:218 - (OptionalMessage_ERROR) IP (DMA) : Parameter (Mode) has Id (SPI2_TX) currently not set
2026-08-14 12:42:45,835 [INFO] ImportTextPane:218 - (OptionalMessage_ERROR) IP (DMA) : Parameter (Priority) has Id (SPI2_TX) currently not set
2026-08-14 12:42:45,835 [INFO] ImportTextPane:218 - (OptionalMessage_ERROR) IP (DMA) : Parameter (FIFOMode) has Id (SPI2_TX) currently not set
2026-08-14 12:42:45,835 [INFO] ImportTextPane:218 - (OptionalMessage_ERROR) IP (DMA) : Parameter (Instance) has Id (ADC1) currently not set
2026-08-14 12:42:45,835 [INFO] ImportTextPane:218 - (OptionalMessage_ERROR) IP (DMA) : Parameter (Channel) has Id (ADC1) currently not set
2026-08-14 12:42:45,835 [INFO] ImportTextPane:218 - (OptionalMessage_ERROR) IP (DMA) : Parameter (Direction) has Id (ADC1) currently not set
2026-08-14 12:42:45,835 [INFO] ImportTextPane:218 - (OptionalMessage_ERROR) IP (DMA) : Parameter (PeriphInc) has Id (ADC1) currently not set
2026-08-14 12:42:45,835 [INFO] ImportTextPane:218 - (OptionalMessage_ERROR) IP (DMA) : Parameter (MemInc) has Id (ADC1) currently not set
2026-08-14 12:42:45,835 [INFO] ImportTextPane:218 - (OptionalMessage_ERROR) IP (DMA) : Parameter (PeriphDataAlignment) has Id (ADC1) currently not set
2026-08-14 12:42:45,835 [INFO] ImportTextPane:218 - (OptionalMessage_ERROR) IP (DMA) : Parameter (MemDataAlignment) has Id (ADC1) currently not set
2026-08-14 12:42:45,835 [INFO] ImportTextPane:218 - (OptionalMessage_ERROR) IP (DMA) : Parameter (Mode) has Id (ADC1) currently not set
2026-08-14 12:42:45,835 [INFO] ImportTextPane:218 - (OptionalMessage_ERROR) IP (DMA) : Parameter (Priority) has Id (ADC1) currently not set
2026-08-14 12:42:45,835 [INFO] ImportTextPane:218 - (OptionalMessage_ERROR) IP (DMA) : Parameter (FIFOMode) has Id (ADC1) currently not set
2026-08-14 12:42:45,838 [INFO] ImportTextPane:218 - (OptionalMessage_ERROR) IP (RCC) : Parameter (RTCHSEDivFreq_Value) has invalid value (12500000)
2026-08-14 12:42:45,849 [WARN] IP:2250 - DEVICE_SERIAL0_HID_FS not found: check if there is a RefParameter without a condition.
2026-08-14 12:42:45,850 [WARN] IP:2250 - DEVICE_SERIAL1_HID_FS not found: check if there is a RefParameter without a condition.
2026-08-14 12:42:45,850 [WARN] IP:2250 - DEVICE_SERIAL2_HID_FS not found: check if there is a RefParameter without a condition.
2026-08-14 12:42:46,188 [INFO] ApiDb:581 - Connected to CubeFinder SQLite database (C:\Users\abhil\.stmcufinder\plugins\mcufinder\mcu\cube-finder-db.db)
2026-08-14 12:42:46,285 [INFO] ApiDb:668 - CubeFinder database Data Model version=2.1
2026-08-14 12:42:46,285 [INFO] ApiDb:669 - CubeFinder database Configuration version=3.0.42
2026-08-14 12:42:46,286 [INFO] ApiDb:670 - CubeFinder database generation date=2026-05-06 (1778060171)
2026-08-14 12:42:46,286 [INFO] ApiDb:671 - CubeFinder database FW Pack versions=[FP-ATR-ASTRA1_V2.0.0, FP-SNS-FLIGHT1_V5.1.0, FP-SNS-MOTENV1_V5.1.0, FP-SNS-MOTENVWB1_V1.5.0, FP-SNS-SMARTAG2_V1.2.0, FP-SNS-STBOX1_V2.1.0, STM32Cube_FW_C0_V1.4.0, STM32Cube_FW_F4_V1.28.3, STM32Cube_FW_F7_V1.17.4, STM32Cube_FW_G0_V1.6.3, STM32Cube_FW_G4_V1.6.2, STM32Cube_FW_H5_V1.6.0, STM32Cube_FW_H7RS_V1.3.0, STM32Cube_FW_H7_V1.13.0, STM32Cube_FW_L0_V1.12.2, STM32Cube_FW_L4_V1.18.2, STM32Cube_FW_L5_V1.6.0, STM32Cube_FW_N6_V1.3.0, STM32Cube_FW_U0_V1.3.0, STM32Cube_FW_U3_V1.3.0, STM32Cube_FW_U5_V1.8.0, STM32Cube_FW_WB0_V1.4.0, STM32Cube_FW_WBA_V1.9.0, STM32Cube_FW_WB_V1.24.0, STM32Cube_FW_WL3_V1.4.0, STM32Cube_FW_WL_V1.5.0, X-CUBE-ALGOBUILD_V1.4.0, X-CUBE-ALS_V1.0.2, X-CUBE-AZRTOS-F4_V1.1.0, X-CUBE-AZRTOS-F7_V1.1.0, X-CUBE-AZRTOS-G0_V1.1.0, X-CUBE-AZRTOS-G4_V2.0.0, X-CUBE-AZRTOS-H7RS_V1.1.0, X-CUBE-AZRTOS-H7_V3.5.0, X-CUBE-AZRTOS-L4_V2.0.0, X-CUBE-AZRTOS-L5_V2.0.0, X-CUBE-AZRTOS-WB_V2.0.0, X-CUBE-AZRTOS-WL_V2.0.0, X-CUBE-BLE1_V7.1.0, X-CUBE-BLE2_V3.3.0, X-CUBE-BLEMGR_V4.1.0, X-CUBE-EEPRMA1_V5.2.0, X-CUBE-FREERTOS_V1.5.0, X-CUBE-GNSS1_V6.0.0, X-CUBE-MEMS1_V12.0.0, X-CUBE-NFC4_V3.0.0, X-CUBE-NFC7_V2.0.0, X-CUBE-SFXS2LP1_V4.0.0, X-CUBE-ST67W61_V1.2.0, X-CUBE-SUBG2_V5.0.0, X-CUBE-TOF1_V3.4.3]
2026-08-14 12:42:46,393 [INFO] DbBoardsSqlite:226 - include board P-NUCLEO-WB55-NUCLEO as a kit item of type 'Nucleo-64'
2026-08-14 12:42:46,393 [INFO] DbBoardsSqlite:226 - include board P-NUCLEO-WB55-USBDONGLE as a kit item of type 'Nucleo USB Dongle'
2026-08-14 12:42:46,394 [INFO] DbBoardsSqlite:226 - include board STEVAL-IDP005V1 as a kit item of type 'Evaluation Board'
2026-08-14 12:42:46,394 [INFO] DbBoardsSqlite:226 - include board STEVAL-IDP005V2 as a kit item of type 'Evaluation Board'
2026-08-14 12:42:46,696 [INFO] ApiDb:240 - Found 895 in-development CPN: [B-G473E-ZEST1S, B-WB1M-WPAN1, B-WBA5M-WPAN, B-WL5M-SUBG1, NUCLEO-C031C6, NUCLEO-C051C8, NUCLEO-C071RB, NUCLEO-C092RC, NUCLEO-H503RB, NUCLEO-H533RE, NUCLEO-H563ZI, NUCLEO-H7S3L8, NUCLEO-N657X0-Q, NUCLEO-U031R8, NUCLEO-U083RC, NUCLEO-U385RG-Q, NUCLEO-U545RE-Q, NUCLEO-U5A5ZJ-Q, NUCLEO-WB05KZ, NUCLEO-WB07CC, NUCLEO-WB09KE, NUCLEO-WBA52CG, NUCLEO-WBA55CG, NUCLEO-WBA65RI, NUCLEO-WL33CC1, NUCLEO-WL33CC2, STEVAL-PROTEUS1, STEVAL-SMARTAG2, STEVAL-STWINBX1, STM320518-EVAL, STM32C0116-DK, STM32C011D6Y3TR, STM32C011D6Y6TR, STM32C011F4P3, STM32C011F4P6, STM32C011F4U3, STM32C011F4U6TR, STM32C011F6P3, STM32C011F6P6, STM32C011F6U3, STM32C011F6U6TR, STM32C011J4M3, STM32C011J4M6, STM32C011J6M3, STM32C011J6M6, STM32C0316-DK, STM32C031C4T3, STM32C031C4T6, STM32C031C4U3, STM32C031C4U6, STM32C031C6T3, STM32C031C6T6, STM32C031C6U3, STM32C031C6U6, STM32C031F4P3, STM32C031F4P6, STM32C031F6P3, STM32C031F6P6, STM32C031G4U3, STM32C031G4U6, STM32C031G6U3, STM32C031G6U6, STM32C031K4T3, STM32C031K4T6, STM32C031K4U3, STM32C031K4U6, STM32C031K6T3, STM32C031K6T6, STM32C031K6U3, STM32C031K6U6, STM32C051C6T6, STM32C051C6U6, STM32C051C8T6, STM32C051C8U6, STM32C051D8Y6TR, STM32C051F6P6, STM32C051F8P6, STM32C051G6U6, STM32C051G8U6, STM32C051K6T6, STM32C051K6U6, STM32C051K8T6, STM32C071C8T6, STM32C071C8T6N, STM32C071C8U6, STM32C071C8U6N, STM32C071CBT6, STM32C071CBT6N, STM32C071CBU6, STM32C071CBU6N, STM32C071F8P6, STM32C071F8P6N, STM32C071FBP6, STM32C071FBP6N, STM32C071FBY6TR, STM32C071G8U6, STM32C071G8U6N, STM32C071GBU6, STM32C071GBU6N, STM32C071K8T6, STM32C071K8T6N, STM32C071K8U6, STM32C071K8U6N, STM32C071KBT6, STM32C071KBT6N, STM32C071KBU6, STM32C071KBU6N, STM32C071R8T6, STM32C071R8T6N, STM32C071RBI6N, STM32C071RBT6, STM32C071RBT6N, STM32C091CBT6, STM32C091CBU6, STM32C091CCT6, STM32C091CCU6, STM32C091ECY6TR, STM32C091FBP6, STM32C091FCP6, STM32C091GBU6, STM32C091GCU6, STM32C091KBT6, STM32C091KBU6, STM32C091KCT6, STM32C091KCU6, STM32C091RBT6, STM32C091RCI6, STM32C091RCT6, STM32C092CBT6, STM32C092CBU6, STM32C092CCT6, STM32C092CCU6, STM32C092ECY6TR, STM32C092FBP6, STM32C092FCP6, STM32C092GBU6, STM32C092GCU6, STM32C092KBT6, STM32C092KBU6, STM32C092KCT6, STM32C092KCU6, STM32C092RBT6, STM32C092RCI6, STM32C092RCT6, STM32G071K8TXN, STM32G071K8UXN, STM32G081GBU6N, STM32G081KBT6N, STM32G081KBUXN, STM32G0B1CCT6N, STM32G0B1KCT6, STM32G0B1NEY6TR, STM32G0B1RCT6N, STM32G0C1CCT6, STM32G0C1CCT6N, STM32G0C1CCU6N, STM32G0C1CET6N, STM32G0C1CEU6N, STM32G0C1KCT6, STM32G0C1NEY6TR, STM32G0C1RCI6N, STM32G0C1RCT6N, STM32G0C1REI6N, STM32G0C1RET6N, STM32G0C1VCI6, STM32G0C1VEI6, STM32G411C6T3, STM32G411C6T6, STM32G411C6U3, STM32G411C6U6, STM32G411C8T3, STM32G411C8T6, STM32G411C8U3, STM32G411C8U6, STM32G411CBT3, STM32G411CBT6, STM32G411CBU3, STM32G411CBU6, STM32G411CCT3, STM32G411CCT6, STM32G411CCU3, STM32G411CCU6, STM32G411K6T3, STM32G411K6T6, STM32G411K6U3, STM32G411K6U6, STM32G411K8T3, STM32G411K8T6, STM32G411K8U3, STM32G411K8U6, STM32G411KBT3, STM32G411KBT6, STM32G411KBU3, STM32G411KBU6, STM32G411M6T3, STM32G411M6T6, STM32G411M8T3, STM32G411M8T6, STM32G411MBT3, STM32G411MBT6, STM32G411MCT3, STM32G411MCT6, STM32G411R6T3, STM32G411R6T6, STM32G411R8T3, STM32G411R8T6, STM32G411RBT3, STM32G411RBT6, STM32G411RCT3, STM32G411RCT6, STM32G414CBT3, STM32G414CBT6, STM32G414CBU3, STM32G414CBU6, STM32G414CCT3, STM32G414CCT6, STM32G414CCU3, STM32G414CCU6, STM32G414MBT3, STM32G414MBT6, STM32G414MCT3, STM32G414MCT6, STM32G414RBT3, STM32G414RBT6, STM32G414RCT3, STM32G414RCT6, STM32G414VBT3, STM32G414VBT6, STM32G414VCT3, STM32G414VCT6, STM32G431CBT3Z, STM32G431RBT3Z, STM32G471CCT6, STM32G471CCU6, STM32G471CET3, STM32G471CET6, STM32G471CEU3, STM32G471CEU6, STM32G471MCT6, STM32G471MET3, STM32G471MET6, STM32G471MEY6TR, STM32G471QCT6, STM32G471QET3, STM32G471RCT6, STM32G471RET3, STM32G471RET6, STM32G471VCH6, STM32G471VCI6, STM32G471VCT6, STM32G471VEH3, STM32G471VEH6, STM32G471VEI3, STM32G471VEI6, STM32G471VET3, STM32G471VET6, STM32G473QET3Z, STM32G473RET3Z, STM32G474CCT6, STM32G491RET3Z, STM32H503CBT6, STM32H503CBU6, STM32H503EBY6TR, STM32H503KBU6, STM32H503RBT6, STM32H523CCT6, STM32H523CCU6, STM32H523CET6, STM32H523CEU6, STM32H523HEY6TR, STM32H523RCT6, STM32H523RET6, STM32H523VCI6, STM32H523VCT6, STM32H523VEI6, STM32H523VET6, STM32H523ZCJ6, STM32H523ZCT6, STM32H523ZEJ6, STM32H523ZET6, STM32H533CET6, STM32H533CEU6, STM32H533HEY6TR, STM32H533RET6, STM32H533VEI6, STM32H533VET6, STM32H533ZEJ6, STM32H533ZET6, STM32H562AGI6, STM32H562AII6, STM32H562IGK6, STM32H562IGT6, STM32H562IIK6, STM32H562IIT6, STM32H562RGT6, STM32H562RGV6, STM32H562RIT6, STM32H562RIV6, STM32H562VGT6, STM32H562VIT6, STM32H562ZGT6, STM32H562ZIT6, STM32H563AGI6, STM32H563AII3Q, STM32H563AII6, STM32H563IGK6, STM32H563IGT6, STM32H563IIK3Q, STM32H563IIK6, STM32H563IIT3Q, STM32H563IIT6, STM32H563MIY3QTR, STM32H563RGT6, STM32H563RGV6, STM32H563RIT6, STM32H563RIV6, STM32H563VGT6, STM32H563VIT3Q, STM32H563VIT6, STM32H563ZGT6, STM32H563ZIT3Q, STM32H563ZIT6, STM32H573AII3Q, STM32H573AII6, STM32H573I-DK, STM32H573IIK3Q, STM32H573IIK6, STM32H573IIT3Q, STM32H573IIT6, STM32H573MIY3QTR, STM32H573RIT6, STM32H573RIV6, STM32H573VIT3Q, STM32H573VIT6, STM32H573ZIT3Q, STM32H573ZIT6, STM32H7R3A8I6, STM32H7R3I8K6, STM32H7R3I8T6, STM32H7R3L8H6, STM32H7R3L8H6H, STM32H7R3R8V6, STM32H7R3V8H6, STM32H7R3V8T6, STM32H7R3V8Y6TR, STM32H7R3Z8J6, STM32H7R3Z8T6, STM32H7R7A8I6, STM32H7R7I8K6, STM32H7R7I8T6, STM32H7R7L8H6, STM32H7R7L8H6H, STM32H7R7Z8J6, STM32H7S3A8I6, STM32H7S3I8K6, STM32H7S3I8T6, STM32H7S3L8H6, STM32H7S3L8H6H, STM32H7S3R8V6, STM32H7S3V8H6, STM32H7S3V8T6, STM32H7S3V8Y6TR, STM32H7S3Z8J6, STM32H7S3Z8T6, STM32H7S78-DK, STM32H7S7A8I6, STM32H7S7I8K6, STM32H7S7I8T6, STM32H7S7L8H6, STM32H7S7L8H6H, STM32H7S7Z8J6, STM32L4R5QGI6STR, STM32MP131AAE3, STM32MP131AAF3, STM32MP131AAG3, STM32MP131CAE3, STM32MP131CAF3, STM32MP131CAG3, STM32MP131DAE7, STM32MP131DAF7, STM32MP131DAG7, STM32MP131FAE7, STM32MP131FAF7, STM32MP131FAG7, STM32MP133AAE3, STM32MP133AAF3, STM32MP133AAG3, STM32MP133CAE3, STM32MP133CAF3, STM32MP133CAG3, STM32MP133DAE7, STM32MP133DAF7, STM32MP133DAG7, STM32MP133FAE7, STM32MP133FAF7, STM32MP133FAG7, STM32MP135AAE3, STM32MP135AAF3, STM32MP135AAG3, STM32MP135CAE3, STM32MP135CAF3, STM32MP135CAG3, STM32MP135DAE7, STM32MP135DAF7, STM32MP135DAG7, STM32MP135F-DK, STM32MP135FAE7, STM32MP135FAF7, STM32MP135FAF7T, STM32MP135FAF7U, STM32MP135FAG7, STM32MP231AAJ3, STM32MP231AAK3, STM32MP231AAL3, STM32MP231CAJ3, STM32MP231CAK3, STM32MP231CAL3, STM32MP231DAJ3, STM32MP231DAK3, STM32MP231DAL3, STM32MP231FAJ3, STM32MP231FAK3, STM32MP231FAL3, STM32MP233AAJ3, STM32MP233AAK3, STM32MP233AAL3, STM32MP233CAJ3, STM32MP233CAK3, STM32MP233CAL3, STM32MP233DAJ3, STM32MP233DAK3, STM32MP233DAL3, STM32MP233FAJ3, STM32MP233FAK3, STM32MP233FAL3, STM32MP235AAJ3, STM32MP235AAK3, STM32MP235AAL3, STM32MP235CAJ3, STM32MP235CAK3, STM32MP235CAL3, STM32MP235DAJ3, STM32MP235DAK3, STM32MP235DAL3, STM32MP235FAJ3, STM32MP235FAK3, STM32MP235FAL3, STM32MP251AAI3, STM32MP251AAJ3, STM32MP251AAK3, STM32MP251AAL3, STM32MP251CAI3, STM32MP251CAJ3, STM32MP251CAK3, STM32MP251CAL3, STM32MP251DAI3, STM32MP251DAJ3, STM32MP251DAK3, STM32MP251DAL3, STM32MP251FAI3, STM32MP251FAJ3, STM32MP251FAK3, STM32MP251FAL3, STM32MP253AAI3, STM32MP253AAJ3, STM32MP253AAK3, STM32MP253AAL3, STM32MP253CAI3, STM32MP253CAJ3, STM32MP253CAK3, STM32MP253CAL3, STM32MP253DAI3, STM32MP253DAJ3, STM32MP253DAK3, STM32MP253DAL3, STM32MP253FAI3, STM32MP253FAJ3, STM32MP253FAK3, STM32MP253FAL3, STM32MP255AAI3, STM32MP255AAJ3, STM32MP255AAK3, STM32MP255AAL3, STM32MP255CAI3, STM32MP255CAJ3, STM32MP255CAK3, STM32MP255CAL3, STM32MP255DAI3, STM32MP255DAJ3, STM32MP255DAK3, STM32MP255DAL3, STM32MP255FAI3, STM32MP255FAJ3, STM32MP255FAK3, STM32MP255FAL3, STM32MP257AAI3, STM32MP257AAJ3, STM32MP257AAK3, STM32MP257AAL3, STM32MP257CAI3, STM32MP257CAJ3, STM32MP257CAK3, STM32MP257CAL3, STM32MP257DAI3, STM32MP257DAJ3, STM32MP257DAK3, STM32MP257DAL3, STM32MP257F-DK, STM32MP257F-EV1, STM32MP257FAI3, STM32MP257FAJ3, STM32MP257FAK3, STM32MP257FAL3, STM32N645A0H3Q, STM32N645B0H3Q, STM32N645I0H3Q, STM32N645L0H3Q, STM32N645X0H3Q, STM32N645Z0H3Q, STM32N647A0H3Q, STM32N647B0H3Q, STM32N647I0H3Q, STM32N647L0H3Q, STM32N647X0H3Q, STM32N647Z0H3Q, STM32N655A0H3Q, STM32N655B0H3Q, STM32N655I0H3Q, STM32N655L0H3Q, STM32N655X0H3Q, STM32N655Z0H3Q, STM32N6570-DK, STM32N657A0H3Q, STM32N657B0H3Q, STM32N657I0H3Q, STM32N657L0H3Q, STM32N657X0H3Q, STM32N657Z0H3Q, STM32U031C6T6, STM32U031C6U6, STM32U031C8T6, STM32U031C8U6, STM32U031F4P6, STM32U031F6P6, STM32U031F8P6, STM32U031G6Y6TR, STM32U031G8Y6TR, STM32U031K4U6, STM32U031K6U6, STM32U031K8U6, STM32U031R6I6, STM32U031R6T6, STM32U031R8I6, STM32U031R8T6, STM32U073C8T6, STM32U073C8U6, STM32U073CBT6, STM32U073CBU6, STM32U073CCT6, STM32U073CCU6, STM32U073H8Y6TR, STM32U073HBY6TR, STM32U073HCY6TR, STM32U073K8U6, STM32U073KBU6, STM32U073KCU6, STM32U073M8I6, STM32U073M8T6, STM32U073MBI6, STM32U073MBT6, STM32U073MCI6, STM32U073MCT6, STM32U073R8I6, STM32U073R8T6, STM32U073RBI6, STM32U073RBT6, STM32U073RCI6, STM32U073RCT6, STM32U083C-DK, STM32U083CCT6, STM32U083CCU6, STM32U083HCY6TR, STM32U083KCU6, STM32U083MCI6, STM32U083MCT6, STM32U083RCI6, STM32U083RCT6, STM32U375CET6, STM32U375CET6Q, STM32U375CEU6, STM32U375CEU6Q, STM32U375CEY6QTR, STM32U375CGT6, STM32U375CGT6Q, STM32U375CGU6, STM32U375CGU6Q, STM32U375CGY6QTR, STM32U375KEU6, STM32U375KGU6, STM32U375REI6, STM32U375REI6Q, STM32U375RET6, STM32U375RET6Q, STM32U375REY6GTR, STM32U375REY6QTR, STM32U375RGI6, STM32U375RGI6Q, STM32U375RGT6, STM32U375RGT6Q, STM32U375RGY6GTR, STM32U375RGY6QTR, STM32U375VEI6, STM32U375VEI6Q, STM32U375VET6, STM32U375VET6Q, STM32U375VGI6, STM32U375VGI6Q, STM32U375VGT6, STM32U375VGT6Q, STM32U385CGT6, STM32U385CGT6Q, STM32U385CGU6, STM32U385CGU6Q, STM32U385CGY6QTR, STM32U385KGU6, STM32U385RGI6, STM32U385RGI6Q, STM32U385RGT6, STM32U385RGT6Q, STM32U385RGY6GTR, STM32U385RGY6QTR, STM32U385VGI6, STM32U385VGI6Q, STM32U385VGT6, STM32U385VGT6Q, STM32U535CBT6, STM32U535CBT6Q, STM32U535CBU6, STM32U535CBU6Q, STM32U535CCT6, STM32U535CCT6Q, STM32U535CCU6, STM32U535CCU6Q, STM32U535CET6, STM32U535CET6Q, STM32U535CEU6, STM32U535CEU6Q, STM32U535JEY6QTR, STM32U535NCY6QTR, STM32U535NEY6QTR, STM32U535RBI6, STM32U535RBI6Q, STM32U535RBT6, STM32U535RBT6Q, STM32U535RCI6, STM32U535RCI6Q, STM32U535RCT6, STM32U535RCT6Q, STM32U535REI6, STM32U535REI6Q, STM32U535RET6, STM32U535RET6Q, STM32U535VCI6, STM32U535VCI6Q, STM32U535VCT6, STM32U535VCT6Q, STM32U535VEI6, STM32U535VEI6Q, STM32U535VET6, STM32U535VET6Q, STM32U545CET6, STM32U545CET6Q, STM32U545CEU6, STM32U545CEU6Q, STM32U545JEY6QTR, STM32U545NEY6QTR, STM32U545REI6, STM32U545REI6Q, STM32U545RET6, STM32U545RET6Q, STM32U545VEI6, STM32U545VEI6Q, STM32U545VET6, STM32U545VET6Q, STM32U595AIH6, STM32U595AIH6Q, STM32U595AJH6, STM32U595AJH6Q, STM32U595QII6, STM32U595QII6Q, STM32U595QJI6, STM32U595QJI6Q, STM32U595RIT6, STM32U595RIT6Q, STM32U595RJT6, STM32U595RJT6Q, STM32U595VIT6, STM32U595VIT6Q, STM32U595VJT6, STM32U595VJT6Q, STM32U595ZIT6, STM32U595ZIT6Q, STM32U595ZIY6QTR, STM32U595ZJT6, STM32U595ZJT6Q, STM32U595ZJY6QTR, STM32U599BJY6QTR, STM32U599NIH6Q, STM32U599NJH6Q, STM32U599VIT6Q, STM32U599VJT6, STM32U599VJT6Q, STM32U599ZIT6Q, STM32U599ZIY6QTR, STM32U599ZJT6Q, STM32U599ZJY6QTR, STM32U5A5AJH6, STM32U5A5AJH6Q, STM32U5A5QII3Q , STM32U5A5QJI6, STM32U5A5QJI6Q, STM32U5A5RJT6, STM32U5A5RJT6Q, STM32U5A5VJT6, STM32U5A5VJT6Q, STM32U5A5ZJT6, STM32U5A5ZJT6Q, STM32U5A5ZJY6QTR, STM32U5A9BJY6QTR, STM32U5A9J-DK, STM32U5A9NJH6Q, STM32U5A9VJT6Q, STM32U5A9ZJT6Q, STM32U5A9ZJY6QTR, STM32U5F7VIT6, STM32U5F7VIT6Q, STM32U5F7VJT6, STM32U5F7VJT6Q, STM32U5F9BJY6QTR, STM32U5F9NJH6Q, STM32U5F9VIT6Q, STM32U5F9VJT6Q, STM32U5F9ZIJ6QTR, STM32U5F9ZIT6Q, STM32U5F9ZJJ6QTR, STM32U5F9ZJT6Q, STM32U5G7VJT6, STM32U5G7VJT6Q, STM32U5G9BJY6QTR, STM32U5G9J-DK1, STM32U5G9J-DK2, STM32U5G9NJH6Q, STM32U5G9VJT6Q, STM32U5G9ZJJ6QTR, STM32U5G9ZJT6Q, STM32WB05KZV6TR, STM32WB05KZV7TR, STM32WB05TZF6TR, STM32WB05TZF7TR, STM32WB06CCF6TR, STM32WB06CCF7TR, STM32WB06CCV6TR, STM32WB06CCV7TR, STM32WB06KCV6TR, STM32WB06KCV7TR, STM32WB07CCF6TR, STM32WB07CCF7TR, STM32WB07CCV6TR, STM32WB07CCV7TR, STM32WB07KCV6TR, STM32WB07KCV7TR, STM32WB09KEV6TR, STM32WB09KEV7TR, STM32WB09TEF6TR, STM32WB09TEF7TR, STM32WB1MMCH6, STM32WBA50KGU6, STM32WBA50KGU6TR, STM32WBA52CEU6, STM32WBA52CEU6TR, STM32WBA52CEU7, STM32WBA52CEU7TR, STM32WBA52CGU6, STM32WBA52CGU6TR, STM32WBA52CGU6U, STM32WBA52CGU7, STM32WBA52CGU7TR, STM32WBA52KEU6, STM32WBA52KEU6TR, STM32WBA52KGU6, STM32WBA52KGU6TR, STM32WBA54CEU6, STM32WBA54CEU6TR, STM32WBA54CEU7, STM32WBA54CEU7TR, STM32WBA54CGU6, STM32WBA54CGU6TR, STM32WBA54CGU7, STM32WBA54CGU7TR, STM32WBA54KEU6, STM32WBA54KEU6TR, STM32WBA54KEU7, STM32WBA54KEU7TR, STM32WBA54KGU6, STM32WBA54KGU6TR, STM32WBA54KGU7, STM32WBA54KGU7TR, STM32WBA55CEU6, STM32WBA55CEU6TR, STM32WBA55CEU7, STM32WBA55CEU7TR, STM32WBA55CGU6, STM32WBA55CGU6TR, STM32WBA55CGU6U, STM32WBA55CGU7, STM32WBA55CGU7TR, STM32WBA55G-DK1, STM32WBA55HEF6, STM32WBA55HEF7, STM32WBA55HGF6, STM32WBA55HGF7, STM32WBA55UEI6, STM32WBA55UEI6TR, STM32WBA55UEI7, STM32WBA55UEI7TR, STM32WBA55UGI6, STM32WBA55UGI6TR, STM32WBA55UGI7, STM32WBA55UGI7TR, STM32WBA5MJGH6TR, STM32WBA62CGU6, STM32WBA62CIU6, STM32WBA62MGF6, STM32WBA62MIF6, STM32WBA62PGI6, STM32WBA62PII6, STM32WBA63CGU6, STM32WBA63CGU7, STM32WBA63CIU6, STM32WBA63CIU7, STM32WBA64CGU6, STM32WBA64CGU7, STM32WBA64CIU6, STM32WBA64CIU7, STM32WBA65CGU6, STM32WBA65CGU7, STM32WBA65CIU6, STM32WBA65CIU7, STM32WBA65I-DK1, STM32WBA65MGF6, STM32WBA65MGF7, STM32WBA65MIF6, STM32WBA65MIF7, STM32WBA65PGI6, STM32WBA65PGI7, STM32WBA65PII6, STM32WBA65PII7, STM32WBA65RGV6, STM32WBA65RGV7, STM32WBA65RIV6, STM32WBA65RIV7, STM32WL30K8V6, STM32WL30KBV6, STM32WL31C8V6, STM32WL31CBV6, STM32WL31K8V6, STM32WL31KBV6, STM32WL33C8V6, STM32WL33C8V6TR, STM32WL33C8V7, STM32WL33C8V7TR, STM32WL33CBV6, STM32WL33CBV6TR, STM32WL33CBV7, STM32WL33CBV7TR, STM32WL33CCV6, STM32WL33CCV6TR, STM32WL33CCV7, STM32WL33CCV7A, STM32WL33CCV7ATR, STM32WL33CCV7TR, STM32WL33K8V6, STM32WL33K8V6TR, STM32WL33K8V7, STM32WL33K8V7TR, STM32WL33KBV6, STM32WL33KBV6TR, STM32WL33KBV7, STM32WL33KBV7TR, STM32WL33KCV6, STM32WL33KCV6TR, STM32WL33KCV7, STM32WL33KCV7TR, STM32WL5MOCH6, STM32WL5MOCH6TR]
2026-08-14 12:42:46,700 [INFO] ApiDb:668 - CubeFinder database Data Model version=2.1
2026-08-14 12:42:46,700 [INFO] ApiDb:669 - CubeFinder database Configuration version=3.0.42
2026-08-14 12:42:46,700 [INFO] ApiDb:670 - CubeFinder database generation date=2026-05-06 (1778060171)
2026-08-14 12:42:46,700 [INFO] ApiDb:671 - CubeFinder database FW Pack versions=[FP-ATR-ASTRA1_V2.0.0, FP-SNS-FLIGHT1_V5.1.0, FP-SNS-MOTENV1_V5.1.0, FP-SNS-MOTENVWB1_V1.5.0, FP-SNS-SMARTAG2_V1.2.0, FP-SNS-STBOX1_V2.1.0, STM32Cube_FW_C0_V1.4.0, STM32Cube_FW_F4_V1.28.3, STM32Cube_FW_F7_V1.17.4, STM32Cube_FW_G0_V1.6.3, STM32Cube_FW_G4_V1.6.2, STM32Cube_FW_H5_V1.6.0, STM32Cube_FW_H7RS_V1.3.0, STM32Cube_FW_H7_V1.13.0, STM32Cube_FW_L0_V1.12.2, STM32Cube_FW_L4_V1.18.2, STM32Cube_FW_L5_V1.6.0, STM32Cube_FW_N6_V1.3.0, STM32Cube_FW_U0_V1.3.0, STM32Cube_FW_U3_V1.3.0, STM32Cube_FW_U5_V1.8.0, STM32Cube_FW_WB0_V1.4.0, STM32Cube_FW_WBA_V1.9.0, STM32Cube_FW_WB_V1.24.0, STM32Cube_FW_WL3_V1.4.0, STM32Cube_FW_WL_V1.5.0, X-CUBE-ALGOBUILD_V1.4.0, X-CUBE-ALS_V1.0.2, X-CUBE-AZRTOS-F4_V1.1.0, X-CUBE-AZRTOS-F7_V1.1.0, X-CUBE-AZRTOS-G0_V1.1.0, X-CUBE-AZRTOS-G4_V2.0.0, X-CUBE-AZRTOS-H7RS_V1.1.0, X-CUBE-AZRTOS-H7_V3.5.0, X-CUBE-AZRTOS-L4_V2.0.0, X-CUBE-AZRTOS-L5_V2.0.0, X-CUBE-AZRTOS-WB_V2.0.0, X-CUBE-AZRTOS-WL_V2.0.0, X-CUBE-BLE1_V7.1.0, X-CUBE-BLE2_V3.3.0, X-CUBE-BLEMGR_V4.1.0, X-CUBE-EEPRMA1_V5.2.0, X-CUBE-FREERTOS_V1.5.0, X-CUBE-GNSS1_V6.0.0, X-CUBE-MEMS1_V12.0.0, X-CUBE-NFC4_V3.0.0, X-CUBE-NFC7_V2.0.0, X-CUBE-SFXS2LP1_V4.0.0, X-CUBE-ST67W61_V1.2.0, X-CUBE-SUBG2_V5.0.0, X-CUBE-TOF1_V3.4.3]
2026-08-14 12:42:48,885 [INFO] ApiDb:240 - Found 895 in-development CPN: [B-G473E-ZEST1S, B-WB1M-WPAN1, B-WBA5M-WPAN, B-WL5M-SUBG1, NUCLEO-C031C6, NUCLEO-C051C8, NUCLEO-C071RB, NUCLEO-C092RC, NUCLEO-H503RB, NUCLEO-H533RE, NUCLEO-H563ZI, NUCLEO-H7S3L8, NUCLEO-N657X0-Q, NUCLEO-U031R8, NUCLEO-U083RC, NUCLEO-U385RG-Q, NUCLEO-U545RE-Q, NUCLEO-U5A5ZJ-Q, NUCLEO-WB05KZ, NUCLEO-WB07CC, NUCLEO-WB09KE, NUCLEO-WBA52CG, NUCLEO-WBA55CG, NUCLEO-WBA65RI, NUCLEO-WL33CC1, NUCLEO-WL33CC2, STEVAL-PROTEUS1, STEVAL-SMARTAG2, STEVAL-STWINBX1, STM320518-EVAL, STM32C0116-DK, STM32C011D6Y3TR, STM32C011D6Y6TR, STM32C011F4P3, STM32C011F4P6, STM32C011F4U3, STM32C011F4U6TR, STM32C011F6P3, STM32C011F6P6, STM32C011F6U3, STM32C011F6U6TR, STM32C011J4M3, STM32C011J4M6, STM32C011J6M3, STM32C011J6M6, STM32C0316-DK, STM32C031C4T3, STM32C031C4T6, STM32C031C4U3, STM32C031C4U6, STM32C031C6T3, STM32C031C6T6, STM32C031C6U3, STM32C031C6U6, STM32C031F4P3, STM32C031F4P6, STM32C031F6P3, STM32C031F6P6, STM32C031G4U3, STM32C031G4U6, STM32C031G6U3, STM32C031G6U6, STM32C031K4T3, STM32C031K4T6, STM32C031K4U3, STM32C031K4U6, STM32C031K6T3, STM32C031K6T6, STM32C031K6U3, STM32C031K6U6, STM32C051C6T6, STM32C051C6U6, STM32C051C8T6, STM32C051C8U6, STM32C051D8Y6TR, STM32C051F6P6, STM32C051F8P6, STM32C051G6U6, STM32C051G8U6, STM32C051K6T6, STM32C051K6U6, STM32C051K8T6, STM32C071C8T6, STM32C071C8T6N, STM32C071C8U6, STM32C071C8U6N, STM32C071CBT6, STM32C071CBT6N, STM32C071CBU6, STM32C071CBU6N, STM32C071F8P6, STM32C071F8P6N, STM32C071FBP6, STM32C071FBP6N, STM32C071FBY6TR, STM32C071G8U6, STM32C071G8U6N, STM32C071GBU6, STM32C071GBU6N, STM32C071K8T6, STM32C071K8T6N, STM32C071K8U6, STM32C071K8U6N, STM32C071KBT6, STM32C071KBT6N, STM32C071KBU6, STM32C071KBU6N, STM32C071R8T6, STM32C071R8T6N, STM32C071RBI6N, STM32C071RBT6, STM32C071RBT6N, STM32C091CBT6, STM32C091CBU6, STM32C091CCT6, STM32C091CCU6, STM32C091ECY6TR, STM32C091FBP6, STM32C091FCP6, STM32C091GBU6, STM32C091GCU6, STM32C091KBT6, STM32C091KBU6, STM32C091KCT6, STM32C091KCU6, STM32C091RBT6, STM32C091RCI6, STM32C091RCT6, STM32C092CBT6, STM32C092CBU6, STM32C092CCT6, STM32C092CCU6, STM32C092ECY6TR, STM32C092FBP6, STM32C092FCP6, STM32C092GBU6, STM32C092GCU6, STM32C092KBT6, STM32C092KBU6, STM32C092KCT6, STM32C092KCU6, STM32C092RBT6, STM32C092RCI6, STM32C092RCT6, STM32G071K8TXN, STM32G071K8UXN, STM32G081GBU6N, STM32G081KBT6N, STM32G081KBUXN, STM32G0B1CCT6N, STM32G0B1KCT6, STM32G0B1NEY6TR, STM32G0B1RCT6N, STM32G0C1CCT6, STM32G0C1CCT6N, STM32G0C1CCU6N, STM32G0C1CET6N, STM32G0C1CEU6N, STM32G0C1KCT6, STM32G0C1NEY6TR, STM32G0C1RCI6N, STM32G0C1RCT6N, STM32G0C1REI6N, STM32G0C1RET6N, STM32G0C1VCI6, STM32G0C1VEI6, STM32G411C6T3, STM32G411C6T6, STM32G411C6U3, STM32G411C6U6, STM32G411C8T3, STM32G411C8T6, STM32G411C8U3, STM32G411C8U6, STM32G411CBT3, STM32G411CBT6, STM32G411CBU3, STM32G411CBU6, STM32G411CCT3, STM32G411CCT6, STM32G411CCU3, STM32G411CCU6, STM32G411K6T3, STM32G411K6T6, STM32G411K6U3, STM32G411K6U6, STM32G411K8T3, STM32G411K8T6, STM32G411K8U3, STM32G411K8U6, STM32G411KBT3, STM32G411KBT6, STM32G411KBU3, STM32G411KBU6, STM32G411M6T3, STM32G411M6T6, STM32G411M8T3, STM32G411M8T6, STM32G411MBT3, STM32G411MBT6, STM32G411MCT3, STM32G411MCT6, STM32G411R6T3, STM32G411R6T6, STM32G411R8T3, STM32G411R8T6, STM32G411RBT3, STM32G411RBT6, STM32G411RCT3, STM32G411RCT6, STM32G414CBT3, STM32G414CBT6, STM32G414CBU3, STM32G414CBU6, STM32G414CCT3, STM32G414CCT6, STM32G414CCU3, STM32G414CCU6, STM32G414MBT3, STM32G414MBT6, STM32G414MCT3, STM32G414MCT6, STM32G414RBT3, STM32G414RBT6, STM32G414RCT3, STM32G414RCT6, STM32G414VBT3, STM32G414VBT6, STM32G414VCT3, STM32G414VCT6, STM32G431CBT3Z, STM32G431RBT3Z, STM32G471CCT6, STM32G471CCU6, STM32G471CET3, STM32G471CET6, STM32G471CEU3, STM32G471CEU6, STM32G471MCT6, STM32G471MET3, STM32G471MET6, STM32G471MEY6TR, STM32G471QCT6, STM32G471QET3, STM32G471RCT6, STM32G471RET3, STM32G471RET6, STM32G471VCH6, STM32G471VCI6, STM32G471VCT6, STM32G471VEH3, STM32G471VEH6, STM32G471VEI3, STM32G471VEI6, STM32G471VET3, STM32G471VET6, STM32G473QET3Z, STM32G473RET3Z, STM32G474CCT6, STM32G491RET3Z, STM32H503CBT6, STM32H503CBU6, STM32H503EBY6TR, STM32H503KBU6, STM32H503RBT6, STM32H523CCT6, STM32H523CCU6, STM32H523CET6, STM32H523CEU6, STM32H523HEY6TR, STM32H523RCT6, STM32H523RET6, STM32H523VCI6, STM32H523VCT6, STM32H523VEI6, STM32H523VET6, STM32H523ZCJ6, STM32H523ZCT6, STM32H523ZEJ6, STM32H523ZET6, STM32H533CET6, STM32H533CEU6, STM32H533HEY6TR, STM32H533RET6, STM32H533VEI6, STM32H533VET6, STM32H533ZEJ6, STM32H533ZET6, STM32H562AGI6, STM32H562AII6, STM32H562IGK6, STM32H562IGT6, STM32H562IIK6, STM32H562IIT6, STM32H562RGT6, STM32H562RGV6, STM32H562RIT6, STM32H562RIV6, STM32H562VGT6, STM32H562VIT6, STM32H562ZGT6, STM32H562ZIT6, STM32H563AGI6, STM32H563AII3Q, STM32H563AII6, STM32H563IGK6, STM32H563IGT6, STM32H563IIK3Q, STM32H563IIK6, STM32H563IIT3Q, STM32H563IIT6, STM32H563MIY3QTR, STM32H563RGT6, STM32H563RGV6, STM32H563RIT6, STM32H563RIV6, STM32H563VGT6, STM32H563VIT3Q, STM32H563VIT6, STM32H563ZGT6, STM32H563ZIT3Q, STM32H563ZIT6, STM32H573AII3Q, STM32H573AII6, STM32H573I-DK, STM32H573IIK3Q, STM32H573IIK6, STM32H573IIT3Q, STM32H573IIT6, STM32H573MIY3QTR, STM32H573RIT6, STM32H573RIV6, STM32H573VIT3Q, STM32H573VIT6, STM32H573ZIT3Q, STM32H573ZIT6, STM32H7R3A8I6, STM32H7R3I8K6, STM32H7R3I8T6, STM32H7R3L8H6, STM32H7R3L8H6H, STM32H7R3R8V6, STM32H7R3V8H6, STM32H7R3V8T6, STM32H7R3V8Y6TR, STM32H7R3Z8J6, STM32H7R3Z8T6, STM32H7R7A8I6, STM32H7R7I8K6, STM32H7R7I8T6, STM32H7R7L8H6, STM32H7R7L8H6H, STM32H7R7Z8J6, STM32H7S3A8I6, STM32H7S3I8K6, STM32H7S3I8T6, STM32H7S3L8H6, STM32H7S3L8H6H, STM32H7S3R8V6, STM32H7S3V8H6, STM32H7S3V8T6, STM32H7S3V8Y6TR, STM32H7S3Z8J6, STM32H7S3Z8T6, STM32H7S78-DK, STM32H7S7A8I6, STM32H7S7I8K6, STM32H7S7I8T6, STM32H7S7L8H6, STM32H7S7L8H6H, STM32H7S7Z8J6, STM32L4R5QGI6STR, STM32MP131AAE3, STM32MP131AAF3, STM32MP131AAG3, STM32MP131CAE3, STM32MP131CAF3, STM32MP131CAG3, STM32MP131DAE7, STM32MP131DAF7, STM32MP131DAG7, STM32MP131FAE7, STM32MP131FAF7, STM32MP131FAG7, STM32MP133AAE3, STM32MP133AAF3, STM32MP133AAG3, STM32MP133CAE3, STM32MP133CAF3, STM32MP133CAG3, STM32MP133DAE7, STM32MP133DAF7, STM32MP133DAG7, STM32MP133FAE7, STM32MP133FAF7, STM32MP133FAG7, STM32MP135AAE3, STM32MP135AAF3, STM32MP135AAG3, STM32MP135CAE3, STM32MP135CAF3, STM32MP135CAG3, STM32MP135DAE7, STM32MP135DAF7, STM32MP135DAG7, STM32MP135F-DK, STM32MP135FAE7, STM32MP135FAF7, STM32MP135FAF7T, STM32MP135FAF7U, STM32MP135FAG7, STM32MP231AAJ3, STM32MP231AAK3, STM32MP231AAL3, STM32MP231CAJ3, STM32MP231CAK3, STM32MP231CAL3, STM32MP231DAJ3, STM32MP231DAK3, STM32MP231DAL3, STM32MP231FAJ3, STM32MP231FAK3, STM32MP231FAL3, STM32MP233AAJ3, STM32MP233AAK3, STM32MP233AAL3, STM32MP233CAJ3, STM32MP233CAK3, STM32MP233CAL3, STM32MP233DAJ3, STM32MP233DAK3, STM32MP233DAL3, STM32MP233FAJ3, STM32MP233FAK3, STM32MP233FAL3, STM32MP235AAJ3, STM32MP235AAK3, STM32MP235AAL3, STM32MP235CAJ3, STM32MP235CAK3, STM32MP235CAL3, STM32MP235DAJ3, STM32MP235DAK3, STM32MP235DAL3, STM32MP235FAJ3, STM32MP235FAK3, STM32MP235FAL3, STM32MP251AAI3, STM32MP251AAJ3, STM32MP251AAK3, STM32MP251AAL3, STM32MP251CAI3, STM32MP251CAJ3, STM32MP251CAK3, STM32MP251CAL3, STM32MP251DAI3, STM32MP251DAJ3, STM32MP251DAK3, STM32MP251DAL3, STM32MP251FAI3, STM32MP251FAJ3, STM32MP251FAK3, STM32MP251FAL3, STM32MP253AAI3, STM32MP253AAJ3, STM32MP253AAK3, STM32MP253AAL3, STM32MP253CAI3, STM32MP253CAJ3, STM32MP253CAK3, STM32MP253CAL3, STM32MP253DAI3, STM32MP253DAJ3, STM32MP253DAK3, STM32MP253DAL3, STM32MP253FAI3, STM32MP253FAJ3, STM32MP253FAK3, STM32MP253FAL3, STM32MP255AAI3, STM32MP255AAJ3, STM32MP255AAK3, STM32MP255AAL3, STM32MP255CAI3, STM32MP255CAJ3, STM32MP255CAK3, STM32MP255CAL3, STM32MP255DAI3, STM32MP255DAJ3, STM32MP255DAK3, STM32MP255DAL3, STM32MP255FAI3, STM32MP255FAJ3, STM32MP255FAK3, STM32MP255FAL3, STM32MP257AAI3, STM32MP257AAJ3, STM32MP257AAK3, STM32MP257AAL3, STM32MP257CAI3, STM32MP257CAJ3, STM32MP257CAK3, STM32MP257CAL3, STM32MP257DAI3, STM32MP257DAJ3, STM32MP257DAK3, STM32MP257DAL3, STM32MP257F-DK, STM32MP257F-EV1, STM32MP257FAI3, STM32MP257FAJ3, STM32MP257FAK3, STM32MP257FAL3, STM32N645A0H3Q, STM32N645B0H3Q, STM32N645I0H3Q, STM32N645L0H3Q, STM32N645X0H3Q, STM32N645Z0H3Q, STM32N647A0H3Q, STM32N647B0H3Q, STM32N647I0H3Q, STM32N647L0H3Q, STM32N647X0H3Q, STM32N647Z0H3Q, STM32N655A0H3Q, STM32N655B0H3Q, STM32N655I0H3Q, STM32N655L0H3Q, STM32N655X0H3Q, STM32N655Z0H3Q, STM32N6570-DK, STM32N657A0H3Q, STM32N657B0H3Q, STM32N657I0H3Q, STM32N657L0H3Q, STM32N657X0H3Q, STM32N657Z0H3Q, STM32U031C6T6, STM32U031C6U6, STM32U031C8T6, STM32U031C8U6, STM32U031F4P6, STM32U031F6P6, STM32U031F8P6, STM32U031G6Y6TR, STM32U031G8Y6TR, STM32U031K4U6, STM32U031K6U6, STM32U031K8U6, STM32U031R6I6, STM32U031R6T6, STM32U031R8I6, STM32U031R8T6, STM32U073C8T6, STM32U073C8U6, STM32U073CBT6, STM32U073CBU6, STM32U073CCT6, STM32U073CCU6, STM32U073H8Y6TR, STM32U073HBY6TR, STM32U073HCY6TR, STM32U073K8U6, STM32U073KBU6, STM32U073KCU6, STM32U073M8I6, STM32U073M8T6, STM32U073MBI6, STM32U073MBT6, STM32U073MCI6, STM32U073MCT6, STM32U073R8I6, STM32U073R8T6, STM32U073RBI6, STM32U073RBT6, STM32U073RCI6, STM32U073RCT6, STM32U083C-DK, STM32U083CCT6, STM32U083CCU6, STM32U083HCY6TR, STM32U083KCU6, STM32U083MCI6, STM32U083MCT6, STM32U083RCI6, STM32U083RCT6, STM32U375CET6, STM32U375CET6Q, STM32U375CEU6, STM32U375CEU6Q, STM32U375CEY6QTR, STM32U375CGT6, STM32U375CGT6Q, STM32U375CGU6, STM32U375CGU6Q, STM32U375CGY6QTR, STM32U375KEU6, STM32U375KGU6, STM32U375REI6, STM32U375REI6Q, STM32U375RET6, STM32U375RET6Q, STM32U375REY6GTR, STM32U375REY6QTR, STM32U375RGI6, STM32U375RGI6Q, STM32U375RGT6, STM32U375RGT6Q, STM32U375RGY6GTR, STM32U375RGY6QTR, STM32U375VEI6, STM32U375VEI6Q, STM32U375VET6, STM32U375VET6Q, STM32U375VGI6, STM32U375VGI6Q, STM32U375VGT6, STM32U375VGT6Q, STM32U385CGT6, STM32U385CGT6Q, STM32U385CGU6, STM32U385CGU6Q, STM32U385CGY6QTR, STM32U385KGU6, STM32U385RGI6, STM32U385RGI6Q, STM32U385RGT6, STM32U385RGT6Q, STM32U385RGY6GTR, STM32U385RGY6QTR, STM32U385VGI6, STM32U385VGI6Q, STM32U385VGT6, STM32U385VGT6Q, STM32U535CBT6, STM32U535CBT6Q, STM32U535CBU6, STM32U535CBU6Q, STM32U535CCT6, STM32U535CCT6Q, STM32U535CCU6, STM32U535CCU6Q, STM32U535CET6, STM32U535CET6Q, STM32U535CEU6, STM32U535CEU6Q, STM32U535JEY6QTR, STM32U535NCY6QTR, STM32U535NEY6QTR, STM32U535RBI6, STM32U535RBI6Q, STM32U535RBT6, STM32U535RBT6Q, STM32U535RCI6, STM32U535RCI6Q, STM32U535RCT6, STM32U535RCT6Q, STM32U535REI6, STM32U535REI6Q, STM32U535RET6, STM32U535RET6Q, STM32U535VCI6, STM32U535VCI6Q, STM32U535VCT6, STM32U535VCT6Q, STM32U535VEI6, STM32U535VEI6Q, STM32U535VET6, STM32U535VET6Q, STM32U545CET6, STM32U545CET6Q, STM32U545CEU6, STM32U545CEU6Q, STM32U545JEY6QTR, STM32U545NEY6QTR, STM32U545REI6, STM32U545REI6Q, STM32U545RET6, STM32U545RET6Q, STM32U545VEI6, STM32U545VEI6Q, STM32U545VET6, STM32U545VET6Q, STM32U595AIH6, STM32U595AIH6Q, STM32U595AJH6, STM32U595AJH6Q, STM32U595QII6, STM32U595QII6Q, STM32U595QJI6, STM32U595QJI6Q, STM32U595RIT6, STM32U595RIT6Q, STM32U595RJT6, STM32U595RJT6Q, STM32U595VIT6, STM32U595VIT6Q, STM32U595VJT6, STM32U595VJT6Q, STM32U595ZIT6, STM32U595ZIT6Q, STM32U595ZIY6QTR, STM32U595ZJT6, STM32U595ZJT6Q, STM32U595ZJY6QTR, STM32U599BJY6QTR, STM32U599NIH6Q, STM32U599NJH6Q, STM32U599VIT6Q, STM32U599VJT6, STM32U599VJT6Q, STM32U599ZIT6Q, STM32U599ZIY6QTR, STM32U599ZJT6Q, STM32U599ZJY6QTR, STM32U5A5AJH6, STM32U5A5AJH6Q, STM32U5A5QII3Q , STM32U5A5QJI6, STM32U5A5QJI6Q, STM32U5A5RJT6, STM32U5A5RJT6Q, STM32U5A5VJT6, STM32U5A5VJT6Q, STM32U5A5ZJT6, STM32U5A5ZJT6Q, STM32U5A5ZJY6QTR, STM32U5A9BJY6QTR, STM32U5A9J-DK, STM32U5A9NJH6Q, STM32U5A9VJT6Q, STM32U5A9ZJT6Q, STM32U5A9ZJY6QTR, STM32U5F7VIT6, STM32U5F7VIT6Q, STM32U5F7VJT6, STM32U5F7VJT6Q, STM32U5F9BJY6QTR, STM32U5F9NJH6Q, STM32U5F9VIT6Q, STM32U5F9VJT6Q, STM32U5F9ZIJ6QTR, STM32U5F9ZIT6Q, STM32U5F9ZJJ6QTR, STM32U5F9ZJT6Q, STM32U5G7VJT6, STM32U5G7VJT6Q, STM32U5G9BJY6QTR, STM32U5G9J-DK1, STM32U5G9J-DK2, STM32U5G9NJH6Q, STM32U5G9VJT6Q, STM32U5G9ZJJ6QTR, STM32U5G9ZJT6Q, STM32WB05KZV6TR, STM32WB05KZV7TR, STM32WB05TZF6TR, STM32WB05TZF7TR, STM32WB06CCF6TR, STM32WB06CCF7TR, STM32WB06CCV6TR, STM32WB06CCV7TR, STM32WB06KCV6TR, STM32WB06KCV7TR, STM32WB07CCF6TR, STM32WB07CCF7TR, STM32WB07CCV6TR, STM32WB07CCV7TR, STM32WB07KCV6TR, STM32WB07KCV7TR, STM32WB09KEV6TR, STM32WB09KEV7TR, STM32WB09TEF6TR, STM32WB09TEF7TR, STM32WB1MMCH6, STM32WBA50KGU6, STM32WBA50KGU6TR, STM32WBA52CEU6, STM32WBA52CEU6TR, STM32WBA52CEU7, STM32WBA52CEU7TR, STM32WBA52CGU6, STM32WBA52CGU6TR, STM32WBA52CGU6U, STM32WBA52CGU7, STM32WBA52CGU7TR, STM32WBA52KEU6, STM32WBA52KEU6TR, STM32WBA52KGU6, STM32WBA52KGU6TR, STM32WBA54CEU6, STM32WBA54CEU6TR, STM32WBA54CEU7, STM32WBA54CEU7TR, STM32WBA54CGU6, STM32WBA54CGU6TR, STM32WBA54CGU7, STM32WBA54CGU7TR, STM32WBA54KEU6, STM32WBA54KEU6TR, STM32WBA54KEU7, STM32WBA54KEU7TR, STM32WBA54KGU6, STM32WBA54KGU6TR, STM32WBA54KGU7, STM32WBA54KGU7TR, STM32WBA55CEU6, STM32WBA55CEU6TR, STM32WBA55CEU7, STM32WBA55CEU7TR, STM32WBA55CGU6, STM32WBA55CGU6TR, STM32WBA55CGU6U, STM32WBA55CGU7, STM32WBA55CGU7TR, STM32WBA55G-DK1, STM32WBA55HEF6, STM32WBA55HEF7, STM32WBA55HGF6, STM32WBA55HGF7, STM32WBA55UEI6, STM32WBA55UEI6TR, STM32WBA55UEI7, STM32WBA55UEI7TR, STM32WBA55UGI6, STM32WBA55UGI6TR, STM32WBA55UGI7, STM32WBA55UGI7TR, STM32WBA5MJGH6TR, STM32WBA62CGU6, STM32WBA62CIU6, STM32WBA62MGF6, STM32WBA62MIF6, STM32WBA62PGI6, STM32WBA62PII6, STM32WBA63CGU6, STM32WBA63CGU7, STM32WBA63CIU6, STM32WBA63CIU7, STM32WBA64CGU6, STM32WBA64CGU7, STM32WBA64CIU6, STM32WBA64CIU7, STM32WBA65CGU6, STM32WBA65CGU7, STM32WBA65CIU6, STM32WBA65CIU7, STM32WBA65I-DK1, STM32WBA65MGF6, STM32WBA65MGF7, STM32WBA65MIF6, STM32WBA65MIF7, STM32WBA65PGI6, STM32WBA65PGI7, STM32WBA65PII6, STM32WBA65PII7, STM32WBA65RGV6, STM32WBA65RGV7, STM32WBA65RIV6, STM32WBA65RIV7, STM32WL30K8V6, STM32WL30KBV6, STM32WL31C8V6, STM32WL31CBV6, STM32WL31K8V6, STM32WL31KBV6, STM32WL33C8V6, STM32WL33C8V6TR, STM32WL33C8V7, STM32WL33C8V7TR, STM32WL33CBV6, STM32WL33CBV6TR, STM32WL33CBV7, STM32WL33CBV7TR, STM32WL33CCV6, STM32WL33CCV6TR, STM32WL33CCV7, STM32WL33CCV7A, STM32WL33CCV7ATR, STM32WL33CCV7TR, STM32WL33K8V6, STM32WL33K8V6TR, STM32WL33K8V7, STM32WL33K8V7TR, STM32WL33KBV6, STM32WL33KBV6TR, STM32WL33KBV7, STM32WL33KBV7TR, STM32WL33KCV6, STM32WL33KCV6TR, STM32WL33KCV7, STM32WL33KCV7TR, STM32WL5MOCH6, STM32WL5MOCH6TR]
2026-08-14 12:42:48,893 [INFO] DbMcus:218 - Found 5082 MCUs, 4964 are supported
2026-08-14 12:42:48,893 [INFO] ApiDb:423 - Load user favorites file C:\Users\abhil/.stm32cubeide/favorites.mcus.txt: 0 item(s)
2026-08-14 12:42:48,893 [INFO] ApiDb:427 - User favorites MCUs=[]
2026-08-14 12:42:48,893 [INFO] DbMcus:224 - Set 0 / 0 favorites MCUs
2026-08-14 12:42:49,396 [INFO] BoardInfo:889 - No configuration file found for board NUCLEO-H5E5ZJ
2026-08-14 12:42:49,404 [INFO] DbBoards:161 - Board is not supported: NUCLEO-H5E5ZJ
2026-08-14 12:42:49,488 [INFO] BoardInfo:889 - No configuration file found for board NUCLEO-U3C5ZI-Q
2026-08-14 12:42:49,490 [INFO] DbBoards:161 - Board is not supported: NUCLEO-U3C5ZI-Q
2026-08-14 12:42:49,512 [INFO] BoardInfo:889 - No configuration file found for board NUCLEO-WBA25CE1
2026-08-14 12:42:49,513 [INFO] DbBoards:161 - Board is not supported: NUCLEO-WBA25CE1
2026-08-14 12:42:49,527 [INFO] BoardInfo:889 - No configuration file found for board NUCLEO-WL3RKB1
2026-08-14 12:42:49,529 [INFO] DbBoards:161 - Board is not supported: NUCLEO-WL3RKB1
2026-08-14 12:42:49,530 [INFO] BoardInfo:889 - No configuration file found for board NUCLEO-WL3RKB2
2026-08-14 12:42:49,532 [INFO] DbBoards:161 - Board is not supported: NUCLEO-WL3RKB2
2026-08-14 12:42:49,544 [INFO] BoardInfo:889 - No configuration file found for board P-NUCLEO-WB55
2026-08-14 12:42:49,545 [INFO] DbBoards:161 - Kit is not supported: P-NUCLEO-WB55
2026-08-14 12:42:49,554 [INFO] BoardInfo:889 - No configuration file found for board STEVAL-BFA001V1B
2026-08-14 12:42:49,556 [INFO] DbBoards:161 - Kit is not supported: STEVAL-BFA001V1B
2026-08-14 12:42:49,557 [INFO] BoardInfo:889 - No configuration file found for board STEVAL-BFA001V2B
2026-08-14 12:42:49,558 [INFO] DbBoards:161 - Kit is not supported: STEVAL-BFA001V2B
2026-08-14 12:42:49,713 [INFO] BoardInfo:889 - No configuration file found for board STM32H5F5J-DK
2026-08-14 12:42:49,715 [INFO] DbBoards:161 - Board is not supported: STM32H5F5J-DK
2026-08-14 12:42:49,819 [INFO] BoardInfo:889 - No configuration file found for board STM32MP215F-DK
2026-08-14 12:42:49,821 [INFO] DbBoards:161 - Board is not supported: STM32MP215F-DK
2026-08-14 12:42:49,856 [INFO] DbBoards:168 - Found 218 boards, 208 are supported
2026-08-14 12:42:49,856 [INFO] DbBoards:169 - Found 218 boards, 43 of them is supported for  Bsp
2026-08-14 12:42:49,862 [INFO] ApiDb:423 - Load user favorites file C:\Users\abhil/.stm32cubeide/favorites.boards.txt: 0 item(s)
2026-08-14 12:42:49,862 [INFO] ApiDb:427 - User favorites Boards=[]
2026-08-14 12:42:49,862 [INFO] DbBoards:198 - Set 0 / 0 favorites Boards
2026-08-14 12:42:49,933 [INFO] UtilMem:75 - End LoadConfig() Used Memory: 304219576 Bytes (487587840)
2026-08-14 12:42:50,104 [WARN] ThirdParty:833 - waiting for thirdparty lock release [change project]
2026-08-14 12:42:50,104 [INFO] ThirdParty:835 - entering critical section [change project]
2026-08-14 12:42:50,104 [INFO] ThirdParty:1030 - CMSIS Pack Vendor :STMicroelectronics X-CUBE-AZRTOS-H7 3.5.0
2026-08-14 12:42:50,104 [INFO] ThirdParty:1030 - CMSIS Pack Vendor :STMicroelectronics X-CUBE-PM33A1 1.0.0
2026-08-14 12:42:50,104 [INFO] ThirdParty:1030 - CMSIS Pack Vendor :STMicroelectronics USBPD 4.1
2026-08-14 12:42:50,104 [INFO] ThirdParty:1030 - CMSIS Pack Vendor :STMicroelectronics X-CUBE-GNSS1 6.0.0
2026-08-14 12:42:50,104 [INFO] ThirdParty:1030 - CMSIS Pack Vendor :STMicroelectronics USB_HOST 2.0.0
2026-08-14 12:42:50,104 [INFO] ThirdParty:1030 - CMSIS Pack Vendor :STMicroelectronics FP-SNS-MOTENVWB1 1.4.0
2026-08-14 12:42:50,105 [INFO] ThirdParty:1030 - CMSIS Pack Vendor :STMicroelectronics FP-ATR-ASTRA1 2.0.3
2026-08-14 12:42:50,105 [INFO] ThirdParty:1030 - CMSIS Pack Vendor :STMicroelectronics X-CUBE-AZRTOS-F4 1.1.0
2026-08-14 12:42:50,105 [INFO] ThirdParty:1030 - CMSIS Pack Vendor :STMicroelectronics LIBJPEG 8.0.0
2026-08-14 12:42:50,105 [INFO] ThirdParty:1030 - CMSIS Pack Vendor :STMicroelectronics FP-ATR-ASTRA1 2.0.2
2026-08-14 12:42:50,105 [INFO] ThirdParty:1030 - CMSIS Pack Vendor :STMicroelectronics FP-ATR-ASTRA1 2.0.1
2026-08-14 12:42:50,105 [INFO] ThirdParty:1030 - CMSIS Pack Vendor :Avnet-IotConnect X-CUBE-IoTC-DA16k-PMOD 1.0.0
2026-08-14 12:42:50,105 [INFO] ThirdParty:1030 - CMSIS Pack Vendor :STMicroelectronics X-CUBE-SMBUS 2.1.0
2026-08-14 12:42:50,105 [INFO] ThirdParty:1030 - CMSIS Pack Vendor :STMicroelectronics X-CUBE-WB05N 1.1.0
2026-08-14 12:42:50,105 [INFO] ThirdParty:1030 - CMSIS Pack Vendor :STMicroelectronics X-CUBE-ISPU 2.1.0
2026-08-14 12:42:50,105 [INFO] ThirdParty:1030 - CMSIS Pack Vendor :STMicroelectronics eDS-WB_DPC_TT-BIDIR 2.1.1
2026-08-14 12:42:50,105 [INFO] ThirdParty:1030 - CMSIS Pack Vendor :STMicroelectronics X-CUBE-FREERTOS 1.2.0
2026-08-14 12:42:50,105 [INFO] ThirdParty:1030 - CMSIS Pack Vendor :STMicroelectronics X-CUBE-ST60 1.0.0
2026-08-14 12:42:50,105 [INFO] ThirdParty:1030 - CMSIS Pack Vendor :STMicroelectronics X-CUBE-NFC12 1.0.0
2026-08-14 12:42:50,105 [INFO] ThirdParty:1030 - CMSIS Pack Vendor :STMicroelectronics X-CUBE-BLEMGR 1.2.0
2026-08-14 12:42:50,105 [INFO] ThirdParty:1030 - CMSIS Pack Vendor :STMicroelectronics X-CUBE-TOUCHGFX 4.23.2
2026-08-14 12:42:50,105 [INFO] ThirdParty:1030 - CMSIS Pack Vendor :STMicroelectronics X-CUBE-AZRTOS-F7 1.1.0
2026-08-14 12:42:50,105 [INFO] ThirdParty:1030 - CMSIS Pack Vendor :STMicroelectronics X-CUBE-AZRTOS-L5 2.0.0
2026-08-14 12:42:50,105 [INFO] ThirdParty:1030 - CMSIS Pack Vendor :STMicroelectronics USB_DEVICE 2.0.0
2026-08-14 12:42:50,105 [INFO] ThirdParty:1030 - CMSIS Pack Vendor :STMicroelectronics X-CUBE-NFC6 3.1.0
2026-08-14 12:42:50,105 [INFO] ThirdParty:1030 - CMSIS Pack Vendor :STMicroelectronics X-CUBE-BLE1 6.2.3
2026-08-14 12:42:50,105 [INFO] ThirdParty:1030 - CMSIS Pack Vendor :STMicroelectronics X-CUBE-MEMS1 11.0.0
2026-08-14 12:42:50,105 [INFO] ThirdParty:1030 - CMSIS Pack Vendor :STMicroelectronics X-CUBE-BLE1 6.2.4
2026-08-14 12:42:50,105 [INFO] ThirdParty:1030 - CMSIS Pack Vendor :STMicroelectronics X-CUBE-ALGOBUILD 1.5.0
2026-08-14 12:42:50,105 [INFO] ThirdParty:1030 - CMSIS Pack Vendor :STMicroelectronics FreeRTOS 0.0.1
2026-08-14 12:42:50,105 [INFO] ThirdParty:1030 - CMSIS Pack Vendor :STMicroelectronics X-CUBE-AZRTOS-H7RS 1.3.0
2026-08-14 12:42:50,105 [INFO] ThirdParty:1030 - CMSIS Pack Vendor :STMicroelectronics X-CUBE-BLEMGR 2.0.0
2026-08-14 12:42:50,105 [INFO] ThirdParty:1030 - CMSIS Pack Vendor :STMicroelectronics X-CUBE-DPower 1.2.0
2026-08-14 12:42:50,105 [INFO] ThirdParty:1030 - CMSIS Pack Vendor :STMicroelectronics eDS-WB_DPC_VIENNA 1.2.0
2026-08-14 12:42:50,105 [INFO] ThirdParty:1030 - CMSIS Pack Vendor :STMicroelectronics X-CUBE-MEMS1 13.0.0
2026-08-14 12:42:50,105 [INFO] ThirdParty:1030 - CMSIS Pack Vendor :STMicroelectronics FP-SNS-FLIGHT1 5.0.2
2026-08-14 12:42:50,105 [INFO] ThirdParty:1030 - CMSIS Pack Vendor :STMicroelectronics eDS-WB_DPC_3PH2L-BIDIR 1.1.1
2026-08-14 12:42:50,105 [INFO] ThirdParty:1030 - CMSIS Pack Vendor :STMicroelectronics X-CUBE-NFC4 2.0.4
2026-08-14 12:42:50,105 [INFO] ThirdParty:1030 - CMSIS Pack Vendor :STMicroelectronics X-CUBE-AI 9.0.0
2026-08-14 12:42:50,105 [INFO] ThirdParty:1030 - CMSIS Pack Vendor :STMicroelectronics X-CUBE-AZRTOS-H7 3.1.0
2026-08-14 12:42:50,105 [INFO] ThirdParty:1030 - CMSIS Pack Vendor :STMicroelectronics PDM2PCM 3.3.0
2026-08-14 12:42:50,106 [INFO] ThirdParty:1030 - CMSIS Pack Vendor :STMicroelectronics X-CUBE-TOF1 3.1.0
2026-08-14 12:42:50,106 [INFO] ThirdParty:1030 - CMSIS Pack Vendor :STMicroelectronics X-CUBE-AZRTOS-H7 3.4.0
2026-08-14 12:42:50,106 [INFO] ThirdParty:1030 - CMSIS Pack Vendor :STMicroelectronics X-CUBE-DISPLAY 3.0.0
2026-08-14 12:42:50,106 [INFO] ThirdParty:1030 - CMSIS Pack Vendor :STMicroelectronics X-CUBE-GNSS1 7.1.1
2026-08-14 12:42:50,106 [INFO] ThirdParty:1030 - CMSIS Pack Vendor :STMicroelectronics X-CUBE-BLE1 7.0.0
2026-08-14 12:42:50,106 [INFO] ThirdParty:1030 - CMSIS Pack Vendor :STMicroelectronics X-CUBE-NFC10 1.0.0
2026-08-14 12:42:50,106 [INFO] ThirdParty:1030 - CMSIS Pack Vendor :wolfSSL I-CUBE-wolfSSL 5.5.1
2026-08-14 12:42:50,106 [INFO] ThirdParty:1030 - CMSIS Pack Vendor :STMicroelectronics X-CUBE-BLEMGR 4.0.0
2026-08-14 12:42:50,106 [INFO] ThirdParty:1030 - CMSIS Pack Vendor :STMicroelectronics X-CUBE-FREERTOS 1.3.1
2026-08-14 12:42:50,106 [INFO] ThirdParty:1030 - CMSIS Pack Vendor :STMicroelectronics HAL Drivers 0.0.0
2026-08-14 12:42:50,106 [INFO] ThirdParty:1030 - CMSIS Pack Vendor :STMicroelectronics X-CUBE-ST60 1.1.0
2026-08-14 12:42:50,106 [INFO] ThirdParty:1030 - CMSIS Pack Vendor :STMicroelectronics X-CUBE-FREERTOS 1.3.0
2026-08-14 12:42:50,106 [INFO] ThirdParty:1030 - CMSIS Pack Vendor :STMicroelectronics X-CUBE-NFC7 1.0.1
2026-08-14 12:42:50,106 [INFO] ThirdParty:1030 - CMSIS Pack Vendor :STMicroelectronics MBEDTLS 2.14.1
2026-08-14 12:42:50,106 [INFO] ThirdParty:1030 - CMSIS Pack Vendor :STMicroelectronics X-CUBE-GNSS1 7.1.0
2026-08-14 12:42:50,106 [INFO] ThirdParty:1030 - CMSIS Pack Vendor :STMicroelectronics X-CUBE-NFC7 1.0.0
2026-08-14 12:42:50,106 [INFO] ThirdParty:1030 - CMSIS Pack Vendor :STMicroelectronics X-CUBE-TOUCHGFX 4.26.0
2026-08-14 12:42:50,106 [INFO] ThirdParty:1030 - CMSIS Pack Vendor :STMicroelectronics X-CUBE-MEMS1 9.3.0
2026-08-14 12:42:50,106 [INFO] ThirdParty:1030 - CMSIS Pack Vendor :STMicroelectronics X-CUBE-TOUCHGFX 4.26.1
2026-08-14 12:42:50,106 [INFO] ThirdParty:1030 - CMSIS Pack Vendor :STMicroelectronics X-CUBE-EEPRMA1 4.1.0
2026-08-14 12:42:50,106 [INFO] ThirdParty:1030 - CMSIS Pack Vendor :STMicroelectronics X-CUBE-AI 7.2.0
2026-08-14 12:42:50,106 [INFO] ThirdParty:1030 - CMSIS Pack Vendor :STMicroelectronics X-CUBE-BLEMGR 3.1.0
2026-08-14 12:42:50,106 [INFO] ThirdParty:1030 - CMSIS Pack Vendor :STMicroelectronics X-CUBE-AI 10.0.0
2026-08-14 12:42:50,106 [INFO] ThirdParty:1030 - CMSIS Pack Vendor :STMicroelectronics FP-SNS-STAIOTCFT 1.0.0
2026-08-14 12:42:50,106 [INFO] ThirdParty:1030 - CMSIS Pack Vendor :STMicroelectronics FP-SNS-SMARTAG2 1.2.0
2026-08-14 12:42:50,106 [INFO] ThirdParty:1030 - CMSIS Pack Vendor :STMicroelectronics FP-SNS-FLIGHT1 5.1.0
2026-08-14 12:42:50,106 [INFO] ThirdParty:1030 - CMSIS Pack Vendor :STMicroelectronics X-CUBE-MEMS1 11.1.0
2026-08-14 12:42:50,106 [INFO] ThirdParty:1030 - CMSIS Pack Vendor :STMicroelectronics X-CUBE-AZRTOS-WL 2.0.0
2026-08-14 12:42:50,106 [INFO] ThirdParty:1030 - CMSIS Pack Vendor :STMicroelectronics X-CUBE-DPower 1.3.0
2026-08-14 12:42:50,106 [INFO] ThirdParty:1030 - CMSIS Pack Vendor :STMicroelectronics FP-SNS-MOTENV1 5.0.0
2026-08-14 12:42:50,106 [INFO] ThirdParty:1030 - CMSIS Pack Vendor :STMicroelectronics USB_DEVICE 1.0.0
2026-08-14 12:42:50,106 [INFO] ThirdParty:1030 - CMSIS Pack Vendor :STMicroelectronics X-CUBE-AZRTOS-H7RS 1.2.0
2026-08-14 12:42:50,106 [INFO] ThirdParty:1030 - CMSIS Pack Vendor :wolfSSL I-CUBE-wolfMQTT 1.19.0
2026-08-14 12:42:50,106 [INFO] ThirdParty:1030 - CMSIS Pack Vendor :STMicroelectronics X-CUBE-AZRTOS-L4 2.0.0
2026-08-14 12:42:50,107 [INFO] ThirdParty:1030 - CMSIS Pack Vendor :STMicroelectronics ThreadX 0.0.2
2026-08-14 12:42:50,107 [INFO] ThirdParty:1030 - CMSIS Pack Vendor :WES I-CUBE-Cesium 1.3.0
2026-08-14 12:42:50,107 [INFO] ThirdParty:1030 - CMSIS Pack Vendor :STMicroelectronics lwIP 2.1.2
2026-08-14 12:42:50,107 [INFO] ThirdParty:1030 - CMSIS Pack Vendor :STMicroelectronics X-CUBE-SFXS2LP1 4.0.0
2026-08-14 12:42:50,107 [INFO] ThirdParty:1030 - CMSIS Pack Vendor :STMicroelectronics X-CUBE-BLE2 3.3.0
2026-08-14 12:42:50,107 [INFO] ThirdParty:1030 - CMSIS Pack Vendor :Avnet-IOTCONNECT X-CUBE-iotc-st67-sdk 1.0.0
2026-08-14 12:42:50,107 [INFO] ThirdParty:1030 - CMSIS Pack Vendor :STMicroelectronics X-CUBE-DISPLAY 2.2.0
2026-08-14 12:42:50,107 [INFO] ThirdParty:1030 - CMSIS Pack Vendor :STMicroelectronics X-CUBE-TOF1 3.2.0
2026-08-14 12:42:50,107 [INFO] ThirdParty:1030 - CMSIS Pack Vendor :STMicroelectronics PDM2PCM 3.2.0
2026-08-14 12:42:50,107 [INFO] ThirdParty:1030 - CMSIS Pack Vendor :STMicroelectronics X-CUBE-ISPU 1.0.0
2026-08-14 12:42:50,107 [INFO] ThirdParty:1030 - CMSIS Pack Vendor :STMicroelectronics X-CUBE-WB05N 2.1.0
2026-08-14 12:42:50,107 [INFO] ThirdParty:1030 - CMSIS Pack Vendor :STMicroelectronics X-CUBE-ISPU 1.1.0
2026-08-14 12:42:50,107 [INFO] ThirdParty:1030 - CMSIS Pack Vendor :STMicroelectronics X-CUBE-AZRTOS-H7 3.3.0
2026-08-14 12:42:50,107 [INFO] ThirdParty:1030 - CMSIS Pack Vendor :RoweBots I-CUBE-UNISONRTOS 5.5.0-4
2026-08-14 12:42:50,107 [INFO] ThirdParty:1030 - CMSIS Pack Vendor :STMicroelectronics X-CUBE-NFC9 1.0.0
2026-08-14 12:42:50,107 [INFO] ThirdParty:1030 - CMSIS Pack Vendor :STMicroelectronics X-CUBE-AZRTOS-H7 2.1.0
2026-08-14 12:42:50,107 [INFO] ThirdParty:1030 - CMSIS Pack Vendor :STMicroelectronics X-CUBE-BLE1 7.1.0
2026-08-14 12:42:50,107 [INFO] ThirdParty:1030 - CMSIS Pack Vendor :STMicroelectronics USB_DEVICE 3.0.0
2026-08-14 12:42:50,107 [INFO] ThirdParty:1030 - CMSIS Pack Vendor :STMicroelectronics X-CUBE-TCPP 4.1.0
2026-08-14 12:42:50,107 [INFO] ThirdParty:1030 - CMSIS Pack Vendor :STMicroelectronics X-CUBE-EEPRMA1 5.2.0
2026-08-14 12:42:50,108 [INFO] ThirdParty:1030 - CMSIS Pack Vendor :STMicroelectronics X-CUBE-BLEMGR 4.1.0
2026-08-14 12:42:50,108 [INFO] ThirdParty:1030 - CMSIS Pack Vendor :STMicroelectronics X-CUBE-AI 8.0.0
2026-08-14 12:42:50,108 [INFO] ThirdParty:1030 - CMSIS Pack Vendor :STMicroelectronics X-CUBE-IPS 3.0.0
2026-08-14 12:42:50,108 [INFO] ThirdParty:1030 - CMSIS Pack Vendor :STMicroelectronics X-CUBE-AZRTOS-WB 2.0.0
2026-08-14 12:42:50,108 [INFO] ThirdParty:1030 - CMSIS Pack Vendor :STMicroelectronics X-CUBE-FREERTOS 1.0.1
2026-08-14 12:42:50,108 [INFO] ThirdParty:1030 - CMSIS Pack Vendor :STMicroelectronics X-CUBE-GNSS1 7.0.0
2026-08-14 12:42:50,108 [INFO] ThirdParty:1030 - CMSIS Pack Vendor :STMicroelectronics X-CUBE-GNSS1 7.0.1
2026-08-14 12:42:50,108 [INFO] ThirdParty:1030 - CMSIS Pack Vendor :STMicroelectronics X-CUBE-TOUCHGFX 4.21.3
2026-08-14 12:42:50,108 [INFO] ThirdParty:1030 - CMSIS Pack Vendor :STMicroelectronics X-CUBE-TOUCHGFX 4.25.0
2026-08-14 12:42:50,108 [INFO] ThirdParty:1030 - CMSIS Pack Vendor :STMicroelectronics X-CUBE-AI 7.3.0
2026-08-14 12:42:50,108 [INFO] ThirdParty:1030 - CMSIS Pack Vendor :STMicroelectronics X-CUBE-AI 10.1.0
2026-08-14 12:42:50,108 [INFO] ThirdParty:1030 - CMSIS Pack Vendor :STMicroelectronics FP-SNS-STBOX1 2.0.0
2026-08-14 12:42:50,108 [INFO] ThirdParty:1030 - CMSIS Pack Vendor :STMicroelectronics X-CUBE-MEMS1 12.0.0
2026-08-14 12:42:50,108 [INFO] ThirdParty:1030 - CMSIS Pack Vendor :STMicroelectronics X-CUBE-ALGOBUILD 1.3.0
2026-08-14 12:42:50,108 [INFO] ThirdParty:1030 - CMSIS Pack Vendor :STMicroelectronics X-CUBE-STSE01 2.0.0
2026-08-14 12:42:50,108 [INFO] ThirdParty:1030 - CMSIS Pack Vendor :STMicroelectronics X-CUBE-AZRTOS-L5 1.1.0
2026-08-14 12:42:50,108 [INFO] ThirdParty:1030 - CMSIS Pack Vendor :STMicroelectronics X-CUBE-MEMS1 11.2.0
2026-08-14 12:42:50,108 [INFO] ThirdParty:1030 - CMSIS Pack Vendor :STMicroelectronics X-CUBE-AZRTOS-G0 1.1.0
2026-08-14 12:42:50,108 [INFO] ThirdParty:1030 - CMSIS Pack Vendor :STMicroelectronics X-CUBE-SAFEA1 1.2.2
2026-08-14 12:42:50,108 [INFO] ThirdParty:1030 - CMSIS Pack Vendor :STMicroelectronics X-CUBE-NFC4 3.0.0
2026-08-14 12:42:50,108 [INFO] ThirdParty:1030 - CMSIS Pack Vendor :STMicroelectronics X-CUBE-SUBG2 5.0.0
2026-08-14 12:42:50,109 [INFO] ThirdParty:1030 - CMSIS Pack Vendor :STMicroelectronics X-CUBE-AZRTOS-H7RS 1.1.0
2026-08-14 12:42:50,109 [INFO] ThirdParty:1030 - CMSIS Pack Vendor :STMicroelectronics STM32_WPAN 1.0.0
2026-08-14 12:42:50,109 [INFO] ThirdParty:1030 - CMSIS Pack Vendor :SEGGER I-CUBE-embOS 1.2.1
2026-08-14 12:42:50,109 [INFO] ThirdParty:1030 - CMSIS Pack Vendor :wolfSSL I-CUBE-wolfMQTT 1.18.0
2026-08-14 12:42:50,109 [INFO] ThirdParty:1030 - CMSIS Pack Vendor :EmbeddedOffice I-CUBE-FS-RTOS 1.0.1
2026-08-14 12:42:50,109 [INFO] ThirdParty:1030 - CMSIS Pack Vendor :STMicroelectronics lwIP 2.0.3
2026-08-14 12:42:50,109 [INFO] ThirdParty:1030 - CMSIS Pack Vendor :Cesanta I-CUBE-Mongoose 7.13.0
2026-08-14 12:42:50,109 [INFO] ThirdParty:1030 - CMSIS Pack Vendor :STMicroelectronics USB_HOST 1.0.0
2026-08-14 12:42:50,109 [INFO] ThirdParty:1030 - CMSIS Pack Vendor :STMicroelectronics X-CUBE-AZRTOS-G4 2.0.0
2026-08-14 12:42:50,109 [INFO] ThirdParty:1030 - CMSIS Pack Vendor :STMicroelectronics X-CUBE-WB05N 2.0.0
2026-08-14 12:42:50,109 [INFO] ThirdParty:1030 - CMSIS Pack Vendor :STMicroelectronics PDM2PCM 3.1.0
2026-08-14 12:42:50,109 [INFO] ThirdParty:1030 - CMSIS Pack Vendor :STMicroelectronics X-CUBE-TOF1 3.3.0
2026-08-14 12:42:50,109 [INFO] ThirdParty:1030 - CMSIS Pack Vendor :STMicroelectronics FP-ATR-ASTRA1 1.1.1
2026-08-14 12:42:50,109 [INFO] ThirdParty:1030 - CMSIS Pack Vendor :STMicroelectronics X-CUBE-NFC7 2.0.0
2026-08-14 12:42:50,109 [INFO] ThirdParty:1030 - CMSIS Pack Vendor :STMicroelectronics X-CUBE-TCPP 4.2.0
2026-08-14 12:42:50,109 [INFO] ThirdParty:1030 - CMSIS Pack Vendor :RealThread X-CUBE-RT-Thread_Nano 4.1.1
2026-08-14 12:42:50,109 [INFO] ThirdParty:1030 - CMSIS Pack Vendor :STMicroelectronics FP-ATR-SIGFOX1 3.2.0
2026-08-14 12:42:50,109 [INFO] ThirdParty:1030 - CMSIS Pack Vendor :STMicroelectronics X-CUBE-AZRTOS-G4 1.0.0
2026-08-14 12:42:50,109 [INFO] ThirdParty:1030 - CMSIS Pack Vendor :STMicroelectronics X-CUBE-AZRTOS-L4 1.0.0
2026-08-14 12:42:50,109 [INFO] ThirdParty:1030 - CMSIS Pack Vendor :quantropi X-CUBE-qispace-sdk-base 1.9.3
2026-08-14 12:42:50,109 [INFO] ThirdParty:1030 - CMSIS Pack Vendor :STMicroelectronics X-CUBE-ISPU 2.0.0
2026-08-14 12:42:50,109 [INFO] ThirdParty:1030 - CMSIS Pack Vendor :STMicroelectronics X-CUBE-EEPRMA1 5.1.0
2026-08-14 12:42:50,109 [INFO] ThirdParty:1030 - CMSIS Pack Vendor :STMicroelectronics MBEDTLS 2.16.2
2026-08-14 12:42:50,109 [INFO] ThirdParty:1030 - CMSIS Pack Vendor :STMicroelectronics X-CUBE-IPS 3.1.0
2026-08-14 12:42:50,109 [INFO] ThirdParty:1030 - CMSIS Pack Vendor :STMicroelectronics X-CUBE-ALS 1.0.2
2026-08-14 12:42:50,109 [INFO] ThirdParty:1030 - CMSIS Pack Vendor :emotas I-CUBE-CANOPEN 1.1.2
2026-08-14 12:42:50,109 [INFO] ThirdParty:1030 - CMSIS Pack Vendor :STMicroelectronics X-CUBE-TOUCHGFX 4.20.0
2026-08-14 12:42:50,109 [INFO] ThirdParty:1030 - CMSIS Pack Vendor :STMicroelectronics X-CUBE-MEMS1 10.0.0
2026-08-14 12:42:50,109 [INFO] ThirdParty:1030 - CMSIS Pack Vendor :ITTIA_DB I-CUBE-ITTIADB 8.9.0
2026-08-14 12:42:50,109 [INFO] ThirdParty:1030 - CMSIS Pack Vendor :STMicroelectronics X-CUBE-TOUCHGFX 4.24.2
2026-08-14 12:42:50,109 [INFO] ThirdParty:1030 - CMSIS Pack Vendor :STMicroelectronics X-CUBE-AZRTOS-WL 1.0.0
2026-08-14 12:42:50,109 [INFO] ThirdParty:1030 - CMSIS Pack Vendor :STMicroelectronics X-CUBE-TOUCHGFX 4.24.1
2026-08-14 12:42:50,109 [INFO] ThirdParty:1030 - CMSIS Pack Vendor :STMicroelectronics X-CUBE-STSE01 1.0.0
2026-08-14 12:42:50,111 [INFO] ThirdParty:1030 - CMSIS Pack Vendor :wolfSSL I-CUBE-wolfTPM 3.4.0
2026-08-14 12:42:50,111 [INFO] ThirdParty:1030 - CMSIS Pack Vendor :portGmbH I-Cube-SoM-uGOAL 1.1.0
2026-08-14 12:42:50,111 [INFO] ThirdParty:1030 - CMSIS Pack Vendor :STMicroelectronics X-CUBE-ALS 1.0.1
2026-08-14 12:42:50,111 [INFO] ThirdParty:1030 - CMSIS Pack Vendor :STMicroelectronics X-CUBE-NFC6 3.2.0
2026-08-14 12:42:50,111 [INFO] ThirdParty:1030 - CMSIS Pack Vendor :STMicroelectronics X-CUBE-MEMS1 9.5.0
2026-08-14 12:42:50,111 [INFO] ThirdParty:1030 - CMSIS Pack Vendor :STMicroelectronics X-CUBE-ST67W61 1.0.0
2026-08-14 12:42:50,111 [INFO] ThirdParty:1030 - CMSIS Pack Vendor :STMicroelectronics X-CUBE-AI 10.2.1
2026-08-14 12:42:50,111 [INFO] ThirdParty:1030 - CMSIS Pack Vendor :STMicroelectronics X-CUBE-AI 10.2.0
2026-08-14 12:42:50,111 [INFO] ThirdParty:1030 - CMSIS Pack Vendor :STMicroelectronics ThreadX 1.0.0
2026-08-14 12:42:50,111 [INFO] ThirdParty:1030 - CMSIS Pack Vendor :STMicroelectronics X-CUBE-MEMS1 12.1.0
2026-08-14 12:42:50,111 [INFO] ThirdParty:1030 - CMSIS Pack Vendor :STMicroelectronics X-CUBE-AZRTOS-WB 1.1.0
2026-08-14 12:42:50,111 [INFO] ThirdParty:1030 - CMSIS Pack Vendor :SEGGER I-CUBE-embOS 1.3.1
2026-08-14 12:42:50,111 [INFO] ThirdParty:1030 - CMSIS Pack Vendor :STMicroelectronics X-CUBE-ALGOBUILD 1.4.0
2026-08-14 12:42:50,111 [INFO] ThirdParty:1030 - CMSIS Pack Vendor :STMicroelectronics X-CUBE-MEMS1 11.3.0
2026-08-14 12:42:50,111 [INFO] ThirdParty:1030 - CMSIS Pack Vendor :STMicroelectronics X-CUBE-AZRTOS-L5 1.0.0
2026-08-14 12:42:50,111 [INFO] ThirdParty:1030 - CMSIS Pack Vendor :STMicroelectronics X-CUBE-EEPRMA1 3.1.1
2026-08-14 12:42:50,111 [INFO] ThirdParty:1030 - CMSIS Pack Vendor :STMicroelectronics X-CUBE-AZRTOS-H7RS 1.0.0
2026-08-14 12:42:50,111 [INFO] ThirdParty:1030 - CMSIS Pack Vendor :STMicroelectronics FP-ATR-ASTRA1 2.0.0
2026-08-14 12:42:50,111 [INFO] ThirdParty:1030 - CMSIS Pack Vendor :STMicroelectronics X-CUBE-TOF1 3.4.2
2026-08-14 12:42:50,111 [INFO] ThirdParty:1030 - CMSIS Pack Vendor :STMicroelectronics X-CUBE-TOF1 3.4.3
2026-08-14 12:42:50,111 [INFO] ThirdParty:1030 - CMSIS Pack Vendor :STMicroelectronics X-CUBE-AI 9.1.0
2026-08-14 12:42:50,111 [INFO] ThirdParty:1030 - CMSIS Pack Vendor :STMicroelectronics X-CUBE-TOF1 3.4.1
2026-08-14 12:42:50,111 [INFO] ThirdParty:1030 - CMSIS Pack Vendor :STMicroelectronics X-CUBE-AZRTOS-H7 3.2.0
2026-08-14 12:42:50,111 [INFO] ThirdParty:1030 - CMSIS Pack Vendor :STMicroelectronics X-CUBE-NFC13 1.0.0
2026-08-14 12:42:50,111 [INFO] ThirdParty:1030 - CMSIS Pack Vendor :Infineon AIROC-Wi-Fi-Bluetooth-STM32 1.6.0
2026-08-14 12:42:50,111 [INFO] ThirdParty:1030 - CMSIS Pack Vendor :wolfSSL I-CUBE-wolfSSH 1.4.17
2026-08-14 12:42:50,111 [INFO] ThirdParty:841 - exiting critical section [change project]
2026-08-14 12:42:50,538 [INFO] PinOutPanel:1589 - setPackage(No Configuration,No Configuration)
2026-08-14 12:42:50,539 [INFO] PinOutPanel:1589 - setPackage(STM32F411CEUx,UFQFPN48)
2026-08-14 12:42:50,883 [INFO] UtilMem:75 - Before build in PCC Used Memory: 319679736 Bytes (487587840)
2026-08-14 12:42:51,646 [INFO] UtilMem:75 - After build in PCC Used Memory: 403808968 Bytes (487587840)
2026-08-14 12:42:51,731 [INFO] ApiDbMcu:508 - Load IP Config File for USB_DEVICE
2026-08-14 12:42:51,760 [INFO] IPUIPlugin:80 - create IPUIPlugin
2026-08-14 12:42:51,760 [INFO] IPUIPlugin:80 - create IPUIPlugin
2026-08-14 12:42:51,761 [INFO] IPUIPlugin:80 - create IPUIPlugin
2026-08-14 12:42:51,761 [INFO] IPUIPlugin:80 - create IPUIPlugin
2026-08-14 12:42:51,761 [INFO] IPUIPlugin:80 - create IPUIPlugin
2026-08-14 12:42:51,761 [INFO] IPUIPlugin:80 - create IPUIPlugin
2026-08-14 12:42:51,761 [INFO] IPUIPlugin:80 - create IPUIPlugin
2026-08-14 12:42:51,761 [INFO] IPUIPlugin:80 - create IPUIPlugin
2026-08-14 12:42:51,761 [INFO] IPUIPlugin:80 - create IPUIPlugin
2026-08-14 12:42:51,761 [INFO] IPUIPlugin:80 - create IPUIPlugin
2026-08-14 12:42:51,761 [INFO] IPUIPlugin:80 - create IPUIPlugin
2026-08-14 12:42:51,761 [INFO] IPUIPlugin:80 - create IPUIPlugin
2026-08-14 12:42:51,761 [INFO] IPUIPlugin:80 - create IPUIPlugin
2026-08-14 12:42:51,761 [INFO] IPUIPlugin:80 - create IPUIPlugin
2026-08-14 12:42:51,762 [INFO] IPUIPlugin:80 - create IPUIPlugin
2026-08-14 12:42:51,762 [INFO] IPUIPlugin:80 - create IPUIPlugin
2026-08-14 12:42:51,762 [INFO] IPUIPlugin:80 - create IPUIPlugin
2026-08-14 12:42:51,762 [INFO] IPUIPlugin:80 - create IPUIPlugin
2026-08-14 12:42:51,762 [INFO] IPUIPlugin:80 - create IPUIPlugin
2026-08-14 12:42:51,762 [INFO] IPUIPlugin:80 - create IPUIPlugin
2026-08-14 12:42:51,762 [INFO] IPUIPlugin:80 - create IPUIPlugin
2026-08-14 12:42:51,764 [INFO] IPUIPlugin:80 - create IPUIPlugin
2026-08-14 12:42:51,764 [INFO] IPUIPlugin:80 - create IPUIPlugin
2026-08-14 12:42:51,764 [INFO] IPUIPlugin:80 - create IPUIPlugin
2026-08-14 12:42:51,764 [INFO] IPUIPlugin:80 - create IPUIPlugin
2026-08-14 12:42:51,764 [INFO] IPUIPlugin:80 - create IPUIPlugin
2026-08-14 12:42:51,764 [INFO] IPUIPlugin:80 - create IPUIPlugin
2026-08-14 12:42:51,764 [INFO] IPUIPlugin:80 - create IPUIPlugin
2026-08-14 12:42:51,765 [INFO] IPUIPlugin:80 - create IPUIPlugin
2026-08-14 12:42:51,765 [INFO] IPUIPlugin:80 - create IPUIPlugin
2026-08-14 12:42:51,765 [INFO] IPUIPlugin:80 - create IPUIPlugin
2026-08-14 12:42:51,765 [INFO] IPUIPlugin:80 - create IPUIPlugin
2026-08-14 12:42:51,765 [INFO] IPUIPlugin:80 - create IPUIPlugin
2026-08-14 12:42:51,765 [INFO] IPUIPlugin:80 - create IPUIPlugin
2026-08-14 12:42:51,765 [INFO] IPUIPlugin:80 - create IPUIPlugin
2026-08-14 12:42:51,766 [INFO] IPUIPlugin:80 - create IPUIPlugin
2026-08-14 12:42:51,766 [INFO] IPUIPlugin:80 - create IPUIPlugin
2026-08-14 12:42:51,766 [INFO] IPUIPlugin:80 - create IPUIPlugin
2026-08-14 12:42:51,766 [INFO] IPUIPlugin:80 - create IPUIPlugin
2026-08-14 12:42:51,766 [INFO] IPUIPlugin:80 - create IPUIPlugin
2026-08-14 12:42:51,767 [INFO] IPUIPlugin:80 - create IPUIPlugin
2026-08-14 12:42:51,767 [INFO] IPUIPlugin:80 - create IPUIPlugin
2026-08-14 12:42:51,767 [INFO] IPUIPlugin:80 - create IPUIPlugin
2026-08-14 12:42:51,790 [INFO] ApiDbMcu:508 - Load IP Config File for PDM2PCM
2026-08-14 12:42:51,805 [INFO] I2sManager:658 - 1.1875E8
2026-08-14 12:42:51,805 [INFO] I2sManager:195 - I2S Clock Value : 1.1875E8
2026-08-14 12:42:51,808 [INFO] I2sManager:553 - AudioClock : 15995Divider : 116Odd : 0
2026-08-14 12:42:52,123 [INFO] CADModel:165 - CPN selected for project levelSTM32F411CEU6
2026-08-14 12:42:52,123 [INFO] CADModel:114 - Register for checkConnection events
2026-08-14 12:42:52,177 [INFO] OpenFileManager:385 - Restore cursor
2026-08-14 12:42:52,352 [WARN] IP:2250 - DEVICE_SERIAL0_HID_FS not found: check if there is a RefParameter without a condition.
2026-08-14 12:42:52,352 [WARN] IP:2250 - DEVICE_SERIAL1_HID_FS not found: check if there is a RefParameter without a condition.
2026-08-14 12:42:52,352 [WARN] IP:2250 - DEVICE_SERIAL2_HID_FS not found: check if there is a RefParameter without a condition.
2026-08-14 12:42:52,352 [WARN] IP:2250 - DEVICE_SERIAL0_HID_FS not found: check if there is a RefParameter without a condition.
2026-08-14 12:42:52,352 [WARN] IP:2250 - DEVICE_SERIAL1_HID_FS not found: check if there is a RefParameter without a condition.
2026-08-14 12:42:52,352 [WARN] IP:2250 - DEVICE_SERIAL2_HID_FS not found: check if there is a RefParameter without a condition.
2026-08-14 12:44:08,782 [INFO] NvicIntPanel:101 - NVIC parent = com.st.microxplorer.plugins.ip.nvic.MultiNvicIntPanel[,0,0,0x0,invalid,layout=javax.swing.BoxLayout,alignmentX=0.0,alignmentY=0.0,border=,flags=9,maximumSize=,minimumSize=,preferredSize=]
2026-08-14 12:44:14,829 [INFO] UtilMem:75 - End SaveConfig() Used Memory: 280050960 Bytes (536870912)
2026-08-14 12:44:15,985 [INFO] UtilMem:75 - End SaveConfig() Used Memory: 299418248 Bytes (536870912)
2026-08-14 12:44:18,190 [INFO] UtilMem:75 - End SaveConfig() Used Memory: 346604168 Bytes (536870912)
2026-08-14 12:44:18,741 [INFO] BlockDiagram:2775 - set Specific Code input for plugin: USB_OTG_FS
2026-08-14 12:44:18,741 [INFO] BlockDiagram:2775 - set Specific Code input for plugin: NVIC
2026-08-14 12:44:18,741 [INFO] BlockDiagram:2775 - set Specific Code input for plugin: DMA
2026-08-14 12:44:18,741 [INFO] BlockDiagram:2775 - set Specific Code input for plugin: TIM1_8
2026-08-14 12:44:18,741 [INFO] BlockDiagram:2775 - set Specific Code input for plugin: TIM1_8
2026-08-14 12:44:18,741 [INFO] BlockDiagram:2775 - set Specific Code input for plugin: TIM1_8
2026-08-14 12:44:18,741 [INFO] BlockDiagram:2775 - set Specific Code input for plugin: USB_DEVICE
2026-08-14 12:44:18,741 [INFO] BlockDiagram:2775 - set Specific Code input for plugin: I2S
2026-08-14 12:44:18,742 [INFO] BlockDiagram:2775 - set Specific Code input for plugin: SYS
2026-08-14 12:44:18,742 [INFO] BlockDiagram:2775 - set Specific Code input for plugin: GPIO
2026-08-14 12:44:18,742 [INFO] BlockDiagram:2775 - set Specific Code input for plugin: ADC
2026-08-14 12:44:18,743 [INFO] BlockDiagram:2775 - set Specific Code input for plugin: RCC
2026-08-14 12:44:18,744 [INFO] CodeGenerator:882 - code generatio: config db path: C:\ST\STM32CubeIDE_1.10.1\STM32CubeIDE\plugins\com.st.stm32cube.common.mx_6.14.1.202504091515\\db\
2026-08-14 12:44:18,773 [WARN] IP:2250 - DEVICE_SERIAL0_HID_FS not found: check if there is a RefParameter without a condition.
2026-08-14 12:44:18,773 [WARN] IP:2250 - DEVICE_SERIAL1_HID_FS not found: check if there is a RefParameter without a condition.
2026-08-14 12:44:18,773 [WARN] IP:2250 - DEVICE_SERIAL2_HID_FS not found: check if there is a RefParameter without a condition.
2026-08-14 12:44:18,983 [INFO] CodeEngine:263 - oldGeneratedFile, D:\Projects\Ventures\Mruda\01_Technical\MCU_Software\MCU_3.1.0\Mruda_midi_3.0.2\MXTmpFiles\license.tmp_save
2026-08-14 12:44:19,353 [INFO] CodeEngine:287 - Generated code: D:\Projects\Ventures\Mruda\01_Technical\MCU_Software\MCU_3.1.0\Mruda_midi_3.0.2\MXTmpFiles\license.tmp
2026-08-14 12:44:19,485 [INFO] CodeEngine:263 - oldGeneratedFile, D:\Projects\Ventures\Mruda\01_Technical\MCU_Software\MCU_3.1.0\Mruda_midi_3.0.2\MXTmpFiles\gpio.tmp_save
2026-08-14 12:44:19,630 [INFO] CodeEngine:287 - Generated code: D:\Projects\Ventures\Mruda\01_Technical\MCU_Software\MCU_3.1.0\Mruda_midi_3.0.2\MXTmpFiles\gpio.tmp
2026-08-14 12:44:19,721 [WARN] IPConfigManager:3217 - Warning: the RefConfig PWREx_EnableUSBVoltageDetector is not available in your config.xml file
2026-08-14 12:44:19,742 [INFO] CodeEngine:263 - oldGeneratedFile, D:\Projects\Ventures\Mruda\01_Technical\MCU_Software\MCU_3.1.0\Mruda_midi_3.0.2\MXTmpFiles\usb_otg_fs_vars.tmp_save
2026-08-14 12:44:19,833 [INFO] CodeEngine:287 - Generated code: D:\Projects\Ventures\Mruda\01_Technical\MCU_Software\MCU_3.1.0\Mruda_midi_3.0.2\MXTmpFiles\usb_otg_fs_vars.tmp
2026-08-14 12:44:19,847 [INFO] CodeEngine:263 - oldGeneratedFile, D:\Projects\Ventures\Mruda\01_Technical\MCU_Software\MCU_3.1.0\Mruda_midi_3.0.2\MXTmpFiles\usb_otg_fs_inc.tmp_save
2026-08-14 12:44:19,924 [INFO] CodeEngine:287 - Generated code: D:\Projects\Ventures\Mruda\01_Technical\MCU_Software\MCU_3.1.0\Mruda_midi_3.0.2\MXTmpFiles\usb_otg_fs_inc.tmp
2026-08-14 12:44:19,949 [INFO] CodeEngine:263 - oldGeneratedFile, D:\Projects\Ventures\Mruda\01_Technical\MCU_Software\MCU_3.1.0\Mruda_midi_3.0.2\MXTmpFiles\usb_otg_fs_HalInit.tmp_save
2026-08-14 12:44:20,060 [INFO] CodeEngine:287 - Generated code: D:\Projects\Ventures\Mruda\01_Technical\MCU_Software\MCU_3.1.0\Mruda_midi_3.0.2\MXTmpFiles\usb_otg_fs_HalInit.tmp
2026-08-14 12:44:20,077 [INFO] CodeEngine:263 - oldGeneratedFile, D:\Projects\Ventures\Mruda\01_Technical\MCU_Software\MCU_3.1.0\Mruda_midi_3.0.2\MXTmpFiles\usb_otg_fs_Msp.tmp_save
2026-08-14 12:44:20,195 [INFO] CodeEngine:287 - Generated code: D:\Projects\Ventures\Mruda\01_Technical\MCU_Software\MCU_3.1.0\Mruda_midi_3.0.2\MXTmpFiles\usb_otg_fs_Msp.tmp
2026-08-14 12:44:20,628 [INFO] Middleware:1452 - No code input for Bsp Dependency
2026-08-14 12:44:20,682 [INFO] CodeEngine:263 - oldGeneratedFile, D:\Projects\Ventures\Mruda\01_Technical\MCU_Software\MCU_3.1.0\Mruda_midi_3.0.2\MXTmpFiles\dma.tmp_save
2026-08-14 12:44:20,787 [INFO] CodeEngine:287 - Generated code: D:\Projects\Ventures\Mruda\01_Technical\MCU_Software\MCU_3.1.0\Mruda_midi_3.0.2\MXTmpFiles\dma.tmp
2026-08-14 12:44:20,802 [INFO] CodeEngine:263 - oldGeneratedFile, D:\Projects\Ventures\Mruda\01_Technical\MCU_Software\MCU_3.1.0\Mruda_midi_3.0.2\MXTmpFiles\dma_GV.tmp_save
2026-08-14 12:44:20,864 [INFO] CodeEngine:287 - Generated code: D:\Projects\Ventures\Mruda\01_Technical\MCU_Software\MCU_3.1.0\Mruda_midi_3.0.2\MXTmpFiles\dma_GV.tmp
2026-08-14 12:44:20,889 [INFO] Middleware:1452 - No code input for Bsp Dependency
2026-08-14 12:44:20,919 [INFO] CodeEngine:263 - oldGeneratedFile, D:\Projects\Ventures\Mruda\01_Technical\MCU_Software\MCU_3.1.0\Mruda_midi_3.0.2\USB_DEVICE\App\usb_device.c_save
2026-08-14 12:44:21,020 [INFO] CodeEngine:287 - Generated code: D:\Projects\Ventures\Mruda\01_Technical\MCU_Software\MCU_3.1.0\Mruda_midi_3.0.2\USB_DEVICE\App\usb_device.c
2026-08-14 12:44:21,045 [INFO] CodeEngine:263 - oldGeneratedFile, D:\Projects\Ventures\Mruda\01_Technical\MCU_Software\MCU_3.1.0\Mruda_midi_3.0.2\USB_DEVICE\App\usb_device.h_save
2026-08-14 12:44:21,135 [INFO] CodeEngine:287 - Generated code: D:\Projects\Ventures\Mruda\01_Technical\MCU_Software\MCU_3.1.0\Mruda_midi_3.0.2\USB_DEVICE\App\usb_device.h
2026-08-14 12:44:21,162 [INFO] CodeEngine:263 - oldGeneratedFile, D:\Projects\Ventures\Mruda\01_Technical\MCU_Software\MCU_3.1.0\Mruda_midi_3.0.2\USB_DEVICE\Target\usbd_conf.h_save
2026-08-14 12:44:21,262 [INFO] CodeEngine:287 - Generated code: D:\Projects\Ventures\Mruda\01_Technical\MCU_Software\MCU_3.1.0\Mruda_midi_3.0.2\USB_DEVICE\Target\usbd_conf.h
2026-08-14 12:44:21,289 [INFO] CodeEngine:263 - oldGeneratedFile, D:\Projects\Ventures\Mruda\01_Technical\MCU_Software\MCU_3.1.0\Mruda_midi_3.0.2\USB_DEVICE\Target\usbd_conf.c_save
2026-08-14 12:44:21,416 [INFO] CodeEngine:287 - Generated code: D:\Projects\Ventures\Mruda\01_Technical\MCU_Software\MCU_3.1.0\Mruda_midi_3.0.2\USB_DEVICE\Target\usbd_conf.c
2026-08-14 12:44:21,431 [INFO] CodeEngine:263 - oldGeneratedFile, D:\Projects\Ventures\Mruda\01_Technical\MCU_Software\MCU_3.1.0\Mruda_midi_3.0.2\USB_DEVICE\App\usbd_desc.h_save
2026-08-14 12:44:21,527 [INFO] CodeEngine:287 - Generated code: D:\Projects\Ventures\Mruda\01_Technical\MCU_Software\MCU_3.1.0\Mruda_midi_3.0.2\USB_DEVICE\App\usbd_desc.h
2026-08-14 12:44:21,545 [INFO] CodeEngine:263 - oldGeneratedFile, D:\Projects\Ventures\Mruda\01_Technical\MCU_Software\MCU_3.1.0\Mruda_midi_3.0.2\USB_DEVICE\App\usbd_desc.c_save
2026-08-14 12:44:21,660 [INFO] CodeEngine:287 - Generated code: D:\Projects\Ventures\Mruda\01_Technical\MCU_Software\MCU_3.1.0\Mruda_midi_3.0.2\USB_DEVICE\App\usbd_desc.c
2026-08-14 12:44:21,685 [INFO] CodeEngine:263 - oldGeneratedFile, D:\Projects\Ventures\Mruda\01_Technical\MCU_Software\MCU_3.1.0\Mruda_midi_3.0.2\Core\Src\stm32f4xx_it.c_save
2026-08-14 12:44:21,827 [INFO] CodeEngine:287 - Generated code: D:\Projects\Ventures\Mruda\01_Technical\MCU_Software\MCU_3.1.0\Mruda_midi_3.0.2\Core\Src\stm32f4xx_it.c
2026-08-14 12:44:21,854 [INFO] CodeEngine:263 - oldGeneratedFile, D:\Projects\Ventures\Mruda\01_Technical\MCU_Software\MCU_3.1.0\Mruda_midi_3.0.2\Core\Inc\stm32f4xx_it.h_save
2026-08-14 12:44:21,938 [INFO] CodeEngine:287 - Generated code: D:\Projects\Ventures\Mruda\01_Technical\MCU_Software\MCU_3.1.0\Mruda_midi_3.0.2\Core\Inc\stm32f4xx_it.h
2026-08-14 12:44:21,970 [INFO] CodeEngine:263 - oldGeneratedFile, D:\Projects\Ventures\Mruda\01_Technical\MCU_Software\MCU_3.1.0\Mruda_midi_3.0.2\Core\Src\stm32f4xx_hal_msp.c_save
2026-08-14 12:44:22,128 [INFO] CodeEngine:287 - Generated code: D:\Projects\Ventures\Mruda\01_Technical\MCU_Software\MCU_3.1.0\Mruda_midi_3.0.2\Core\Src\stm32f4xx_hal_msp.c
2026-08-14 12:44:22,143 [INFO] CodeEngine:263 - oldGeneratedFile, D:\Projects\Ventures\Mruda\01_Technical\MCU_Software\MCU_3.1.0\Mruda_midi_3.0.2\MXTmpFiles\system.tmp_save
2026-08-14 12:44:22,226 [INFO] CodeEngine:287 - Generated code: D:\Projects\Ventures\Mruda\01_Technical\MCU_Software\MCU_3.1.0\Mruda_midi_3.0.2\MXTmpFiles\system.tmp
2026-08-14 12:44:22,261 [INFO] CodeEngine:319 - oldGeneratedFile, D:\Projects\Ventures\Mruda\01_Technical\MCU_Software\MCU_3.1.0\Mruda_midi_3.0.2\Core\Inc\stm32f4xx_hal_conf.h_save
2026-08-14 12:44:22,362 [INFO] CodeEngine:343 - Generated code: D:\Projects\Ventures\Mruda\01_Technical\MCU_Software\MCU_3.1.0\Mruda_midi_3.0.2\Core\Inc\stm32f4xx_hal_conf.h
2026-08-14 12:44:22,408 [INFO] ApiDbMcu:508 - Load IP Config File for ADC1
2026-08-14 12:44:22,411 [INFO] ApiDbMcu:508 - Load IP Config File for I2S2
2026-08-14 12:44:22,420 [INFO] ApiDbMcu:508 - Load IP Config File for TIM2
2026-08-14 12:44:22,430 [INFO] ApiDbMcu:508 - Load IP Config File for TIM3
2026-08-14 12:44:22,440 [INFO] ApiDbMcu:508 - Load IP Config File for TIM4
2026-08-14 12:44:22,444 [INFO] ApiDbMcu:508 - Load IP Config File for RCC
2026-08-14 12:44:22,446 [WARN] IPConfigManager:3790 - IP not found : TIM
2026-08-14 12:44:22,448 [WARN] CodeGenerator:4198 - IP not found : null
2026-08-14 12:44:22,481 [INFO] CodeEngine:263 - oldGeneratedFile, D:\Projects\Ventures\Mruda\01_Technical\MCU_Software\MCU_3.1.0\Mruda_midi_3.0.2\Core\Inc\main.h_save
2026-08-14 12:44:22,602 [INFO] CodeEngine:287 - Generated code: D:\Projects\Ventures\Mruda\01_Technical\MCU_Software\MCU_3.1.0\Mruda_midi_3.0.2\Core\Inc\main.h
2026-08-14 12:44:22,630 [INFO] CodeEngine:263 - oldGeneratedFile, D:\Projects\Ventures\Mruda\01_Technical\MCU_Software\MCU_3.1.0\Mruda_midi_3.0.2\Core\Src\main.c_save
2026-08-14 12:44:22,800 [INFO] CodeEngine:287 - Generated code: D:\Projects\Ventures\Mruda\01_Technical\MCU_Software\MCU_3.1.0\Mruda_midi_3.0.2\Core\Src\main.c
2026-08-14 12:44:23,313 [INFO] ProjectBuilder:3324 - Time for Copy HAL[1] : 314mS.
2026-08-14 12:44:23,325 [INFO] ProjectBuilder:4912 - Project Generator version: 4.6.0.1-B1
2026-08-14 12:44:23,426 [INFO] ConfigFileManager:1590 - The Die is : DIE431
2026-08-14 12:44:23,441 [INFO] ApiDbMcu:508 - Load IP Config File for FATFS
2026-08-14 12:44:23,456 [INFO] ApiDbMcu:508 - Load IP Config File for FREERTOS
2026-08-14 12:44:23,469 [INFO] ApiDbMcu:508 - Load IP Config File for LIBJPEG
2026-08-14 12:44:23,489 [INFO] ApiDbMcu:508 - Load IP Config File for MBEDTLS
2026-08-14 12:44:23,503 [INFO] ApiDbMcu:508 - Load IP Config File for USB_HOST
2026-08-14 12:44:24,342 [INFO] LogOutputStream:77 - [STDOUT_REDIRECT] 
2026-08-14 12:44:28,343 [INFO] ProjectBuilder:5191 - Time for Generating toolchain IDE Files: 5017mS.
2026-08-14 12:44:28,346 [INFO] ProjectBuilder:3181 - Time for Copy CMSIS : 2mS.
2026-08-14 12:44:28,351 [INFO] ProjectBuilder:3181 - Time for Copy CMSIS : 1mS.
2026-08-14 12:45:52,659 [INFO] NvicIntPanel:101 - NVIC parent = com.st.microxplorer.plugins.ip.nvic.MultiNvicIntPanel[,0,0,0x0,invalid,layout=javax.swing.BoxLayout,alignmentX=0.0,alignmentY=0.0,border=,flags=9,maximumSize=,minimumSize=,preferredSize=]
2026-08-14 12:45:53,614 [INFO] UtilMem:75 - End SaveConfig() Used Memory: 417737224 Bytes (636485632)
2026-08-14 12:45:54,776 [INFO] UtilMem:75 - End SaveConfig() Used Memory: 436089352 Bytes (636485632)
2026-08-14 12:45:57,060 [INFO] UtilMem:75 - End SaveConfig() Used Memory: 480651784 Bytes (636485632)
2026-08-14 12:45:57,242 [INFO] BlockDiagram:2775 - set Specific Code input for plugin: USB_OTG_FS
2026-08-14 12:45:57,242 [INFO] BlockDiagram:2775 - set Specific Code input for plugin: NVIC
2026-08-14 12:45:57,242 [INFO] BlockDiagram:2775 - set Specific Code input for plugin: DMA
2026-08-14 12:45:57,243 [INFO] BlockDiagram:2775 - set Specific Code input for plugin: TIM1_8
2026-08-14 12:45:57,243 [INFO] BlockDiagram:2775 - set Specific Code input for plugin: TIM1_8
2026-08-14 12:45:57,243 [INFO] BlockDiagram:2775 - set Specific Code input for plugin: TIM1_8
2026-08-14 12:45:57,243 [INFO] BlockDiagram:2775 - set Specific Code input for plugin: USB_DEVICE
2026-08-14 12:45:57,243 [INFO] BlockDiagram:2775 - set Specific Code input for plugin: I2S
2026-08-14 12:45:57,243 [INFO] BlockDiagram:2775 - set Specific Code input for plugin: SYS
2026-08-14 12:45:57,243 [INFO] BlockDiagram:2775 - set Specific Code input for plugin: GPIO
2026-08-14 12:45:57,244 [INFO] BlockDiagram:2775 - set Specific Code input for plugin: ADC
2026-08-14 12:45:57,244 [INFO] BlockDiagram:2775 - set Specific Code input for plugin: RCC
2026-08-14 12:45:57,245 [INFO] CodeGenerator:882 - code generatio: config db path: C:\ST\STM32CubeIDE_1.10.1\STM32CubeIDE\plugins\com.st.stm32cube.common.mx_6.14.1.202504091515\\db\
2026-08-14 12:45:57,252 [INFO] Argument:325 - Argument : hdmavalue: null
2026-08-14 12:45:57,253 [INFO] Argument:327 - 	 sub Args: 
2026-08-14 12:45:57,253 [INFO] Argument:325 - Argument : Instancevalue: DMA2_Stream0
2026-08-14 12:45:57,253 [INFO] Argument:335 - Argument : Instancevalue: DMA2_Stream0
2026-08-14 12:45:57,253 [INFO] Argument:325 - Argument : Initvalue: null
2026-08-14 12:45:57,253 [INFO] Argument:327 - 	 sub Args: 
2026-08-14 12:45:57,253 [INFO] Argument:325 - Argument : Channelvalue: DMA_CHANNEL_0
2026-08-14 12:45:57,253 [INFO] Argument:335 - Argument : Channelvalue: DMA_CHANNEL_0
2026-08-14 12:45:57,253 [INFO] Argument:325 - Argument : Directionvalue: DMA_PERIPH_TO_MEMORY
2026-08-14 12:45:57,253 [INFO] Argument:335 - Argument : Directionvalue: DMA_PERIPH_TO_MEMORY
2026-08-14 12:45:57,254 [INFO] Argument:325 - Argument : PeriphIncvalue: DMA_PINC_DISABLE
2026-08-14 12:45:57,254 [INFO] Argument:335 - Argument : PeriphIncvalue: DMA_PINC_DISABLE
2026-08-14 12:45:57,254 [INFO] Argument:325 - Argument : MemIncvalue: DMA_MINC_ENABLE
2026-08-14 12:45:57,254 [INFO] Argument:335 - Argument : MemIncvalue: DMA_MINC_ENABLE
2026-08-14 12:45:57,254 [INFO] Argument:325 - Argument : PeriphDataAlignmentvalue: DMA_PDATAALIGN_HALFWORD
2026-08-14 12:45:57,254 [INFO] Argument:335 - Argument : PeriphDataAlignmentvalue: DMA_PDATAALIGN_HALFWORD
2026-08-14 12:45:57,254 [INFO] Argument:325 - Argument : MemDataAlignmentvalue: DMA_MDATAALIGN_HALFWORD
2026-08-14 12:45:57,254 [INFO] Argument:335 - Argument : MemDataAlignmentvalue: DMA_MDATAALIGN_HALFWORD
2026-08-14 12:45:57,254 [INFO] Argument:325 - Argument : Modevalue: DMA_CIRCULAR
2026-08-14 12:45:57,254 [INFO] Argument:335 - Argument : Modevalue: DMA_CIRCULAR
2026-08-14 12:45:57,254 [INFO] Argument:325 - Argument : Priorityvalue: DMA_PRIORITY_LOW
2026-08-14 12:45:57,254 [INFO] Argument:335 - Argument : Priorityvalue: DMA_PRIORITY_LOW
2026-08-14 12:45:57,254 [INFO] Argument:325 - Argument : FIFOModevalue: DMA_FIFOMODE_DISABLE
2026-08-14 12:45:57,254 [INFO] Argument:335 - Argument : FIFOModevalue: DMA_FIFOMODE_DISABLE
2026-08-14 12:45:57,254 [INFO] Argument:325 - Argument : FIFOThresholdvalue: null
2026-08-14 12:45:57,254 [INFO] Argument:335 - Argument : FIFOThresholdvalue: null
2026-08-14 12:45:57,254 [INFO] Argument:325 - Argument : MemBurstvalue: null
2026-08-14 12:45:57,254 [INFO] Argument:335 - Argument : MemBurstvalue: null
2026-08-14 12:45:57,254 [INFO] Argument:325 - Argument : PeriphBurstvalue: null
2026-08-14 12:45:57,255 [INFO] Argument:335 - Argument : PeriphBurstvalue: null
2026-08-14 12:45:57,255 [INFO] Argument:325 - Argument : Lockvalue: null
2026-08-14 12:45:57,255 [INFO] Argument:335 - Argument : Lockvalue: null
2026-08-14 12:45:57,255 [INFO] Argument:325 - Argument : Statevalue: null
2026-08-14 12:45:57,255 [INFO] Argument:335 - Argument : Statevalue: null
2026-08-14 12:45:57,255 [INFO] Argument:325 - Argument : Parentvalue: null
2026-08-14 12:45:57,255 [INFO] Argument:335 - Argument : Parentvalue: null
2026-08-14 12:45:57,255 [INFO] Argument:325 - Argument : XferCpltCallbackvalue: null
2026-08-14 12:45:57,255 [INFO] Argument:335 - Argument : XferCpltCallbackvalue: null
2026-08-14 12:45:57,255 [INFO] Argument:325 - Argument : XferHalfCpltCallbackvalue: null
2026-08-14 12:45:57,255 [INFO] Argument:335 - Argument : XferHalfCpltCallbackvalue: null
2026-08-14 12:45:57,255 [INFO] Argument:325 - Argument : XferM1CpltCallbackvalue: null
2026-08-14 12:45:57,255 [INFO] Argument:335 - Argument : XferM1CpltCallbackvalue: null
2026-08-14 12:45:57,255 [INFO] Argument:325 - Argument : XferErrorCallbackvalue: null
2026-08-14 12:45:57,255 [INFO] Argument:335 - Argument : XferErrorCallbackvalue: null
2026-08-14 12:45:57,255 [INFO] Argument:325 - Argument : ErrorCodevalue: null
2026-08-14 12:45:57,255 [INFO] Argument:335 - Argument : ErrorCodevalue: null
2026-08-14 12:45:57,256 [INFO] Argument:325 - Argument : hdmavalue: null
2026-08-14 12:45:57,257 [INFO] Argument:327 - 	 sub Args: 
2026-08-14 12:45:57,257 [INFO] Argument:325 - Argument : Instancevalue: DMA1_Stream4
2026-08-14 12:45:57,257 [INFO] Argument:335 - Argument : Instancevalue: DMA1_Stream4
2026-08-14 12:45:57,257 [INFO] Argument:325 - Argument : Initvalue: null
2026-08-14 12:45:57,257 [INFO] Argument:327 - 	 sub Args: 
2026-08-14 12:45:57,257 [INFO] Argument:325 - Argument : Channelvalue: DMA_CHANNEL_0
2026-08-14 12:45:57,257 [INFO] Argument:335 - Argument : Channelvalue: DMA_CHANNEL_0
2026-08-14 12:45:57,257 [INFO] Argument:325 - Argument : Directionvalue: DMA_MEMORY_TO_PERIPH
2026-08-14 12:45:57,257 [INFO] Argument:335 - Argument : Directionvalue: DMA_MEMORY_TO_PERIPH
2026-08-14 12:45:57,257 [INFO] Argument:325 - Argument : PeriphIncvalue: DMA_PINC_DISABLE
2026-08-14 12:45:57,257 [INFO] Argument:335 - Argument : PeriphIncvalue: DMA_PINC_DISABLE
2026-08-14 12:45:57,257 [INFO] Argument:325 - Argument : MemIncvalue: DMA_MINC_ENABLE
2026-08-14 12:45:57,257 [INFO] Argument:335 - Argument : MemIncvalue: DMA_MINC_ENABLE
2026-08-14 12:45:57,257 [INFO] Argument:325 - Argument : PeriphDataAlignmentvalue: DMA_PDATAALIGN_HALFWORD
2026-08-14 12:45:57,257 [INFO] Argument:335 - Argument : PeriphDataAlignmentvalue: DMA_PDATAALIGN_HALFWORD
2026-08-14 12:45:57,257 [INFO] Argument:325 - Argument : MemDataAlignmentvalue: DMA_MDATAALIGN_HALFWORD
2026-08-14 12:45:57,257 [INFO] Argument:335 - Argument : MemDataAlignmentvalue: DMA_MDATAALIGN_HALFWORD
2026-08-14 12:45:57,257 [INFO] Argument:325 - Argument : Modevalue: DMA_CIRCULAR
2026-08-14 12:45:57,257 [INFO] Argument:335 - Argument : Modevalue: DMA_CIRCULAR
2026-08-14 12:45:57,257 [INFO] Argument:325 - Argument : Priorityvalue: DMA_PRIORITY_VERY_HIGH
2026-08-14 12:45:57,257 [INFO] Argument:335 - Argument : Priorityvalue: DMA_PRIORITY_VERY_HIGH
2026-08-14 12:45:57,257 [INFO] Argument:325 - Argument : FIFOModevalue: DMA_FIFOMODE_DISABLE
2026-08-14 12:45:57,257 [INFO] Argument:335 - Argument : FIFOModevalue: DMA_FIFOMODE_DISABLE
2026-08-14 12:45:57,257 [INFO] Argument:325 - Argument : FIFOThresholdvalue: null
2026-08-14 12:45:57,257 [INFO] Argument:335 - Argument : FIFOThresholdvalue: null
2026-08-14 12:45:57,257 [INFO] Argument:325 - Argument : MemBurstvalue: null
2026-08-14 12:45:57,257 [INFO] Argument:335 - Argument : MemBurstvalue: null
2026-08-14 12:45:57,257 [INFO] Argument:325 - Argument : PeriphBurstvalue: null
2026-08-14 12:45:57,258 [INFO] Argument:335 - Argument : PeriphBurstvalue: null
2026-08-14 12:45:57,258 [INFO] Argument:325 - Argument : Lockvalue: null
2026-08-14 12:45:57,258 [INFO] Argument:335 - Argument : Lockvalue: null
2026-08-14 12:45:57,258 [INFO] Argument:325 - Argument : Statevalue: null
2026-08-14 12:45:57,258 [INFO] Argument:335 - Argument : Statevalue: null
2026-08-14 12:45:57,258 [INFO] Argument:325 - Argument : Parentvalue: null
2026-08-14 12:45:57,258 [INFO] Argument:335 - Argument : Parentvalue: null
2026-08-14 12:45:57,258 [INFO] Argument:325 - Argument : XferCpltCallbackvalue: null
2026-08-14 12:45:57,258 [INFO] Argument:335 - Argument : XferCpltCallbackvalue: null
2026-08-14 12:45:57,258 [INFO] Argument:325 - Argument : XferHalfCpltCallbackvalue: null
2026-08-14 12:45:57,258 [INFO] Argument:335 - Argument : XferHalfCpltCallbackvalue: null
2026-08-14 12:45:57,258 [INFO] Argument:325 - Argument : XferM1CpltCallbackvalue: null
2026-08-14 12:45:57,258 [INFO] Argument:335 - Argument : XferM1CpltCallbackvalue: null
2026-08-14 12:45:57,258 [INFO] Argument:325 - Argument : XferErrorCallbackvalue: null
2026-08-14 12:45:57,258 [INFO] Argument:335 - Argument : XferErrorCallbackvalue: null
2026-08-14 12:45:57,258 [INFO] Argument:325 - Argument : ErrorCodevalue: null
2026-08-14 12:45:57,258 [INFO] Argument:335 - Argument : ErrorCodevalue: null
2026-08-14 12:45:57,275 [WARN] IP:2250 - DEVICE_SERIAL0_HID_FS not found: check if there is a RefParameter without a condition.
2026-08-14 12:45:57,276 [WARN] IP:2250 - DEVICE_SERIAL1_HID_FS not found: check if there is a RefParameter without a condition.
2026-08-14 12:45:57,276 [WARN] IP:2250 - DEVICE_SERIAL2_HID_FS not found: check if there is a RefParameter without a condition.
2026-08-14 12:45:57,338 [INFO] CodeEngine:263 - oldGeneratedFile, D:\Projects\Ventures\Mruda\01_Technical\MCU_Software\MCU_3.1.0\Mruda_midi_3.0.2\MXTmpFiles\license.tmp_save
2026-08-14 12:45:57,435 [INFO] CodeEngine:287 - Generated code: D:\Projects\Ventures\Mruda\01_Technical\MCU_Software\MCU_3.1.0\Mruda_midi_3.0.2\MXTmpFiles\license.tmp
2026-08-14 12:45:57,461 [INFO] CodeEngine:263 - oldGeneratedFile, D:\Projects\Ventures\Mruda\01_Technical\MCU_Software\MCU_3.1.0\Mruda_midi_3.0.2\MXTmpFiles\gpio.tmp_save
2026-08-14 12:45:57,543 [INFO] CodeEngine:287 - Generated code: D:\Projects\Ventures\Mruda\01_Technical\MCU_Software\MCU_3.1.0\Mruda_midi_3.0.2\MXTmpFiles\gpio.tmp
2026-08-14 12:45:57,576 [WARN] IPConfigManager:3217 - Warning: the RefConfig PWREx_EnableUSBVoltageDetector is not available in your config.xml file
2026-08-14 12:45:57,585 [INFO] CodeEngine:263 - oldGeneratedFile, D:\Projects\Ventures\Mruda\01_Technical\MCU_Software\MCU_3.1.0\Mruda_midi_3.0.2\MXTmpFiles\usb_otg_fs_vars.tmp_save
2026-08-14 12:45:57,660 [INFO] CodeEngine:287 - Generated code: D:\Projects\Ventures\Mruda\01_Technical\MCU_Software\MCU_3.1.0\Mruda_midi_3.0.2\MXTmpFiles\usb_otg_fs_vars.tmp
2026-08-14 12:45:57,664 [INFO] CodeEngine:263 - oldGeneratedFile, D:\Projects\Ventures\Mruda\01_Technical\MCU_Software\MCU_3.1.0\Mruda_midi_3.0.2\MXTmpFiles\usb_otg_fs_inc.tmp_save
2026-08-14 12:45:57,718 [INFO] CodeEngine:287 - Generated code: D:\Projects\Ventures\Mruda\01_Technical\MCU_Software\MCU_3.1.0\Mruda_midi_3.0.2\MXTmpFiles\usb_otg_fs_inc.tmp
2026-08-14 12:45:57,723 [INFO] CodeEngine:263 - oldGeneratedFile, D:\Projects\Ventures\Mruda\01_Technical\MCU_Software\MCU_3.1.0\Mruda_midi_3.0.2\MXTmpFiles\usb_otg_fs_HalInit.tmp_save
2026-08-14 12:45:57,801 [INFO] CodeEngine:287 - Generated code: D:\Projects\Ventures\Mruda\01_Technical\MCU_Software\MCU_3.1.0\Mruda_midi_3.0.2\MXTmpFiles\usb_otg_fs_HalInit.tmp
2026-08-14 12:45:57,806 [INFO] CodeEngine:263 - oldGeneratedFile, D:\Projects\Ventures\Mruda\01_Technical\MCU_Software\MCU_3.1.0\Mruda_midi_3.0.2\MXTmpFiles\usb_otg_fs_Msp.tmp_save
2026-08-14 12:45:57,888 [INFO] CodeEngine:287 - Generated code: D:\Projects\Ventures\Mruda\01_Technical\MCU_Software\MCU_3.1.0\Mruda_midi_3.0.2\MXTmpFiles\usb_otg_fs_Msp.tmp
2026-08-14 12:45:58,137 [INFO] Middleware:1452 - No code input for Bsp Dependency
2026-08-14 12:45:58,185 [INFO] CodeEngine:263 - oldGeneratedFile, D:\Projects\Ventures\Mruda\01_Technical\MCU_Software\MCU_3.1.0\Mruda_midi_3.0.2\MXTmpFiles\dma.tmp_save
2026-08-14 12:45:58,257 [INFO] CodeEngine:287 - Generated code: D:\Projects\Ventures\Mruda\01_Technical\MCU_Software\MCU_3.1.0\Mruda_midi_3.0.2\MXTmpFiles\dma.tmp
2026-08-14 12:45:58,273 [INFO] CodeEngine:263 - oldGeneratedFile, D:\Projects\Ventures\Mruda\01_Technical\MCU_Software\MCU_3.1.0\Mruda_midi_3.0.2\MXTmpFiles\dma_GV.tmp_save
2026-08-14 12:45:58,320 [INFO] CodeEngine:287 - Generated code: D:\Projects\Ventures\Mruda\01_Technical\MCU_Software\MCU_3.1.0\Mruda_midi_3.0.2\MXTmpFiles\dma_GV.tmp
2026-08-14 12:45:58,352 [INFO] Middleware:1452 - No code input for Bsp Dependency
2026-08-14 12:45:58,368 [INFO] CodeEngine:263 - oldGeneratedFile, D:\Projects\Ventures\Mruda\01_Technical\MCU_Software\MCU_3.1.0\Mruda_midi_3.0.2\USB_DEVICE\App\usb_device.c_save
2026-08-14 12:45:58,444 [INFO] CodeEngine:287 - Generated code: D:\Projects\Ventures\Mruda\01_Technical\MCU_Software\MCU_3.1.0\Mruda_midi_3.0.2\USB_DEVICE\App\usb_device.c
2026-08-14 12:45:58,453 [INFO] CodeEngine:263 - oldGeneratedFile, D:\Projects\Ventures\Mruda\01_Technical\MCU_Software\MCU_3.1.0\Mruda_midi_3.0.2\USB_DEVICE\App\usb_device.h_save
2026-08-14 12:45:58,510 [INFO] CodeEngine:287 - Generated code: D:\Projects\Ventures\Mruda\01_Technical\MCU_Software\MCU_3.1.0\Mruda_midi_3.0.2\USB_DEVICE\App\usb_device.h
2026-08-14 12:45:58,510 [INFO] CodeEngine:263 - oldGeneratedFile, D:\Projects\Ventures\Mruda\01_Technical\MCU_Software\MCU_3.1.0\Mruda_midi_3.0.2\USB_DEVICE\Target\usbd_conf.h_save
2026-08-14 12:45:58,594 [INFO] CodeEngine:287 - Generated code: D:\Projects\Ventures\Mruda\01_Technical\MCU_Software\MCU_3.1.0\Mruda_midi_3.0.2\USB_DEVICE\Target\usbd_conf.h
2026-08-14 12:45:58,606 [INFO] CodeEngine:263 - oldGeneratedFile, D:\Projects\Ventures\Mruda\01_Technical\MCU_Software\MCU_3.1.0\Mruda_midi_3.0.2\USB_DEVICE\Target\usbd_conf.c_save
2026-08-14 12:45:58,702 [INFO] CodeEngine:287 - Generated code: D:\Projects\Ventures\Mruda\01_Technical\MCU_Software\MCU_3.1.0\Mruda_midi_3.0.2\USB_DEVICE\Target\usbd_conf.c
2026-08-14 12:45:58,714 [INFO] CodeEngine:263 - oldGeneratedFile, D:\Projects\Ventures\Mruda\01_Technical\MCU_Software\MCU_3.1.0\Mruda_midi_3.0.2\USB_DEVICE\App\usbd_desc.h_save
2026-08-14 12:45:58,769 [INFO] CodeEngine:287 - Generated code: D:\Projects\Ventures\Mruda\01_Technical\MCU_Software\MCU_3.1.0\Mruda_midi_3.0.2\USB_DEVICE\App\usbd_desc.h
2026-08-14 12:45:58,789 [INFO] CodeEngine:263 - oldGeneratedFile, D:\Projects\Ventures\Mruda\01_Technical\MCU_Software\MCU_3.1.0\Mruda_midi_3.0.2\USB_DEVICE\App\usbd_desc.c_save
2026-08-14 12:45:58,889 [INFO] CodeEngine:287 - Generated code: D:\Projects\Ventures\Mruda\01_Technical\MCU_Software\MCU_3.1.0\Mruda_midi_3.0.2\USB_DEVICE\App\usbd_desc.c
2026-08-14 12:45:58,915 [INFO] CodeEngine:263 - oldGeneratedFile, D:\Projects\Ventures\Mruda\01_Technical\MCU_Software\MCU_3.1.0\Mruda_midi_3.0.2\Core\Src\stm32f4xx_it.c_save
2026-08-14 12:45:58,989 [INFO] CodeEngine:287 - Generated code: D:\Projects\Ventures\Mruda\01_Technical\MCU_Software\MCU_3.1.0\Mruda_midi_3.0.2\Core\Src\stm32f4xx_it.c
2026-08-14 12:45:58,989 [INFO] CodeEngine:263 - oldGeneratedFile, D:\Projects\Ventures\Mruda\01_Technical\MCU_Software\MCU_3.1.0\Mruda_midi_3.0.2\Core\Inc\stm32f4xx_it.h_save
2026-08-14 12:45:59,052 [INFO] CodeEngine:287 - Generated code: D:\Projects\Ventures\Mruda\01_Technical\MCU_Software\MCU_3.1.0\Mruda_midi_3.0.2\Core\Inc\stm32f4xx_it.h
2026-08-14 12:45:59,068 [INFO] CodeEngine:263 - oldGeneratedFile, D:\Projects\Ventures\Mruda\01_Technical\MCU_Software\MCU_3.1.0\Mruda_midi_3.0.2\Core\Src\stm32f4xx_hal_msp.c_save
2026-08-14 12:45:59,192 [INFO] CodeEngine:287 - Generated code: D:\Projects\Ventures\Mruda\01_Technical\MCU_Software\MCU_3.1.0\Mruda_midi_3.0.2\Core\Src\stm32f4xx_hal_msp.c
2026-08-14 12:45:59,194 [INFO] CodeEngine:263 - oldGeneratedFile, D:\Projects\Ventures\Mruda\01_Technical\MCU_Software\MCU_3.1.0\Mruda_midi_3.0.2\MXTmpFiles\system.tmp_save
2026-08-14 12:45:59,251 [INFO] CodeEngine:287 - Generated code: D:\Projects\Ventures\Mruda\01_Technical\MCU_Software\MCU_3.1.0\Mruda_midi_3.0.2\MXTmpFiles\system.tmp
2026-08-14 12:45:59,258 [INFO] CodeEngine:319 - oldGeneratedFile, D:\Projects\Ventures\Mruda\01_Technical\MCU_Software\MCU_3.1.0\Mruda_midi_3.0.2\Core\Inc\stm32f4xx_hal_conf.h_save
2026-08-14 12:45:59,357 [INFO] CodeEngine:343 - Generated code: D:\Projects\Ventures\Mruda\01_Technical\MCU_Software\MCU_3.1.0\Mruda_midi_3.0.2\Core\Inc\stm32f4xx_hal_conf.h
2026-08-14 12:45:59,392 [WARN] IPConfigManager:3790 - IP not found : TIM
2026-08-14 12:45:59,394 [WARN] CodeGenerator:4198 - IP not found : null
2026-08-14 12:45:59,404 [INFO] CodeEngine:263 - oldGeneratedFile, D:\Projects\Ventures\Mruda\01_Technical\MCU_Software\MCU_3.1.0\Mruda_midi_3.0.2\Core\Inc\main.h_save
2026-08-14 12:45:59,481 [INFO] CodeEngine:287 - Generated code: D:\Projects\Ventures\Mruda\01_Technical\MCU_Software\MCU_3.1.0\Mruda_midi_3.0.2\Core\Inc\main.h
2026-08-14 12:45:59,501 [INFO] CodeEngine:263 - oldGeneratedFile, D:\Projects\Ventures\Mruda\01_Technical\MCU_Software\MCU_3.1.0\Mruda_midi_3.0.2\Core\Src\main.c_save
2026-08-14 12:45:59,639 [INFO] CodeEngine:287 - Generated code: D:\Projects\Ventures\Mruda\01_Technical\MCU_Software\MCU_3.1.0\Mruda_midi_3.0.2\Core\Src\main.c
2026-08-14 12:46:00,046 [INFO] ProjectBuilder:3324 - Time for Copy HAL[1] : 247mS.
2026-08-14 12:46:00,053 [INFO] ProjectBuilder:4912 - Project Generator version: 4.6.0.1-B1
2026-08-14 12:46:00,131 [INFO] ConfigFileManager:1590 - The Die is : DIE431
2026-08-14 12:46:01,203 [INFO] ProjectBuilder:5191 - Time for Generating toolchain IDE Files: 1150mS.
2026-08-14 12:46:01,204 [INFO] ProjectBuilder:3181 - Time for Copy CMSIS : 1mS.
2026-08-14 12:46:01,211 [INFO] ProjectBuilder:3181 - Time for Copy CMSIS : 0mS.
2026-08-14 16:51:04,786 [INFO] Activator:176 - 


2026-08-14 16:51:04,788 [INFO] Activator:177 - !SESSION log4j initialized
2026-08-14 16:51:11,152 [INFO] LogOutputStream:77 - [STDOUT_REDIRECT] 
2026-08-14 16:51:11,713 [INFO] ApplicationProperties:184 - Using Application install path: C:\ST\STM32CubeIDE_1.10.1\STM32CubeIDE\plugins\com.st.stm32cube.common.mx_6.14.1.202504091515
2026-08-14 16:51:11,723 [INFO] DbMcusXml:78 - Set database path to: C:\ST\STM32CubeIDE_1.10.1\STM32CubeIDE\plugins\com.st.stm32cube.common.mx_6.14.1.202504091515\\db\/mcu/
2026-08-14 16:51:11,723 [INFO] ApiDb:274 - Set plugin database path to: C:\ST\STM32CubeIDE_1.10.1\STM32CubeIDE\plugins\com.st.stm32cube.common.mx_6.14.1.202504091515\\db\/plugins/boardmanager/
2026-08-14 16:51:11,723 [WARN] ApiDb:259 - Overriding images path with different value:  => C:\ST\STM32CubeIDE_1.10.1\STM32CubeIDE\plugins\com.st.stm32cube.common.mx_6.14.1.202504091515\\db\/plugins/mcufinder/images/
2026-08-14 16:51:11,738 [INFO] ApiDb:250 - Set database path to: C:\Users\abhil\.stmcufinder\plugins\mcufinder//mcu/
2026-08-14 16:51:11,738 [INFO] DbMcusAds:125 - Set database path to: C:\Users\abhil\.stmcufinder\plugins\mcufinder//mcu/
2026-08-14 16:51:11,738 [INFO] CrossReferenceDbSqlite:203 - Set database path to: C:\Users\abhil\.stmcufinder\plugins\mcufinder//mcu/cs/
2026-08-14 16:51:11,852 [INFO] RulesReader:64 - Compatibility file has been processed (302 Rules)
2026-08-14 16:51:11,930 [INFO] DbMcusXml:78 - Set database path to: C:\ST\STM32CubeIDE_1.10.1\STM32CubeIDE\plugins\com.st.stm32cube.common.mx_6.14.1.202504091515\\db\/mcu/
2026-08-14 16:51:11,930 [INFO] ApiDb:274 - Set plugin database path to: C:\ST\STM32CubeIDE_1.10.1\STM32CubeIDE\plugins\com.st.stm32cube.common.mx_6.14.1.202504091515\\db\/plugins/boardmanager/
2026-08-14 16:51:11,930 [INFO] ApiDb:261 - Set plugin images path to: C:\ST\STM32CubeIDE_1.10.1\STM32CubeIDE\plugins\com.st.stm32cube.common.mx_6.14.1.202504091515\\db\/plugins/mcufinder/images/
2026-08-14 16:51:11,930 [WARN] DbFile:41 - Overriding database path with different value: C:\Users\abhil\.stmcufinder\plugins\mcufinder/ => C:\Users\abhil\.stmcufinder\plugins\mcufinder
2026-08-14 16:51:11,930 [INFO] ApiDb:250 - Set database path to: C:\Users\abhil\.stmcufinder\plugins\mcufinder//mcu/
2026-08-14 16:51:11,930 [WARN] DbFile:41 - Overriding database path with different value: C:\Users\abhil\.stmcufinder\plugins\mcufinder/ => C:\Users\abhil\.stmcufinder\plugins\mcufinder
2026-08-14 16:51:11,930 [INFO] DbMcusAds:125 - Set database path to: C:\Users\abhil\.stmcufinder\plugins\mcufinder//mcu/
2026-08-14 16:51:11,930 [WARN] DbFile:41 - Overriding database path with different value: C:\Users\abhil\.stmcufinder\plugins\mcufinder/ => C:\Users\abhil\.stmcufinder\plugins\mcufinder
2026-08-14 16:51:11,930 [WARN] DbFile:41 - Overriding database path with different value: C:\Users\abhil\.stmcufinder\plugins\mcufinder/ => C:\Users\abhil\.stmcufinder\plugins\mcufinder
2026-08-14 16:51:11,930 [INFO] CrossReferenceDbSqlite:203 - Set database path to: C:\Users\abhil\.stmcufinder\plugins\mcufinder//mcu/cs/
2026-08-14 16:51:11,993 [INFO] MainPanel:272 - HeapMemory: 268435456
2026-08-14 16:51:12,073 [INFO] DbMcusXml:78 - Set database path to: C:\ST\STM32CubeIDE_1.10.1\STM32CubeIDE\plugins\com.st.stm32cube.common.mx_6.14.1.202504091515\\db\/mcu/
2026-08-14 16:51:12,073 [INFO] ApiDb:274 - Set plugin database path to: C:\ST\STM32CubeIDE_1.10.1\STM32CubeIDE\plugins\com.st.stm32cube.common.mx_6.14.1.202504091515\\db\/plugins/boardmanager/
2026-08-14 16:51:12,073 [INFO] ApiDb:261 - Set plugin images path to: C:\ST\STM32CubeIDE_1.10.1\STM32CubeIDE\plugins\com.st.stm32cube.common.mx_6.14.1.202504091515\\db\/plugins/mcufinder/images/
2026-08-14 16:51:12,073 [WARN] DbFile:41 - Overriding database path with different value: C:\Users\abhil\.stmcufinder\plugins\mcufinder/ => C:\Users\abhil\.stmcufinder\plugins\mcufinder
2026-08-14 16:51:12,073 [INFO] ApiDb:250 - Set database path to: C:\Users\abhil\.stmcufinder\plugins\mcufinder//mcu/
2026-08-14 16:51:12,073 [WARN] DbFile:41 - Overriding database path with different value: C:\Users\abhil\.stmcufinder\plugins\mcufinder/ => C:\Users\abhil\.stmcufinder\plugins\mcufinder
2026-08-14 16:51:12,073 [INFO] DbMcusAds:125 - Set database path to: C:\Users\abhil\.stmcufinder\plugins\mcufinder//mcu/
2026-08-14 16:51:12,073 [WARN] DbFile:41 - Overriding database path with different value: C:\Users\abhil\.stmcufinder\plugins\mcufinder/ => C:\Users\abhil\.stmcufinder\plugins\mcufinder
2026-08-14 16:51:12,073 [WARN] DbFile:41 - Overriding database path with different value: C:\Users\abhil\.stmcufinder\plugins\mcufinder/ => C:\Users\abhil\.stmcufinder\plugins\mcufinder
2026-08-14 16:51:12,073 [INFO] CrossReferenceDbSqlite:203 - Set database path to: C:\Users\abhil\.stmcufinder\plugins\mcufinder//mcu/cs/
2026-08-14 16:51:12,089 [INFO] ApplicationProperties:184 - Using Application install path: C:\ST\STM32CubeIDE_1.10.1\STM32CubeIDE\plugins\com.st.stm32cube.common.mx_6.14.1.202504091515
2026-08-14 16:51:12,092 [INFO] PluginManage:196 - Search for loadable plugins [exclusion list=, ]
2026-08-14 16:51:12,092 [INFO] PluginManage:310 - Check plugin analytics
2026-08-14 16:51:12,247 [INFO] AnalyticsPlugin:253 - Accepted Software Licenses: 
2026-08-14 16:51:12,247 [INFO] AnalyticsPlugin:255 - Accepted CMSIS Pack Licenses: 
2026-08-14 16:51:12,247 [INFO] AnalyticsPlugin:257 - Accepted Firmware Licenses: FW.F4.1.27.0,FW.H7.1.10.0,FW.H7.1.12.0,FW.F4.1.28.0
2026-08-14 16:51:12,248 [INFO] PluginManage:359 - Loaded plugin analytics (category:tool,tabindex:-1)
2026-08-14 16:51:12,248 [INFO] PluginManage:310 - Check plugin cadmodel
2026-08-14 16:51:12,255 [INFO] CADModel:105 - Init CAD model plugin
2026-08-14 16:51:12,255 [INFO] PluginManage:359 - Loaded plugin cadmodel (category:power,tabindex:5)
2026-08-14 16:51:12,255 [INFO] PluginManage:310 - Check plugin clock
2026-08-14 16:51:12,264 [INFO] PluginManage:359 - Loaded plugin clock (category:base,tabindex:2)
2026-08-14 16:51:12,264 [INFO] PluginManage:310 - Check plugin ddr
2026-08-14 16:51:12,266 [INFO] PluginManage:359 - Loaded plugin ddr (category:tool,tabindex:6)
2026-08-14 16:51:12,266 [INFO] PluginManage:310 - Check plugin filemanager
2026-08-14 16:51:12,391 [INFO] PluginManage:359 - Loaded plugin filemanager (category:base,tabindex:10)
2026-08-14 16:51:12,391 [INFO] PluginManage:310 - Check plugin ipmanager
2026-08-14 16:51:12,391 [INFO] PluginManage:359 - Loaded plugin ipmanager (category:base,tabindex:5)
2026-08-14 16:51:12,391 [INFO] PluginManage:310 - Check plugin lpbam
2026-08-14 16:51:12,407 [INFO] PluginManage:359 - Loaded plugin lpbam (category:base,tabindex:0)
2026-08-14 16:51:12,407 [INFO] PluginManage:310 - Check plugin memorymap
2026-08-14 16:51:12,407 [INFO] PluginManage:359 - Loaded plugin memorymap (category:base,tabindex:4)
2026-08-14 16:51:12,407 [INFO] PluginManage:310 - Check plugin pinoutandconfiguration
2026-08-14 16:51:12,429 [INFO] PluginManage:359 - Loaded plugin pinoutandconfiguration (category:base,tabindex:1)
2026-08-14 16:51:12,429 [INFO] PluginManage:310 - Check plugin pinoutconfig
2026-08-14 16:51:12,502 [WARN] SupportedApi:132 - Cannot load RTOS API schema: s4s-elt-must-match.1: The content of 'definitions' must match (annotation?, (simpleType | complexType)?, (unique | key | keyref)*)). A problem was found starting at: attribute.
2026-08-14 16:51:12,629 [INFO] PluginManage:359 - Loaded plugin pinoutconfig (category:base,tabindex:0)
2026-08-14 16:51:12,629 [INFO] PluginManage:310 - Check plugin power
2026-08-14 16:51:12,645 [INFO] PluginManage:359 - Loaded plugin power (category:power,tabindex:4)
2026-08-14 16:51:12,645 [INFO] PluginManage:310 - Check plugin projectmanager
2026-08-14 16:51:12,659 [INFO] PluginManage:359 - Loaded plugin projectmanager (category:projectmanager,tabindex:4)
2026-08-14 16:51:12,659 [INFO] PluginManage:310 - Check plugin rif
2026-08-14 16:51:12,661 [INFO] PluginManage:359 - Loaded plugin rif (category:base,tabindex:3)
2026-08-14 16:51:12,661 [INFO] PluginManage:310 - Check plugin thirdparty
2026-08-14 16:51:12,790 [INFO] PluginManage:359 - Loaded plugin thirdparty (category:base,tabindex:-1)
2026-08-14 16:51:12,790 [WARN] IntegrityCheckThread:84 - waiting for thirdparty lock release [integrity check]
2026-08-14 16:51:12,790 [INFO] IntegrityCheckThread:86 - entering critical section [integrity check]
2026-08-14 16:51:12,790 [INFO] PluginManage:310 - Check plugin tools
2026-08-14 16:51:12,790 [INFO] ThirdPartyUpdaterWithRetryManager:70 - Updater plugin not ready yet. [1/15]
2026-08-14 16:51:12,792 [INFO] PluginManage:359 - Loaded plugin tools (category:base,tabindex:7)
2026-08-14 16:51:12,792 [INFO] PluginManage:310 - Check plugin tutovideos
2026-08-14 16:51:12,930 [INFO] PluginManage:359 - Loaded plugin tutovideos (category:base,tabindex:-1)
2026-08-14 16:51:12,930 [INFO] PluginManage:310 - Check plugin updater
2026-08-14 16:51:12,946 [INFO] PluginManage:359 - Loaded plugin updater (category:base,tabindex:12)
2026-08-14 16:51:12,946 [INFO] PluginManage:310 - Check plugin userauth
2026-08-14 16:51:12,946 [INFO] UserAuth:118 - Init User Auth plugin
2026-08-14 16:51:12,946 [INFO] PluginManage:359 - Loaded plugin userauth (category:base,tabindex:14)
2026-08-14 16:51:12,946 [INFO] PluginManage:283 - PluginManage : Loaded plugins [18]
2026-08-14 16:51:13,168 [INFO] PinOutPanel:1589 - setPackage(No Configuration,No Configuration)
2026-08-14 16:51:13,248 [INFO] CADModel:165 - CPN selected for project level
2026-08-14 16:51:13,248 [INFO] CADModel:114 - Register for checkConnection events
2026-08-14 16:51:13,264 [INFO] IPUIPlugin:80 - create IPUIPlugin
2026-08-14 16:51:13,264 [INFO] PluginManager:220 - loadIPPluginJar : add adc
2026-08-14 16:51:13,264 [INFO] IPUIPlugin:80 - create IPUIPlugin
2026-08-14 16:51:13,264 [INFO] PluginManager:220 - loadIPPluginJar : add aes
2026-08-14 16:51:13,264 [INFO] IPUIPlugin:80 - create IPUIPlugin
2026-08-14 16:51:13,264 [INFO] PluginManager:220 - loadIPPluginJar : add can
2026-08-14 16:51:13,264 [INFO] IPUIPlugin:80 - create IPUIPlugin
2026-08-14 16:51:13,264 [INFO] PluginManager:220 - loadIPPluginJar : add comp
2026-08-14 16:51:13,275 [INFO] IPUIPlugin:80 - create IPUIPlugin
2026-08-14 16:51:13,275 [INFO] PluginManager:220 - loadIPPluginJar : add cryp
2026-08-14 16:51:13,279 [INFO] IPUIPlugin:80 - create IPUIPlugin
2026-08-14 16:51:13,279 [INFO] PluginManager:220 - loadIPPluginJar : add ddr_ctrl_phy
2026-08-14 16:51:13,282 [INFO] IPUIPlugin:80 - create IPUIPlugin
2026-08-14 16:51:13,282 [INFO] PluginManager:220 - loadIPPluginJar : add dfsdm
2026-08-14 16:51:13,286 [INFO] IPUIPlugin:80 - create IPUIPlugin
2026-08-14 16:51:13,286 [INFO] PluginManager:220 - loadIPPluginJar : add dma
2026-08-14 16:51:13,286 [INFO] IPUIPlugin:80 - create IPUIPlugin
2026-08-14 16:51:13,286 [INFO] PluginManager:220 - loadIPPluginJar : add dma3
2026-08-14 16:51:13,286 [INFO] IPUIPlugin:80 - create IPUIPlugin
2026-08-14 16:51:13,286 [INFO] PluginManager:220 - loadIPPluginJar : add extmemmanager
2026-08-14 16:51:13,296 [INFO] IPUIPlugin:80 - create IPUIPlugin
2026-08-14 16:51:13,296 [INFO] PluginManager:220 - loadIPPluginJar : add fatfs
2026-08-14 16:51:13,296 [INFO] IPUIPlugin:80 - create IPUIPlugin
2026-08-14 16:51:13,296 [INFO] PluginManager:220 - loadIPPluginJar : add fmc
2026-08-14 16:51:13,306 [INFO] IPUIPlugin:80 - create IPUIPlugin
2026-08-14 16:51:13,306 [INFO] PluginManager:220 - loadIPPluginJar : add freertos
2026-08-14 16:51:13,308 [INFO] IPUIPlugin:80 - create IPUIPlugin
2026-08-14 16:51:13,308 [INFO] PluginManager:220 - loadIPPluginJar : add genericplugin
2026-08-14 16:51:13,310 [INFO] IPUIPlugin:80 - create IPUIPlugin
2026-08-14 16:51:13,310 [INFO] PluginManager:220 - loadIPPluginJar : add gfxmmu
2026-08-14 16:51:13,314 [INFO] IPUIPlugin:80 - create IPUIPlugin
2026-08-14 16:51:13,314 [INFO] PluginManager:220 - loadIPPluginJar : add gic
2026-08-14 16:51:13,320 [INFO] IPUIPlugin:80 - create IPUIPlugin
2026-08-14 16:51:13,320 [INFO] PluginManager:220 - loadIPPluginJar : add gpio
2026-08-14 16:51:13,322 [INFO] IPUIPlugin:80 - create IPUIPlugin
2026-08-14 16:51:13,322 [INFO] PluginManager:220 - loadIPPluginJar : add gtzc
2026-08-14 16:51:13,322 [INFO] IPUIPlugin:80 - create IPUIPlugin
2026-08-14 16:51:13,322 [INFO] PluginManager:220 - loadIPPluginJar : add hash
2026-08-14 16:51:13,322 [INFO] IPUIPlugin:80 - create IPUIPlugin
2026-08-14 16:51:13,322 [INFO] PluginManager:220 - loadIPPluginJar : add i2c
2026-08-14 16:51:13,328 [INFO] IPUIPlugin:80 - create IPUIPlugin
2026-08-14 16:51:13,328 [INFO] PluginManager:220 - loadIPPluginJar : add i2s
2026-08-14 16:51:13,328 [INFO] IPUIPlugin:80 - create IPUIPlugin
2026-08-14 16:51:13,328 [INFO] PluginManager:220 - loadIPPluginJar : add i3c
2026-08-14 16:51:13,328 [INFO] IPUIPlugin:80 - create IPUIPlugin
2026-08-14 16:51:13,328 [INFO] PluginManager:220 - loadIPPluginJar : add ipddr
2026-08-14 16:51:13,328 [INFO] IPUIPlugin:80 - create IPUIPlugin
2026-08-14 16:51:13,328 [INFO] PluginManager:220 - loadIPPluginJar : add linkedlist
2026-08-14 16:51:13,344 [INFO] IPUIPlugin:80 - create IPUIPlugin
2026-08-14 16:51:13,344 [INFO] PluginManager:220 - loadIPPluginJar : add lorawan
2026-08-14 16:51:13,344 [INFO] IPUIPlugin:80 - create IPUIPlugin
2026-08-14 16:51:13,344 [INFO] PluginManager:220 - loadIPPluginJar : add ltdc
2026-08-14 16:51:13,353 [INFO] IPUIPlugin:80 - create IPUIPlugin
2026-08-14 16:51:13,353 [INFO] PluginManager:220 - loadIPPluginJar : add mdma
2026-08-14 16:51:13,355 [INFO] IPUIPlugin:80 - create IPUIPlugin
2026-08-14 16:51:13,355 [INFO] PluginManager:220 - loadIPPluginJar : add nvic
2026-08-14 16:51:13,360 [INFO] IPUIPlugin:80 - create IPUIPlugin
2026-08-14 16:51:13,360 [INFO] PluginManager:220 - loadIPPluginJar : add opamp
2026-08-14 16:51:13,360 [INFO] IPUIPlugin:80 - create IPUIPlugin
2026-08-14 16:51:13,360 [INFO] PluginManager:220 - loadIPPluginJar : add openamp
2026-08-14 16:51:13,360 [INFO] IPUIPlugin:80 - create IPUIPlugin
2026-08-14 16:51:13,360 [INFO] PluginManager:220 - loadIPPluginJar : add pdm2pcm
2026-08-14 16:51:13,360 [INFO] IPUIPlugin:80 - create IPUIPlugin
2026-08-14 16:51:13,376 [INFO] PluginManager:220 - loadIPPluginJar : add plateformsettings
2026-08-14 16:51:13,376 [INFO] IPUIPlugin:80 - create IPUIPlugin
2026-08-14 16:51:13,376 [INFO] PluginManager:220 - loadIPPluginJar : add quadspi
2026-08-14 16:51:13,376 [INFO] IPUIPlugin:80 - create IPUIPlugin
2026-08-14 16:51:13,376 [INFO] PluginManager:220 - loadIPPluginJar : add radio
2026-08-14 16:51:13,382 [INFO] IPUIPlugin:80 - create IPUIPlugin
2026-08-14 16:51:13,382 [INFO] PluginManager:220 - loadIPPluginJar : add resmgrutility
2026-08-14 16:51:13,382 [INFO] IPUIPlugin:80 - create IPUIPlugin
2026-08-14 16:51:13,382 [INFO] PluginManager:220 - loadIPPluginJar : add sai
2026-08-14 16:51:13,382 [INFO] IPUIPlugin:80 - create IPUIPlugin
2026-08-14 16:51:13,382 [INFO] PluginManager:220 - loadIPPluginJar : add spi
2026-08-14 16:51:13,391 [INFO] IPUIPlugin:80 - create IPUIPlugin
2026-08-14 16:51:13,391 [INFO] PluginManager:220 - loadIPPluginJar : add stm32_wpan
2026-08-14 16:51:13,391 [INFO] IPUIPlugin:80 - create IPUIPlugin
2026-08-14 16:51:13,391 [INFO] PluginManager:220 - loadIPPluginJar : add tim
2026-08-14 16:51:13,391 [INFO] IPUIPlugin:80 - create IPUIPlugin
2026-08-14 16:51:13,391 [INFO] PluginManager:220 - loadIPPluginJar : add touchsensing
2026-08-14 16:51:13,391 [INFO] IPUIPlugin:80 - create IPUIPlugin
2026-08-14 16:51:13,391 [INFO] PluginManager:220 - loadIPPluginJar : add tracer_emb
2026-08-14 16:51:13,391 [INFO] IPUIPlugin:80 - create IPUIPlugin
2026-08-14 16:51:13,391 [INFO] PluginManager:220 - loadIPPluginJar : add ts
2026-08-14 16:51:13,407 [INFO] IPUIPlugin:80 - create IPUIPlugin
2026-08-14 16:51:13,407 [INFO] PluginManager:220 - loadIPPluginJar : add tsc
2026-08-14 16:51:13,407 [INFO] IPUIPlugin:80 - create IPUIPlugin
2026-08-14 16:51:13,407 [INFO] PluginManager:220 - loadIPPluginJar : add ucpd
2026-08-14 16:51:13,407 [INFO] IPUIPlugin:80 - create IPUIPlugin
2026-08-14 16:51:13,407 [INFO] PluginManager:220 - loadIPPluginJar : add usart
2026-08-14 16:51:13,407 [INFO] IPUIPlugin:80 - create IPUIPlugin
2026-08-14 16:51:13,407 [INFO] PluginManager:220 - loadIPPluginJar : add usbx
2026-08-14 16:51:13,551 [FATAL] Updater:351 - Updater called before beeing initialized
2026-08-14 16:51:13,567 [INFO] RulesReader:64 - Compatibility file has been processed (302 Rules)
2026-08-14 16:51:13,582 [INFO] RulesReader:64 - Compatibility file has been processed (302 Rules)
2026-08-14 16:51:13,582 [INFO] CADModel:165 - CPN selected for project level
2026-08-14 16:51:13,582 [INFO] CADModel:114 - Register for checkConnection events
2026-08-14 16:51:13,582 [FATAL] Updater:351 - Updater called before beeing initialized
2026-08-14 16:51:13,582 [ERROR] CADModel:125 - Updater not yet initialized, retry later 
2026-08-14 16:51:13,727 [FATAL] Updater:351 - Updater called before beeing initialized
2026-08-14 16:51:13,727 [INFO] CADModel:165 - CPN selected for project level
2026-08-14 16:51:13,727 [INFO] CADModel:114 - Register for checkConnection events
2026-08-14 16:51:13,727 [FATAL] Updater:351 - Updater called before beeing initialized
2026-08-14 16:51:13,727 [ERROR] CADModel:125 - Updater not yet initialized, retry later 
2026-08-14 16:51:13,727 [FATAL] Updater:351 - Updater called before beeing initialized
2026-08-14 16:51:13,835 [FATAL] Updater:351 - Updater called before beeing initialized
2026-08-14 16:51:13,835 [INFO] DbMcusAds:53 - JSON generation date=Thu May 28 21:38:17 IST 2026 (1779984497073)
2026-08-14 16:51:13,835 [FATAL] Updater:351 - Updater called before beeing initialized
2026-08-14 16:51:13,869 [WARN] DetailPanel:346 - Failed to get advertising image, set to default
2026-08-14 16:51:14,089 [FATAL] Updater:351 - Updater called before beeing initialized
2026-08-14 16:51:14,104 [FATAL] Updater:351 - Updater called before beeing initialized
2026-08-14 16:51:14,104 [FATAL] Updater:351 - Updater called before beeing initialized
2026-08-14 16:51:14,104 [WARN] DetailPanel:346 - Failed to get advertising image, set to default
2026-08-14 16:51:14,104 [FATAL] Updater:351 - Updater called before beeing initialized
2026-08-14 16:51:14,136 [ERROR] Updater:1198 - MainUpdater not yet initialized. External WinMGr cannot be set.
2026-08-14 16:51:14,136 [INFO] Updater:1134 - Updater Version found : 6.14.1
2026-08-14 16:51:14,166 [INFO] ApplicationProperties:184 - Using Application install path: C:\ST\STM32CubeIDE_1.10.1\STM32CubeIDE\plugins\com.st.stm32cube.common.mx_6.14.1.202504091515
2026-08-14 16:51:14,629 [INFO] MainUpdater:2872 - connection check result : 10
2026-08-14 16:51:14,629 [INFO] MainUpdater:289 - Updater Check For Update Now.
2026-08-14 16:51:14,629 [INFO] MicroXplorer:498 - Change Database Version : DB.6.0.141
2026-08-14 16:51:14,629 [INFO] McuFinderGlobals:63 - Set McuFinder mode to 2 (CubeIDE integrated)
2026-08-14 16:51:14,644 [INFO] UserAuth:484 - Internet connection configuration mode: 1
2026-08-14 16:51:14,659 [INFO] JxBrowserEngine:152 - Initiate JxBrowser Engine with user profile folder
2026-08-14 16:51:14,819 [INFO] CheckServerUpdateThread:120 - End of CheckServer Thread
2026-08-14 16:51:15,200 [INFO] WebApp:169 - Instantiating new browser for Auth
2026-08-14 16:51:15,790 [INFO] WebApp:463 - Apply proxy settings
2026-08-14 16:51:15,790 [INFO] WebApp:548 - Chromium requires no authentication
2026-08-14 16:51:15,799 [INFO] WebApp:491 - Direct internet connection detected
2026-08-14 16:51:15,826 [INFO] WebApp:894 - Register for checkConnection events
2026-08-14 16:51:15,826 [INFO] WebApp:463 - Apply proxy settings
2026-08-14 16:51:15,833 [INFO] WebApp:548 - Chromium requires no authentication
2026-08-14 16:51:15,833 [INFO] WebApp:491 - Direct internet connection detected
2026-08-14 16:51:15,992 [INFO] WebApp:225 - Starting web application
2026-08-14 16:51:15,992 [INFO] WebApp:593 - Web application path used C:\ST\STM32CubeIDE_1.10.1\STM32CubeIDE\plugins\com.st.stm32cube.common.mx_6.14.1.202504091515\db\plugins\mcufinder\reactClient1\index.html
2026-08-14 16:51:16,120 [INFO] UserAuth:484 - Internet connection configuration mode: 1
2026-08-14 16:51:16,121 [INFO] WebApp:191 - Connection restablished
2026-08-14 16:51:16,202 [WARN] PackLoader:240 - Cannot read IP mode file for STMicroelectronics.X-CUBE-AZRTOS-H7.3.5.0
2026-08-14 16:51:16,214 [WARN] PackLoader:240 - Cannot read IP mode file for STMicroelectronics.FP-SNS-MOTENVWB1.1.4.0
2026-08-14 16:51:16,221 [WARN] PackLoader:240 - Cannot read IP mode file for STMicroelectronics.FP-ATR-ASTRA1.2.0.3
2026-08-14 16:51:16,225 [WARN] PackLoader:240 - Cannot read IP mode file for STMicroelectronics.FP-ATR-ASTRA1.2.0.2
2026-08-14 16:51:16,230 [WARN] PackLoader:240 - Cannot read IP mode file for STMicroelectronics.FP-ATR-ASTRA1.2.0.1
2026-08-14 16:51:16,236 [ERROR] Engine:466 - C:\Users\abhil\.stm32cubemx\thirdparties\pdsc\STMicroelectronics.X-CUBE-SMBUS.2.1.1.pdsc: PDSC version is not supported
2026-08-14 16:51:16,239 [WARN] PackLoader:240 - Cannot read IP mode file for STMicroelectronics.X-CUBE-SMBUS.2.1.0
2026-08-14 16:51:16,251 [WARN] PackLoader:240 - Cannot read IP mode file for STMicroelectronics.X-CUBE-WB05N.1.1.0
2026-08-14 16:51:16,257 [WARN] PackLoader:240 - Cannot read IP mode file for STMicroelectronics.X-CUBE-ST60.1.0.0
2026-08-14 16:51:16,265 [WARN] PackLoader:240 - Cannot read IP mode file for STMicroelectronics.X-CUBE-TOUCHGFX.4.23.2
2026-08-14 16:51:16,284 [WARN] PackLoader:240 - Cannot read IP mode file for STMicroelectronics.X-CUBE-AZRTOS-F7.1.1.0
2026-08-14 16:51:16,291 [ERROR] Engine:466 - C:\Users\abhil\.stm32cubemx\thirdparties\pdsc\STMicroelectronics.X-CUBE-FREERTOS.1.6.0.pdsc: PDSC version is not supported
2026-08-14 16:51:16,298 [WARN] PackLoader:240 - Cannot read IP mode file for STMicroelectronics.X-CUBE-BLE1.6.2.3
2026-08-14 16:51:16,384 [WARN] PackLoader:240 - Cannot read IP mode file for STMicroelectronics.X-CUBE-MEMS1.11.0.0
2026-08-14 16:51:16,555 [WARN] PackLoader:240 - Cannot read IP mode file for STMicroelectronics.X-CUBE-BLE1.6.2.4
2026-08-14 16:51:16,559 [ERROR] Engine:466 - C:\Users\abhil\.stm32cubemx\thirdparties\pdsc\STMicroelectronics.FP-SNS-MOTENV1.5.1.0.pdsc: PDSC version is not supported
2026-08-14 16:51:16,575 [WARN] PackLoader:240 - Cannot read IP mode file for STMicroelectronics.X-CUBE-AZRTOS-H7RS.1.3.0
2026-08-14 16:51:16,578 [WARN] PackLoader:240 - Cannot read IP mode file for STMicroelectronics.FP-SNS-FLIGHT1.5.0.2
2026-08-14 16:51:16,604 [WARN] PackLoader:240 - Cannot read IP mode file for STMicroelectronics.X-CUBE-TOF1.3.1.0
2026-08-14 16:51:16,633 [WARN] PackLoader:240 - Cannot read IP mode file for STMicroelectronics.X-CUBE-AZRTOS-H7.3.4.0
2026-08-14 16:51:16,643 [WARN] PackLoader:240 - Cannot read IP mode file for STMicroelectronics.X-CUBE-DISPLAY.3.0.0
2026-08-14 16:51:16,643 [WARN] PackLoader:240 - Cannot read IP mode file for STMicroelectronics.X-CUBE-GNSS1.7.1.1
2026-08-14 16:51:16,643 [ERROR] Engine:466 - C:\Users\abhil\.stm32cubemx\thirdparties\pdsc\STMicroelectronics.FP-SNS-MOTENVWB1.1.5.0.pdsc: PDSC version is not supported
2026-08-14 16:51:16,661 [WARN] PackLoader:240 - Cannot read IP mode file for STMicroelectronics.X-CUBE-BLE1.7.0.0
2026-08-14 16:51:16,670 [WARN] PackLoader:240 - Cannot read IP mode file for STMicroelectronics.X-CUBE-NFC10.1.0.0
2026-08-14 16:51:16,689 [WARN] PackLoader:240 - Cannot read IP mode file for STMicroelectronics.X-CUBE-BLEMGR.4.0.0
2026-08-14 16:51:16,697 [WARN] PackLoader:240 - Cannot read IP mode file for STMicroelectronics.X-CUBE-ST60.1.1.0
2026-08-14 16:51:16,701 [ERROR] Engine:466 - C:\Users\abhil\.stm32cubemx\thirdparties\pdsc\STMicroelectronics.X-CUBE-WBA.1.1.0.pdsc: PDSC version is not supported
2026-08-14 16:51:16,706 [WARN] PackLoader:240 - Cannot read IP mode file for STMicroelectronics.X-CUBE-GNSS1.7.1.0
2026-08-14 16:51:16,737 [WARN] PackLoader:240 - Cannot read IP mode file for STMicroelectronics.X-CUBE-MEMS1.9.3.0
2026-08-14 16:51:16,810 [WARN] PackLoader:240 - Cannot read IP mode file for STMicroelectronics.X-CUBE-AI.7.2.0
2026-08-14 16:51:16,827 [WARN] PackLoader:240 - Cannot read IP mode file for STMicroelectronics.X-CUBE-BLEMGR.3.1.0
2026-08-14 16:51:16,827 [WARN] PackLoader:240 - Cannot read IP mode file for STMicroelectronics.X-CUBE-AI.10.0.0
2026-08-14 16:51:16,827 [ERROR] Engine:466 - C:\Users\abhil\.stm32cubemx\thirdparties\pdsc\STMicroelectronics.FP-SNS-STBOX1.2.1.0.pdsc: PDSC version is not supported
2026-08-14 16:51:16,827 [WARN] PackLoader:240 - Cannot read IP mode file for STMicroelectronics.FP-SNS-SMARTAG2.1.2.0
2026-08-14 16:51:16,827 [WARN] PackLoader:240 - Cannot read IP mode file for STMicroelectronics.FP-SNS-FLIGHT1.5.1.0
2026-08-14 16:51:16,867 [WARN] PackLoader:240 - Cannot read IP mode file for STMicroelectronics.X-CUBE-MEMS1.11.1.0
2026-08-14 16:51:16,944 [INFO] LogOutputStream:77 - [STDOUT_REDIRECT] 1 : Invalid condition id : UX_CORESTACK_Condition cause : null
2026-08-14 16:51:16,944 [INFO] LogOutputStream:77 - [STDOUT_REDIRECT] 1 : Invalid condition id : UX_CORESTACK_Condition cause : null
2026-08-14 16:51:16,960 [INFO] LogOutputStream:77 - [STDOUT_REDIRECT] 1 : Invalid condition id : UX_CORESTACK_Condition cause : null
2026-08-14 16:51:16,960 [INFO] LogOutputStream:77 - [STDOUT_REDIRECT] 1 : Invalid condition id : UX_CORESTACK_Condition cause : null
2026-08-14 16:51:16,960 [INFO] LogOutputStream:77 - [STDOUT_REDIRECT] 1 : Invalid condition id : UX_CORESTACK_Condition cause : null
2026-08-14 16:51:16,964 [WARN] PackLoader:240 - Cannot read IP mode file for STMicroelectronics.X-CUBE-AZRTOS-WL.2.0.0
2026-08-14 16:51:16,970 [WARN] PackLoader:240 - Cannot read IP mode file for STMicroelectronics.FP-SNS-MOTENV1.5.0.0
2026-08-14 16:51:16,977 [WARN] PackLoader:240 - Cannot read IP mode file for STMicroelectronics.X-CUBE-AZRTOS-H7RS.1.2.0
2026-08-14 16:51:17,011 [WARN] PackLoader:240 - Cannot read IP mode file for wolfSSL.I-CUBE-wolfMQTT.1.19.0
2026-08-14 16:51:17,020 [WARN] PackLoader:240 - Cannot read IP mode file for WES.I-CUBE-Cesium.1.3.0
2026-08-14 16:51:17,027 [WARN] PackLoader:240 - Cannot read IP mode file for STMicroelectronics.X-CUBE-BLE2.3.3.0
2026-08-14 16:51:17,060 [WARN] PackLoader:240 - Cannot read IP mode file for STMicroelectronics.X-CUBE-DISPLAY.2.2.0
2026-08-14 16:51:17,060 [WARN] PackLoader:240 - Cannot read IP mode file for STMicroelectronics.X-CUBE-TOF1.3.2.0
2026-08-14 16:51:17,077 [WARN] PackLoader:240 - Cannot read IP mode file for STMicroelectronics.X-CUBE-ISPU.1.0.0
2026-08-14 16:51:17,077 [WARN] PackLoader:240 - Cannot read IP mode file for STMicroelectronics.X-CUBE-NFC9.1.0.0
2026-08-14 16:51:17,097 [WARN] PackLoader:240 - Cannot read IP mode file for STMicroelectronics.X-CUBE-AZRTOS-H7.2.1.0
2026-08-14 16:51:17,103 [WARN] PackLoader:240 - Cannot read IP mode file for STMicroelectronics.X-CUBE-BLE1.7.1.0
2026-08-14 16:51:17,107 [WARN] PackLoader:240 - Cannot read IP mode file for STMicroelectronics.X-CUBE-TCPP.4.1.0
2026-08-14 16:51:17,111 [ERROR] Engine:466 - C:\Users\abhil\.stm32cubemx\thirdparties\pdsc\STMicroelectronics.X-CUBE-FREERTOS.1.4.0.pdsc: PDSC version is not supported
2026-08-14 16:51:17,111 [WARN] PackLoader:240 - Cannot read IP mode file for STMicroelectronics.X-CUBE-EEPRMA1.5.2.0
2026-08-14 16:51:17,111 [WARN] PackLoader:240 - Cannot read IP mode file for STMicroelectronics.X-CUBE-TOUCHGFX.4.21.3
2026-08-14 16:51:17,111 [WARN] PackLoader:240 - Cannot read IP mode file for STMicroelectronics.X-CUBE-AI.7.3.0
2026-08-14 16:51:17,111 [ERROR] Engine:466 - C:\Users\abhil\.stm32cubemx\thirdparties\pdsc\STMicroelectronics.X-CUBE-ST67W61.1.1.0.pdsc: PDSC version is not supported
2026-08-14 16:51:17,127 [WARN] PackLoader:240 - Cannot read IP mode file for STMicroelectronics.X-CUBE-AI.10.1.0
2026-08-14 16:51:17,127 [ERROR] Engine:466 - C:\Users\abhil\.stm32cubemx\thirdparties\pdsc\STMicroelectronics.FP-SNS-STAIOTCFT.1.1.0.pdsc: PDSC version is not supported
2026-08-14 16:51:17,159 [WARN] PackLoader:240 - Cannot read IP mode file for STMicroelectronics.X-CUBE-MEMS1.12.0.0
2026-08-14 16:51:17,210 [WARN] PackLoader:240 - Cannot read IP mode file for STMicroelectronics.X-CUBE-ALGOBUILD.1.3.0
2026-08-14 16:51:17,228 [WARN] PackLoader:240 - Cannot read IP mode file for STMicroelectronics.X-CUBE-MEMS1.11.2.0
2026-08-14 16:51:17,294 [WARN] PackLoader:240 - Cannot read IP mode file for STMicroelectronics.X-CUBE-AZRTOS-G0.1.1.0
2026-08-14 16:51:17,311 [WARN] PackLoader:240 - Cannot read IP mode file for STMicroelectronics.X-CUBE-SAFEA1.1.2.2
2026-08-14 16:51:17,311 [WARN] PackLoader:240 - Cannot read IP mode file for STMicroelectronics.X-CUBE-NFC4.3.0.0
2026-08-14 16:51:17,327 [WARN] PackLoader:240 - Cannot read IP mode file for SEGGER.I-CUBE-embOS.1.2.1
2026-08-14 16:51:17,344 [WARN] PackLoader:240 - Cannot read IP mode file for wolfSSL.I-CUBE-wolfMQTT.1.18.0
2026-08-14 16:51:17,361 [WARN] PackLoader:240 - Cannot read IP mode file for EmbeddedOffice.I-CUBE-FS-RTOS.1.0.1
2026-08-14 16:51:17,361 [WARN] PackLoader:240 - Cannot read IP mode file for STMicroelectronics.X-CUBE-WB05N.2.0.0
2026-08-14 16:51:17,361 [WARN] PackLoader:240 - Cannot read IP mode file for STMicroelectronics.X-CUBE-TCPP.4.2.0
2026-08-14 16:51:17,377 [WARN] PackLoader:240 - Cannot read IP mode file for RealThread.X-CUBE-RT-Thread_Nano.4.1.1
2026-08-14 16:51:17,377 [WARN] PackLoader:240 - Cannot read IP mode file for STMicroelectronics.FP-ATR-SIGFOX1.3.2.0
2026-08-14 16:51:17,387 [WARN] ConditionMgr:438 - getConditionDescription Invalid condition id : Cortex-A Device cause : null
2026-08-14 16:51:17,427 [WARN] ConditionMgr:1044 - genDependencies : Invalid condition id : Cortex-A Device cause : null
2026-08-14 16:51:17,427 [WARN] ConditionMgr:1044 - genDependencies : Invalid condition id : Cortex-A Device cause : null
2026-08-14 16:51:17,427 [WARN] ConditionMgr:1044 - genDependencies : Invalid condition id : Cortex-A Device cause : null
2026-08-14 16:51:17,427 [WARN] PackLoader:240 - Cannot read IP mode file for STMicroelectronics.X-CUBE-EEPRMA1.5.1.0
2026-08-14 16:51:17,427 [ERROR] Engine:466 - C:\Users\abhil\.stm32cubemx\thirdparties\pdsc\STMicroelectronics.X-CUBE-FREERTOS.1.5.0.pdsc: PDSC version is not supported
2026-08-14 16:51:17,443 [WARN] PackLoader:240 - Cannot read IP mode file for emotas.I-CUBE-CANOPEN.1.1.2
2026-08-14 16:51:17,444 [WARN] PackLoader:240 - Cannot read IP mode file for STMicroelectronics.X-CUBE-TOUCHGFX.4.20.0
2026-08-14 16:51:17,444 [WARN] PackLoader:240 - Cannot read IP mode file for ITTIA_DB.I-CUBE-ITTIADB.8.9.0
2026-08-14 16:51:17,444 [WARN] PackLoader:240 - Cannot read IP mode file for STMicroelectronics.X-CUBE-NFC6.3.2.0
2026-08-14 16:51:17,485 [WARN] PackLoader:240 - Cannot read IP mode file for STMicroelectronics.X-CUBE-MEMS1.9.5.0
2026-08-14 16:51:17,572 [WARN] PackLoader:240 - Cannot read IP mode file for STMicroelectronics.X-CUBE-ST67W61.1.0.0
2026-08-14 16:51:17,577 [WARN] PackLoader:240 - Cannot read IP mode file for STMicroelectronics.X-CUBE-AI.10.2.1
2026-08-14 16:51:17,577 [WARN] PackLoader:240 - Cannot read IP mode file for STMicroelectronics.X-CUBE-AI.10.2.0
2026-08-14 16:51:17,593 [WARN] PackLoader:240 - Cannot read IP mode file for STMicroelectronics.X-CUBE-MEMS1.12.1.0
2026-08-14 16:51:17,660 [WARN] PackLoader:240 - Cannot read IP mode file for SEGGER.I-CUBE-embOS.1.3.1
2026-08-14 16:51:17,680 [WARN] PackLoader:240 - Cannot read IP mode file for STMicroelectronics.X-CUBE-ALGOBUILD.1.4.0
2026-08-14 16:51:17,710 [WARN] PackLoader:240 - Cannot read IP mode file for STMicroelectronics.X-CUBE-MEMS1.11.3.0
2026-08-14 16:51:17,785 [WARN] PackLoader:240 - Cannot read IP mode file for STMicroelectronics.X-CUBE-AI.9.1.0
2026-08-14 16:51:17,791 [WARN] PackLoader:240 - Cannot read IP mode file for STMicroelectronics.X-CUBE-NFC13.1.0.0
2026-08-14 16:51:17,796 [WARN] PackLoader:240 - Cannot read IP mode file for STMicroelectronics.X-CUBE-PM33A1.1.0.0
2026-08-14 16:51:17,796 [WARN] PackLoader:240 - Cannot read IP mode file for STMicroelectronics.X-CUBE-GNSS1.6.0.0
2026-08-14 16:51:17,810 [WARN] PackLoader:240 - Cannot read IP mode file for STMicroelectronics.X-CUBE-AZRTOS-F4.1.1.0
2026-08-14 16:51:17,810 [WARN] PackLoader:240 - Cannot read IP mode file for Avnet-IotConnect.X-CUBE-IoTC-DA16k-PMOD.1.0.0
2026-08-14 16:51:17,810 [WARN] PackLoader:240 - Cannot read IP mode file for STMicroelectronics.X-CUBE-ISPU.2.1.0
2026-08-14 16:51:17,810 [ERROR] Engine:466 - C:\Users\abhil\.stm32cubemx\thirdparties\pdsc\STMicroelectronics.X-CUBE-IPS.3.2.0.pdsc: PDSC version is not supported
2026-08-14 16:51:17,827 [WARN] PackLoader:240 - Cannot read IP mode file for STMicroelectronics.eDS-WB_DPC_TT-BIDIR.2.1.1
2026-08-14 16:51:17,830 [WARN] PackLoader:240 - Cannot read IP mode file for STMicroelectronics.X-CUBE-FREERTOS.1.2.0
2026-08-14 16:51:17,839 [WARN] PackLoader:240 - Cannot read IP mode file for STMicroelectronics.X-CUBE-NFC12.1.0.0
2026-08-14 16:51:17,843 [WARN] PackLoader:240 - Cannot read IP mode file for STMicroelectronics.X-CUBE-BLEMGR.1.2.0
2026-08-14 16:51:17,843 [WARN] PackLoader:240 - Cannot read IP mode file for STMicroelectronics.X-CUBE-AZRTOS-L5.2.0.0
2026-08-14 16:51:17,860 [WARN] PackLoader:240 - Cannot read IP mode file for STMicroelectronics.X-CUBE-NFC6.3.1.0
2026-08-14 16:51:17,860 [WARN] PackLoader:240 - Cannot read IP mode file for STMicroelectronics.X-CUBE-ALGOBUILD.1.5.0
2026-08-14 16:51:17,860 [WARN] PackLoader:240 - Cannot read IP mode file for STMicroelectronics.X-CUBE-BLEMGR.2.0.0
2026-08-14 16:51:17,877 [WARN] PackLoader:240 - Cannot read IP mode file for STMicroelectronics.X-CUBE-DPower.1.2.0
2026-08-14 16:51:17,877 [WARN] PackLoader:240 - Cannot read IP mode file for STMicroelectronics.eDS-WB_DPC_VIENNA.1.2.0
2026-08-14 16:51:17,908 [WARN] PackLoader:240 - Cannot read IP mode file for STMicroelectronics.X-CUBE-MEMS1.13.0.0
2026-08-14 16:51:17,960 [WARN] PackLoader:240 - Cannot read IP mode file for STMicroelectronics.eDS-WB_DPC_3PH2L-BIDIR.1.1.1
2026-08-14 16:51:17,965 [WARN] PackLoader:240 - Cannot read IP mode file for STMicroelectronics.X-CUBE-NFC4.2.0.4
2026-08-14 16:51:17,968 [WARN] PackLoader:240 - Cannot read IP mode file for STMicroelectronics.X-CUBE-AI.9.0.0
2026-08-14 16:51:17,978 [WARN] ConditionMgr:438 - getConditionDescription Invalid condition id : UX DEVICE CLASS RTOS Condition cause : null
2026-08-14 16:51:17,978 [WARN] ConditionMgr:438 - getConditionDescription Invalid condition id : UX DEVICE CLASS RTOS Condition cause : null
2026-08-14 16:51:17,980 [WARN] PackLoader:240 - Cannot read IP mode file for STMicroelectronics.X-CUBE-AZRTOS-H7.3.1.0
2026-08-14 16:51:17,980 [WARN] ConditionMgr:1044 - genDependencies : Invalid condition id : UX DEVICE CLASS RTOS Condition cause : null
2026-08-14 16:51:17,980 [WARN] ConditionMgr:1044 - genDependencies : Invalid condition id : UX DEVICE CLASS RTOS Condition cause : null
2026-08-14 16:51:17,981 [WARN] ConditionMgr:1044 - genDependencies : Invalid condition id : UX DEVICE CLASS RTOS Condition cause : null
2026-08-14 16:51:17,981 [WARN] ConditionMgr:1044 - genDependencies : Invalid condition id : UX DEVICE CLASS RTOS Condition cause : null
2026-08-14 16:51:17,981 [WARN] ConditionMgr:1044 - genDependencies : Invalid condition id : UX DEVICE CLASS RTOS Condition cause : null
2026-08-14 16:51:17,985 [ERROR] Engine:466 - C:\Users\abhil\.stm32cubemx\thirdparties\pdsc\STMicroelectronics.X-CUBE-ST67W61.1.3.0.pdsc: PDSC version is not supported
2026-08-14 16:51:17,988 [WARN] PackLoader:240 - Cannot read IP mode file for wolfSSL.I-CUBE-wolfSSL.5.5.1
2026-08-14 16:51:17,993 [WARN] PackLoader:240 - Cannot read IP mode file for STMicroelectronics.X-CUBE-FREERTOS.1.3.1
2026-08-14 16:51:17,997 [WARN] PackLoader:240 - Cannot read IP mode file for STMicroelectronics.X-CUBE-FREERTOS.1.3.0
2026-08-14 16:51:18,001 [WARN] PackLoader:240 - Cannot read IP mode file for STMicroelectronics.X-CUBE-NFC7.1.0.1
2026-08-14 16:51:18,004 [WARN] PackLoader:240 - Cannot read IP mode file for STMicroelectronics.X-CUBE-NFC7.1.0.0
2026-08-14 16:51:18,008 [WARN] PackLoader:240 - Cannot read IP mode file for STMicroelectronics.X-CUBE-TOUCHGFX.4.26.0
2026-08-14 16:51:18,011 [WARN] PackLoader:240 - Cannot read IP mode file for STMicroelectronics.X-CUBE-TOUCHGFX.4.26.1
2026-08-14 16:51:18,016 [WARN] PackLoader:240 - Cannot read IP mode file for STMicroelectronics.X-CUBE-EEPRMA1.4.1.0
2026-08-14 16:51:18,019 [WARN] PackLoader:240 - Cannot read IP mode file for STMicroelectronics.FP-SNS-STAIOTCFT.1.0.0
2026-08-14 16:51:18,024 [WARN] PackLoader:240 - Cannot read IP mode file for STMicroelectronics.X-CUBE-DPower.1.3.0
2026-08-14 16:51:18,035 [WARN] ConditionMgr:438 - getConditionDescription Invalid condition id : LAN8742 Phy interface Condition cause : null
2026-08-14 16:51:18,036 [WARN] PackLoader:240 - Cannot read IP mode file for STMicroelectronics.X-CUBE-AZRTOS-L4.2.0.0
2026-08-14 16:51:18,037 [WARN] ConditionMgr:1044 - genDependencies : Invalid condition id : LAN8742 Phy interface Condition cause : null
2026-08-14 16:51:18,037 [WARN] ConditionMgr:1044 - genDependencies : Invalid condition id : LAN8742 Phy interface Condition cause : null
2026-08-14 16:51:18,037 [WARN] ConditionMgr:1044 - genDependencies : Invalid condition id : LAN8742 Phy interface Condition cause : null
2026-08-14 16:51:18,043 [WARN] PackLoader:240 - Cannot read IP mode file for STMicroelectronics.X-CUBE-SFXS2LP1.4.0.0
2026-08-14 16:51:18,048 [WARN] PackLoader:240 - Cannot read IP mode file for STMicroelectronics.X-CUBE-WB05N.2.1.0
2026-08-14 16:51:18,051 [ERROR] Engine:466 - C:\Users\abhil\.stm32cubemx\thirdparties\pdsc\STMicroelectronics.X-CUBE-ST67W61.1.2.0.pdsc: PDSC version is not supported
2026-08-14 16:51:18,054 [WARN] PackLoader:240 - Cannot read IP mode file for STMicroelectronics.X-CUBE-ISPU.1.1.0
2026-08-14 16:51:18,069 [WARN] PackLoader:240 - Cannot read IP mode file for STMicroelectronics.X-CUBE-AZRTOS-H7.3.3.0
2026-08-14 16:51:18,080 [WARN] PackLoader:240 - Cannot read IP mode file for RoweBots.I-CUBE-UNISONRTOS.5.5.0-4
2026-08-14 16:51:18,089 [WARN] PackLoader:240 - Cannot read IP mode file for STMicroelectronics.X-CUBE-BLEMGR.4.1.0
2026-08-14 16:51:18,095 [WARN] PackLoader:240 - Cannot read IP mode file for STMicroelectronics.X-CUBE-AI.8.0.0
2026-08-14 16:51:18,102 [WARN] PackLoader:240 - Cannot read IP mode file for STMicroelectronics.X-CUBE-IPS.3.0.0
2026-08-14 16:51:18,117 [WARN] ConditionMgr:438 - getConditionDescription Invalid condition id : UX DEVICE CLASS RTOS Condition cause : null
2026-08-14 16:51:18,117 [WARN] ConditionMgr:438 - getConditionDescription Invalid condition id : UX DEVICE CLASS RTOS Condition cause : null
2026-08-14 16:51:18,117 [WARN] PackLoader:240 - Cannot read IP mode file for STMicroelectronics.X-CUBE-AZRTOS-WB.2.0.0
2026-08-14 16:51:18,118 [WARN] ConditionMgr:1044 - genDependencies : Invalid condition id : UX DEVICE CLASS RTOS Condition cause : null
2026-08-14 16:51:18,118 [WARN] ConditionMgr:1044 - genDependencies : Invalid condition id : UX DEVICE CLASS RTOS Condition cause : null
2026-08-14 16:51:18,118 [WARN] ConditionMgr:1044 - genDependencies : Invalid condition id : UX DEVICE CLASS RTOS Condition cause : null
2026-08-14 16:51:18,118 [WARN] ConditionMgr:1044 - genDependencies : Invalid condition id : UX DEVICE CLASS RTOS Condition cause : null
2026-08-14 16:51:18,118 [WARN] ConditionMgr:1044 - genDependencies : Invalid condition id : UX DEVICE CLASS RTOS Condition cause : null
2026-08-14 16:51:18,125 [WARN] PackLoader:240 - Cannot read IP mode file for STMicroelectronics.X-CUBE-FREERTOS.1.0.1
2026-08-14 16:51:18,130 [WARN] PackLoader:240 - Cannot read IP mode file for STMicroelectronics.X-CUBE-GNSS1.7.0.0
2026-08-14 16:51:18,142 [WARN] PackLoader:240 - Cannot read IP mode file for STMicroelectronics.X-CUBE-GNSS1.7.0.1
2026-08-14 16:51:18,145 [WARN] PackLoader:240 - Cannot read IP mode file for STMicroelectronics.X-CUBE-TOUCHGFX.4.25.0
2026-08-14 16:51:18,151 [WARN] PackLoader:240 - Cannot read IP mode file for STMicroelectronics.FP-SNS-STBOX1.2.0.0
2026-08-14 16:51:18,160 [WARN] PackLoader:240 - Cannot read IP mode file for STMicroelectronics.X-CUBE-STSE01.2.0.0
2026-08-14 16:51:18,169 [WARN] PackLoader:240 - Cannot read IP mode file for STMicroelectronics.X-CUBE-AZRTOS-L5.1.1.0
2026-08-14 16:51:18,181 [WARN] PackLoader:240 - Cannot read IP mode file for STMicroelectronics.X-CUBE-SUBG2.5.0.0
2026-08-14 16:51:18,195 [WARN] PackLoader:240 - Cannot read IP mode file for STMicroelectronics.X-CUBE-AZRTOS-H7RS.1.1.0
2026-08-14 16:51:18,199 [WARN] PackLoader:240 - Cannot read IP mode file for Cesanta.I-CUBE-Mongoose.7.13.0
2026-08-14 16:51:18,201 [WARN] PackLoader:240 - Cannot read IP mode file for STMicroelectronics.X-CUBE-AZRTOS-G4.2.0.0
2026-08-14 16:51:18,210 [WARN] PackLoader:240 - Cannot read IP mode file for STMicroelectronics.X-CUBE-TOF1.3.3.0
2026-08-14 16:51:18,210 [WARN] PackLoader:240 - Cannot read IP mode file for STMicroelectronics.FP-ATR-ASTRA1.1.1.1
2026-08-14 16:51:18,210 [WARN] PackLoader:240 - Cannot read IP mode file for STMicroelectronics.X-CUBE-NFC7.2.0.0
2026-08-14 16:51:18,226 [WARN] PackLoader:240 - Cannot read IP mode file for STMicroelectronics.X-CUBE-AZRTOS-G4.1.0.0
2026-08-14 16:51:18,226 [WARN] PackLoader:240 - Cannot read IP mode file for STMicroelectronics.X-CUBE-AZRTOS-L4.1.0.0
2026-08-14 16:51:18,245 [WARN] PackLoader:240 - Cannot read IP mode file for STMicroelectronics.X-CUBE-ISPU.2.0.0
2026-08-14 16:51:18,251 [WARN] PackLoader:240 - Cannot read IP mode file for STMicroelectronics.X-CUBE-IPS.3.1.0
2026-08-14 16:51:18,251 [ERROR] Engine:466 - C:\Users\abhil\.stm32cubemx\thirdparties\pdsc\STMicroelectronics.X-CUBE-BLEMGR.4.2.0.pdsc: PDSC version is not supported
2026-08-14 16:51:18,260 [WARN] PackLoader:240 - Cannot read IP mode file for STMicroelectronics.X-CUBE-ALS.1.0.2
2026-08-14 16:51:18,277 [WARN] PackLoader:240 - Cannot read IP mode file for STMicroelectronics.X-CUBE-MEMS1.10.0.0
2026-08-14 16:51:18,326 [WARN] PackLoader:240 - Cannot read IP mode file for STMicroelectronics.X-CUBE-TOUCHGFX.4.24.2
2026-08-14 16:51:18,343 [WARN] PackLoader:240 - Cannot read IP mode file for STMicroelectronics.X-CUBE-AZRTOS-WL.1.0.0
2026-08-14 16:51:18,343 [WARN] PackLoader:240 - Cannot read IP mode file for STMicroelectronics.X-CUBE-TOUCHGFX.4.24.1
2026-08-14 16:51:18,343 [WARN] PackLoader:240 - Cannot read IP mode file for STMicroelectronics.X-CUBE-STSE01.1.0.0
2026-08-14 16:51:18,343 [WARN] PackLoader:240 - Cannot read IP mode file for wolfSSL.I-CUBE-wolfTPM.3.4.0
2026-08-14 16:51:18,360 [WARN] PackLoader:240 - Cannot read IP mode file for portGmbH.I-Cube-SoM-uGOAL.1.1.0
2026-08-14 16:51:18,360 [WARN] PackLoader:240 - Cannot read IP mode file for STMicroelectronics.X-CUBE-ALS.1.0.1
2026-08-14 16:51:18,360 [WARN] PackLoader:240 - Cannot read IP mode file for STMicroelectronics.X-CUBE-AZRTOS-WB.1.1.0
2026-08-14 16:51:18,379 [WARN] PackLoader:240 - Cannot read IP mode file for STMicroelectronics.X-CUBE-AZRTOS-L5.1.0.0
2026-08-14 16:51:18,379 [WARN] PackLoader:240 - Cannot read IP mode file for STMicroelectronics.X-CUBE-EEPRMA1.3.1.1
2026-08-14 16:51:18,393 [WARN] PackLoader:240 - Cannot read IP mode file for STMicroelectronics.X-CUBE-AZRTOS-H7RS.1.0.0
2026-08-14 16:51:18,393 [WARN] PackLoader:240 - Cannot read IP mode file for STMicroelectronics.FP-ATR-ASTRA1.2.0.0
2026-08-14 16:51:18,393 [WARN] PackLoader:240 - Cannot read IP mode file for STMicroelectronics.X-CUBE-TOF1.3.4.2
2026-08-14 16:51:18,410 [WARN] PackLoader:240 - Cannot read IP mode file for STMicroelectronics.X-CUBE-TOF1.3.4.3
2026-08-14 16:51:18,410 [WARN] PackLoader:240 - Cannot read IP mode file for STMicroelectronics.X-CUBE-TOF1.3.4.1
2026-08-14 16:51:18,439 [WARN] PackLoader:240 - Cannot read IP mode file for STMicroelectronics.X-CUBE-AZRTOS-H7.3.2.0
2026-08-14 16:51:18,443 [WARN] PackLoader:240 - Cannot read IP mode file for Infineon.AIROC-Wi-Fi-Bluetooth-STM32.1.6.0
2026-08-14 16:51:18,453 [WARN] PackLoader:240 - Cannot read IP mode file for wolfSSL.I-CUBE-wolfSSH.1.4.17
2026-08-14 16:51:18,455 [INFO] ThirdParty:978 - Integrity check success = true
2026-08-14 16:51:18,455 [INFO] IntegrityCheckThread:100 - exiting critical section [integrity check]
2026-08-14 16:51:18,455 [INFO] IntegrityCheckThread:103 - End integrity checks thread
2026-08-14 22:18:26,541 [ERROR] LogOutputStream:75 - [STDERR_REDIRECT] 
